order_id,order_date,product,category,unit_price,quantity,discount_pct,revenue,country,channel,status,customer_age,customer_gender
ORD-00001,2024-10-16,Mechanical Keyboard,Electronics,149.99,1,15,127.49,France,Paid Ads,Delivered,26,Other
ORD-00002,2023-04-15,Blender Pro,Kitchen,74.99,5,0,374.95,Japan,Organic,Delivered,23,Male
ORD-00003,2023-08-27,The Lean Startup,Books,19.99,5,0,99.95,Germany,Direct,Cancelled,62,Other
ORD-00004,2024-03-05,Yoga Mat,Sports,39.99,4,10,143.96,France,Organic,Returned,28,Other
ORD-00005,2024-03-08,Protein Powder,Sports,54.99,3,0,164.97,Germany,Social Media,Delivered,23,Female
ORD-00006,2023-04-10,Office Chair,Furniture,299.99,3,10,809.97,France,Organic,Cancelled,47,Other
ORD-00007,2023-05-08,Standing Desk,Furniture,549.99,1,10,494.99,France,Direct,Processing,41,Other
ORD-00008,2023-07-16,Instant Pot,Kitchen,99.99,1,0,99.99,Germany,Social Media,Delivered,32,Male
ORD-00009,2024-01-25,Dumbbells Set,Sports,79.99,4,15,271.97,Australia,Paid Ads,Delivered,40,Male
ORD-00010,2024-11-17,Dumbbells Set,Sports,79.99,1,10,71.99,Canada,Referral,Cancelled,33,Male
ORD-00011,2024-04-18,Standing Desk,Furniture,549.99,3,15,1402.47,Germany,Direct,Delivered,21,Male
ORD-00012,2023-02-02,Protein Powder,Sports,54.99,4,0,219.96,UK,Paid Ads,Processing,63,Female
ORD-00013,2023-08-06,Air Fryer,Kitchen,129.99,4,5,493.96,Brazil,Paid Ads,Delivered,26,Male
ORD-00014,2024-07-28,Atomic Habits,Books,16.99,3,15,43.32,Japan,Referral,Shipped,41,Male
ORD-00015,2023-05-22,The Lean Startup,Books,19.99,4,0,79.96,USA,Organic,Delivered,58,Male
ORD-00016,2024-11-27,Bookshelf,Furniture,189.99,5,0,949.95,Japan,Email,Processing,47,Other
ORD-00017,2023-09-15,Atomic Habits,Books,16.99,1,15,14.44,UK,Direct,Processing,35,Other
ORD-00018,2023-12-15,Mechanical Keyboard,Electronics,149.99,3,5,427.47,Canada,Email,Delivered,64,Other
ORD-00019,2023-09-27,The Lean Startup,Books,19.99,2,10,35.98,UK,Direct,Delivered,58,Other
ORD-00020,2024-09-15,Running Shoes,Sports,119.99,2,0,239.98,Canada,Referral,Returned,51,Male
ORD-00021,2024-09-05,Protein Powder,Sports,54.99,4,0,219.96,UK,Social Media,Returned,37,Male
ORD-00022,2023-03-01,Yoga Mat,Sports,39.99,5,0,199.95,UK,Direct,Shipped,22,Other
ORD-00023,2023-05-09,4K Monitor,Electronics,499.99,4,10,1799.96,Canada,Social Media,Processing,56,Female
ORD-00024,2023-08-05,Atomic Habits,Books,16.99,2,15,28.88,France,Email,Cancelled,59,Female
ORD-00025,2024-03-24,The Lean Startup,Books,19.99,4,0,79.96,Germany,Paid Ads,Delivered,39,Male
ORD-00026,2024-08-25,Atomic Habits,Books,16.99,2,10,30.58,Germany,Organic,Delivered,63,Other
ORD-00027,2023-03-02,Yoga Mat,Sports,39.99,1,0,39.99,Australia,Organic,Processing,33,Female
ORD-00028,2024-11-16,Python Crash Course,Books,34.99,2,10,62.98,Canada,Direct,Processing,54,Female
ORD-00029,2023-09-06,Python Crash Course,Books,34.99,4,0,139.96,UK,Organic,Cancelled,45,Female
ORD-00030,2024-03-09,Bookshelf,Furniture,189.99,4,20,607.97,USA,Direct,Cancelled,59,Male
ORD-00031,2023-03-04,Standing Desk,Furniture,549.99,3,20,1319.98,UK,Paid Ads,Delivered,30,Other
ORD-00032,2024-04-04,4K Monitor,Electronics,499.99,4,0,1999.96,France,Email,Delivered,22,Female
ORD-00033,2024-07-17,Mechanical Keyboard,Electronics,149.99,1,15,127.49,USA,Organic,Returned,33,Male
ORD-00034,2024-02-21,Python Crash Course,Books,34.99,4,0,139.96,Japan,Organic,Delivered,42,Male
ORD-00035,2024-02-04,Dumbbells Set,Sports,79.99,4,0,319.96,Japan,Direct,Cancelled,53,Other
ORD-00036,2024-05-13,4K Monitor,Electronics,499.99,2,0,999.98,Germany,Organic,Processing,65,Other
ORD-00037,2023-03-04,Skincare Set,Beauty,59.99,3,0,179.97,USA,Referral,Shipped,50,Other
ORD-00038,2023-06-11,Wireless Mouse,Electronics,29.99,5,0,149.95,Canada,Organic,Processing,22,Other
ORD-00039,2023-08-29,Standing Desk,Furniture,549.99,1,10,494.99,Germany,Referral,Processing,20,Other
ORD-00040,2023-03-25,Bookshelf,Furniture,189.99,5,10,854.96,Australia,Social Media,Delivered,60,Other
ORD-00041,2023-11-18,Yoga Mat,Sports,39.99,3,5,113.97,Canada,Direct,Cancelled,37,Female
ORD-00042,2023-11-20,Sunscreen SPF50,Beauty,22.99,1,0,22.99,Brazil,Referral,Processing,24,Male
ORD-00043,2024-07-04,Running Shoes,Sports,119.99,5,0,599.95,Canada,Social Media,Delivered,33,Female
ORD-00044,2023-10-19,Webcam HD,Electronics,89.99,4,20,287.97,France,Referral,Returned,59,Other
ORD-00045,2023-01-09,Blender Pro,Kitchen,74.99,5,0,374.95,UK,Paid Ads,Delivered,25,Male
ORD-00046,2024-07-20,4K Monitor,Electronics,499.99,3,0,1499.97,Germany,Direct,Delivered,31,Other
ORD-00047,2024-10-11,Dumbbells Set,Sports,79.99,5,5,379.95,France,Organic,Delivered,58,Female
ORD-00048,2023-10-11,Wireless Mouse,Electronics,29.99,1,0,29.99,Canada,Direct,Delivered,28,Other
ORD-00049,2024-03-28,Atomic Habits,Books,16.99,4,10,61.16,USA,Organic,Delivered,62,Male
ORD-00050,2024-07-12,Wireless Mouse,Electronics,29.99,3,10,80.97,Canada,Email,Delivered,20,Female
ORD-00051,2024-01-09,Wireless Mouse,Electronics,29.99,3,0,89.97,Germany,Direct,Delivered,40,Other
ORD-00052,2024-02-21,Coffee Maker,Kitchen,89.99,2,0,179.98,Canada,Paid Ads,Shipped,19,Male
ORD-00053,2023-12-07,Bookshelf,Furniture,189.99,2,0,379.98,Canada,Direct,Delivered,42,Male
ORD-00054,2024-04-26,Yoga Mat,Sports,39.99,2,20,63.98,Brazil,Social Media,Delivered,32,Male
ORD-00055,2023-01-25,Blender Pro,Kitchen,74.99,2,5,142.48,Australia,Social Media,Returned,22,Female
ORD-00056,2023-12-26,Air Fryer,Kitchen,129.99,5,5,617.45,Australia,Organic,Delivered,34,Male
ORD-00057,2024-08-17,Dumbbells Set,Sports,79.99,1,0,79.99,Japan,Social Media,Cancelled,38,Female
ORD-00058,2024-09-12,The Lean Startup,Books,19.99,1,5,18.99,Germany,Social Media,Delivered,63,Female
ORD-00059,2023-01-02,The Lean Startup,Books,19.99,5,15,84.96,Germany,Social Media,Shipped,22,Other
ORD-00060,2023-12-05,Coffee Maker,Kitchen,89.99,3,15,229.47,UK,Direct,Delivered,50,Female
ORD-00061,2024-11-13,Bookshelf,Furniture,189.99,3,5,541.47,France,Referral,Delivered,30,Female
ORD-00062,2024-11-11,Standing Desk,Furniture,549.99,2,10,989.98,France,Email,Processing,18,Female
ORD-00063,2023-10-21,Running Shoes,Sports,119.99,4,20,383.97,Australia,Email,Shipped,46,Other
ORD-00064,2023-08-07,The Lean Startup,Books,19.99,4,20,63.97,Canada,Direct,Delivered,36,Other
ORD-00065,2024-11-10,Air Fryer,Kitchen,129.99,5,0,649.95,UK,Paid Ads,Cancelled,37,Male
ORD-00066,2023-07-23,4K Monitor,Electronics,499.99,1,0,499.99,Germany,Email,Processing,22,Female
ORD-00067,2024-02-29,Air Fryer,Kitchen,129.99,5,0,649.95,Japan,Email,Shipped,33,Male
ORD-00068,2024-11-02,Instant Pot,Kitchen,99.99,1,20,79.99,UK,Email,Delivered,29,Other
ORD-00069,2024-06-14,Desk Lamp,Furniture,44.99,1,10,40.49,Germany,Organic,Shipped,26,Female
ORD-00070,2024-11-14,The Lean Startup,Books,19.99,5,10,89.95,Australia,Email,Processing,64,Other
ORD-00071,2024-03-12,Atomic Habits,Books,16.99,4,0,67.96,Brazil,Email,Delivered,33,Other
ORD-00072,2023-10-11,Sunscreen SPF50,Beauty,22.99,5,5,109.2,Germany,Social Media,Shipped,22,Other
ORD-00073,2023-10-20,Yoga Mat,Sports,39.99,3,0,119.97,Australia,Referral,Delivered,26,Male
ORD-00074,2023-08-25,Standing Desk,Furniture,549.99,2,15,934.98,Germany,Organic,Shipped,44,Female
ORD-00075,2024-07-09,Desk Lamp,Furniture,44.99,4,0,179.96,Germany,Email,Shipped,55,Other
ORD-00076,2023-01-21,Sunscreen SPF50,Beauty,22.99,5,5,109.2,Brazil,Organic,Delivered,37,Female
ORD-00077,2024-03-05,Atomic Habits,Books,16.99,5,20,67.96,Germany,Email,Delivered,35,Female
ORD-00078,2024-05-12,Laptop Pro 15,Electronics,1299.99,4,0,5199.96,Japan,Direct,Delivered,47,Male
ORD-00079,2024-09-29,Atomic Habits,Books,16.99,1,5,16.14,USA,Organic,Cancelled,45,Male
ORD-00080,2024-04-17,Webcam HD,Electronics,89.99,1,0,89.99,Japan,Social Media,Delivered,47,Female
ORD-00081,2023-12-12,Sunscreen SPF50,Beauty,22.99,4,0,91.96,Japan,Social Media,Returned,23,Female
ORD-00082,2023-01-20,Skincare Set,Beauty,59.99,5,0,299.95,Australia,Paid Ads,Cancelled,22,Other
ORD-00083,2023-02-11,Sunscreen SPF50,Beauty,22.99,1,0,22.99,Germany,Organic,Processing,27,Male
ORD-00084,2023-05-10,Python Crash Course,Books,34.99,1,10,31.49,Germany,Email,Cancelled,34,Female
ORD-00085,2023-06-21,Coffee Maker,Kitchen,89.99,5,15,382.46,UK,Paid Ads,Delivered,24,Other
ORD-00086,2023-01-27,Water Bottle,Sports,24.99,5,15,106.21,Japan,Email,Cancelled,30,Male
ORD-00087,2024-08-29,Instant Pot,Kitchen,99.99,2,0,199.98,France,Direct,Processing,25,Other
ORD-00088,2023-02-12,Office Chair,Furniture,299.99,5,5,1424.95,Australia,Organic,Processing,59,Female
ORD-00089,2023-01-13,Bookshelf,Furniture,189.99,4,0,759.96,Japan,Social Media,Cancelled,47,Other
ORD-00090,2023-06-06,Bookshelf,Furniture,189.99,2,15,322.98,France,Referral,Returned,52,Female
ORD-00091,2024-04-21,Bookshelf,Furniture,189.99,5,0,949.95,Australia,Paid Ads,Returned,23,Female
ORD-00092,2024-04-06,Yoga Mat,Sports,39.99,4,10,143.96,Japan,Social Media,Delivered,49,Female
ORD-00093,2023-07-06,Python Crash Course,Books,34.99,2,0,69.98,France,Social Media,Delivered,56,Other
ORD-00094,2023-10-10,Atomic Habits,Books,16.99,1,10,15.29,Germany,Organic,Delivered,64,Female
ORD-00095,2024-05-15,Atomic Habits,Books,16.99,2,15,28.88,Brazil,Direct,Cancelled,49,Female
ORD-00096,2023-01-18,USB-C Hub,Electronics,49.99,3,0,149.97,Japan,Direct,Delivered,37,Other
ORD-00097,2024-08-18,Office Chair,Furniture,299.99,4,10,1079.96,Australia,Email,Cancelled,53,Female
ORD-00098,2023-12-27,Instant Pot,Kitchen,99.99,4,0,399.96,France,Social Media,Delivered,25,Other
ORD-00099,2023-07-17,Protein Powder,Sports,54.99,1,15,46.74,Canada,Paid Ads,Delivered,65,Female
ORD-00100,2023-10-11,Skincare Set,Beauty,59.99,5,20,239.96,France,Organic,Returned,30,Female
ORD-00101,2023-08-21,Office Chair,Furniture,299.99,2,0,599.98,USA,Direct,Processing,26,Female
ORD-00102,2023-02-16,Wireless Mouse,Electronics,29.99,5,0,149.95,Canada,Direct,Returned,49,Male
ORD-00103,2023-01-13,Deep Work,Books,18.99,3,5,54.12,Brazil,Email,Delivered,29,Male
ORD-00104,2023-09-16,Python Crash Course,Books,34.99,1,20,27.99,UK,Email,Shipped,22,Other
ORD-00105,2024-10-06,Blender Pro,Kitchen,74.99,1,0,74.99,Canada,Referral,Delivered,23,Male
ORD-00106,2023-05-02,Atomic Habits,Books,16.99,4,10,61.16,Germany,Referral,Shipped,46,Female
ORD-00107,2023-11-01,Deep Work,Books,18.99,4,0,75.96,USA,Referral,Cancelled,24,Male
ORD-00108,2024-10-02,Running Shoes,Sports,119.99,3,15,305.97,UK,Paid Ads,Delivered,29,Other
ORD-00109,2023-03-18,Webcam HD,Electronics,89.99,1,5,85.49,Brazil,Direct,Processing,48,Female
ORD-00110,2023-02-03,Yoga Mat,Sports,39.99,3,15,101.97,France,Direct,Returned,47,Male
ORD-00111,2024-12-04,Yoga Mat,Sports,39.99,3,20,95.98,Germany,Email,Delivered,52,Male
ORD-00112,2024-10-25,4K Monitor,Electronics,499.99,3,20,1199.98,Canada,Organic,Delivered,28,Female
ORD-00113,2024-09-01,Skincare Set,Beauty,59.99,5,0,299.95,Brazil,Organic,Shipped,62,Female
ORD-00114,2024-12-17,Standing Desk,Furniture,549.99,3,10,1484.97,Brazil,Email,Delivered,56,Male
ORD-00115,2024-03-18,Skincare Set,Beauty,59.99,3,10,161.97,France,Organic,Delivered,32,Other
ORD-00116,2024-08-12,Deep Work,Books,18.99,1,20,15.19,France,Referral,Delivered,29,Female
ORD-00117,2024-06-15,Air Fryer,Kitchen,129.99,4,0,519.96,Canada,Referral,Shipped,58,Female
ORD-00118,2023-04-04,Python Crash Course,Books,34.99,3,5,99.72,Australia,Social Media,Cancelled,24,Male
ORD-00119,2023-12-04,Bookshelf,Furniture,189.99,4,0,759.96,Japan,Referral,Delivered,47,Male
ORD-00120,2023-11-19,Dumbbells Set,Sports,79.99,3,0,239.97,Japan,Referral,Returned,18,Other
ORD-00121,2024-07-09,Desk Lamp,Furniture,44.99,4,0,179.96,Germany,Referral,Delivered,57,Female
ORD-00122,2024-10-02,Desk Lamp,Furniture,44.99,1,0,44.99,France,Referral,Delivered,36,Female
ORD-00123,2024-12-16,Python Crash Course,Books,34.99,1,0,34.99,Germany,Direct,Delivered,37,Other
ORD-00124,2023-01-15,Atomic Habits,Books,16.99,4,0,67.96,Germany,Organic,Shipped,25,Other
ORD-00125,2023-06-07,Python Crash Course,Books,34.99,3,10,94.47,France,Email,Returned,48,Female
ORD-00126,2023-09-07,Desk Lamp,Furniture,44.99,5,0,224.95,Japan,Paid Ads,Processing,50,Other
ORD-00127,2023-05-20,USB-C Hub,Electronics,49.99,3,20,119.98,Japan,Social Media,Returned,50,Female
ORD-00128,2023-01-03,Water Bottle,Sports,24.99,3,20,59.98,Brazil,Paid Ads,Shipped,52,Female
ORD-00129,2023-12-20,Protein Powder,Sports,54.99,5,20,219.96,Japan,Email,Delivered,30,Other
ORD-00130,2023-09-02,Deep Work,Books,18.99,4,0,75.96,Japan,Organic,Delivered,65,Female
ORD-00131,2024-12-23,Standing Desk,Furniture,549.99,4,15,1869.97,Canada,Email,Delivered,26,Other
ORD-00132,2024-08-27,Protein Powder,Sports,54.99,1,20,43.99,Brazil,Organic,Processing,47,Male
ORD-00133,2023-05-28,Bookshelf,Furniture,189.99,2,0,379.98,Brazil,Social Media,Delivered,57,Other
ORD-00134,2024-02-12,Air Fryer,Kitchen,129.99,1,20,103.99,Australia,Direct,Returned,52,Female
ORD-00135,2023-11-21,Air Fryer,Kitchen,129.99,4,20,415.97,USA,Referral,Delivered,33,Other
ORD-00136,2024-12-01,Water Bottle,Sports,24.99,2,15,42.48,UK,Email,Delivered,58,Other
ORD-00137,2023-04-13,Desk Lamp,Furniture,44.99,2,15,76.48,France,Organic,Delivered,38,Male
ORD-00138,2023-10-28,Office Chair,Furniture,299.99,3,5,854.97,Canada,Paid Ads,Processing,44,Other
ORD-00139,2024-11-29,Webcam HD,Electronics,89.99,2,0,179.98,UK,Referral,Returned,42,Other
ORD-00140,2024-11-30,Yoga Mat,Sports,39.99,4,10,143.96,Canada,Paid Ads,Shipped,58,Female
ORD-00141,2024-04-15,Dumbbells Set,Sports,79.99,1,20,63.99,Brazil,Social Media,Cancelled,52,Male
ORD-00142,2023-03-17,Desk Lamp,Furniture,44.99,3,10,121.47,France,Direct,Shipped,62,Female
ORD-00143,2024-04-12,Water Bottle,Sports,24.99,2,5,47.48,Brazil,Organic,Delivered,42,Other
ORD-00144,2024-01-03,Deep Work,Books,18.99,3,15,48.42,France,Organic,Returned,60,Female
ORD-00145,2023-10-09,Laptop Pro 15,Electronics,1299.99,5,20,5199.96,USA,Referral,Cancelled,49,Female
ORD-00146,2023-08-24,Coffee Maker,Kitchen,89.99,3,0,269.97,Germany,Referral,Delivered,61,Other
ORD-00147,2024-11-06,Blender Pro,Kitchen,74.99,2,15,127.48,UK,Direct,Cancelled,20,Female
ORD-00148,2024-03-27,Wireless Mouse,Electronics,29.99,5,0,149.95,Canada,Organic,Delivered,38,Other
ORD-00149,2024-03-01,Webcam HD,Electronics,89.99,2,0,179.98,Australia,Referral,Processing,35,Male
ORD-00150,2023-09-21,Python Crash Course,Books,34.99,3,15,89.22,Australia,Organic,Shipped,22,Male
ORD-00151,2023-08-20,Blender Pro,Kitchen,74.99,4,20,239.97,Australia,Organic,Returned,43,Male
ORD-00152,2023-09-28,Atomic Habits,Books,16.99,1,5,16.14,Australia,Direct,Cancelled,61,Female
ORD-00153,2024-08-21,Standing Desk,Furniture,549.99,3,0,1649.97,Germany,Email,Delivered,57,Other
ORD-00154,2023-12-02,Coffee Maker,Kitchen,89.99,2,15,152.98,UK,Direct,Returned,47,Other
ORD-00155,2023-11-06,Air Fryer,Kitchen,129.99,4,0,519.96,Canada,Organic,Delivered,37,Female
ORD-00156,2023-04-29,Mechanical Keyboard,Electronics,149.99,2,10,269.98,Canada,Email,Shipped,41,Other
ORD-00157,2024-12-14,Atomic Habits,Books,16.99,4,10,61.16,Canada,Email,Cancelled,24,Female
ORD-00158,2024-09-22,Bookshelf,Furniture,189.99,3,0,569.97,Australia,Paid Ads,Shipped,46,Male
ORD-00159,2024-01-07,Mechanical Keyboard,Electronics,149.99,3,10,404.97,Australia,Organic,Shipped,35,Male
ORD-00160,2023-05-06,Desk Lamp,Furniture,44.99,1,15,38.24,Germany,Direct,Cancelled,56,Male
ORD-00161,2023-02-21,Protein Powder,Sports,54.99,2,0,109.98,Germany,Organic,Returned,53,Male
ORD-00162,2024-08-23,Running Shoes,Sports,119.99,2,0,239.98,Canada,Referral,Delivered,35,Male
ORD-00163,2023-05-14,Atomic Habits,Books,16.99,3,20,40.78,Canada,Organic,Cancelled,19,Male
ORD-00164,2023-01-16,Office Chair,Furniture,299.99,2,10,539.98,Australia,Organic,Delivered,34,Male
ORD-00165,2023-05-10,Skincare Set,Beauty,59.99,4,10,215.96,UK,Direct,Delivered,48,Female
ORD-00166,2024-01-06,The Lean Startup,Books,19.99,5,0,99.95,Brazil,Referral,Delivered,57,Male
ORD-00167,2024-11-05,The Lean Startup,Books,19.99,3,5,56.97,USA,Organic,Shipped,43,Female
ORD-00168,2024-12-03,Mechanical Keyboard,Electronics,149.99,4,15,509.97,Brazil,Organic,Delivered,38,Other
ORD-00169,2023-06-01,USB-C Hub,Electronics,49.99,2,0,99.98,Australia,Email,Processing,51,Female
ORD-00170,2024-04-09,The Lean Startup,Books,19.99,5,5,94.95,UK,Direct,Delivered,59,Other
ORD-00171,2024-07-18,Skincare Set,Beauty,59.99,2,5,113.98,Brazil,Paid Ads,Shipped,39,Female
ORD-00172,2024-02-13,Bookshelf,Furniture,189.99,1,0,189.99,Japan,Social Media,Cancelled,34,Female
ORD-00173,2023-06-06,Blender Pro,Kitchen,74.99,4,0,299.96,UK,Organic,Delivered,45,Male
ORD-00174,2024-01-17,4K Monitor,Electronics,499.99,5,0,2499.95,Australia,Direct,Delivered,44,Female
ORD-00175,2024-11-12,Sunscreen SPF50,Beauty,22.99,4,20,73.57,USA,Social Media,Processing,37,Female
ORD-00176,2023-04-17,Deep Work,Books,18.99,5,0,94.95,Canada,Direct,Shipped,32,Male
ORD-00177,2023-12-25,Atomic Habits,Books,16.99,3,0,50.97,France,Referral,Delivered,45,Other
ORD-00178,2024-09-28,Coffee Maker,Kitchen,89.99,5,0,449.95,France,Organic,Delivered,35,Other
ORD-00179,2023-11-13,Protein Powder,Sports,54.99,3,0,164.97,Canada,Paid Ads,Processing,60,Female
ORD-00180,2023-03-13,4K Monitor,Electronics,499.99,1,0,499.99,Germany,Email,Shipped,47,Female
ORD-00181,2023-06-11,Office Chair,Furniture,299.99,3,15,764.97,Australia,Referral,Processing,23,Male
ORD-00182,2023-06-09,Webcam HD,Electronics,89.99,5,0,449.95,UK,Social Media,Shipped,60,Female
ORD-00183,2024-05-12,Coffee Maker,Kitchen,89.99,4,5,341.96,France,Paid Ads,Returned,50,Male
ORD-00184,2023-12-20,Bookshelf,Furniture,189.99,1,0,189.99,Brazil,Referral,Cancelled,37,Male
ORD-00185,2023-08-14,Standing Desk,Furniture,549.99,5,0,2749.95,USA,Paid Ads,Delivered,31,Male
ORD-00186,2023-09-19,Water Bottle,Sports,24.99,3,0,74.97,USA,Email,Cancelled,45,Male
ORD-00187,2023-05-13,Standing Desk,Furniture,549.99,5,15,2337.46,Germany,Referral,Processing,60,Female
ORD-00188,2023-03-15,Standing Desk,Furniture,549.99,1,5,522.49,USA,Email,Delivered,38,Other
ORD-00189,2024-03-15,Deep Work,Books,18.99,4,15,64.57,Japan,Social Media,Delivered,43,Male
ORD-00190,2023-11-29,Webcam HD,Electronics,89.99,5,5,427.45,Australia,Organic,Shipped,24,Male
ORD-00191,2024-03-22,Deep Work,Books,18.99,4,10,68.36,UK,Email,Returned,37,Other
ORD-00192,2023-12-14,Yoga Mat,Sports,39.99,3,20,95.98,Canada,Organic,Processing,58,Male
ORD-00193,2024-06-27,The Lean Startup,Books,19.99,2,20,31.98,Australia,Social Media,Cancelled,59,Male
ORD-00194,2023-08-30,Mechanical Keyboard,Electronics,149.99,2,0,299.98,Germany,Paid Ads,Processing,27,Other
ORD-00195,2023-03-19,Webcam HD,Electronics,89.99,4,5,341.96,Brazil,Direct,Processing,59,Other
ORD-00196,2024-10-01,Protein Powder,Sports,54.99,3,0,164.97,Brazil,Organic,Shipped,46,Other
ORD-00197,2023-11-07,Dumbbells Set,Sports,79.99,5,0,399.95,Australia,Referral,Delivered,37,Female
ORD-00198,2024-04-07,Wireless Mouse,Electronics,29.99,1,0,29.99,France,Organic,Cancelled,23,Other
ORD-00199,2024-08-31,The Lean Startup,Books,19.99,4,5,75.96,USA,Email,Returned,54,Other
ORD-00200,2023-07-12,Protein Powder,Sports,54.99,5,5,261.2,Canada,Organic,Shipped,24,Female
ORD-00201,2023-03-28,The Lean Startup,Books,19.99,2,0,39.98,Germany,Direct,Shipped,46,Other
ORD-00202,2024-06-19,Coffee Maker,Kitchen,89.99,2,0,179.98,Australia,Social Media,Shipped,44,Female
ORD-00203,2024-11-26,Coffee Maker,Kitchen,89.99,1,20,71.99,Australia,Organic,Delivered,24,Other
ORD-00204,2024-11-25,Standing Desk,Furniture,549.99,3,0,1649.97,Canada,Social Media,Delivered,55,Other
ORD-00205,2023-05-25,Office Chair,Furniture,299.99,3,15,764.97,Japan,Paid Ads,Processing,63,Male
ORD-00206,2023-11-14,Atomic Habits,Books,16.99,4,15,57.77,Australia,Paid Ads,Cancelled,62,Other
ORD-00207,2024-12-02,The Lean Startup,Books,19.99,1,15,16.99,Japan,Referral,Delivered,19,Female
ORD-00208,2023-11-13,Webcam HD,Electronics,89.99,2,0,179.98,Brazil,Paid Ads,Delivered,26,Male
ORD-00209,2023-03-21,Water Bottle,Sports,24.99,1,10,22.49,USA,Direct,Delivered,57,Male
ORD-00210,2024-09-03,Standing Desk,Furniture,549.99,2,0,1099.98,Canada,Direct,Returned,57,Male
ORD-00211,2024-03-24,Wireless Mouse,Electronics,29.99,4,0,119.96,Germany,Email,Processing,36,Other
ORD-00212,2024-04-04,Yoga Mat,Sports,39.99,5,0,199.95,France,Email,Returned,30,Female
ORD-00213,2024-11-25,Deep Work,Books,18.99,4,5,72.16,France,Email,Processing,51,Female
ORD-00214,2023-06-15,Running Shoes,Sports,119.99,5,0,599.95,France,Organic,Cancelled,48,Female
ORD-00215,2024-07-21,Mechanical Keyboard,Electronics,149.99,5,20,599.96,UK,Social Media,Delivered,28,Female
ORD-00216,2024-04-05,The Lean Startup,Books,19.99,2,20,31.98,Japan,Organic,Delivered,46,Female
ORD-00217,2023-01-28,Bookshelf,Furniture,189.99,1,5,180.49,Australia,Paid Ads,Shipped,23,Female
ORD-00218,2023-08-18,Laptop Pro 15,Electronics,1299.99,3,0,3899.97,Australia,Paid Ads,Delivered,20,Female
ORD-00219,2024-04-28,Instant Pot,Kitchen,99.99,2,20,159.98,Brazil,Email,Processing,18,Male
ORD-00220,2023-01-20,Dumbbells Set,Sports,79.99,2,20,127.98,Canada,Referral,Cancelled,56,Other
ORD-00221,2024-03-09,Mechanical Keyboard,Electronics,149.99,3,0,449.97,France,Organic,Delivered,33,Female
ORD-00222,2024-10-16,Coffee Maker,Kitchen,89.99,4,0,359.96,UK,Email,Processing,52,Male
ORD-00223,2024-10-09,The Lean Startup,Books,19.99,5,0,99.95,Canada,Social Media,Shipped,18,Other
ORD-00224,2023-12-28,Yoga Mat,Sports,39.99,5,5,189.95,Canada,Direct,Cancelled,23,Other
ORD-00225,2024-01-05,USB-C Hub,Electronics,49.99,5,10,224.96,USA,Email,Returned,48,Male
ORD-00226,2024-10-12,Standing Desk,Furniture,549.99,3,0,1649.97,USA,Social Media,Returned,22,Female
ORD-00227,2023-09-04,Skincare Set,Beauty,59.99,1,20,47.99,Australia,Paid Ads,Delivered,40,Other
ORD-00228,2023-12-13,Air Fryer,Kitchen,129.99,2,20,207.98,Brazil,Direct,Shipped,58,Male
ORD-00229,2023-05-19,USB-C Hub,Electronics,49.99,4,0,199.96,France,Paid Ads,Delivered,30,Male
ORD-00230,2023-11-20,Water Bottle,Sports,24.99,5,5,118.7,Brazil,Social Media,Delivered,59,Male
ORD-00231,2023-10-20,Office Chair,Furniture,299.99,1,20,239.99,Australia,Social Media,Delivered,41,Female
ORD-00232,2024-02-14,Skincare Set,Beauty,59.99,4,5,227.96,Australia,Paid Ads,Shipped,62,Female
ORD-00233,2024-01-12,The Lean Startup,Books,19.99,3,20,47.98,UK,Direct,Shipped,23,Female
ORD-00234,2024-09-08,Webcam HD,Electronics,89.99,5,0,449.95,Australia,Organic,Delivered,38,Other
ORD-00235,2023-10-30,Water Bottle,Sports,24.99,4,10,89.96,Japan,Paid Ads,Cancelled,46,Female
ORD-00236,2024-04-02,Wireless Mouse,Electronics,29.99,3,10,80.97,Japan,Social Media,Cancelled,21,Male
ORD-00237,2024-11-18,Air Fryer,Kitchen,129.99,4,0,519.96,Canada,Organic,Delivered,56,Other
ORD-00238,2024-03-24,Wireless Mouse,Electronics,29.99,2,0,59.98,Germany,Direct,Delivered,41,Female
ORD-00239,2024-08-03,Wireless Mouse,Electronics,29.99,5,0,149.95,Brazil,Social Media,Delivered,46,Male
ORD-00240,2024-08-10,4K Monitor,Electronics,499.99,5,0,2499.95,Japan,Social Media,Cancelled,35,Male
ORD-00241,2023-04-27,Laptop Pro 15,Electronics,1299.99,2,5,2469.98,Japan,Referral,Delivered,34,Female
ORD-00242,2024-12-21,Desk Lamp,Furniture,44.99,2,10,80.98,France,Direct,Shipped,30,Male
ORD-00243,2023-05-19,USB-C Hub,Electronics,49.99,4,0,199.96,Brazil,Organic,Returned,61,Female
ORD-00244,2024-11-14,Office Chair,Furniture,299.99,1,10,269.99,France,Social Media,Returned,28,Other
ORD-00245,2024-12-27,Instant Pot,Kitchen,99.99,2,20,159.98,Australia,Referral,Delivered,25,Male
ORD-00246,2023-05-23,Yoga Mat,Sports,39.99,4,0,159.96,Australia,Referral,Processing,41,Female
ORD-00247,2024-07-18,4K Monitor,Electronics,499.99,5,0,2499.95,UK,Social Media,Shipped,63,Other
ORD-00248,2024-05-05,The Lean Startup,Books,19.99,4,20,63.97,Japan,Referral,Delivered,26,Female
ORD-00249,2024-10-19,USB-C Hub,Electronics,49.99,4,5,189.96,Australia,Paid Ads,Returned,53,Other
ORD-00250,2024-08-24,Webcam HD,Electronics,89.99,2,5,170.98,USA,Organic,Processing,27,Female
ORD-00251,2023-06-18,Webcam HD,Electronics,89.99,3,15,229.47,Germany,Social Media,Processing,36,Male
ORD-00252,2023-09-14,Running Shoes,Sports,119.99,5,0,599.95,Canada,Direct,Delivered,57,Other
ORD-00253,2023-04-06,The Lean Startup,Books,19.99,2,10,35.98,Canada,Paid Ads,Cancelled,57,Other
ORD-00254,2024-09-11,Protein Powder,Sports,54.99,5,0,274.95,USA,Organic,Delivered,59,Other
ORD-00255,2023-09-29,Air Fryer,Kitchen,129.99,2,20,207.98,Japan,Referral,Cancelled,19,Female
ORD-00256,2024-10-04,Atomic Habits,Books,16.99,3,15,43.32,France,Email,Delivered,61,Female
ORD-00257,2023-11-01,Desk Lamp,Furniture,44.99,1,15,38.24,USA,Paid Ads,Shipped,44,Female
ORD-00258,2024-04-20,Running Shoes,Sports,119.99,3,10,323.97,Canada,Social Media,Returned,63,Female
ORD-00259,2023-12-20,Standing Desk,Furniture,549.99,2,20,879.98,Australia,Referral,Processing,24,Female
ORD-00260,2023-09-05,Desk Lamp,Furniture,44.99,1,0,44.99,Brazil,Paid Ads,Delivered,24,Male
ORD-00261,2023-10-25,Standing Desk,Furniture,549.99,5,5,2612.45,Germany,Paid Ads,Returned,38,Other
ORD-00262,2023-11-17,Running Shoes,Sports,119.99,2,5,227.98,Brazil,Email,Delivered,49,Male
ORD-00263,2023-04-03,Standing Desk,Furniture,549.99,5,5,2612.45,Germany,Paid Ads,Processing,40,Male
ORD-00264,2023-02-21,Water Bottle,Sports,24.99,4,10,89.96,Brazil,Social Media,Processing,18,Male
ORD-00265,2024-03-17,4K Monitor,Electronics,499.99,3,15,1274.97,Australia,Email,Delivered,20,Female
ORD-00266,2023-02-22,Deep Work,Books,18.99,5,0,94.95,Australia,Referral,Delivered,22,Female
ORD-00267,2024-05-31,Desk Lamp,Furniture,44.99,5,0,224.95,UK,Paid Ads,Delivered,43,Female
ORD-00268,2023-12-14,Atomic Habits,Books,16.99,3,20,40.78,Canada,Paid Ads,Processing,50,Female
ORD-00269,2024-05-27,Wireless Mouse,Electronics,29.99,1,0,29.99,Canada,Direct,Delivered,48,Other
ORD-00270,2024-04-12,4K Monitor,Electronics,499.99,5,10,2249.95,Canada,Social Media,Processing,38,Male
ORD-00271,2024-02-07,Coffee Maker,Kitchen,89.99,3,10,242.97,Australia,Referral,Returned,50,Other
ORD-00272,2024-05-16,Instant Pot,Kitchen,99.99,5,0,499.95,Brazil,Organic,Delivered,39,Other
ORD-00273,2023-04-23,Bookshelf,Furniture,189.99,5,0,949.95,USA,Referral,Shipped,34,Other
ORD-00274,2024-08-15,Deep Work,Books,18.99,2,15,32.28,USA,Referral,Shipped,28,Other
ORD-00275,2024-10-06,Skincare Set,Beauty,59.99,5,20,239.96,Japan,Paid Ads,Returned,61,Male
ORD-00276,2023-02-02,Deep Work,Books,18.99,1,0,18.99,USA,Email,Delivered,44,Male
ORD-00277,2024-02-27,Instant Pot,Kitchen,99.99,2,5,189.98,Brazil,Direct,Cancelled,21,Other
ORD-00278,2023-05-22,The Lean Startup,Books,19.99,2,10,35.98,Australia,Direct,Shipped,51,Female
ORD-00279,2023-11-18,Webcam HD,Electronics,89.99,4,10,323.96,Australia,Referral,Delivered,61,Other
ORD-00280,2024-11-28,Air Fryer,Kitchen,129.99,3,10,350.97,Brazil,Paid Ads,Delivered,35,Other
ORD-00281,2023-11-02,Yoga Mat,Sports,39.99,3,20,95.98,France,Direct,Delivered,62,Other
ORD-00282,2024-05-15,Protein Powder,Sports,54.99,4,0,219.96,France,Social Media,Delivered,54,Other
ORD-00283,2024-07-10,Standing Desk,Furniture,549.99,4,20,1759.97,Australia,Paid Ads,Delivered,20,Female
ORD-00284,2023-03-22,Office Chair,Furniture,299.99,4,15,1019.97,France,Direct,Shipped,31,Male
ORD-00285,2024-07-05,Dumbbells Set,Sports,79.99,5,15,339.96,France,Paid Ads,Delivered,57,Other
ORD-00286,2024-08-23,Yoga Mat,Sports,39.99,2,0,79.98,Germany,Direct,Delivered,21,Male
ORD-00287,2024-02-28,Protein Powder,Sports,54.99,4,0,219.96,Canada,Organic,Processing,28,Female
ORD-00288,2024-10-30,Python Crash Course,Books,34.99,4,15,118.97,Germany,Social Media,Delivered,36,Other
ORD-00289,2023-03-02,Sunscreen SPF50,Beauty,22.99,1,15,19.54,Germany,Referral,Cancelled,64,Male
ORD-00290,2023-06-29,Bookshelf,Furniture,189.99,2,0,379.98,Japan,Email,Delivered,65,Female
ORD-00291,2023-02-08,Laptop Pro 15,Electronics,1299.99,3,10,3509.97,UK,Social Media,Delivered,47,Other
ORD-00292,2024-07-10,The Lean Startup,Books,19.99,4,0,79.96,Brazil,Social Media,Delivered,25,Female
ORD-00293,2023-06-16,Skincare Set,Beauty,59.99,4,15,203.97,France,Direct,Delivered,18,Other
ORD-00294,2023-12-12,Water Bottle,Sports,24.99,5,15,106.21,Germany,Paid Ads,Processing,58,Female
ORD-00295,2024-03-13,The Lean Startup,Books,19.99,3,0,59.97,Japan,Direct,Delivered,29,Male
ORD-00296,2024-05-03,Protein Powder,Sports,54.99,2,0,109.98,France,Email,Delivered,46,Female
ORD-00297,2023-12-04,Water Bottle,Sports,24.99,5,15,106.21,USA,Social Media,Cancelled,41,Other
ORD-00298,2023-08-30,Wireless Mouse,Electronics,29.99,1,5,28.49,France,Paid Ads,Shipped,61,Other
ORD-00299,2024-12-21,Sunscreen SPF50,Beauty,22.99,3,15,58.62,UK,Direct,Delivered,41,Other
ORD-00300,2023-08-15,Yoga Mat,Sports,39.99,2,5,75.98,Canada,Email,Cancelled,56,Female
ORD-00301,2024-03-01,Instant Pot,Kitchen,99.99,5,5,474.95,Germany,Paid Ads,Cancelled,56,Male
ORD-00302,2024-06-22,Desk Lamp,Furniture,44.99,5,15,191.21,Australia,Organic,Processing,25,Male
ORD-00303,2024-07-14,The Lean Startup,Books,19.99,2,10,35.98,Canada,Paid Ads,Delivered,51,Female
ORD-00304,2023-04-30,Blender Pro,Kitchen,74.99,2,15,127.48,Brazil,Organic,Processing,46,Male
ORD-00305,2024-04-09,4K Monitor,Electronics,499.99,5,5,2374.95,Brazil,Referral,Delivered,53,Female
ORD-00306,2024-11-19,Water Bottle,Sports,24.99,1,5,23.74,France,Organic,Cancelled,31,Other
ORD-00307,2023-03-16,Wireless Mouse,Electronics,29.99,4,0,119.96,UK,Referral,Delivered,22,Female
ORD-00308,2023-02-02,Water Bottle,Sports,24.99,4,0,99.96,Canada,Direct,Cancelled,59,Female
ORD-00309,2024-01-19,Standing Desk,Furniture,549.99,4,20,1759.97,Japan,Email,Delivered,61,Other
ORD-00310,2024-07-06,4K Monitor,Electronics,499.99,3,0,1499.97,Canada,Referral,Shipped,51,Male
ORD-00311,2023-08-17,Laptop Pro 15,Electronics,1299.99,1,0,1299.99,Brazil,Direct,Cancelled,52,Female
ORD-00312,2024-06-28,Standing Desk,Furniture,549.99,2,0,1099.98,Brazil,Social Media,Delivered,35,Male
ORD-00313,2023-04-26,Wireless Mouse,Electronics,29.99,4,10,107.96,USA,Paid Ads,Delivered,22,Male
ORD-00314,2024-08-31,Wireless Mouse,Electronics,29.99,4,10,107.96,USA,Paid Ads,Cancelled,20,Female
ORD-00315,2024-03-25,Yoga Mat,Sports,39.99,5,0,199.95,USA,Paid Ads,Processing,36,Male
ORD-00316,2024-08-12,Protein Powder,Sports,54.99,5,10,247.45,Australia,Paid Ads,Delivered,27,Other
ORD-00317,2024-06-17,Yoga Mat,Sports,39.99,4,0,159.96,France,Organic,Processing,55,Other
ORD-00318,2023-06-29,Air Fryer,Kitchen,129.99,4,10,467.96,Brazil,Organic,Delivered,59,Other
ORD-00319,2024-01-26,The Lean Startup,Books,19.99,3,15,50.97,Japan,Email,Delivered,37,Female
ORD-00320,2023-07-08,Sunscreen SPF50,Beauty,22.99,5,5,109.2,Germany,Paid Ads,Delivered,63,Male
ORD-00321,2024-04-19,Wireless Mouse,Electronics,29.99,5,5,142.45,Japan,Referral,Processing,26,Female
ORD-00322,2023-09-06,Dumbbells Set,Sports,79.99,2,0,159.98,UK,Email,Returned,41,Male
ORD-00323,2024-07-02,Skincare Set,Beauty,59.99,2,0,119.98,France,Email,Cancelled,56,Other
ORD-00324,2023-02-10,USB-C Hub,Electronics,49.99,2,20,79.98,Germany,Email,Delivered,39,Female
ORD-00325,2023-01-16,Running Shoes,Sports,119.99,2,15,203.98,UK,Direct,Returned,48,Male
ORD-00326,2024-12-13,Coffee Maker,Kitchen,89.99,2,5,170.98,Germany,Referral,Delivered,36,Female
ORD-00327,2024-04-22,Atomic Habits,Books,16.99,3,0,50.97,France,Social Media,Processing,49,Female
ORD-00328,2023-04-11,Skincare Set,Beauty,59.99,4,20,191.97,Australia,Paid Ads,Delivered,38,Female
ORD-00329,2023-02-16,Deep Work,Books,18.99,2,15,32.28,Canada,Organic,Delivered,53,Other
ORD-00330,2024-08-16,Skincare Set,Beauty,59.99,4,0,239.96,Canada,Paid Ads,Delivered,32,Female
ORD-00331,2024-08-06,Yoga Mat,Sports,39.99,4,10,143.96,Australia,Social Media,Returned,49,Other
ORD-00332,2024-10-19,Skincare Set,Beauty,59.99,4,5,227.96,Canada,Direct,Returned,40,Male
ORD-00333,2023-05-24,Skincare Set,Beauty,59.99,5,5,284.95,Canada,Referral,Cancelled,21,Other
ORD-00334,2023-02-04,USB-C Hub,Electronics,49.99,1,20,39.99,USA,Email,Delivered,58,Male
ORD-00335,2023-03-11,Instant Pot,Kitchen,99.99,2,0,199.98,Germany,Referral,Shipped,41,Male
ORD-00336,2024-09-24,Air Fryer,Kitchen,129.99,5,5,617.45,Brazil,Organic,Delivered,52,Other
ORD-00337,2024-02-26,Laptop Pro 15,Electronics,1299.99,1,10,1169.99,France,Referral,Delivered,19,Other
ORD-00338,2024-12-15,Blender Pro,Kitchen,74.99,4,20,239.97,Canada,Organic,Delivered,51,Male
ORD-00339,2023-09-04,Running Shoes,Sports,119.99,5,10,539.95,France,Social Media,Delivered,43,Male
ORD-00340,2024-01-18,Standing Desk,Furniture,549.99,4,10,1979.96,Germany,Direct,Delivered,37,Other
ORD-00341,2023-03-24,Air Fryer,Kitchen,129.99,1,0,129.99,Japan,Email,Shipped,53,Female
ORD-00342,2023-02-27,Air Fryer,Kitchen,129.99,1,15,110.49,Canada,Organic,Shipped,45,Other
ORD-00343,2023-12-06,Deep Work,Books,18.99,1,10,17.09,USA,Paid Ads,Delivered,62,Other
ORD-00344,2024-05-01,Dumbbells Set,Sports,79.99,1,0,79.99,France,Referral,Processing,60,Male
ORD-00345,2023-07-03,Protein Powder,Sports,54.99,1,0,54.99,Canada,Direct,Returned,43,Male
ORD-00346,2023-11-03,Webcam HD,Electronics,89.99,5,0,449.95,Japan,Direct,Processing,39,Female
ORD-00347,2023-05-24,Instant Pot,Kitchen,99.99,1,10,89.99,Australia,Organic,Delivered,45,Male
ORD-00348,2023-03-19,Protein Powder,Sports,54.99,5,20,219.96,Japan,Social Media,Delivered,58,Female
ORD-00349,2024-04-06,Python Crash Course,Books,34.99,2,0,69.98,Japan,Email,Delivered,61,Other
ORD-00350,2024-11-07,Standing Desk,Furniture,549.99,1,20,439.99,France,Paid Ads,Cancelled,22,Male
ORD-00351,2023-10-02,4K Monitor,Electronics,499.99,4,15,1699.97,Canada,Direct,Shipped,38,Female
ORD-00352,2023-04-20,USB-C Hub,Electronics,49.99,1,0,49.99,Brazil,Social Media,Returned,35,Male
ORD-00353,2023-05-16,USB-C Hub,Electronics,49.99,2,5,94.98,Brazil,Referral,Processing,50,Female
ORD-00354,2023-04-16,Laptop Pro 15,Electronics,1299.99,1,0,1299.99,UK,Referral,Processing,38,Female
ORD-00355,2023-01-13,Water Bottle,Sports,24.99,4,5,94.96,UK,Direct,Processing,33,Other
ORD-00356,2024-06-17,Webcam HD,Electronics,89.99,4,0,359.96,Canada,Social Media,Delivered,35,Female
ORD-00357,2023-05-30,USB-C Hub,Electronics,49.99,2,5,94.98,France,Email,Delivered,48,Male
ORD-00358,2024-01-05,Dumbbells Set,Sports,79.99,2,15,135.98,Brazil,Referral,Processing,30,Female
ORD-00359,2023-04-20,4K Monitor,Electronics,499.99,3,0,1499.97,Japan,Social Media,Returned,57,Female
ORD-00360,2023-12-04,Desk Lamp,Furniture,44.99,3,5,128.22,Canada,Social Media,Delivered,56,Other
ORD-00361,2023-07-25,Python Crash Course,Books,34.99,3,0,104.97,Japan,Social Media,Delivered,65,Other
ORD-00362,2024-10-10,Python Crash Course,Books,34.99,5,20,139.96,Germany,Social Media,Shipped,35,Female
ORD-00363,2024-01-09,Mechanical Keyboard,Electronics,149.99,5,0,749.95,Canada,Direct,Returned,53,Male
ORD-00364,2024-04-17,Instant Pot,Kitchen,99.99,2,5,189.98,France,Direct,Delivered,44,Other
ORD-00365,2024-05-26,4K Monitor,Electronics,499.99,3,0,1499.97,France,Direct,Delivered,63,Female
ORD-00366,2024-01-22,USB-C Hub,Electronics,49.99,4,10,179.96,Brazil,Referral,Shipped,52,Other
ORD-00367,2024-12-09,Bookshelf,Furniture,189.99,5,0,949.95,Australia,Direct,Returned,52,Other
ORD-00368,2024-10-15,USB-C Hub,Electronics,49.99,1,20,39.99,Germany,Direct,Cancelled,40,Male
ORD-00369,2024-10-24,Coffee Maker,Kitchen,89.99,1,10,80.99,Japan,Social Media,Returned,45,Male
ORD-00370,2023-01-11,Mechanical Keyboard,Electronics,149.99,3,0,449.97,Germany,Email,Delivered,43,Female
ORD-00371,2024-11-26,Deep Work,Books,18.99,5,0,94.95,Australia,Organic,Shipped,24,Female
ORD-00372,2024-03-01,USB-C Hub,Electronics,49.99,1,20,39.99,Canada,Social Media,Delivered,39,Female
ORD-00373,2023-07-31,The Lean Startup,Books,19.99,4,0,79.96,Brazil,Organic,Shipped,64,Other
ORD-00374,2024-04-08,Protein Powder,Sports,54.99,1,0,54.99,USA,Direct,Delivered,19,Female
ORD-00375,2024-10-25,Mechanical Keyboard,Electronics,149.99,2,15,254.98,Germany,Referral,Delivered,53,Male
ORD-00376,2023-12-05,Atomic Habits,Books,16.99,4,5,64.56,Germany,Email,Cancelled,29,Male
ORD-00377,2024-10-17,Blender Pro,Kitchen,74.99,4,5,284.96,USA,Direct,Processing,30,Female
ORD-00378,2024-08-29,Bookshelf,Furniture,189.99,4,0,759.96,Germany,Paid Ads,Delivered,63,Male
ORD-00379,2024-08-14,Mechanical Keyboard,Electronics,149.99,5,0,749.95,Australia,Social Media,Delivered,47,Male
ORD-00380,2023-09-26,Blender Pro,Kitchen,74.99,4,10,269.96,Australia,Referral,Shipped,57,Female
ORD-00381,2024-08-24,Mechanical Keyboard,Electronics,149.99,3,0,449.97,Brazil,Referral,Delivered,61,Other
ORD-00382,2023-11-01,Coffee Maker,Kitchen,89.99,5,0,449.95,Canada,Social Media,Delivered,33,Female
ORD-00383,2023-04-30,Webcam HD,Electronics,89.99,3,15,229.47,Canada,Referral,Shipped,44,Other
ORD-00384,2023-05-22,Deep Work,Books,18.99,4,5,72.16,Canada,Email,Cancelled,52,Other
ORD-00385,2024-10-22,Webcam HD,Electronics,89.99,5,0,449.95,Brazil,Social Media,Delivered,29,Female
ORD-00386,2024-04-06,Coffee Maker,Kitchen,89.99,1,20,71.99,Australia,Organic,Shipped,26,Male
ORD-00387,2024-01-29,Atomic Habits,Books,16.99,5,15,72.21,Brazil,Email,Cancelled,49,Female
ORD-00388,2024-12-28,Desk Lamp,Furniture,44.99,4,0,179.96,UK,Referral,Delivered,32,Female
ORD-00389,2023-02-03,Dumbbells Set,Sports,79.99,2,10,143.98,France,Paid Ads,Returned,47,Other
ORD-00390,2024-05-22,Atomic Habits,Books,16.99,5,0,84.95,UK,Social Media,Returned,52,Female
ORD-00391,2024-07-09,Sunscreen SPF50,Beauty,22.99,1,20,18.39,Brazil,Referral,Delivered,45,Male
ORD-00392,2024-10-31,Sunscreen SPF50,Beauty,22.99,2,0,45.98,USA,Email,Delivered,40,Male
ORD-00393,2024-03-25,Mechanical Keyboard,Electronics,149.99,2,0,299.98,Australia,Direct,Processing,58,Female
ORD-00394,2023-06-19,Coffee Maker,Kitchen,89.99,2,20,143.98,Germany,Paid Ads,Returned,21,Other
ORD-00395,2023-12-26,Atomic Habits,Books,16.99,3,10,45.87,Canada,Social Media,Cancelled,36,Female
ORD-00396,2024-08-09,Dumbbells Set,Sports,79.99,5,15,339.96,UK,Paid Ads,Returned,44,Male
ORD-00397,2023-10-11,Air Fryer,Kitchen,129.99,2,15,220.98,Canada,Paid Ads,Delivered,63,Female
ORD-00398,2023-09-11,Sunscreen SPF50,Beauty,22.99,4,5,87.36,Canada,Referral,Cancelled,35,Other
ORD-00399,2024-02-29,Standing Desk,Furniture,549.99,4,0,2199.96,UK,Email,Processing,65,Female
ORD-00400,2024-12-12,Office Chair,Furniture,299.99,4,5,1139.96,Australia,Referral,Delivered,64,Male
ORD-00401,2024-04-14,Air Fryer,Kitchen,129.99,3,20,311.98,UK,Referral,Shipped,31,Female
ORD-00402,2023-08-05,Python Crash Course,Books,34.99,3,0,104.97,France,Social Media,Processing,54,Male
ORD-00403,2024-08-02,Python Crash Course,Books,34.99,3,15,89.22,USA,Organic,Delivered,58,Female
ORD-00404,2023-01-17,Mechanical Keyboard,Electronics,149.99,2,5,284.98,Brazil,Organic,Shipped,30,Other
ORD-00405,2023-05-16,Air Fryer,Kitchen,129.99,3,0,389.97,France,Organic,Cancelled,41,Female
ORD-00406,2023-03-26,Office Chair,Furniture,299.99,2,0,599.98,Japan,Direct,Delivered,64,Other
ORD-00407,2023-08-28,Bookshelf,Furniture,189.99,1,15,161.49,UK,Organic,Delivered,48,Male
ORD-00408,2023-05-16,Deep Work,Books,18.99,2,10,34.18,Brazil,Organic,Delivered,62,Female
ORD-00409,2023-05-04,Bookshelf,Furniture,189.99,2,5,360.98,UK,Paid Ads,Shipped,23,Other
ORD-00410,2023-04-15,Mechanical Keyboard,Electronics,149.99,3,0,449.97,France,Paid Ads,Shipped,26,Other
ORD-00411,2024-11-24,4K Monitor,Electronics,499.99,1,10,449.99,USA,Referral,Cancelled,28,Female
ORD-00412,2023-12-26,Skincare Set,Beauty,59.99,2,15,101.98,Canada,Email,Processing,61,Female
ORD-00413,2023-08-11,USB-C Hub,Electronics,49.99,1,0,49.99,UK,Referral,Cancelled,42,Female
ORD-00414,2024-03-15,Protein Powder,Sports,54.99,2,0,109.98,France,Direct,Delivered,33,Other
ORD-00415,2024-09-07,Coffee Maker,Kitchen,89.99,5,0,449.95,USA,Direct,Delivered,31,Other
ORD-00416,2024-09-13,The Lean Startup,Books,19.99,2,15,33.98,Japan,Social Media,Cancelled,21,Male
ORD-00417,2024-05-21,Standing Desk,Furniture,549.99,1,0,549.99,Brazil,Direct,Processing,22,Other
ORD-00418,2023-01-13,Office Chair,Furniture,299.99,3,0,899.97,Japan,Referral,Shipped,41,Other
ORD-00419,2024-11-30,Webcam HD,Electronics,89.99,4,20,287.97,UK,Organic,Processing,22,Male
ORD-00420,2023-09-26,Running Shoes,Sports,119.99,1,0,119.99,Japan,Referral,Delivered,58,Other
ORD-00421,2024-05-28,Sunscreen SPF50,Beauty,22.99,4,5,87.36,Japan,Organic,Cancelled,52,Other
ORD-00422,2024-09-22,4K Monitor,Electronics,499.99,3,0,1499.97,France,Organic,Processing,31,Male
ORD-00423,2024-07-03,Protein Powder,Sports,54.99,4,10,197.96,UK,Social Media,Cancelled,45,Other
ORD-00424,2023-09-02,Wireless Mouse,Electronics,29.99,2,0,59.98,Japan,Organic,Shipped,57,Other
ORD-00425,2023-02-26,Water Bottle,Sports,24.99,2,0,49.98,USA,Direct,Delivered,62,Male
ORD-00426,2023-06-17,Python Crash Course,Books,34.99,3,10,94.47,France,Paid Ads,Delivered,26,Other
ORD-00427,2023-10-03,Skincare Set,Beauty,59.99,1,20,47.99,USA,Social Media,Returned,45,Female
ORD-00428,2024-06-20,USB-C Hub,Electronics,49.99,3,15,127.47,UK,Email,Shipped,50,Female
ORD-00429,2023-02-26,Python Crash Course,Books,34.99,5,0,174.95,Australia,Paid Ads,Delivered,24,Other
ORD-00430,2024-11-21,Skincare Set,Beauty,59.99,1,0,59.99,USA,Organic,Returned,18,Male
ORD-00431,2023-02-17,Python Crash Course,Books,34.99,3,5,99.72,Canada,Paid Ads,Returned,20,Other
ORD-00432,2024-11-02,Bookshelf,Furniture,189.99,2,0,379.98,Germany,Email,Cancelled,38,Female
ORD-00433,2023-03-21,Deep Work,Books,18.99,3,0,56.97,USA,Paid Ads,Delivered,51,Male
ORD-00434,2024-02-15,USB-C Hub,Electronics,49.99,4,20,159.97,France,Social Media,Delivered,23,Other
ORD-00435,2024-04-12,Laptop Pro 15,Electronics,1299.99,3,0,3899.97,France,Referral,Returned,37,Other
ORD-00436,2024-09-29,Yoga Mat,Sports,39.99,4,0,159.96,Brazil,Paid Ads,Cancelled,52,Male
ORD-00437,2023-06-04,Laptop Pro 15,Electronics,1299.99,4,0,5199.96,Germany,Referral,Delivered,58,Other
ORD-00438,2023-01-10,Protein Powder,Sports,54.99,1,20,43.99,Japan,Direct,Cancelled,37,Male
ORD-00439,2023-07-30,The Lean Startup,Books,19.99,2,5,37.98,Brazil,Organic,Delivered,63,Female
ORD-00440,2023-04-06,Wireless Mouse,Electronics,29.99,2,20,47.98,Japan,Direct,Delivered,47,Other
ORD-00441,2023-03-28,Deep Work,Books,18.99,1,10,17.09,Canada,Direct,Returned,43,Male
ORD-00442,2024-08-29,Deep Work,Books,18.99,1,5,18.04,Canada,Paid Ads,Delivered,34,Female
ORD-00443,2024-02-07,Instant Pot,Kitchen,99.99,3,0,299.97,Brazil,Social Media,Delivered,22,Male
ORD-00444,2023-05-20,Sunscreen SPF50,Beauty,22.99,5,0,114.95,Canada,Organic,Delivered,46,Female
ORD-00445,2023-11-18,Bookshelf,Furniture,189.99,1,10,170.99,Australia,Paid Ads,Shipped,37,Female
ORD-00446,2023-09-29,Mechanical Keyboard,Electronics,149.99,1,0,149.99,France,Direct,Cancelled,56,Male
ORD-00447,2023-08-09,Protein Powder,Sports,54.99,2,0,109.98,Germany,Social Media,Shipped,50,Male
ORD-00448,2024-11-24,Water Bottle,Sports,24.99,3,20,59.98,Canada,Organic,Shipped,46,Other
ORD-00449,2024-07-17,Yoga Mat,Sports,39.99,1,5,37.99,UK,Paid Ads,Delivered,18,Male
ORD-00450,2023-08-16,4K Monitor,Electronics,499.99,2,20,799.98,Japan,Social Media,Cancelled,58,Other
ORD-00451,2023-03-28,Deep Work,Books,18.99,5,0,94.95,UK,Organic,Delivered,30,Other
ORD-00452,2024-03-30,4K Monitor,Electronics,499.99,1,20,399.99,Australia,Organic,Delivered,47,Male
ORD-00453,2023-06-22,Deep Work,Books,18.99,4,20,60.77,Japan,Email,Delivered,42,Other
ORD-00454,2024-03-12,Webcam HD,Electronics,89.99,3,0,269.97,Canada,Social Media,Delivered,46,Male
ORD-00455,2023-02-05,Coffee Maker,Kitchen,89.99,5,10,404.95,Germany,Direct,Delivered,49,Female
ORD-00456,2024-07-17,Python Crash Course,Books,34.99,1,0,34.99,France,Email,Delivered,44,Male
ORD-00457,2024-10-20,The Lean Startup,Books,19.99,2,15,33.98,USA,Email,Returned,63,Female
ORD-00458,2024-05-06,Atomic Habits,Books,16.99,4,0,67.96,Australia,Email,Delivered,29,Male
ORD-00459,2023-11-23,Coffee Maker,Kitchen,89.99,2,0,179.98,France,Organic,Returned,48,Other
ORD-00460,2024-01-02,Sunscreen SPF50,Beauty,22.99,5,0,114.95,Canada,Organic,Delivered,60,Male
ORD-00461,2023-09-30,Atomic Habits,Books,16.99,1,20,13.59,Germany,Referral,Returned,42,Female
ORD-00462,2023-06-27,Webcam HD,Electronics,89.99,2,10,161.98,Australia,Direct,Cancelled,40,Other
ORD-00463,2023-01-29,Instant Pot,Kitchen,99.99,3,10,269.97,Canada,Referral,Delivered,49,Other
ORD-00464,2023-11-13,Webcam HD,Electronics,89.99,4,0,359.96,UK,Organic,Delivered,56,Male
ORD-00465,2023-01-21,The Lean Startup,Books,19.99,4,0,79.96,Australia,Referral,Delivered,26,Female
ORD-00466,2023-07-01,Protein Powder,Sports,54.99,1,0,54.99,Canada,Referral,Cancelled,27,Male
ORD-00467,2024-06-22,Office Chair,Furniture,299.99,1,0,299.99,Japan,Referral,Delivered,39,Female
ORD-00468,2023-11-27,4K Monitor,Electronics,499.99,2,15,849.98,Japan,Direct,Shipped,59,Female
ORD-00469,2023-06-28,Instant Pot,Kitchen,99.99,5,15,424.96,Australia,Paid Ads,Cancelled,55,Male
ORD-00470,2024-01-23,Water Bottle,Sports,24.99,3,0,74.97,Canada,Direct,Delivered,62,Other
ORD-00471,2024-02-05,Sunscreen SPF50,Beauty,22.99,5,0,114.95,Canada,Referral,Delivered,57,Male
ORD-00472,2024-10-16,Deep Work,Books,18.99,1,5,18.04,Canada,Social Media,Cancelled,22,Male
ORD-00473,2023-12-22,Protein Powder,Sports,54.99,2,15,93.48,UK,Direct,Cancelled,58,Other
ORD-00474,2023-12-10,Desk Lamp,Furniture,44.99,1,0,44.99,Germany,Paid Ads,Cancelled,22,Female
ORD-00475,2023-09-20,Mechanical Keyboard,Electronics,149.99,1,0,149.99,Japan,Email,Cancelled,44,Male
ORD-00476,2024-02-28,Python Crash Course,Books,34.99,4,0,139.96,Japan,Organic,Returned,48,Other
ORD-00477,2024-10-28,Sunscreen SPF50,Beauty,22.99,2,0,45.98,Brazil,Organic,Returned,20,Female
ORD-00478,2023-01-21,Protein Powder,Sports,54.99,3,0,164.97,UK,Social Media,Delivered,42,Male
ORD-00479,2023-03-18,Atomic Habits,Books,16.99,1,0,16.99,Brazil,Direct,Delivered,45,Other
ORD-00480,2023-06-18,Coffee Maker,Kitchen,89.99,4,0,359.96,USA,Organic,Delivered,31,Male
ORD-00481,2024-02-24,Instant Pot,Kitchen,99.99,5,15,424.96,France,Direct,Delivered,37,Male
ORD-00482,2023-04-09,Wireless Mouse,Electronics,29.99,4,10,107.96,Brazil,Paid Ads,Delivered,41,Male
ORD-00483,2024-03-13,USB-C Hub,Electronics,49.99,3,20,119.98,Brazil,Paid Ads,Delivered,19,Male
ORD-00484,2023-06-24,Air Fryer,Kitchen,129.99,3,0,389.97,Brazil,Organic,Delivered,43,Female
ORD-00485,2024-05-15,Blender Pro,Kitchen,74.99,3,0,224.97,Japan,Paid Ads,Delivered,42,Female
ORD-00486,2023-07-11,Desk Lamp,Furniture,44.99,1,0,44.99,Brazil,Email,Delivered,32,Female
ORD-00487,2024-07-31,Wireless Mouse,Electronics,29.99,2,20,47.98,UK,Organic,Cancelled,40,Other
ORD-00488,2024-02-28,Sunscreen SPF50,Beauty,22.99,5,0,114.95,USA,Email,Returned,51,Female
ORD-00489,2024-07-02,Blender Pro,Kitchen,74.99,4,10,269.96,Germany,Email,Delivered,23,Female
ORD-00490,2023-02-05,The Lean Startup,Books,19.99,5,10,89.95,Canada,Organic,Returned,46,Male
ORD-00491,2023-06-21,Running Shoes,Sports,119.99,2,0,239.98,USA,Email,Delivered,61,Female
ORD-00492,2023-07-26,Air Fryer,Kitchen,129.99,2,20,207.98,France,Social Media,Cancelled,22,Male
ORD-00493,2024-02-02,Atomic Habits,Books,16.99,4,10,61.16,Australia,Social Media,Processing,47,Male
ORD-00494,2024-12-18,Coffee Maker,Kitchen,89.99,5,10,404.95,Japan,Organic,Shipped,27,Male
ORD-00495,2024-08-03,Deep Work,Books,18.99,5,20,75.96,UK,Organic,Processing,24,Female
ORD-00496,2024-07-02,Office Chair,Furniture,299.99,4,0,1199.96,Japan,Direct,Shipped,54,Other
ORD-00497,2024-04-29,Wireless Mouse,Electronics,29.99,2,0,59.98,Japan,Paid Ads,Processing,56,Other
ORD-00498,2024-12-11,Standing Desk,Furniture,549.99,1,5,522.49,Australia,Direct,Delivered,21,Other
ORD-00499,2024-05-01,Dumbbells Set,Sports,79.99,3,0,239.97,Australia,Social Media,Delivered,35,Female
ORD-00500,2024-12-13,Blender Pro,Kitchen,74.99,1,20,59.99,Germany,Paid Ads,Delivered,65,Female
ORD-00501,2023-11-25,Dumbbells Set,Sports,79.99,4,10,287.96,UK,Paid Ads,Shipped,31,Female
ORD-00502,2024-05-11,Sunscreen SPF50,Beauty,22.99,5,20,91.96,Australia,Organic,Processing,28,Male
ORD-00503,2023-11-15,Instant Pot,Kitchen,99.99,5,5,474.95,Canada,Referral,Processing,19,Male
ORD-00504,2023-07-17,Running Shoes,Sports,119.99,1,0,119.99,USA,Email,Delivered,41,Other
ORD-00505,2023-07-23,Dumbbells Set,Sports,79.99,3,20,191.98,Brazil,Referral,Shipped,58,Male
ORD-00506,2024-11-28,Laptop Pro 15,Electronics,1299.99,2,0,2599.98,Brazil,Referral,Shipped,29,Female
ORD-00507,2024-08-23,Atomic Habits,Books,16.99,3,0,50.97,Canada,Social Media,Cancelled,62,Male
ORD-00508,2023-10-19,Laptop Pro 15,Electronics,1299.99,4,0,5199.96,Canada,Referral,Returned,31,Male
ORD-00509,2024-10-24,Yoga Mat,Sports,39.99,2,0,79.98,Japan,Referral,Delivered,61,Male
ORD-00510,2024-04-30,4K Monitor,Electronics,499.99,2,10,899.98,USA,Paid Ads,Delivered,56,Female
ORD-00511,2024-12-30,Instant Pot,Kitchen,99.99,3,5,284.97,Japan,Social Media,Shipped,34,Male
ORD-00512,2024-04-22,Water Bottle,Sports,24.99,5,20,99.96,Japan,Referral,Delivered,18,Other
ORD-00513,2024-11-09,Office Chair,Furniture,299.99,5,15,1274.96,France,Social Media,Cancelled,24,Female
ORD-00514,2023-03-07,Protein Powder,Sports,54.99,3,15,140.22,Australia,Social Media,Delivered,59,Other
ORD-00515,2024-10-29,Water Bottle,Sports,24.99,2,0,49.98,Germany,Organic,Returned,56,Female
ORD-00516,2024-11-07,Protein Powder,Sports,54.99,2,15,93.48,USA,Direct,Shipped,36,Female
ORD-00517,2024-03-04,Standing Desk,Furniture,549.99,4,15,1869.97,USA,Referral,Cancelled,54,Male
ORD-00518,2023-12-18,Skincare Set,Beauty,59.99,2,15,101.98,Brazil,Direct,Delivered,50,Female
ORD-00519,2023-06-24,Blender Pro,Kitchen,74.99,5,0,374.95,France,Organic,Shipped,26,Other
ORD-00520,2023-09-22,Skincare Set,Beauty,59.99,5,20,239.96,Canada,Direct,Delivered,59,Male
ORD-00521,2023-08-16,Office Chair,Furniture,299.99,2,15,509.98,France,Email,Returned,39,Female
ORD-00522,2023-09-24,Deep Work,Books,18.99,3,5,54.12,UK,Email,Delivered,58,Other
ORD-00523,2024-08-17,Coffee Maker,Kitchen,89.99,1,5,85.49,Germany,Referral,Delivered,61,Female
ORD-00524,2024-06-26,Water Bottle,Sports,24.99,4,0,99.96,Canada,Paid Ads,Delivered,39,Female
ORD-00525,2024-08-06,Desk Lamp,Furniture,44.99,2,0,89.98,Canada,Organic,Shipped,39,Other
ORD-00526,2023-07-01,Protein Powder,Sports,54.99,1,0,54.99,Brazil,Social Media,Delivered,28,Other
ORD-00527,2023-06-12,Python Crash Course,Books,34.99,1,0,34.99,Japan,Direct,Shipped,43,Female
ORD-00528,2024-05-03,Standing Desk,Furniture,549.99,1,0,549.99,Germany,Direct,Delivered,18,Female
ORD-00529,2024-06-27,Running Shoes,Sports,119.99,1,15,101.99,USA,Direct,Cancelled,33,Male
ORD-00530,2024-12-11,Office Chair,Furniture,299.99,3,0,899.97,UK,Email,Processing,55,Female
ORD-00531,2023-06-21,USB-C Hub,Electronics,49.99,1,0,49.99,France,Email,Cancelled,51,Other
ORD-00532,2024-06-20,Protein Powder,Sports,54.99,4,15,186.97,Canada,Social Media,Shipped,40,Male
ORD-00533,2023-06-18,Standing Desk,Furniture,549.99,1,0,549.99,Germany,Direct,Delivered,31,Other
ORD-00534,2023-01-23,Deep Work,Books,18.99,5,0,94.95,UK,Social Media,Cancelled,59,Male
ORD-00535,2024-01-20,Air Fryer,Kitchen,129.99,3,20,311.98,USA,Referral,Delivered,60,Male
ORD-00536,2024-10-31,Laptop Pro 15,Electronics,1299.99,1,15,1104.99,UK,Email,Shipped,42,Male
ORD-00537,2024-07-14,Dumbbells Set,Sports,79.99,4,15,271.97,Canada,Paid Ads,Cancelled,61,Other
ORD-00538,2023-01-10,Water Bottle,Sports,24.99,4,15,84.97,UK,Direct,Processing,35,Other
ORD-00539,2024-09-12,Instant Pot,Kitchen,99.99,2,5,189.98,UK,Referral,Cancelled,57,Male
ORD-00540,2023-10-17,Mechanical Keyboard,Electronics,149.99,1,5,142.49,Germany,Referral,Delivered,34,Other
ORD-00541,2023-07-26,Office Chair,Furniture,299.99,4,0,1199.96,Canada,Organic,Processing,49,Male
ORD-00542,2024-12-05,Python Crash Course,Books,34.99,3,0,104.97,USA,Organic,Cancelled,23,Male
ORD-00543,2024-08-10,Blender Pro,Kitchen,74.99,4,0,299.96,UK,Referral,Delivered,64,Other
ORD-00544,2023-04-14,Dumbbells Set,Sports,79.99,2,5,151.98,France,Social Media,Shipped,21,Male
ORD-00545,2023-06-28,Wireless Mouse,Electronics,29.99,3,0,89.97,Australia,Email,Cancelled,25,Male
ORD-00546,2023-02-16,Laptop Pro 15,Electronics,1299.99,2,15,2209.98,Canada,Social Media,Delivered,46,Other
ORD-00547,2023-10-02,Skincare Set,Beauty,59.99,1,0,59.99,Australia,Paid Ads,Delivered,43,Female
ORD-00548,2024-04-12,Dumbbells Set,Sports,79.99,4,15,271.97,Brazil,Email,Cancelled,28,Male
ORD-00549,2023-05-16,Instant Pot,Kitchen,99.99,1,20,79.99,Canada,Organic,Shipped,55,Female
ORD-00550,2024-08-05,Blender Pro,Kitchen,74.99,4,0,299.96,Japan,Social Media,Processing,19,Other
ORD-00551,2023-05-14,Python Crash Course,Books,34.99,4,0,139.96,Japan,Email,Delivered,22,Female
ORD-00552,2024-11-01,Protein Powder,Sports,54.99,1,15,46.74,Germany,Direct,Returned,39,Other
ORD-00553,2024-06-19,Instant Pot,Kitchen,99.99,5,0,499.95,Japan,Direct,Cancelled,33,Female
ORD-00554,2023-12-21,Blender Pro,Kitchen,74.99,4,0,299.96,USA,Organic,Cancelled,28,Other
ORD-00555,2024-04-25,Python Crash Course,Books,34.99,2,0,69.98,Brazil,Social Media,Delivered,39,Female
ORD-00556,2023-02-21,The Lean Startup,Books,19.99,2,10,35.98,Japan,Email,Returned,33,Male
ORD-00557,2024-04-15,Desk Lamp,Furniture,44.99,5,5,213.7,UK,Email,Shipped,38,Male
ORD-00558,2024-05-24,Skincare Set,Beauty,59.99,1,0,59.99,Japan,Email,Delivered,53,Other
ORD-00559,2023-01-01,USB-C Hub,Electronics,49.99,5,10,224.96,France,Referral,Processing,31,Other
ORD-00560,2024-11-18,Desk Lamp,Furniture,44.99,3,0,134.97,USA,Paid Ads,Returned,47,Female
ORD-00561,2024-07-27,Sunscreen SPF50,Beauty,22.99,5,10,103.45,Brazil,Direct,Cancelled,41,Other
ORD-00562,2024-04-08,Mechanical Keyboard,Electronics,149.99,1,20,119.99,Germany,Organic,Delivered,40,Other
ORD-00563,2023-10-26,Atomic Habits,Books,16.99,5,0,84.95,UK,Organic,Delivered,49,Male
ORD-00564,2024-02-24,Mechanical Keyboard,Electronics,149.99,3,10,404.97,Germany,Paid Ads,Delivered,43,Male
ORD-00565,2024-04-13,Running Shoes,Sports,119.99,3,0,359.97,Japan,Organic,Cancelled,61,Other
ORD-00566,2023-05-07,Sunscreen SPF50,Beauty,22.99,4,5,87.36,Canada,Email,Delivered,51,Other
ORD-00567,2023-02-19,Atomic Habits,Books,16.99,4,20,54.37,Brazil,Referral,Returned,29,Other
ORD-00568,2024-08-15,Webcam HD,Electronics,89.99,2,0,179.98,Japan,Direct,Processing,56,Female
ORD-00569,2024-05-31,Standing Desk,Furniture,549.99,4,10,1979.96,Germany,Social Media,Shipped,39,Female
ORD-00570,2024-04-08,4K Monitor,Electronics,499.99,2,5,949.98,France,Direct,Processing,38,Other
ORD-00571,2024-07-20,Air Fryer,Kitchen,129.99,2,0,259.98,Germany,Referral,Cancelled,36,Other
ORD-00572,2023-12-20,Blender Pro,Kitchen,74.99,2,15,127.48,Canada,Referral,Processing,62,Other
ORD-00573,2023-11-27,Instant Pot,Kitchen,99.99,1,20,79.99,Australia,Referral,Shipped,55,Other
ORD-00574,2024-11-14,Instant Pot,Kitchen,99.99,4,15,339.97,France,Email,Returned,18,Other
ORD-00575,2023-04-20,Laptop Pro 15,Electronics,1299.99,4,0,5199.96,USA,Direct,Delivered,30,Female
ORD-00576,2023-06-14,Water Bottle,Sports,24.99,3,0,74.97,USA,Direct,Returned,36,Male
ORD-00577,2024-07-08,Wireless Mouse,Electronics,29.99,3,20,71.98,Brazil,Organic,Processing,61,Other
ORD-00578,2024-07-29,Yoga Mat,Sports,39.99,5,5,189.95,Germany,Referral,Returned,62,Female
ORD-00579,2024-12-10,Blender Pro,Kitchen,74.99,1,5,71.24,Japan,Email,Returned,61,Female
ORD-00580,2024-07-19,Wireless Mouse,Electronics,29.99,1,15,25.49,France,Paid Ads,Processing,46,Male
ORD-00581,2024-10-10,Instant Pot,Kitchen,99.99,3,20,239.98,Germany,Direct,Delivered,36,Female
ORD-00582,2023-07-01,Blender Pro,Kitchen,74.99,1,0,74.99,Canada,Direct,Processing,25,Female
ORD-00583,2023-02-11,Bookshelf,Furniture,189.99,3,10,512.97,France,Paid Ads,Delivered,55,Female
ORD-00584,2023-01-06,Protein Powder,Sports,54.99,4,15,186.97,Canada,Organic,Delivered,38,Other
ORD-00585,2023-02-22,Sunscreen SPF50,Beauty,22.99,5,20,91.96,France,Email,Returned,54,Other
ORD-00586,2024-01-02,USB-C Hub,Electronics,49.99,3,10,134.97,Germany,Paid Ads,Processing,22,Other
ORD-00587,2023-06-13,Bookshelf,Furniture,189.99,5,10,854.96,Japan,Organic,Delivered,32,Male
ORD-00588,2024-11-10,Protein Powder,Sports,54.99,3,0,164.97,France,Paid Ads,Returned,57,Other
ORD-00589,2024-05-01,Atomic Habits,Books,16.99,1,0,16.99,Australia,Email,Delivered,59,Other
ORD-00590,2024-09-28,Yoga Mat,Sports,39.99,1,15,33.99,Australia,Email,Returned,25,Female
ORD-00591,2023-09-20,Atomic Habits,Books,16.99,3,0,50.97,Australia,Referral,Returned,50,Female
ORD-00592,2024-05-13,Wireless Mouse,Electronics,29.99,3,15,76.47,Germany,Social Media,Processing,23,Male
ORD-00593,2023-06-21,Sunscreen SPF50,Beauty,22.99,5,10,103.45,USA,Direct,Delivered,31,Other
ORD-00594,2024-10-06,Sunscreen SPF50,Beauty,22.99,2,20,36.78,Japan,Organic,Delivered,52,Other
ORD-00595,2024-03-21,Air Fryer,Kitchen,129.99,1,15,110.49,Canada,Organic,Shipped,63,Female
ORD-00596,2023-02-08,USB-C Hub,Electronics,49.99,1,0,49.99,Canada,Social Media,Processing,22,Other
ORD-00597,2023-08-22,Dumbbells Set,Sports,79.99,4,5,303.96,Brazil,Direct,Shipped,45,Female
ORD-00598,2023-01-18,Standing Desk,Furniture,549.99,1,10,494.99,USA,Direct,Cancelled,57,Male
ORD-00599,2024-08-22,Wireless Mouse,Electronics,29.99,1,0,29.99,UK,Social Media,Returned,61,Female
ORD-00600,2024-09-13,USB-C Hub,Electronics,49.99,3,20,119.98,Brazil,Email,Shipped,60,Male
ORD-00601,2024-04-30,Webcam HD,Electronics,89.99,5,0,449.95,Canada,Direct,Shipped,52,Female
ORD-00602,2024-10-11,4K Monitor,Electronics,499.99,3,15,1274.97,Australia,Organic,Processing,53,Male
ORD-00603,2023-05-07,Wireless Mouse,Electronics,29.99,1,10,26.99,Japan,Referral,Processing,23,Female
ORD-00604,2023-08-04,Skincare Set,Beauty,59.99,3,0,179.97,Japan,Direct,Returned,50,Male
ORD-00605,2023-06-14,Webcam HD,Electronics,89.99,2,10,161.98,France,Paid Ads,Delivered,29,Other
ORD-00606,2024-08-03,Wireless Mouse,Electronics,29.99,5,5,142.45,UK,Social Media,Cancelled,22,Female
ORD-00607,2023-04-11,Running Shoes,Sports,119.99,5,5,569.95,Australia,Social Media,Delivered,60,Other
ORD-00608,2023-08-29,Mechanical Keyboard,Electronics,149.99,3,10,404.97,UK,Paid Ads,Delivered,49,Female
ORD-00609,2023-12-03,Coffee Maker,Kitchen,89.99,3,15,229.47,Canada,Referral,Processing,41,Female
ORD-00610,2024-03-14,Webcam HD,Electronics,89.99,1,0,89.99,Germany,Paid Ads,Cancelled,65,Other
ORD-00611,2024-03-22,Dumbbells Set,Sports,79.99,3,0,239.97,Australia,Email,Shipped,46,Female
ORD-00612,2023-11-09,Python Crash Course,Books,34.99,5,0,174.95,Canada,Direct,Processing,23,Female
ORD-00613,2023-05-24,Atomic Habits,Books,16.99,2,0,33.98,UK,Direct,Delivered,19,Other
ORD-00614,2024-10-08,Laptop Pro 15,Electronics,1299.99,5,10,5849.95,Japan,Referral,Delivered,20,Other
ORD-00615,2023-09-24,Atomic Habits,Books,16.99,5,5,80.7,Canada,Social Media,Shipped,32,Other
ORD-00616,2023-10-25,4K Monitor,Electronics,499.99,4,10,1799.96,UK,Email,Delivered,50,Male
ORD-00617,2024-11-09,Yoga Mat,Sports,39.99,5,15,169.96,Canada,Referral,Delivered,46,Male
ORD-00618,2023-07-03,Deep Work,Books,18.99,5,15,80.71,Canada,Direct,Cancelled,48,Female
ORD-00619,2023-02-11,Yoga Mat,Sports,39.99,4,0,159.96,UK,Social Media,Delivered,32,Male
ORD-00620,2024-11-15,Running Shoes,Sports,119.99,5,20,479.96,Australia,Email,Shipped,47,Male
ORD-00621,2023-02-10,Air Fryer,Kitchen,129.99,3,0,389.97,France,Direct,Delivered,55,Other
ORD-00622,2024-08-06,Webcam HD,Electronics,89.99,4,15,305.97,Japan,Social Media,Processing,59,Male
ORD-00623,2024-06-13,Dumbbells Set,Sports,79.99,4,0,319.96,Japan,Social Media,Returned,40,Female
ORD-00624,2024-05-08,Coffee Maker,Kitchen,89.99,1,10,80.99,Canada,Email,Delivered,32,Male
ORD-00625,2024-06-10,Air Fryer,Kitchen,129.99,3,0,389.97,Canada,Paid Ads,Delivered,41,Other
ORD-00626,2023-05-02,Blender Pro,Kitchen,74.99,2,5,142.48,Australia,Direct,Delivered,48,Other
ORD-00627,2024-05-05,Python Crash Course,Books,34.99,2,10,62.98,Canada,Direct,Returned,44,Male
ORD-00628,2023-09-07,Wireless Mouse,Electronics,29.99,2,10,53.98,Canada,Paid Ads,Cancelled,50,Male
ORD-00629,2024-08-09,4K Monitor,Electronics,499.99,1,0,499.99,France,Paid Ads,Processing,43,Other
ORD-00630,2024-07-31,Air Fryer,Kitchen,129.99,1,15,110.49,France,Organic,Delivered,46,Other
ORD-00631,2024-04-27,Python Crash Course,Books,34.99,2,0,69.98,Japan,Referral,Delivered,55,Male
ORD-00632,2024-09-30,Blender Pro,Kitchen,74.99,5,0,374.95,Canada,Direct,Cancelled,39,Female
ORD-00633,2024-09-02,Deep Work,Books,18.99,1,0,18.99,Japan,Email,Delivered,24,Male
ORD-00634,2023-07-27,The Lean Startup,Books,19.99,5,15,84.96,Japan,Paid Ads,Processing,24,Male
ORD-00635,2024-05-02,Coffee Maker,Kitchen,89.99,5,0,449.95,UK,Organic,Shipped,60,Male
ORD-00636,2024-09-09,Atomic Habits,Books,16.99,1,20,13.59,Japan,Referral,Shipped,41,Male
ORD-00637,2024-12-15,The Lean Startup,Books,19.99,4,0,79.96,Brazil,Email,Delivered,55,Other
ORD-00638,2024-12-14,Deep Work,Books,18.99,1,5,18.04,Canada,Social Media,Shipped,32,Male
ORD-00639,2023-10-18,Coffee Maker,Kitchen,89.99,5,5,427.45,France,Paid Ads,Delivered,63,Other
ORD-00640,2023-01-08,Deep Work,Books,18.99,5,0,94.95,USA,Email,Cancelled,31,Other
ORD-00641,2023-11-20,Bookshelf,Furniture,189.99,3,0,569.97,Canada,Email,Cancelled,55,Female
ORD-00642,2023-09-25,Atomic Habits,Books,16.99,4,10,61.16,Australia,Referral,Delivered,61,Female
ORD-00643,2023-07-28,Bookshelf,Furniture,189.99,5,20,759.96,Brazil,Paid Ads,Delivered,53,Other
ORD-00644,2024-05-10,Dumbbells Set,Sports,79.99,3,10,215.97,Australia,Direct,Shipped,65,Male
ORD-00645,2024-11-06,Mechanical Keyboard,Electronics,149.99,2,5,284.98,Canada,Organic,Delivered,50,Female
ORD-00646,2023-12-13,Atomic Habits,Books,16.99,5,15,72.21,USA,Paid Ads,Shipped,58,Male
ORD-00647,2023-04-04,4K Monitor,Electronics,499.99,4,10,1799.96,Japan,Organic,Delivered,34,Male
ORD-00648,2024-01-15,USB-C Hub,Electronics,49.99,5,0,249.95,Japan,Email,Processing,59,Other
ORD-00649,2023-10-21,Instant Pot,Kitchen,99.99,5,0,499.95,Canada,Direct,Shipped,46,Male
ORD-00650,2023-07-26,Blender Pro,Kitchen,74.99,5,0,374.95,Germany,Organic,Returned,56,Other
ORD-00651,2024-06-12,Instant Pot,Kitchen,99.99,2,10,179.98,Canada,Direct,Delivered,41,Male
ORD-00652,2024-11-01,Laptop Pro 15,Electronics,1299.99,2,0,2599.98,France,Email,Delivered,60,Female
ORD-00653,2024-02-20,Deep Work,Books,18.99,2,10,34.18,USA,Direct,Cancelled,22,Male
ORD-00654,2024-07-16,Water Bottle,Sports,24.99,5,10,112.45,Australia,Social Media,Returned,35,Male
ORD-00655,2024-09-12,Running Shoes,Sports,119.99,4,5,455.96,USA,Social Media,Delivered,44,Other
ORD-00656,2023-04-20,Atomic Habits,Books,16.99,1,10,15.29,France,Social Media,Delivered,50,Female
ORD-00657,2024-07-04,Deep Work,Books,18.99,3,15,48.42,Brazil,Email,Processing,48,Male
ORD-00658,2023-12-14,Sunscreen SPF50,Beauty,22.99,4,15,78.17,Brazil,Referral,Returned,19,Female
ORD-00659,2023-04-30,Dumbbells Set,Sports,79.99,1,5,75.99,Germany,Direct,Cancelled,32,Female
ORD-00660,2024-02-27,Office Chair,Furniture,299.99,5,10,1349.96,USA,Direct,Returned,34,Male
ORD-00661,2023-10-22,USB-C Hub,Electronics,49.99,4,15,169.97,Australia,Organic,Processing,29,Female
ORD-00662,2023-11-18,Office Chair,Furniture,299.99,2,10,539.98,France,Paid Ads,Cancelled,61,Male
ORD-00663,2024-05-25,Skincare Set,Beauty,59.99,2,0,119.98,Germany,Social Media,Delivered,32,Male
ORD-00664,2023-09-13,Coffee Maker,Kitchen,89.99,3,0,269.97,UK,Organic,Delivered,61,Other
ORD-00665,2024-05-19,Coffee Maker,Kitchen,89.99,1,20,71.99,USA,Email,Delivered,57,Female
ORD-00666,2024-05-19,Deep Work,Books,18.99,3,5,54.12,Canada,Referral,Delivered,43,Male
ORD-00667,2024-08-13,4K Monitor,Electronics,499.99,1,10,449.99,Japan,Email,Processing,20,Other
ORD-00668,2023-12-22,Standing Desk,Furniture,549.99,2,5,1044.98,UK,Direct,Processing,47,Female
ORD-00669,2024-12-06,Laptop Pro 15,Electronics,1299.99,1,15,1104.99,Germany,Email,Processing,24,Female
ORD-00670,2024-01-06,Coffee Maker,Kitchen,89.99,3,0,269.97,France,Paid Ads,Delivered,48,Other
ORD-00671,2023-12-18,Office Chair,Furniture,299.99,2,5,569.98,Japan,Paid Ads,Shipped,62,Female
ORD-00672,2024-01-09,Standing Desk,Furniture,549.99,3,5,1567.47,Canada,Referral,Delivered,54,Other
ORD-00673,2023-08-23,Mechanical Keyboard,Electronics,149.99,3,20,359.98,Germany,Referral,Shipped,42,Male
ORD-00674,2023-05-30,Skincare Set,Beauty,59.99,2,5,113.98,USA,Paid Ads,Shipped,49,Male
ORD-00675,2024-10-07,The Lean Startup,Books,19.99,5,15,84.96,Australia,Email,Delivered,34,Other
ORD-00676,2024-08-04,Wireless Mouse,Electronics,29.99,4,0,119.96,Canada,Organic,Delivered,34,Female
ORD-00677,2024-10-06,Mechanical Keyboard,Electronics,149.99,4,15,509.97,Australia,Social Media,Delivered,41,Other
ORD-00678,2024-07-24,Dumbbells Set,Sports,79.99,3,0,239.97,Japan,Organic,Delivered,61,Other
ORD-00679,2023-07-23,Deep Work,Books,18.99,5,15,80.71,Canada,Social Media,Delivered,38,Other
ORD-00680,2024-06-06,Python Crash Course,Books,34.99,4,0,139.96,Japan,Referral,Delivered,47,Other
ORD-00681,2023-05-29,Webcam HD,Electronics,89.99,3,5,256.47,Japan,Organic,Delivered,28,Female
ORD-00682,2023-08-22,Protein Powder,Sports,54.99,3,15,140.22,France,Direct,Delivered,56,Other
ORD-00683,2024-02-09,Dumbbells Set,Sports,79.99,4,20,255.97,Australia,Direct,Processing,51,Female
ORD-00684,2024-02-28,Webcam HD,Electronics,89.99,2,20,143.98,USA,Paid Ads,Cancelled,33,Other
ORD-00685,2023-09-15,Skincare Set,Beauty,59.99,1,0,59.99,Canada,Email,Delivered,24,Male
ORD-00686,2024-04-29,Atomic Habits,Books,16.99,1,0,16.99,Japan,Referral,Returned,23,Male
ORD-00687,2023-09-26,Coffee Maker,Kitchen,89.99,2,0,179.98,Japan,Social Media,Delivered,33,Other
ORD-00688,2023-10-18,Desk Lamp,Furniture,44.99,2,0,89.98,Canada,Organic,Delivered,60,Female
ORD-00689,2023-11-30,Python Crash Course,Books,34.99,4,20,111.97,France,Referral,Shipped,26,Other
ORD-00690,2024-07-06,Webcam HD,Electronics,89.99,5,10,404.95,Brazil,Direct,Cancelled,58,Other
ORD-00691,2024-03-21,The Lean Startup,Books,19.99,5,0,99.95,Australia,Email,Processing,32,Male
ORD-00692,2024-03-28,Water Bottle,Sports,24.99,3,5,71.22,France,Paid Ads,Delivered,18,Male
ORD-00693,2024-06-19,Sunscreen SPF50,Beauty,22.99,2,0,45.98,France,Email,Processing,18,Other
ORD-00694,2024-05-18,Sunscreen SPF50,Beauty,22.99,4,0,91.96,USA,Email,Returned,36,Other
ORD-00695,2023-08-25,Laptop Pro 15,Electronics,1299.99,5,0,6499.95,Germany,Email,Processing,45,Female
ORD-00696,2023-09-13,Webcam HD,Electronics,89.99,4,20,287.97,Japan,Paid Ads,Delivered,23,Female
ORD-00697,2024-10-02,Yoga Mat,Sports,39.99,5,20,159.96,France,Social Media,Cancelled,65,Other
ORD-00698,2023-10-03,Bookshelf,Furniture,189.99,2,20,303.98,UK,Paid Ads,Delivered,36,Male
ORD-00699,2024-10-14,Desk Lamp,Furniture,44.99,5,5,213.7,France,Direct,Processing,49,Male
ORD-00700,2023-11-25,Laptop Pro 15,Electronics,1299.99,2,0,2599.98,USA,Paid Ads,Delivered,36,Female
ORD-00701,2023-05-09,Instant Pot,Kitchen,99.99,4,15,339.97,USA,Paid Ads,Delivered,27,Male
ORD-00702,2024-05-20,Running Shoes,Sports,119.99,3,5,341.97,France,Email,Delivered,47,Other
ORD-00703,2023-02-02,Protein Powder,Sports,54.99,1,20,43.99,Canada,Organic,Delivered,43,Male
ORD-00704,2024-07-10,Python Crash Course,Books,34.99,2,0,69.98,France,Email,Returned,18,Male
ORD-00705,2023-09-12,Standing Desk,Furniture,549.99,4,0,2199.96,USA,Paid Ads,Shipped,65,Male
ORD-00706,2024-06-17,Blender Pro,Kitchen,74.99,2,5,142.48,Japan,Direct,Delivered,38,Male
ORD-00707,2024-10-06,Skincare Set,Beauty,59.99,1,15,50.99,UK,Social Media,Shipped,58,Female
ORD-00708,2023-07-23,Office Chair,Furniture,299.99,1,20,239.99,Germany,Organic,Delivered,58,Female
ORD-00709,2023-11-29,Laptop Pro 15,Electronics,1299.99,2,20,2079.98,France,Referral,Delivered,43,Male
ORD-00710,2023-01-10,Wireless Mouse,Electronics,29.99,5,20,119.96,Brazil,Direct,Processing,27,Female
ORD-00711,2023-04-02,Yoga Mat,Sports,39.99,2,5,75.98,UK,Direct,Processing,39,Other
ORD-00712,2023-03-03,Wireless Mouse,Electronics,29.99,3,15,76.47,Canada,Direct,Processing,24,Male
ORD-00713,2024-05-14,Yoga Mat,Sports,39.99,3,10,107.97,Australia,Email,Cancelled,30,Male
ORD-00714,2024-12-06,Standing Desk,Furniture,549.99,3,15,1402.47,Canada,Social Media,Delivered,49,Other
ORD-00715,2024-03-24,Atomic Habits,Books,16.99,3,10,45.87,Brazil,Paid Ads,Processing,29,Other
ORD-00716,2023-12-23,Protein Powder,Sports,54.99,4,0,219.96,Canada,Organic,Processing,27,Female
ORD-00717,2023-10-30,Dumbbells Set,Sports,79.99,5,0,399.95,Brazil,Organic,Returned,58,Other
ORD-00718,2024-01-24,Skincare Set,Beauty,59.99,2,0,119.98,Australia,Referral,Delivered,38,Other
ORD-00719,2023-03-06,Blender Pro,Kitchen,74.99,5,20,299.96,Japan,Paid Ads,Processing,61,Female
ORD-00720,2024-07-18,4K Monitor,Electronics,499.99,5,0,2499.95,Australia,Email,Cancelled,38,Male
ORD-00721,2023-04-09,The Lean Startup,Books,19.99,1,0,19.99,Canada,Paid Ads,Returned,20,Male
ORD-00722,2023-04-20,Python Crash Course,Books,34.99,2,0,69.98,USA,Referral,Cancelled,42,Other
ORD-00723,2024-05-16,The Lean Startup,Books,19.99,5,15,84.96,France,Organic,Delivered,32,Other
ORD-00724,2023-03-14,Laptop Pro 15,Electronics,1299.99,2,15,2209.98,Brazil,Organic,Shipped,58,Male
ORD-00725,2024-01-05,Atomic Habits,Books,16.99,4,20,54.37,Australia,Direct,Delivered,57,Female
ORD-00726,2024-06-25,Wireless Mouse,Electronics,29.99,1,20,23.99,France,Organic,Delivered,51,Male
ORD-00727,2023-04-14,Skincare Set,Beauty,59.99,2,10,107.98,Japan,Paid Ads,Delivered,51,Other
ORD-00728,2023-09-12,Deep Work,Books,18.99,2,10,34.18,Japan,Direct,Delivered,58,Other
ORD-00729,2024-01-02,Blender Pro,Kitchen,74.99,4,15,254.97,Japan,Organic,Delivered,29,Other
ORD-00730,2024-02-16,The Lean Startup,Books,19.99,3,15,50.97,Canada,Referral,Processing,46,Female
ORD-00731,2023-11-19,Atomic Habits,Books,16.99,3,20,40.78,Australia,Email,Returned,58,Female
ORD-00732,2023-11-28,Coffee Maker,Kitchen,89.99,2,10,161.98,Germany,Email,Returned,53,Other
ORD-00733,2023-09-18,Office Chair,Furniture,299.99,4,5,1139.96,Japan,Organic,Cancelled,20,Female
ORD-00734,2024-09-02,Laptop Pro 15,Electronics,1299.99,5,0,6499.95,France,Organic,Delivered,32,Male
ORD-00735,2023-11-19,Laptop Pro 15,Electronics,1299.99,3,10,3509.97,Canada,Organic,Delivered,47,Female
ORD-00736,2023-06-09,4K Monitor,Electronics,499.99,3,0,1499.97,Germany,Paid Ads,Delivered,37,Male
ORD-00737,2024-08-07,Standing Desk,Furniture,549.99,5,0,2749.95,UK,Direct,Delivered,48,Male
ORD-00738,2024-05-14,Instant Pot,Kitchen,99.99,5,20,399.96,UK,Referral,Cancelled,37,Male
ORD-00739,2024-08-13,Standing Desk,Furniture,549.99,1,20,439.99,USA,Social Media,Delivered,45,Female
ORD-00740,2023-05-04,Sunscreen SPF50,Beauty,22.99,2,15,39.08,USA,Direct,Returned,58,Female
ORD-00741,2023-02-25,Water Bottle,Sports,24.99,5,0,124.95,Australia,Referral,Processing,27,Female
ORD-00742,2024-05-29,Instant Pot,Kitchen,99.99,2,0,199.98,USA,Direct,Cancelled,43,Female
ORD-00743,2024-09-01,Deep Work,Books,18.99,5,0,94.95,Germany,Email,Delivered,43,Male
ORD-00744,2023-05-16,Protein Powder,Sports,54.99,1,5,52.24,USA,Referral,Shipped,34,Male
ORD-00745,2024-02-13,The Lean Startup,Books,19.99,4,20,63.97,Canada,Paid Ads,Shipped,53,Male
ORD-00746,2024-05-14,Standing Desk,Furniture,549.99,5,0,2749.95,Germany,Paid Ads,Delivered,35,Female
ORD-00747,2023-11-28,Blender Pro,Kitchen,74.99,5,0,374.95,UK,Direct,Shipped,45,Female
ORD-00748,2023-12-23,Running Shoes,Sports,119.99,3,0,359.97,USA,Social Media,Delivered,40,Other
ORD-00749,2024-03-28,Coffee Maker,Kitchen,89.99,2,5,170.98,USA,Paid Ads,Delivered,61,Female
ORD-00750,2023-06-09,Sunscreen SPF50,Beauty,22.99,1,0,22.99,USA,Paid Ads,Processing,27,Female
ORD-00751,2023-01-15,Protein Powder,Sports,54.99,1,0,54.99,Brazil,Email,Delivered,39,Male
ORD-00752,2024-07-04,Running Shoes,Sports,119.99,2,10,215.98,France,Referral,Shipped,57,Other
ORD-00753,2023-05-25,Instant Pot,Kitchen,99.99,1,5,94.99,USA,Social Media,Delivered,21,Female
ORD-00754,2023-07-25,Instant Pot,Kitchen,99.99,5,0,499.95,USA,Email,Cancelled,18,Male
ORD-00755,2024-02-02,Blender Pro,Kitchen,74.99,3,15,191.22,Australia,Organic,Delivered,36,Other
ORD-00756,2024-01-31,Yoga Mat,Sports,39.99,4,10,143.96,UK,Social Media,Shipped,56,Other
ORD-00757,2023-04-01,Webcam HD,Electronics,89.99,2,10,161.98,Brazil,Referral,Cancelled,19,Male
ORD-00758,2023-09-11,The Lean Startup,Books,19.99,3,0,59.97,Brazil,Email,Cancelled,28,Male
ORD-00759,2023-12-22,Blender Pro,Kitchen,74.99,3,0,224.97,France,Paid Ads,Processing,35,Male
ORD-00760,2024-10-02,Dumbbells Set,Sports,79.99,4,20,255.97,USA,Referral,Delivered,32,Male
ORD-00761,2023-12-16,Standing Desk,Furniture,549.99,2,0,1099.98,Japan,Referral,Cancelled,57,Other
ORD-00762,2024-12-03,Yoga Mat,Sports,39.99,4,0,159.96,Canada,Email,Delivered,56,Female
ORD-00763,2024-04-04,Atomic Habits,Books,16.99,2,0,33.98,Canada,Referral,Processing,61,Male
ORD-00764,2023-05-22,Water Bottle,Sports,24.99,5,0,124.95,Japan,Paid Ads,Cancelled,54,Male
ORD-00765,2023-11-22,USB-C Hub,Electronics,49.99,5,10,224.96,UK,Paid Ads,Delivered,27,Other
ORD-00766,2023-01-31,Sunscreen SPF50,Beauty,22.99,3,5,65.52,Japan,Social Media,Shipped,65,Other
ORD-00767,2023-10-08,4K Monitor,Electronics,499.99,2,0,999.98,Canada,Paid Ads,Delivered,57,Other
ORD-00768,2023-10-01,Coffee Maker,Kitchen,89.99,5,10,404.95,Germany,Referral,Delivered,32,Other
ORD-00769,2023-01-27,Office Chair,Furniture,299.99,1,15,254.99,Brazil,Paid Ads,Processing,56,Female
ORD-00770,2024-12-30,Air Fryer,Kitchen,129.99,3,0,389.97,Japan,Email,Shipped,26,Male
ORD-00771,2023-07-17,Yoga Mat,Sports,39.99,1,5,37.99,USA,Social Media,Shipped,32,Other
ORD-00772,2024-11-18,Running Shoes,Sports,119.99,2,0,239.98,Canada,Email,Returned,57,Female
ORD-00773,2024-12-05,Protein Powder,Sports,54.99,4,0,219.96,Japan,Email,Returned,20,Other
ORD-00774,2024-01-25,Skincare Set,Beauty,59.99,3,5,170.97,USA,Referral,Delivered,46,Female
ORD-00775,2023-02-13,Yoga Mat,Sports,39.99,5,10,179.96,Japan,Direct,Delivered,53,Female
ORD-00776,2024-06-12,Sunscreen SPF50,Beauty,22.99,1,0,22.99,France,Email,Shipped,37,Female
ORD-00777,2024-04-17,Webcam HD,Electronics,89.99,4,0,359.96,USA,Direct,Processing,27,Female
ORD-00778,2024-10-23,Desk Lamp,Furniture,44.99,1,15,38.24,UK,Paid Ads,Returned,55,Other
ORD-00779,2024-07-13,4K Monitor,Electronics,499.99,4,5,1899.96,Australia,Email,Delivered,29,Female
ORD-00780,2024-08-27,Instant Pot,Kitchen,99.99,2,5,189.98,UK,Social Media,Delivered,62,Other
ORD-00781,2024-12-29,Webcam HD,Electronics,89.99,1,0,89.99,UK,Direct,Shipped,58,Female
ORD-00782,2023-03-29,The Lean Startup,Books,19.99,4,15,67.97,Canada,Email,Processing,42,Male
ORD-00783,2023-06-24,Protein Powder,Sports,54.99,5,20,219.96,Canada,Paid Ads,Returned,27,Male
ORD-00784,2024-12-30,Wireless Mouse,Electronics,29.99,4,0,119.96,France,Direct,Returned,46,Female
ORD-00785,2024-10-03,Webcam HD,Electronics,89.99,1,0,89.99,Germany,Organic,Processing,34,Male
ORD-00786,2024-04-14,Python Crash Course,Books,34.99,4,10,125.96,USA,Referral,Shipped,33,Male
ORD-00787,2024-08-25,Blender Pro,Kitchen,74.99,4,5,284.96,Japan,Email,Delivered,56,Other
ORD-00788,2023-01-07,Yoga Mat,Sports,39.99,5,0,199.95,Germany,Organic,Delivered,27,Male
ORD-00789,2024-10-30,Office Chair,Furniture,299.99,1,0,299.99,USA,Direct,Processing,56,Female
ORD-00790,2023-12-06,USB-C Hub,Electronics,49.99,1,0,49.99,Japan,Paid Ads,Delivered,61,Female
ORD-00791,2024-09-17,Blender Pro,Kitchen,74.99,5,10,337.45,Canada,Email,Cancelled,55,Female
ORD-00792,2023-02-06,USB-C Hub,Electronics,49.99,3,0,149.97,Australia,Email,Returned,22,Female
ORD-00793,2024-07-17,USB-C Hub,Electronics,49.99,3,5,142.47,Canada,Organic,Cancelled,35,Female
ORD-00794,2024-06-23,Bookshelf,Furniture,189.99,5,0,949.95,Germany,Referral,Delivered,24,Other
ORD-00795,2024-10-06,The Lean Startup,Books,19.99,1,5,18.99,France,Email,Processing,38,Female
ORD-00796,2024-06-22,Deep Work,Books,18.99,5,0,94.95,Canada,Referral,Processing,49,Other
ORD-00797,2024-10-09,Python Crash Course,Books,34.99,4,20,111.97,Canada,Referral,Delivered,63,Female
ORD-00798,2023-07-18,Laptop Pro 15,Electronics,1299.99,1,0,1299.99,Brazil,Direct,Returned,25,Other
ORD-00799,2023-08-01,Coffee Maker,Kitchen,89.99,4,5,341.96,USA,Social Media,Delivered,53,Other
ORD-00800,2023-08-06,Laptop Pro 15,Electronics,1299.99,2,15,2209.98,France,Social Media,Returned,22,Female
ORD-00801,2023-11-04,The Lean Startup,Books,19.99,5,0,99.95,USA,Organic,Cancelled,39,Female
ORD-00802,2024-02-10,Skincare Set,Beauty,59.99,5,10,269.95,USA,Paid Ads,Delivered,39,Female
ORD-00803,2024-11-19,Python Crash Course,Books,34.99,4,20,111.97,USA,Direct,Delivered,48,Male
ORD-00804,2024-10-04,Desk Lamp,Furniture,44.99,5,0,224.95,Brazil,Email,Cancelled,21,Other
ORD-00805,2023-11-03,Deep Work,Books,18.99,3,10,51.27,USA,Paid Ads,Processing,61,Female
ORD-00806,2023-12-29,USB-C Hub,Electronics,49.99,2,0,99.98,USA,Social Media,Shipped,58,Other
ORD-00807,2023-06-19,Deep Work,Books,18.99,5,5,90.2,Canada,Referral,Delivered,37,Other
ORD-00808,2023-11-19,Instant Pot,Kitchen,99.99,1,0,99.99,Japan,Organic,Shipped,33,Female
ORD-00809,2024-04-07,Water Bottle,Sports,24.99,2,10,44.98,France,Paid Ads,Delivered,41,Male
ORD-00810,2023-07-26,USB-C Hub,Electronics,49.99,4,10,179.96,USA,Email,Processing,27,Male
ORD-00811,2023-12-15,Python Crash Course,Books,34.99,5,0,174.95,Australia,Paid Ads,Returned,24,Other
ORD-00812,2024-11-23,4K Monitor,Electronics,499.99,2,15,849.98,USA,Email,Shipped,63,Other
ORD-00813,2023-04-29,Laptop Pro 15,Electronics,1299.99,3,0,3899.97,UK,Social Media,Shipped,20,Male
ORD-00814,2024-06-17,Sunscreen SPF50,Beauty,22.99,3,0,68.97,France,Direct,Delivered,38,Male
ORD-00815,2023-07-17,Water Bottle,Sports,24.99,3,10,67.47,Australia,Email,Cancelled,25,Female
ORD-00816,2023-06-02,Webcam HD,Electronics,89.99,3,0,269.97,USA,Referral,Processing,50,Male
ORD-00817,2023-07-31,Atomic Habits,Books,16.99,3,10,45.87,Australia,Social Media,Delivered,63,Female
ORD-00818,2024-08-10,Yoga Mat,Sports,39.99,2,0,79.98,France,Referral,Delivered,52,Female
ORD-00819,2023-02-21,4K Monitor,Electronics,499.99,1,5,474.99,USA,Organic,Shipped,21,Male
ORD-00820,2024-03-12,Standing Desk,Furniture,549.99,2,15,934.98,Brazil,Referral,Delivered,37,Female
ORD-00821,2023-07-22,Instant Pot,Kitchen,99.99,5,0,499.95,Brazil,Referral,Delivered,23,Other
ORD-00822,2024-04-24,Mechanical Keyboard,Electronics,149.99,4,0,599.96,Brazil,Email,Delivered,32,Male
ORD-00823,2024-09-23,Dumbbells Set,Sports,79.99,3,5,227.97,Canada,Direct,Cancelled,39,Female
ORD-00824,2024-04-09,Python Crash Course,Books,34.99,1,0,34.99,Brazil,Organic,Delivered,48,Female
ORD-00825,2023-06-24,Water Bottle,Sports,24.99,3,10,67.47,Canada,Referral,Delivered,43,Other
ORD-00826,2023-04-20,Protein Powder,Sports,54.99,5,15,233.71,UK,Social Media,Processing,47,Female
ORD-00827,2024-08-27,Bookshelf,Furniture,189.99,2,10,341.98,Germany,Referral,Delivered,48,Female
ORD-00828,2023-03-09,Protein Powder,Sports,54.99,2,20,87.98,Japan,Email,Processing,39,Other
ORD-00829,2024-12-11,Yoga Mat,Sports,39.99,2,15,67.98,UK,Direct,Cancelled,54,Female
ORD-00830,2023-04-28,Deep Work,Books,18.99,5,5,90.2,Australia,Referral,Delivered,46,Male
ORD-00831,2023-11-12,Standing Desk,Furniture,549.99,1,10,494.99,UK,Direct,Returned,56,Female
ORD-00832,2023-12-02,Python Crash Course,Books,34.99,1,0,34.99,Germany,Paid Ads,Processing,58,Male
ORD-00833,2023-05-31,Blender Pro,Kitchen,74.99,2,5,142.48,France,Email,Processing,54,Female
ORD-00834,2023-07-20,Running Shoes,Sports,119.99,3,0,359.97,France,Email,Cancelled,40,Male
ORD-00835,2024-08-19,Laptop Pro 15,Electronics,1299.99,5,10,5849.95,Japan,Paid Ads,Returned,36,Male
ORD-00836,2024-01-14,Atomic Habits,Books,16.99,1,0,16.99,Australia,Organic,Returned,36,Male
ORD-00837,2023-08-29,Bookshelf,Furniture,189.99,5,5,902.45,Australia,Direct,Shipped,43,Female
ORD-00838,2024-03-21,Atomic Habits,Books,16.99,2,15,28.88,Canada,Email,Delivered,30,Other
ORD-00839,2024-01-29,Office Chair,Furniture,299.99,4,0,1199.96,France,Direct,Delivered,26,Male
ORD-00840,2023-03-15,Air Fryer,Kitchen,129.99,1,0,129.99,Brazil,Direct,Shipped,26,Male
ORD-00841,2023-05-21,Air Fryer,Kitchen,129.99,4,20,415.97,Brazil,Direct,Processing,45,Other
ORD-00842,2023-07-04,Desk Lamp,Furniture,44.99,5,5,213.7,Brazil,Email,Delivered,32,Male
ORD-00843,2024-03-10,Coffee Maker,Kitchen,89.99,1,10,80.99,Brazil,Direct,Delivered,63,Other
ORD-00844,2023-10-03,Bookshelf,Furniture,189.99,5,10,854.96,Australia,Organic,Delivered,54,Female
ORD-00845,2024-12-22,Office Chair,Furniture,299.99,1,10,269.99,Brazil,Direct,Delivered,27,Other
ORD-00846,2024-06-23,Sunscreen SPF50,Beauty,22.99,3,5,65.52,UK,Referral,Processing,23,Male
ORD-00847,2024-04-28,Air Fryer,Kitchen,129.99,1,15,110.49,France,Referral,Delivered,39,Other
ORD-00848,2023-01-12,Python Crash Course,Books,34.99,4,10,125.96,Brazil,Referral,Cancelled,39,Female
ORD-00849,2023-12-28,Water Bottle,Sports,24.99,3,0,74.97,USA,Direct,Processing,65,Female
ORD-00850,2024-07-31,Dumbbells Set,Sports,79.99,1,15,67.99,Brazil,Referral,Delivered,54,Male
ORD-00851,2024-11-03,Water Bottle,Sports,24.99,5,0,124.95,France,Email,Delivered,26,Other
ORD-00852,2023-03-20,Dumbbells Set,Sports,79.99,3,0,239.97,France,Social Media,Returned,34,Male
ORD-00853,2023-04-25,Coffee Maker,Kitchen,89.99,2,10,161.98,Canada,Direct,Shipped,41,Male
ORD-00854,2023-09-25,Instant Pot,Kitchen,99.99,2,5,189.98,Canada,Referral,Returned,20,Female
ORD-00855,2023-03-28,4K Monitor,Electronics,499.99,5,20,1999.96,Canada,Email,Returned,44,Female
ORD-00856,2023-09-01,Blender Pro,Kitchen,74.99,4,15,254.97,Canada,Paid Ads,Processing,64,Female
ORD-00857,2023-02-25,Air Fryer,Kitchen,129.99,3,20,311.98,UK,Organic,Delivered,47,Female
ORD-00858,2024-05-02,Water Bottle,Sports,24.99,4,15,84.97,Germany,Email,Cancelled,63,Female
ORD-00859,2024-04-30,Dumbbells Set,Sports,79.99,2,10,143.98,Japan,Organic,Delivered,46,Female
ORD-00860,2024-11-25,Protein Powder,Sports,54.99,5,15,233.71,USA,Organic,Processing,58,Female
ORD-00861,2024-03-18,Coffee Maker,Kitchen,89.99,3,0,269.97,France,Social Media,Returned,24,Female
ORD-00862,2024-11-01,Deep Work,Books,18.99,4,5,72.16,Germany,Direct,Cancelled,55,Male
ORD-00863,2024-06-16,Protein Powder,Sports,54.99,2,0,109.98,USA,Direct,Delivered,22,Male
ORD-00864,2024-02-26,Mechanical Keyboard,Electronics,149.99,5,0,749.95,Brazil,Social Media,Delivered,64,Female
ORD-00865,2023-09-15,Running Shoes,Sports,119.99,1,0,119.99,UK,Organic,Processing,60,Male
ORD-00866,2024-09-05,Air Fryer,Kitchen,129.99,1,15,110.49,UK,Organic,Returned,56,Male
ORD-00867,2024-01-20,Blender Pro,Kitchen,74.99,5,20,299.96,Canada,Organic,Cancelled,29,Female
ORD-00868,2023-10-29,Desk Lamp,Furniture,44.99,1,15,38.24,Brazil,Social Media,Returned,45,Other
ORD-00869,2024-11-14,Sunscreen SPF50,Beauty,22.99,3,0,68.97,Canada,Organic,Delivered,21,Female
ORD-00870,2024-02-02,Protein Powder,Sports,54.99,1,0,54.99,France,Paid Ads,Shipped,22,Female
ORD-00871,2023-07-25,Coffee Maker,Kitchen,89.99,4,0,359.96,Brazil,Organic,Delivered,52,Female
ORD-00872,2023-08-12,Coffee Maker,Kitchen,89.99,1,5,85.49,France,Organic,Delivered,22,Male
ORD-00873,2024-08-08,Skincare Set,Beauty,59.99,3,20,143.98,Brazil,Organic,Shipped,27,Other
ORD-00874,2024-10-17,Laptop Pro 15,Electronics,1299.99,1,15,1104.99,Japan,Social Media,Delivered,62,Female
ORD-00875,2024-02-05,Deep Work,Books,18.99,1,10,17.09,Brazil,Email,Shipped,43,Other
ORD-00876,2023-03-13,Atomic Habits,Books,16.99,2,0,33.98,Japan,Direct,Returned,48,Male
ORD-00877,2024-08-03,Atomic Habits,Books,16.99,3,0,50.97,France,Email,Delivered,58,Other
ORD-00878,2023-04-03,Office Chair,Furniture,299.99,5,20,1199.96,Australia,Organic,Returned,47,Female
ORD-00879,2024-10-25,Running Shoes,Sports,119.99,2,10,215.98,USA,Email,Cancelled,30,Female
ORD-00880,2024-12-13,Standing Desk,Furniture,549.99,1,15,467.49,Australia,Email,Delivered,58,Female
ORD-00881,2023-07-14,4K Monitor,Electronics,499.99,1,0,499.99,USA,Direct,Processing,33,Female
ORD-00882,2024-02-03,USB-C Hub,Electronics,49.99,5,15,212.46,France,Email,Processing,46,Male
ORD-00883,2023-02-07,Protein Powder,Sports,54.99,1,0,54.99,USA,Email,Delivered,31,Other
ORD-00884,2024-11-14,The Lean Startup,Books,19.99,4,15,67.97,Canada,Direct,Processing,32,Male
ORD-00885,2023-02-07,Skincare Set,Beauty,59.99,2,5,113.98,USA,Email,Processing,20,Male
ORD-00886,2024-12-19,Air Fryer,Kitchen,129.99,2,0,259.98,Canada,Direct,Delivered,37,Male
ORD-00887,2024-04-12,Coffee Maker,Kitchen,89.99,2,20,143.98,UK,Organic,Delivered,49,Other
ORD-00888,2024-09-22,Yoga Mat,Sports,39.99,1,20,31.99,Germany,Email,Delivered,65,Other
ORD-00889,2024-02-16,Protein Powder,Sports,54.99,1,15,46.74,Canada,Social Media,Returned,31,Male
ORD-00890,2024-08-30,Webcam HD,Electronics,89.99,3,0,269.97,UK,Social Media,Delivered,44,Male
ORD-00891,2024-12-14,Office Chair,Furniture,299.99,5,0,1499.95,Brazil,Paid Ads,Processing,20,Male
ORD-00892,2023-04-13,Air Fryer,Kitchen,129.99,5,5,617.45,Canada,Organic,Shipped,23,Male
ORD-00893,2023-01-08,Webcam HD,Electronics,89.99,1,15,76.49,France,Email,Cancelled,48,Other
ORD-00894,2023-05-10,Running Shoes,Sports,119.99,2,15,203.98,France,Referral,Shipped,44,Male
ORD-00895,2023-06-28,Coffee Maker,Kitchen,89.99,1,10,80.99,Canada,Direct,Shipped,57,Male
ORD-00896,2024-10-04,Water Bottle,Sports,24.99,3,5,71.22,USA,Referral,Delivered,30,Male
ORD-00897,2024-06-26,Mechanical Keyboard,Electronics,149.99,5,0,749.95,Germany,Email,Returned,58,Other
ORD-00898,2023-08-02,Dumbbells Set,Sports,79.99,1,0,79.99,UK,Paid Ads,Cancelled,48,Female
ORD-00899,2023-06-30,Webcam HD,Electronics,89.99,1,0,89.99,Australia,Social Media,Delivered,45,Female
ORD-00900,2023-12-09,Coffee Maker,Kitchen,89.99,4,0,359.96,UK,Direct,Delivered,52,Male
ORD-00901,2023-06-11,Laptop Pro 15,Electronics,1299.99,4,10,4679.96,UK,Organic,Delivered,64,Female
ORD-00902,2024-08-29,Deep Work,Books,18.99,3,5,54.12,Germany,Direct,Cancelled,38,Male
ORD-00903,2023-04-23,Protein Powder,Sports,54.99,2,0,109.98,Germany,Direct,Shipped,30,Female
ORD-00904,2023-08-14,USB-C Hub,Electronics,49.99,4,10,179.96,Brazil,Organic,Shipped,27,Male
ORD-00905,2024-09-16,Desk Lamp,Furniture,44.99,2,5,85.48,Australia,Paid Ads,Shipped,64,Male
ORD-00906,2024-10-09,Office Chair,Furniture,299.99,3,0,899.97,Australia,Paid Ads,Delivered,62,Other
ORD-00907,2023-03-03,Dumbbells Set,Sports,79.99,2,0,159.98,Brazil,Email,Shipped,28,Female
ORD-00908,2023-08-14,Water Bottle,Sports,24.99,5,0,124.95,Canada,Referral,Processing,32,Male
ORD-00909,2024-02-26,The Lean Startup,Books,19.99,4,20,63.97,Germany,Referral,Shipped,47,Female
ORD-00910,2023-01-15,Skincare Set,Beauty,59.99,4,15,203.97,Germany,Paid Ads,Delivered,45,Other
ORD-00911,2023-08-16,Deep Work,Books,18.99,2,10,34.18,USA,Email,Delivered,20,Female
ORD-00912,2024-05-31,Wireless Mouse,Electronics,29.99,4,10,107.96,Japan,Email,Returned,62,Male
ORD-00913,2024-04-08,Python Crash Course,Books,34.99,2,0,69.98,USA,Direct,Cancelled,44,Male
ORD-00914,2023-05-16,Office Chair,Furniture,299.99,3,0,899.97,UK,Organic,Shipped,60,Female
ORD-00915,2023-06-15,Instant Pot,Kitchen,99.99,4,20,319.97,USA,Email,Shipped,26,Other
ORD-00916,2024-02-20,Webcam HD,Electronics,89.99,3,15,229.47,Brazil,Direct,Cancelled,18,Other
ORD-00917,2023-03-14,Standing Desk,Furniture,549.99,3,10,1484.97,USA,Social Media,Shipped,35,Other
ORD-00918,2024-09-19,Atomic Habits,Books,16.99,5,20,67.96,Germany,Direct,Delivered,57,Female
ORD-00919,2023-02-26,The Lean Startup,Books,19.99,3,0,59.97,UK,Email,Delivered,47,Other
ORD-00920,2023-02-11,Office Chair,Furniture,299.99,3,0,899.97,UK,Referral,Cancelled,31,Male
ORD-00921,2023-12-09,Yoga Mat,Sports,39.99,5,0,199.95,Brazil,Direct,Returned,55,Other
ORD-00922,2023-08-03,Sunscreen SPF50,Beauty,22.99,2,0,45.98,Australia,Social Media,Processing,61,Female
ORD-00923,2023-10-11,Wireless Mouse,Electronics,29.99,1,0,29.99,Australia,Email,Shipped,50,Other
ORD-00924,2023-05-06,Python Crash Course,Books,34.99,5,15,148.71,France,Email,Processing,41,Other
ORD-00925,2024-12-10,USB-C Hub,Electronics,49.99,2,5,94.98,UK,Organic,Shipped,29,Female
ORD-00926,2023-03-20,Mechanical Keyboard,Electronics,149.99,2,0,299.98,UK,Direct,Delivered,49,Male
ORD-00927,2023-07-29,The Lean Startup,Books,19.99,1,0,19.99,Japan,Direct,Processing,26,Female
ORD-00928,2023-12-22,Bookshelf,Furniture,189.99,4,15,645.97,USA,Social Media,Delivered,22,Male
ORD-00929,2023-08-26,The Lean Startup,Books,19.99,3,5,56.97,Australia,Direct,Cancelled,38,Female
ORD-00930,2024-08-30,Blender Pro,Kitchen,74.99,5,20,299.96,Brazil,Email,Delivered,54,Male
ORD-00931,2023-11-10,Webcam HD,Electronics,89.99,3,0,269.97,Brazil,Social Media,Delivered,21,Male
ORD-00932,2023-12-28,Water Bottle,Sports,24.99,4,0,99.96,Canada,Direct,Processing,36,Male
ORD-00933,2023-06-29,Instant Pot,Kitchen,99.99,2,0,199.98,Germany,Organic,Delivered,38,Other
ORD-00934,2023-05-10,Desk Lamp,Furniture,44.99,3,0,134.97,Canada,Paid Ads,Processing,63,Male
ORD-00935,2024-11-12,Protein Powder,Sports,54.99,3,0,164.97,Australia,Email,Processing,28,Other
ORD-00936,2023-11-05,Mechanical Keyboard,Electronics,149.99,1,5,142.49,Brazil,Paid Ads,Shipped,38,Male
ORD-00937,2023-01-05,Skincare Set,Beauty,59.99,5,10,269.95,Australia,Direct,Cancelled,36,Female
ORD-00938,2023-10-24,Sunscreen SPF50,Beauty,22.99,5,15,97.71,Canada,Referral,Cancelled,46,Female
ORD-00939,2024-12-06,Mechanical Keyboard,Electronics,149.99,4,0,599.96,Canada,Direct,Processing,25,Female
ORD-00940,2023-01-26,Standing Desk,Furniture,549.99,5,20,2199.96,Germany,Email,Delivered,23,Female
ORD-00941,2023-02-26,Coffee Maker,Kitchen,89.99,2,10,161.98,Germany,Social Media,Delivered,19,Male
ORD-00942,2024-07-05,Desk Lamp,Furniture,44.99,1,10,40.49,Japan,Paid Ads,Shipped,38,Other
ORD-00943,2024-09-11,The Lean Startup,Books,19.99,1,15,16.99,Australia,Email,Delivered,63,Female
ORD-00944,2024-01-14,Standing Desk,Furniture,549.99,3,0,1649.97,France,Social Media,Delivered,37,Female
ORD-00945,2024-07-28,USB-C Hub,Electronics,49.99,2,15,84.98,Brazil,Direct,Shipped,46,Female
ORD-00946,2023-06-17,Skincare Set,Beauty,59.99,4,15,203.97,Japan,Paid Ads,Returned,55,Other
ORD-00947,2023-03-30,4K Monitor,Electronics,499.99,2,0,999.98,Brazil,Referral,Delivered,22,Other
ORD-00948,2024-01-20,USB-C Hub,Electronics,49.99,1,5,47.49,France,Email,Delivered,53,Female
ORD-00949,2024-12-28,Deep Work,Books,18.99,2,0,37.98,Canada,Email,Delivered,53,Female
ORD-00950,2023-02-13,Water Bottle,Sports,24.99,5,0,124.95,Brazil,Referral,Cancelled,47,Male
ORD-00951,2023-01-28,Laptop Pro 15,Electronics,1299.99,2,0,2599.98,France,Direct,Returned,58,Female
ORD-00952,2023-05-08,Air Fryer,Kitchen,129.99,3,5,370.47,Canada,Email,Cancelled,59,Male
ORD-00953,2023-01-30,Mechanical Keyboard,Electronics,149.99,3,5,427.47,UK,Referral,Cancelled,41,Other
ORD-00954,2024-05-07,Deep Work,Books,18.99,4,20,60.77,France,Direct,Cancelled,48,Other
ORD-00955,2023-05-03,Office Chair,Furniture,299.99,5,15,1274.96,USA,Social Media,Delivered,55,Male
ORD-00956,2023-05-30,Protein Powder,Sports,54.99,4,15,186.97,Canada,Social Media,Delivered,21,Female
ORD-00957,2024-01-05,Bookshelf,Furniture,189.99,3,0,569.97,France,Social Media,Processing,58,Male
ORD-00958,2024-06-10,Running Shoes,Sports,119.99,2,20,191.98,UK,Referral,Returned,28,Other
ORD-00959,2023-11-27,Protein Powder,Sports,54.99,3,0,164.97,Australia,Organic,Processing,55,Female
ORD-00960,2023-05-28,Laptop Pro 15,Electronics,1299.99,2,10,2339.98,France,Social Media,Returned,49,Female
ORD-00961,2023-12-15,Webcam HD,Electronics,89.99,1,0,89.99,Canada,Referral,Delivered,30,Other
ORD-00962,2024-09-20,Instant Pot,Kitchen,99.99,5,20,399.96,UK,Email,Shipped,22,Male
ORD-00963,2023-05-15,Laptop Pro 15,Electronics,1299.99,4,0,5199.96,France,Direct,Delivered,26,Female
ORD-00964,2024-09-03,The Lean Startup,Books,19.99,3,0,59.97,France,Organic,Cancelled,25,Male
ORD-00965,2023-05-12,Instant Pot,Kitchen,99.99,2,15,169.98,Germany,Social Media,Delivered,31,Male
ORD-00966,2023-03-22,Bookshelf,Furniture,189.99,1,0,189.99,USA,Email,Returned,45,Male
ORD-00967,2023-07-21,Mechanical Keyboard,Electronics,149.99,1,20,119.99,USA,Email,Delivered,34,Male
ORD-00968,2023-03-09,Water Bottle,Sports,24.99,1,20,19.99,UK,Organic,Processing,31,Other
ORD-00969,2023-07-24,Webcam HD,Electronics,89.99,3,0,269.97,UK,Paid Ads,Returned,65,Female
ORD-00970,2024-08-16,Office Chair,Furniture,299.99,3,0,899.97,Germany,Referral,Processing,22,Male
ORD-00971,2024-08-15,Sunscreen SPF50,Beauty,22.99,1,10,20.69,Germany,Direct,Delivered,36,Male
ORD-00972,2024-07-04,Laptop Pro 15,Electronics,1299.99,1,0,1299.99,Brazil,Social Media,Cancelled,55,Male
ORD-00973,2024-03-26,Blender Pro,Kitchen,74.99,1,0,74.99,Australia,Email,Shipped,31,Other
ORD-00974,2023-08-22,Bookshelf,Furniture,189.99,1,20,151.99,Australia,Organic,Shipped,25,Other
ORD-00975,2023-05-20,Python Crash Course,Books,34.99,3,15,89.22,France,Referral,Cancelled,20,Male
ORD-00976,2023-12-02,Python Crash Course,Books,34.99,1,5,33.24,France,Email,Processing,65,Female
ORD-00977,2024-12-04,Desk Lamp,Furniture,44.99,2,10,80.98,Japan,Social Media,Returned,45,Male
ORD-00978,2023-03-13,Python Crash Course,Books,34.99,3,0,104.97,USA,Direct,Shipped,61,Male
ORD-00979,2024-02-10,Desk Lamp,Furniture,44.99,5,15,191.21,UK,Organic,Delivered,43,Female
ORD-00980,2024-12-12,Deep Work,Books,18.99,1,15,16.14,Canada,Organic,Delivered,30,Female
ORD-00981,2023-07-25,Coffee Maker,Kitchen,89.99,4,0,359.96,Germany,Email,Cancelled,49,Female
ORD-00982,2024-12-31,Sunscreen SPF50,Beauty,22.99,5,10,103.45,France,Direct,Shipped,40,Female
ORD-00983,2024-11-13,Coffee Maker,Kitchen,89.99,4,5,341.96,France,Paid Ads,Returned,47,Male
ORD-00984,2023-05-06,Dumbbells Set,Sports,79.99,4,5,303.96,Germany,Direct,Delivered,19,Male
ORD-00985,2023-02-24,USB-C Hub,Electronics,49.99,4,15,169.97,USA,Paid Ads,Shipped,56,Other
ORD-00986,2023-12-01,4K Monitor,Electronics,499.99,3,10,1349.97,UK,Organic,Cancelled,51,Female
ORD-00987,2024-04-22,Running Shoes,Sports,119.99,3,15,305.97,Brazil,Email,Processing,34,Other
ORD-00988,2023-12-18,Atomic Habits,Books,16.99,5,0,84.95,USA,Email,Delivered,42,Female
ORD-00989,2023-11-19,Standing Desk,Furniture,549.99,4,5,2089.96,USA,Organic,Delivered,53,Other
ORD-00990,2023-11-07,Instant Pot,Kitchen,99.99,2,5,189.98,Japan,Paid Ads,Delivered,63,Female
ORD-00991,2024-05-14,Sunscreen SPF50,Beauty,22.99,1,10,20.69,Brazil,Direct,Processing,61,Other
ORD-00992,2024-08-08,Python Crash Course,Books,34.99,4,10,125.96,Canada,Referral,Delivered,43,Female
ORD-00993,2024-05-21,Deep Work,Books,18.99,4,10,68.36,Australia,Social Media,Delivered,21,Male
ORD-00994,2024-08-27,Wireless Mouse,Electronics,29.99,2,20,47.98,Australia,Social Media,Returned,65,Other
ORD-00995,2023-01-28,Sunscreen SPF50,Beauty,22.99,3,5,65.52,UK,Email,Delivered,40,Female
ORD-00996,2023-12-26,Wireless Mouse,Electronics,29.99,2,0,59.98,Germany,Direct,Delivered,55,Male
ORD-00997,2024-12-05,USB-C Hub,Electronics,49.99,3,0,149.97,Australia,Paid Ads,Delivered,52,Female
ORD-00998,2023-02-08,Desk Lamp,Furniture,44.99,4,10,161.96,Japan,Social Media,Delivered,62,Female
ORD-00999,2024-08-25,Laptop Pro 15,Electronics,1299.99,3,5,3704.97,Japan,Social Media,Processing,24,Female
ORD-01000,2023-04-13,Instant Pot,Kitchen,99.99,2,0,199.98,Brazil,Referral,Returned,60,Female
ORD-01001,2023-06-20,Coffee Maker,Kitchen,89.99,3,0,269.97,Japan,Paid Ads,Shipped,58,Male
ORD-01002,2024-07-02,Running Shoes,Sports,119.99,3,0,359.97,USA,Social Media,Processing,43,Male
ORD-01003,2024-10-01,Skincare Set,Beauty,59.99,1,15,50.99,UK,Referral,Delivered,35,Male
ORD-01004,2024-08-03,The Lean Startup,Books,19.99,4,5,75.96,Germany,Social Media,Returned,22,Other
ORD-01005,2023-11-06,The Lean Startup,Books,19.99,3,5,56.97,Australia,Paid Ads,Shipped,43,Female
ORD-01006,2024-10-01,The Lean Startup,Books,19.99,4,15,67.97,Canada,Organic,Cancelled,63,Other
ORD-01007,2023-07-11,Deep Work,Books,18.99,4,0,75.96,Brazil,Social Media,Cancelled,52,Other
ORD-01008,2024-03-20,Deep Work,Books,18.99,1,10,17.09,Germany,Social Media,Shipped,27,Male
ORD-01009,2023-06-04,Skincare Set,Beauty,59.99,3,20,143.98,Japan,Email,Delivered,22,Other
ORD-01010,2023-07-28,Bookshelf,Furniture,189.99,3,20,455.98,France,Direct,Delivered,34,Other
ORD-01011,2024-09-07,Yoga Mat,Sports,39.99,4,0,159.96,UK,Paid Ads,Delivered,19,Male
ORD-01012,2023-11-14,Desk Lamp,Furniture,44.99,4,10,161.96,Japan,Email,Cancelled,20,Male
ORD-01013,2023-06-13,Dumbbells Set,Sports,79.99,2,0,159.98,France,Social Media,Cancelled,53,Male
ORD-01014,2024-10-21,Wireless Mouse,Electronics,29.99,4,20,95.97,USA,Organic,Returned,23,Female
ORD-01015,2024-09-08,Water Bottle,Sports,24.99,1,5,23.74,Australia,Direct,Cancelled,23,Female
ORD-01016,2023-05-24,Yoga Mat,Sports,39.99,1,10,35.99,UK,Referral,Cancelled,55,Other
ORD-01017,2023-09-15,Python Crash Course,Books,34.99,1,0,34.99,UK,Social Media,Delivered,55,Other
ORD-01018,2024-02-04,Skincare Set,Beauty,59.99,2,5,113.98,Germany,Paid Ads,Delivered,29,Male
ORD-01019,2023-10-09,Desk Lamp,Furniture,44.99,4,0,179.96,USA,Email,Processing,41,Other
ORD-01020,2023-04-26,Protein Powder,Sports,54.99,5,5,261.2,Brazil,Direct,Delivered,35,Male
ORD-01021,2024-01-07,Python Crash Course,Books,34.99,3,20,83.98,France,Organic,Cancelled,56,Male
ORD-01022,2024-11-09,Wireless Mouse,Electronics,29.99,2,0,59.98,Japan,Social Media,Cancelled,62,Female
ORD-01023,2024-12-02,Mechanical Keyboard,Electronics,149.99,5,20,599.96,Germany,Email,Shipped,18,Female
ORD-01024,2023-09-19,Water Bottle,Sports,24.99,1,20,19.99,Germany,Social Media,Delivered,28,Female
ORD-01025,2024-10-08,Protein Powder,Sports,54.99,4,20,175.97,USA,Social Media,Returned,23,Female
ORD-01026,2024-04-27,Skincare Set,Beauty,59.99,4,20,191.97,Australia,Direct,Shipped,24,Male
ORD-01027,2024-12-16,Dumbbells Set,Sports,79.99,5,0,399.95,Australia,Email,Processing,64,Other
ORD-01028,2023-12-01,Desk Lamp,Furniture,44.99,1,20,35.99,USA,Direct,Cancelled,29,Other
ORD-01029,2024-03-30,Air Fryer,Kitchen,129.99,2,0,259.98,Japan,Paid Ads,Cancelled,37,Female
ORD-01030,2024-08-12,USB-C Hub,Electronics,49.99,1,0,49.99,Germany,Referral,Cancelled,59,Male
ORD-01031,2024-08-31,Blender Pro,Kitchen,74.99,4,20,239.97,Australia,Email,Shipped,65,Male
ORD-01032,2023-09-24,Webcam HD,Electronics,89.99,5,20,359.96,Australia,Social Media,Delivered,23,Female
ORD-01033,2024-01-12,Webcam HD,Electronics,89.99,4,5,341.96,Germany,Organic,Delivered,53,Other
ORD-01034,2024-09-18,Air Fryer,Kitchen,129.99,2,0,259.98,Brazil,Paid Ads,Delivered,62,Male
ORD-01035,2023-02-20,Standing Desk,Furniture,549.99,5,5,2612.45,France,Paid Ads,Delivered,41,Male
ORD-01036,2024-08-03,Mechanical Keyboard,Electronics,149.99,1,15,127.49,Japan,Email,Returned,61,Female
ORD-01037,2023-05-02,Yoga Mat,Sports,39.99,2,0,79.98,France,Social Media,Cancelled,49,Female
ORD-01038,2023-05-14,Bookshelf,Furniture,189.99,2,10,341.98,Germany,Social Media,Cancelled,61,Male
ORD-01039,2024-03-04,Webcam HD,Electronics,89.99,4,20,287.97,Canada,Organic,Delivered,34,Male
ORD-01040,2024-09-24,Desk Lamp,Furniture,44.99,2,0,89.98,Brazil,Organic,Delivered,48,Male
ORD-01041,2023-11-28,Instant Pot,Kitchen,99.99,4,15,339.97,Germany,Direct,Shipped,63,Female
ORD-01042,2024-09-03,Dumbbells Set,Sports,79.99,1,0,79.99,USA,Organic,Delivered,33,Female
ORD-01043,2023-12-29,Coffee Maker,Kitchen,89.99,5,15,382.46,USA,Organic,Delivered,50,Other
ORD-01044,2024-01-26,Water Bottle,Sports,24.99,4,15,84.97,Australia,Paid Ads,Processing,20,Other
ORD-01045,2023-07-03,Dumbbells Set,Sports,79.99,2,10,143.98,Brazil,Social Media,Shipped,26,Male
ORD-01046,2023-11-21,Instant Pot,Kitchen,99.99,5,5,474.95,Canada,Social Media,Delivered,38,Male
ORD-01047,2023-05-11,Python Crash Course,Books,34.99,3,15,89.22,Australia,Email,Delivered,34,Other
ORD-01048,2023-09-28,The Lean Startup,Books,19.99,3,5,56.97,Canada,Social Media,Cancelled,49,Male
ORD-01049,2024-07-23,Blender Pro,Kitchen,74.99,4,0,299.96,Germany,Paid Ads,Delivered,32,Male
ORD-01050,2023-02-06,Python Crash Course,Books,34.99,3,0,104.97,Brazil,Email,Delivered,49,Male
ORD-01051,2024-03-28,Office Chair,Furniture,299.99,5,5,1424.95,Brazil,Email,Delivered,64,Male
ORD-01052,2023-05-07,Office Chair,Furniture,299.99,1,0,299.99,France,Paid Ads,Returned,28,Other
ORD-01053,2024-06-04,Dumbbells Set,Sports,79.99,5,15,339.96,Germany,Referral,Delivered,51,Other
ORD-01054,2023-07-04,Bookshelf,Furniture,189.99,1,0,189.99,Brazil,Direct,Delivered,39,Male
ORD-01055,2023-10-19,Blender Pro,Kitchen,74.99,1,5,71.24,Australia,Referral,Delivered,38,Male
ORD-01056,2023-01-30,USB-C Hub,Electronics,49.99,4,20,159.97,Brazil,Email,Cancelled,35,Other
ORD-01057,2024-11-04,Laptop Pro 15,Electronics,1299.99,3,0,3899.97,Brazil,Social Media,Cancelled,64,Other
ORD-01058,2023-05-13,Running Shoes,Sports,119.99,1,20,95.99,France,Social Media,Returned,21,Other
ORD-01059,2023-03-14,Atomic Habits,Books,16.99,5,5,80.7,UK,Email,Delivered,29,Male
ORD-01060,2024-02-13,USB-C Hub,Electronics,49.99,1,20,39.99,Germany,Paid Ads,Shipped,43,Female
ORD-01061,2024-10-24,Sunscreen SPF50,Beauty,22.99,2,0,45.98,France,Email,Returned,45,Other
ORD-01062,2023-11-14,Blender Pro,Kitchen,74.99,5,0,374.95,Australia,Direct,Delivered,41,Other
ORD-01063,2023-07-24,Python Crash Course,Books,34.99,4,5,132.96,Brazil,Social Media,Processing,56,Female
ORD-01064,2023-04-03,Sunscreen SPF50,Beauty,22.99,4,20,73.57,Australia,Referral,Delivered,45,Other
ORD-01065,2024-03-12,USB-C Hub,Electronics,49.99,1,10,44.99,Australia,Email,Cancelled,32,Other
ORD-01066,2024-12-03,Instant Pot,Kitchen,99.99,2,5,189.98,UK,Social Media,Shipped,45,Male
ORD-01067,2024-05-04,Water Bottle,Sports,24.99,2,0,49.98,France,Paid Ads,Processing,45,Female
ORD-01068,2024-08-05,Wireless Mouse,Electronics,29.99,5,0,149.95,USA,Referral,Delivered,50,Female
ORD-01069,2024-02-27,Mechanical Keyboard,Electronics,149.99,4,15,509.97,France,Social Media,Delivered,55,Male
ORD-01070,2024-05-30,Laptop Pro 15,Electronics,1299.99,1,15,1104.99,Brazil,Paid Ads,Returned,29,Female
ORD-01071,2023-02-16,USB-C Hub,Electronics,49.99,4,15,169.97,France,Social Media,Processing,64,Female
ORD-01072,2024-11-17,Desk Lamp,Furniture,44.99,5,20,179.96,France,Social Media,Returned,29,Male
ORD-01073,2023-07-09,USB-C Hub,Electronics,49.99,5,0,249.95,UK,Email,Processing,19,Male
ORD-01074,2024-02-09,Mechanical Keyboard,Electronics,149.99,1,0,149.99,Brazil,Email,Cancelled,43,Other
ORD-01075,2024-09-08,Skincare Set,Beauty,59.99,4,0,239.96,Australia,Direct,Cancelled,62,Other
ORD-01076,2024-02-09,Water Bottle,Sports,24.99,1,0,24.99,Canada,Organic,Delivered,25,Male
ORD-01077,2024-12-13,Running Shoes,Sports,119.99,1,0,119.99,Brazil,Direct,Delivered,59,Male
ORD-01078,2024-03-22,Air Fryer,Kitchen,129.99,5,0,649.95,UK,Social Media,Returned,47,Male
ORD-01079,2024-04-30,Bookshelf,Furniture,189.99,1,0,189.99,Canada,Paid Ads,Cancelled,62,Female
ORD-01080,2024-05-11,Python Crash Course,Books,34.99,1,20,27.99,Brazil,Referral,Delivered,30,Female
ORD-01081,2024-08-06,Standing Desk,Furniture,549.99,1,0,549.99,USA,Organic,Cancelled,63,Female
ORD-01082,2024-03-01,Python Crash Course,Books,34.99,5,10,157.46,France,Organic,Shipped,43,Female
ORD-01083,2024-06-09,Deep Work,Books,18.99,5,15,80.71,Brazil,Paid Ads,Cancelled,21,Other
ORD-01084,2023-01-20,Bookshelf,Furniture,189.99,5,0,949.95,UK,Social Media,Cancelled,44,Female
ORD-01085,2023-04-30,Python Crash Course,Books,34.99,5,15,148.71,Australia,Email,Cancelled,45,Male
ORD-01086,2023-06-15,Water Bottle,Sports,24.99,2,5,47.48,Australia,Email,Delivered,50,Male
ORD-01087,2024-08-24,Blender Pro,Kitchen,74.99,3,10,202.47,Brazil,Paid Ads,Delivered,64,Other
ORD-01088,2024-02-04,Bookshelf,Furniture,189.99,3,20,455.98,Brazil,Paid Ads,Processing,31,Female
ORD-01089,2024-12-08,Skincare Set,Beauty,59.99,1,15,50.99,Brazil,Paid Ads,Delivered,30,Male
ORD-01090,2024-09-12,Python Crash Course,Books,34.99,1,20,27.99,Japan,Email,Delivered,33,Male
ORD-01091,2024-07-24,Wireless Mouse,Electronics,29.99,1,0,29.99,France,Social Media,Cancelled,28,Male
ORD-01092,2024-05-30,Wireless Mouse,Electronics,29.99,1,0,29.99,Japan,Organic,Processing,32,Male
ORD-01093,2024-07-29,Yoga Mat,Sports,39.99,4,0,159.96,Australia,Social Media,Returned,20,Other
ORD-01094,2023-10-01,4K Monitor,Electronics,499.99,5,10,2249.95,UK,Direct,Delivered,46,Female
ORD-01095,2023-04-24,Mechanical Keyboard,Electronics,149.99,5,10,674.96,UK,Referral,Delivered,50,Male
ORD-01096,2023-06-21,Air Fryer,Kitchen,129.99,1,20,103.99,Germany,Social Media,Delivered,64,Female
ORD-01097,2024-12-26,Desk Lamp,Furniture,44.99,5,5,213.7,UK,Paid Ads,Cancelled,41,Female
ORD-01098,2023-05-22,Mechanical Keyboard,Electronics,149.99,2,5,284.98,Japan,Organic,Delivered,48,Female
ORD-01099,2023-10-21,The Lean Startup,Books,19.99,2,0,39.98,France,Social Media,Cancelled,44,Female
ORD-01100,2024-10-06,Blender Pro,Kitchen,74.99,2,0,149.98,Japan,Paid Ads,Delivered,45,Female
ORD-01101,2024-02-24,Desk Lamp,Furniture,44.99,5,20,179.96,Australia,Organic,Shipped,27,Male
ORD-01102,2024-06-13,USB-C Hub,Electronics,49.99,1,0,49.99,Australia,Email,Returned,28,Female
ORD-01103,2023-03-04,Standing Desk,Furniture,549.99,1,15,467.49,Canada,Referral,Delivered,58,Other
ORD-01104,2024-11-07,The Lean Startup,Books,19.99,3,5,56.97,Japan,Direct,Cancelled,53,Female
ORD-01105,2023-11-18,Office Chair,Furniture,299.99,1,20,239.99,France,Referral,Processing,27,Other
ORD-01106,2024-02-18,Desk Lamp,Furniture,44.99,2,10,80.98,Brazil,Direct,Delivered,59,Female
ORD-01107,2023-07-22,Water Bottle,Sports,24.99,1,0,24.99,Australia,Email,Cancelled,64,Other
ORD-01108,2023-05-10,The Lean Startup,Books,19.99,5,0,99.95,Germany,Organic,Processing,53,Female
ORD-01109,2024-06-17,Protein Powder,Sports,54.99,2,0,109.98,USA,Referral,Processing,34,Male
ORD-01110,2023-11-08,Skincare Set,Beauty,59.99,4,10,215.96,UK,Direct,Delivered,41,Female
ORD-01111,2024-10-04,The Lean Startup,Books,19.99,3,0,59.97,USA,Direct,Delivered,46,Female
ORD-01112,2024-08-09,Skincare Set,Beauty,59.99,1,5,56.99,Australia,Paid Ads,Returned,65,Other
ORD-01113,2024-08-02,Instant Pot,Kitchen,99.99,5,20,399.96,Germany,Social Media,Delivered,36,Other
ORD-01114,2024-08-09,Blender Pro,Kitchen,74.99,2,15,127.48,Japan,Referral,Cancelled,33,Male
ORD-01115,2023-12-02,The Lean Startup,Books,19.99,5,0,99.95,Australia,Email,Delivered,27,Other
ORD-01116,2024-03-11,Bookshelf,Furniture,189.99,1,0,189.99,USA,Email,Delivered,48,Male
ORD-01117,2024-04-01,USB-C Hub,Electronics,49.99,3,15,127.47,Japan,Referral,Processing,51,Female
ORD-01118,2023-09-28,Deep Work,Books,18.99,4,15,64.57,Japan,Email,Cancelled,49,Other
ORD-01119,2024-03-02,Webcam HD,Electronics,89.99,2,10,161.98,Canada,Email,Cancelled,47,Male
ORD-01120,2024-12-22,The Lean Startup,Books,19.99,5,0,99.95,Germany,Email,Shipped,20,Other
ORD-01121,2023-06-10,Atomic Habits,Books,16.99,3,0,50.97,Japan,Organic,Delivered,41,Other
ORD-01122,2023-10-24,Wireless Mouse,Electronics,29.99,5,0,149.95,UK,Social Media,Delivered,41,Female
ORD-01123,2023-10-29,Python Crash Course,Books,34.99,1,20,27.99,Canada,Paid Ads,Returned,55,Female
ORD-01124,2023-02-19,Water Bottle,Sports,24.99,3,0,74.97,Canada,Direct,Shipped,18,Male
ORD-01125,2024-07-14,Office Chair,Furniture,299.99,1,20,239.99,USA,Email,Shipped,54,Female
ORD-01126,2024-08-02,Desk Lamp,Furniture,44.99,3,20,107.98,Japan,Email,Returned,64,Other
ORD-01127,2023-05-16,Sunscreen SPF50,Beauty,22.99,2,10,41.38,Brazil,Email,Cancelled,46,Male
ORD-01128,2023-11-30,USB-C Hub,Electronics,49.99,5,15,212.46,Japan,Email,Delivered,43,Female
ORD-01129,2024-07-07,Wireless Mouse,Electronics,29.99,4,15,101.97,France,Direct,Delivered,28,Other
ORD-01130,2023-01-26,Deep Work,Books,18.99,3,10,51.27,UK,Direct,Processing,23,Male
ORD-01131,2024-09-25,Atomic Habits,Books,16.99,5,20,67.96,USA,Referral,Processing,30,Female
ORD-01132,2024-05-29,Laptop Pro 15,Electronics,1299.99,1,15,1104.99,Canada,Organic,Delivered,31,Male
ORD-01133,2024-12-23,Deep Work,Books,18.99,4,0,75.96,Australia,Email,Processing,20,Female
ORD-01134,2023-01-24,Protein Powder,Sports,54.99,4,0,219.96,Japan,Organic,Returned,51,Female
ORD-01135,2024-01-27,Dumbbells Set,Sports,79.99,1,0,79.99,UK,Referral,Delivered,36,Male
ORD-01136,2023-07-07,Dumbbells Set,Sports,79.99,1,0,79.99,France,Email,Cancelled,28,Male
ORD-01137,2024-09-21,Protein Powder,Sports,54.99,2,0,109.98,USA,Social Media,Shipped,24,Female
ORD-01138,2023-05-26,Bookshelf,Furniture,189.99,3,0,569.97,Japan,Organic,Delivered,30,Male
ORD-01139,2024-09-03,Deep Work,Books,18.99,2,5,36.08,Japan,Organic,Delivered,21,Female
ORD-01140,2024-04-20,Atomic Habits,Books,16.99,4,0,67.96,Brazil,Organic,Shipped,58,Male
ORD-01141,2023-01-20,Dumbbells Set,Sports,79.99,5,10,359.95,UK,Paid Ads,Returned,53,Other
ORD-01142,2023-05-09,Water Bottle,Sports,24.99,5,5,118.7,Brazil,Organic,Returned,58,Other
ORD-01143,2023-07-28,4K Monitor,Electronics,499.99,3,10,1349.97,Canada,Paid Ads,Processing,45,Other
ORD-01144,2024-04-07,Wireless Mouse,Electronics,29.99,1,20,23.99,Brazil,Referral,Delivered,59,Male
ORD-01145,2023-01-01,Wireless Mouse,Electronics,29.99,4,0,119.96,France,Direct,Shipped,40,Other
ORD-01146,2023-08-06,Deep Work,Books,18.99,5,0,94.95,USA,Paid Ads,Cancelled,52,Other
ORD-01147,2023-03-13,Water Bottle,Sports,24.99,1,5,23.74,UK,Paid Ads,Cancelled,53,Female
ORD-01148,2024-03-18,Running Shoes,Sports,119.99,5,10,539.95,Australia,Direct,Delivered,58,Female
ORD-01149,2024-12-25,Desk Lamp,Furniture,44.99,3,0,134.97,Australia,Social Media,Delivered,47,Other
ORD-01150,2023-12-03,Laptop Pro 15,Electronics,1299.99,2,15,2209.98,USA,Referral,Shipped,18,Male
ORD-01151,2024-11-19,Webcam HD,Electronics,89.99,4,10,323.96,Brazil,Email,Processing,23,Other
ORD-01152,2024-10-28,USB-C Hub,Electronics,49.99,5,0,249.95,Brazil,Direct,Delivered,40,Female
ORD-01153,2024-09-07,Office Chair,Furniture,299.99,4,0,1199.96,USA,Organic,Shipped,41,Male
ORD-01154,2024-03-31,Laptop Pro 15,Electronics,1299.99,2,15,2209.98,USA,Social Media,Cancelled,63,Female
ORD-01155,2023-07-16,USB-C Hub,Electronics,49.99,5,15,212.46,France,Direct,Delivered,32,Female
ORD-01156,2024-01-07,Wireless Mouse,Electronics,29.99,3,5,85.47,Germany,Organic,Delivered,58,Female
ORD-01157,2023-04-24,Dumbbells Set,Sports,79.99,5,10,359.95,Brazil,Paid Ads,Processing,30,Other
ORD-01158,2024-08-02,Blender Pro,Kitchen,74.99,5,10,337.45,Canada,Organic,Processing,26,Other
ORD-01159,2023-03-08,4K Monitor,Electronics,499.99,3,10,1349.97,Germany,Referral,Cancelled,35,Male
ORD-01160,2024-11-25,Laptop Pro 15,Electronics,1299.99,5,10,5849.95,France,Direct,Processing,47,Male
ORD-01161,2024-03-13,Air Fryer,Kitchen,129.99,1,20,103.99,Australia,Email,Returned,44,Female
ORD-01162,2023-05-05,Blender Pro,Kitchen,74.99,5,5,356.2,Brazil,Social Media,Processing,20,Other
ORD-01163,2023-08-18,Wireless Mouse,Electronics,29.99,3,5,85.47,Brazil,Social Media,Delivered,43,Male
ORD-01164,2023-12-09,USB-C Hub,Electronics,49.99,5,20,199.96,USA,Direct,Delivered,62,Female
ORD-01165,2023-03-18,Yoga Mat,Sports,39.99,2,0,79.98,Australia,Social Media,Delivered,58,Other
ORD-01166,2023-04-10,Laptop Pro 15,Electronics,1299.99,4,5,4939.96,USA,Referral,Returned,58,Female
ORD-01167,2023-09-14,Yoga Mat,Sports,39.99,1,5,37.99,Germany,Social Media,Returned,21,Female
ORD-01168,2024-06-16,Yoga Mat,Sports,39.99,1,20,31.99,Brazil,Organic,Cancelled,46,Other
ORD-01169,2023-05-08,USB-C Hub,Electronics,49.99,1,0,49.99,Japan,Social Media,Returned,62,Male
ORD-01170,2023-05-11,Wireless Mouse,Electronics,29.99,4,0,119.96,France,Referral,Cancelled,45,Male
ORD-01171,2023-04-15,Blender Pro,Kitchen,74.99,1,10,67.49,USA,Social Media,Returned,42,Female
ORD-01172,2023-04-09,Coffee Maker,Kitchen,89.99,4,0,359.96,USA,Email,Shipped,47,Female
ORD-01173,2024-09-27,Coffee Maker,Kitchen,89.99,1,0,89.99,USA,Email,Processing,39,Other
ORD-01174,2023-07-17,Mechanical Keyboard,Electronics,149.99,1,0,149.99,UK,Referral,Returned,30,Other
ORD-01175,2023-05-10,Air Fryer,Kitchen,129.99,5,0,649.95,Australia,Email,Shipped,64,Other
ORD-01176,2024-03-31,Webcam HD,Electronics,89.99,2,0,179.98,USA,Organic,Delivered,37,Other
ORD-01177,2024-03-22,The Lean Startup,Books,19.99,3,0,59.97,Canada,Paid Ads,Shipped,37,Other
ORD-01178,2023-12-18,Water Bottle,Sports,24.99,3,0,74.97,Canada,Organic,Delivered,50,Other
ORD-01179,2023-02-25,Bookshelf,Furniture,189.99,3,0,569.97,Germany,Direct,Delivered,22,Female
ORD-01180,2023-07-13,Blender Pro,Kitchen,74.99,4,15,254.97,Brazil,Referral,Cancelled,39,Other
ORD-01181,2024-08-02,Protein Powder,Sports,54.99,5,0,274.95,Japan,Social Media,Delivered,24,Female
ORD-01182,2023-02-13,Python Crash Course,Books,34.99,2,0,69.98,Germany,Direct,Delivered,47,Other
ORD-01183,2023-08-07,Yoga Mat,Sports,39.99,4,15,135.97,Australia,Direct,Shipped,31,Female
ORD-01184,2023-07-08,Laptop Pro 15,Electronics,1299.99,3,0,3899.97,UK,Social Media,Delivered,53,Male
ORD-01185,2023-05-26,Water Bottle,Sports,24.99,4,0,99.96,Australia,Organic,Delivered,30,Male
ORD-01186,2023-10-18,Webcam HD,Electronics,89.99,2,0,179.98,Canada,Social Media,Returned,53,Male
ORD-01187,2023-07-02,Running Shoes,Sports,119.99,1,0,119.99,France,Organic,Delivered,61,Male
ORD-01188,2024-01-24,Air Fryer,Kitchen,129.99,1,0,129.99,Germany,Social Media,Shipped,33,Female
ORD-01189,2024-01-17,Blender Pro,Kitchen,74.99,2,10,134.98,Japan,Direct,Delivered,25,Male
ORD-01190,2023-05-14,Running Shoes,Sports,119.99,2,10,215.98,Japan,Direct,Delivered,38,Other
ORD-01191,2024-03-15,Air Fryer,Kitchen,129.99,2,0,259.98,Germany,Referral,Delivered,27,Female
ORD-01192,2023-09-11,Wireless Mouse,Electronics,29.99,3,20,71.98,Canada,Referral,Processing,49,Male
ORD-01193,2023-03-25,Python Crash Course,Books,34.99,5,0,174.95,Canada,Referral,Shipped,59,Other
ORD-01194,2024-01-19,Python Crash Course,Books,34.99,5,5,166.2,Canada,Social Media,Cancelled,41,Other
ORD-01195,2024-12-12,Python Crash Course,Books,34.99,4,5,132.96,France,Referral,Shipped,58,Other
ORD-01196,2024-10-27,Wireless Mouse,Electronics,29.99,2,0,59.98,Germany,Email,Returned,33,Female
ORD-01197,2023-08-12,Water Bottle,Sports,24.99,4,5,94.96,Canada,Social Media,Delivered,53,Male
ORD-01198,2023-05-18,Sunscreen SPF50,Beauty,22.99,1,0,22.99,Brazil,Referral,Delivered,32,Other
ORD-01199,2023-02-12,Desk Lamp,Furniture,44.99,5,10,202.46,Australia,Email,Shipped,47,Female
ORD-01200,2024-02-23,Office Chair,Furniture,299.99,4,0,1199.96,France,Email,Delivered,29,Female
ORD-01201,2023-08-28,Dumbbells Set,Sports,79.99,1,0,79.99,UK,Social Media,Returned,50,Other
ORD-01202,2024-07-13,Air Fryer,Kitchen,129.99,1,20,103.99,France,Paid Ads,Delivered,25,Male
ORD-01203,2024-01-04,Wireless Mouse,Electronics,29.99,5,0,149.95,Australia,Paid Ads,Cancelled,39,Female
ORD-01204,2023-11-06,Skincare Set,Beauty,59.99,3,0,179.97,Canada,Direct,Cancelled,52,Female
ORD-01205,2023-01-09,Sunscreen SPF50,Beauty,22.99,3,0,68.97,Australia,Email,Shipped,55,Other
ORD-01206,2023-01-13,Python Crash Course,Books,34.99,5,20,139.96,Canada,Email,Delivered,32,Other
ORD-01207,2023-08-03,Python Crash Course,Books,34.99,2,10,62.98,Brazil,Direct,Returned,47,Female
ORD-01208,2023-03-29,Protein Powder,Sports,54.99,2,5,104.48,Japan,Paid Ads,Shipped,46,Other
ORD-01209,2023-01-31,Office Chair,Furniture,299.99,2,10,539.98,Canada,Social Media,Cancelled,18,Female
ORD-01210,2024-11-05,Office Chair,Furniture,299.99,3,0,899.97,Japan,Email,Cancelled,43,Other
ORD-01211,2024-07-04,Water Bottle,Sports,24.99,3,10,67.47,USA,Referral,Returned,20,Male
ORD-01212,2023-06-07,Protein Powder,Sports,54.99,5,15,233.71,Japan,Email,Delivered,43,Male
ORD-01213,2024-07-01,Standing Desk,Furniture,549.99,2,5,1044.98,UK,Social Media,Processing,46,Other
ORD-01214,2023-11-08,USB-C Hub,Electronics,49.99,2,0,99.98,Canada,Organic,Returned,62,Other
ORD-01215,2024-05-15,Laptop Pro 15,Electronics,1299.99,2,0,2599.98,UK,Email,Delivered,31,Male
ORD-01216,2023-10-26,Blender Pro,Kitchen,74.99,5,0,374.95,Brazil,Organic,Delivered,51,Male
ORD-01217,2023-06-25,Protein Powder,Sports,54.99,4,5,208.96,Canada,Organic,Delivered,52,Female
ORD-01218,2024-05-04,Skincare Set,Beauty,59.99,1,5,56.99,Germany,Paid Ads,Returned,31,Female
ORD-01219,2024-03-18,Instant Pot,Kitchen,99.99,4,0,399.96,France,Referral,Delivered,50,Other
ORD-01220,2024-12-02,Desk Lamp,Furniture,44.99,3,0,134.97,USA,Paid Ads,Shipped,22,Female
ORD-01221,2024-09-11,Yoga Mat,Sports,39.99,5,0,199.95,Brazil,Email,Shipped,54,Male
ORD-01222,2023-04-04,Water Bottle,Sports,24.99,4,0,99.96,France,Email,Processing,29,Female
ORD-01223,2023-09-13,Webcam HD,Electronics,89.99,5,15,382.46,Japan,Email,Shipped,60,Male
ORD-01224,2024-12-16,Deep Work,Books,18.99,1,5,18.04,USA,Paid Ads,Returned,28,Female
ORD-01225,2024-10-05,Atomic Habits,Books,16.99,3,15,43.32,UK,Direct,Cancelled,64,Male
ORD-01226,2024-05-20,Bookshelf,Furniture,189.99,5,0,949.95,Australia,Organic,Returned,24,Other
ORD-01227,2023-11-30,Bookshelf,Furniture,189.99,4,0,759.96,France,Paid Ads,Processing,20,Female
ORD-01228,2023-01-28,USB-C Hub,Electronics,49.99,4,5,189.96,Australia,Direct,Shipped,30,Female
ORD-01229,2023-02-08,Laptop Pro 15,Electronics,1299.99,3,0,3899.97,Canada,Social Media,Cancelled,65,Female
ORD-01230,2024-05-11,Desk Lamp,Furniture,44.99,1,0,44.99,Germany,Direct,Shipped,26,Female
ORD-01231,2023-10-13,Webcam HD,Electronics,89.99,2,20,143.98,USA,Referral,Delivered,29,Female
ORD-01232,2023-05-08,Atomic Habits,Books,16.99,4,0,67.96,UK,Direct,Returned,18,Other
ORD-01233,2023-10-07,4K Monitor,Electronics,499.99,4,0,1999.96,Canada,Paid Ads,Cancelled,20,Other
ORD-01234,2024-06-29,Running Shoes,Sports,119.99,4,15,407.97,USA,Direct,Returned,51,Other
ORD-01235,2024-11-09,Instant Pot,Kitchen,99.99,1,5,94.99,France,Email,Delivered,56,Male
ORD-01236,2023-02-19,Sunscreen SPF50,Beauty,22.99,4,20,73.57,Germany,Paid Ads,Delivered,33,Male
ORD-01237,2023-04-04,Laptop Pro 15,Electronics,1299.99,4,0,5199.96,USA,Social Media,Returned,30,Other
ORD-01238,2024-11-16,USB-C Hub,Electronics,49.99,2,0,99.98,Canada,Direct,Delivered,20,Female
ORD-01239,2024-06-08,Mechanical Keyboard,Electronics,149.99,3,0,449.97,Germany,Referral,Delivered,52,Female
ORD-01240,2024-03-14,Mechanical Keyboard,Electronics,149.99,2,0,299.98,UK,Social Media,Delivered,29,Male
ORD-01241,2024-02-16,Air Fryer,Kitchen,129.99,3,0,389.97,Japan,Paid Ads,Shipped,32,Male
ORD-01242,2024-11-04,Dumbbells Set,Sports,79.99,5,0,399.95,USA,Organic,Delivered,44,Female
ORD-01243,2024-09-05,Python Crash Course,Books,34.99,1,15,29.74,Canada,Social Media,Delivered,56,Female
ORD-01244,2024-10-08,Instant Pot,Kitchen,99.99,4,15,339.97,Canada,Social Media,Delivered,58,Other
ORD-01245,2023-11-22,Blender Pro,Kitchen,74.99,4,0,299.96,Australia,Organic,Processing,55,Female
ORD-01246,2024-01-27,The Lean Startup,Books,19.99,2,10,35.98,USA,Paid Ads,Delivered,57,Male
ORD-01247,2023-11-13,Yoga Mat,Sports,39.99,4,20,127.97,Germany,Referral,Delivered,21,Male
ORD-01248,2024-01-19,Python Crash Course,Books,34.99,3,0,104.97,Canada,Email,Delivered,59,Male
ORD-01249,2023-09-01,Skincare Set,Beauty,59.99,5,5,284.95,Australia,Paid Ads,Delivered,38,Other
ORD-01250,2023-02-10,The Lean Startup,Books,19.99,4,15,67.97,France,Organic,Delivered,64,Female
ORD-01251,2023-12-17,Yoga Mat,Sports,39.99,2,10,71.98,USA,Direct,Delivered,61,Other
ORD-01252,2023-08-16,Coffee Maker,Kitchen,89.99,4,10,323.96,Australia,Paid Ads,Shipped,58,Male
ORD-01253,2023-03-08,Python Crash Course,Books,34.99,1,0,34.99,USA,Direct,Delivered,31,Male
ORD-01254,2023-04-04,Webcam HD,Electronics,89.99,5,10,404.95,Germany,Paid Ads,Processing,23,Female
ORD-01255,2024-04-23,Water Bottle,Sports,24.99,2,15,42.48,Germany,Paid Ads,Shipped,29,Other
ORD-01256,2023-09-12,Water Bottle,Sports,24.99,3,10,67.47,Brazil,Direct,Delivered,35,Female
ORD-01257,2023-03-23,Office Chair,Furniture,299.99,4,5,1139.96,Canada,Email,Shipped,45,Other
ORD-01258,2024-09-16,Skincare Set,Beauty,59.99,4,20,191.97,Canada,Email,Delivered,42,Female
ORD-01259,2023-03-27,Sunscreen SPF50,Beauty,22.99,3,10,62.07,Canada,Referral,Cancelled,29,Female
ORD-01260,2024-01-25,Desk Lamp,Furniture,44.99,3,5,128.22,France,Email,Processing,56,Female
ORD-01261,2023-03-15,Protein Powder,Sports,54.99,2,15,93.48,Brazil,Paid Ads,Delivered,30,Male
ORD-01262,2023-01-14,The Lean Startup,Books,19.99,3,5,56.97,Japan,Email,Shipped,65,Female
ORD-01263,2024-01-29,Python Crash Course,Books,34.99,3,15,89.22,UK,Email,Delivered,25,Female
ORD-01264,2024-08-02,Webcam HD,Electronics,89.99,2,20,143.98,Japan,Social Media,Returned,64,Female
ORD-01265,2024-06-05,Instant Pot,Kitchen,99.99,4,15,339.97,Australia,Direct,Delivered,59,Female
ORD-01266,2024-03-10,Skincare Set,Beauty,59.99,2,0,119.98,Brazil,Organic,Returned,41,Other
ORD-01267,2024-12-24,Blender Pro,Kitchen,74.99,1,15,63.74,Canada,Social Media,Processing,47,Other
ORD-01268,2023-05-31,Dumbbells Set,Sports,79.99,2,10,143.98,Canada,Organic,Delivered,23,Other
ORD-01269,2024-12-29,Standing Desk,Furniture,549.99,4,15,1869.97,UK,Referral,Delivered,45,Male
ORD-01270,2024-03-13,Dumbbells Set,Sports,79.99,3,10,215.97,Japan,Referral,Delivered,64,Female
ORD-01271,2023-04-02,Mechanical Keyboard,Electronics,149.99,5,20,599.96,Australia,Paid Ads,Delivered,65,Male
ORD-01272,2024-02-12,Instant Pot,Kitchen,99.99,3,0,299.97,Canada,Email,Delivered,24,Male
ORD-01273,2024-12-14,Bookshelf,Furniture,189.99,5,5,902.45,France,Direct,Shipped,28,Male
ORD-01274,2024-01-19,Webcam HD,Electronics,89.99,2,0,179.98,Brazil,Paid Ads,Processing,25,Female
ORD-01275,2024-08-03,Running Shoes,Sports,119.99,2,0,239.98,USA,Direct,Delivered,30,Female
ORD-01276,2024-02-23,Desk Lamp,Furniture,44.99,5,0,224.95,Canada,Organic,Delivered,23,Female
ORD-01277,2023-05-08,Dumbbells Set,Sports,79.99,1,0,79.99,USA,Referral,Delivered,48,Female
ORD-01278,2024-11-19,Sunscreen SPF50,Beauty,22.99,1,0,22.99,USA,Social Media,Returned,18,Other
ORD-01279,2024-08-19,Wireless Mouse,Electronics,29.99,1,0,29.99,USA,Email,Processing,51,Female
ORD-01280,2024-05-12,Python Crash Course,Books,34.99,3,10,94.47,Japan,Social Media,Delivered,61,Female
ORD-01281,2023-11-19,Yoga Mat,Sports,39.99,3,15,101.97,Japan,Email,Processing,21,Female
ORD-01282,2023-12-05,Mechanical Keyboard,Electronics,149.99,1,5,142.49,Japan,Direct,Returned,26,Male
ORD-01283,2024-09-08,Mechanical Keyboard,Electronics,149.99,5,0,749.95,Germany,Social Media,Shipped,57,Other
ORD-01284,2024-11-05,Python Crash Course,Books,34.99,5,5,166.2,Germany,Organic,Cancelled,38,Male
ORD-01285,2024-10-10,Office Chair,Furniture,299.99,1,20,239.99,Australia,Direct,Shipped,32,Other
ORD-01286,2024-05-11,Standing Desk,Furniture,549.99,5,20,2199.96,UK,Social Media,Shipped,48,Other
ORD-01287,2024-12-17,Mechanical Keyboard,Electronics,149.99,4,0,599.96,Germany,Direct,Delivered,51,Other
ORD-01288,2024-05-31,Wireless Mouse,Electronics,29.99,2,5,56.98,UK,Social Media,Returned,61,Other
ORD-01289,2024-04-23,Webcam HD,Electronics,89.99,4,0,359.96,Brazil,Direct,Processing,33,Male
ORD-01290,2023-08-05,Webcam HD,Electronics,89.99,1,0,89.99,Japan,Direct,Delivered,28,Female
ORD-01291,2024-01-28,Sunscreen SPF50,Beauty,22.99,3,0,68.97,France,Direct,Shipped,60,Male
ORD-01292,2024-11-12,4K Monitor,Electronics,499.99,5,15,2124.96,Brazil,Organic,Returned,62,Female
ORD-01293,2023-08-18,Deep Work,Books,18.99,5,0,94.95,Australia,Email,Cancelled,65,Other
ORD-01294,2024-01-26,Air Fryer,Kitchen,129.99,5,20,519.96,Japan,Paid Ads,Delivered,34,Male
ORD-01295,2023-10-25,USB-C Hub,Electronics,49.99,1,0,49.99,Australia,Direct,Processing,30,Other
ORD-01296,2023-04-29,Deep Work,Books,18.99,3,0,56.97,Australia,Email,Processing,65,Male
ORD-01297,2023-11-15,Wireless Mouse,Electronics,29.99,5,10,134.95,Germany,Email,Shipped,38,Female
ORD-01298,2024-11-26,4K Monitor,Electronics,499.99,5,15,2124.96,Germany,Organic,Shipped,18,Other
ORD-01299,2024-04-16,Protein Powder,Sports,54.99,2,20,87.98,France,Paid Ads,Shipped,61,Female
ORD-01300,2023-05-31,Coffee Maker,Kitchen,89.99,3,0,269.97,USA,Referral,Delivered,37,Other
ORD-01301,2024-12-06,Mechanical Keyboard,Electronics,149.99,3,20,359.98,Brazil,Direct,Returned,31,Female
ORD-01302,2023-10-26,Instant Pot,Kitchen,99.99,4,0,399.96,Australia,Paid Ads,Returned,63,Male
ORD-01303,2023-08-19,Instant Pot,Kitchen,99.99,1,20,79.99,Canada,Email,Cancelled,43,Female
ORD-01304,2024-11-06,Webcam HD,Electronics,89.99,1,10,80.99,Japan,Social Media,Shipped,61,Female
ORD-01305,2023-12-23,Sunscreen SPF50,Beauty,22.99,4,5,87.36,UK,Referral,Cancelled,36,Female
ORD-01306,2024-12-14,Running Shoes,Sports,119.99,5,5,569.95,UK,Paid Ads,Delivered,55,Male
ORD-01307,2024-12-27,Water Bottle,Sports,24.99,4,15,84.97,Canada,Referral,Delivered,46,Other
ORD-01308,2024-05-09,Water Bottle,Sports,24.99,2,0,49.98,Germany,Direct,Delivered,65,Other
ORD-01309,2023-01-10,Office Chair,Furniture,299.99,5,0,1499.95,Canada,Email,Shipped,61,Male
ORD-01310,2023-02-27,Mechanical Keyboard,Electronics,149.99,3,5,427.47,Canada,Organic,Delivered,50,Other
ORD-01311,2023-12-13,Deep Work,Books,18.99,4,0,75.96,Japan,Paid Ads,Delivered,25,Male
ORD-01312,2024-02-11,Python Crash Course,Books,34.99,3,15,89.22,Canada,Direct,Cancelled,42,Other
ORD-01313,2024-11-17,Blender Pro,Kitchen,74.99,1,20,59.99,Brazil,Direct,Shipped,35,Other
ORD-01314,2024-10-30,Desk Lamp,Furniture,44.99,3,0,134.97,UK,Organic,Delivered,25,Female
ORD-01315,2024-10-18,Blender Pro,Kitchen,74.99,5,0,374.95,USA,Referral,Processing,54,Female
ORD-01316,2023-10-08,Instant Pot,Kitchen,99.99,1,20,79.99,Canada,Email,Shipped,59,Other
ORD-01317,2024-03-20,Water Bottle,Sports,24.99,5,0,124.95,UK,Social Media,Delivered,63,Other
ORD-01318,2023-07-09,Standing Desk,Furniture,549.99,1,5,522.49,Brazil,Organic,Processing,55,Other
ORD-01319,2024-12-31,Air Fryer,Kitchen,129.99,1,20,103.99,Germany,Direct,Delivered,29,Other
ORD-01320,2024-12-12,Webcam HD,Electronics,89.99,1,10,80.99,Brazil,Social Media,Delivered,20,Male
ORD-01321,2024-08-11,Running Shoes,Sports,119.99,2,0,239.98,France,Organic,Delivered,25,Other
ORD-01322,2023-11-02,Office Chair,Furniture,299.99,5,0,1499.95,Japan,Direct,Delivered,33,Female
ORD-01323,2023-02-17,The Lean Startup,Books,19.99,3,15,50.97,Brazil,Paid Ads,Processing,49,Other
ORD-01324,2023-11-17,The Lean Startup,Books,19.99,3,10,53.97,Germany,Direct,Delivered,60,Male
ORD-01325,2023-08-31,Wireless Mouse,Electronics,29.99,2,0,59.98,France,Paid Ads,Delivered,56,Other
ORD-01326,2023-08-10,Deep Work,Books,18.99,3,0,56.97,Canada,Direct,Processing,45,Male
ORD-01327,2024-07-17,Dumbbells Set,Sports,79.99,3,5,227.97,Canada,Email,Shipped,23,Female
ORD-01328,2024-11-23,Bookshelf,Furniture,189.99,2,10,341.98,Germany,Organic,Cancelled,64,Female
ORD-01329,2024-10-10,Instant Pot,Kitchen,99.99,2,15,169.98,Australia,Referral,Cancelled,59,Other
ORD-01330,2024-09-11,Webcam HD,Electronics,89.99,4,20,287.97,Canada,Social Media,Returned,45,Female
ORD-01331,2023-01-27,Coffee Maker,Kitchen,89.99,2,0,179.98,France,Organic,Processing,25,Other
ORD-01332,2024-07-15,Bookshelf,Furniture,189.99,1,0,189.99,UK,Social Media,Delivered,35,Male
ORD-01333,2023-08-20,Dumbbells Set,Sports,79.99,1,0,79.99,Japan,Paid Ads,Shipped,24,Male
ORD-01334,2023-06-29,The Lean Startup,Books,19.99,3,10,53.97,Brazil,Organic,Processing,40,Other
ORD-01335,2024-08-08,Water Bottle,Sports,24.99,5,0,124.95,UK,Organic,Delivered,38,Female
ORD-01336,2023-07-05,Office Chair,Furniture,299.99,5,10,1349.96,Japan,Email,Processing,26,Female
ORD-01337,2023-01-10,Blender Pro,Kitchen,74.99,5,15,318.71,Canada,Direct,Delivered,27,Female
ORD-01338,2024-08-04,Skincare Set,Beauty,59.99,3,0,179.97,Australia,Direct,Returned,33,Other
ORD-01339,2024-09-15,Bookshelf,Furniture,189.99,4,0,759.96,Brazil,Social Media,Returned,47,Other
ORD-01340,2023-10-21,Dumbbells Set,Sports,79.99,4,10,287.96,Germany,Social Media,Cancelled,23,Female
ORD-01341,2024-02-21,Sunscreen SPF50,Beauty,22.99,3,20,55.18,UK,Direct,Delivered,22,Other
ORD-01342,2023-09-03,USB-C Hub,Electronics,49.99,2,10,89.98,USA,Organic,Cancelled,36,Other
ORD-01343,2024-05-19,Laptop Pro 15,Electronics,1299.99,4,15,4419.97,Canada,Email,Shipped,50,Other
ORD-01344,2024-11-24,Atomic Habits,Books,16.99,1,5,16.14,USA,Referral,Delivered,65,Male
ORD-01345,2024-03-11,Instant Pot,Kitchen,99.99,5,15,424.96,Australia,Paid Ads,Cancelled,60,Other
ORD-01346,2024-12-01,Coffee Maker,Kitchen,89.99,1,10,80.99,Brazil,Paid Ads,Cancelled,51,Male
ORD-01347,2023-06-29,USB-C Hub,Electronics,49.99,3,20,119.98,Canada,Referral,Delivered,21,Female
ORD-01348,2024-05-22,Standing Desk,Furniture,549.99,2,0,1099.98,UK,Social Media,Cancelled,33,Other
ORD-01349,2023-05-01,Water Bottle,Sports,24.99,3,5,71.22,France,Social Media,Delivered,18,Other
ORD-01350,2024-10-08,Deep Work,Books,18.99,4,0,75.96,France,Direct,Processing,20,Female
ORD-01351,2024-09-24,Python Crash Course,Books,34.99,1,0,34.99,USA,Referral,Shipped,39,Female
ORD-01352,2023-12-29,Mechanical Keyboard,Electronics,149.99,1,0,149.99,Canada,Email,Delivered,18,Male
ORD-01353,2024-03-17,Python Crash Course,Books,34.99,2,0,69.98,Canada,Email,Delivered,49,Male
ORD-01354,2023-06-09,Sunscreen SPF50,Beauty,22.99,3,0,68.97,Brazil,Email,Delivered,37,Female
ORD-01355,2024-03-14,Webcam HD,Electronics,89.99,5,20,359.96,France,Organic,Shipped,60,Female
ORD-01356,2023-06-15,4K Monitor,Electronics,499.99,3,15,1274.97,Japan,Organic,Delivered,63,Male
ORD-01357,2023-04-24,Running Shoes,Sports,119.99,3,0,359.97,Canada,Email,Shipped,65,Female
ORD-01358,2023-02-02,Webcam HD,Electronics,89.99,2,5,170.98,France,Organic,Shipped,49,Other
ORD-01359,2024-05-22,Blender Pro,Kitchen,74.99,2,0,149.98,Japan,Referral,Cancelled,65,Female
ORD-01360,2023-05-15,Mechanical Keyboard,Electronics,149.99,1,20,119.99,USA,Paid Ads,Delivered,40,Other
ORD-01361,2023-01-14,Sunscreen SPF50,Beauty,22.99,2,0,45.98,Australia,Email,Processing,65,Male
ORD-01362,2024-03-20,Python Crash Course,Books,34.99,3,0,104.97,Brazil,Organic,Returned,45,Male
ORD-01363,2024-09-24,4K Monitor,Electronics,499.99,5,0,2499.95,Germany,Social Media,Returned,25,Female
ORD-01364,2024-12-18,Yoga Mat,Sports,39.99,4,0,159.96,Brazil,Direct,Returned,24,Other
ORD-01365,2024-05-29,Coffee Maker,Kitchen,89.99,2,0,179.98,Canada,Paid Ads,Delivered,26,Female
ORD-01366,2023-02-09,Dumbbells Set,Sports,79.99,2,0,159.98,Japan,Organic,Processing,30,Male
ORD-01367,2023-02-22,Standing Desk,Furniture,549.99,4,10,1979.96,France,Direct,Cancelled,32,Male
ORD-01368,2023-12-11,Bookshelf,Furniture,189.99,4,0,759.96,Japan,Direct,Delivered,37,Male
ORD-01369,2023-10-03,Office Chair,Furniture,299.99,3,0,899.97,Japan,Paid Ads,Delivered,21,Male
ORD-01370,2023-02-11,Laptop Pro 15,Electronics,1299.99,1,15,1104.99,Australia,Paid Ads,Delivered,48,Female
ORD-01371,2024-09-13,Mechanical Keyboard,Electronics,149.99,4,0,599.96,France,Email,Delivered,39,Female
ORD-01372,2023-04-25,Mechanical Keyboard,Electronics,149.99,1,15,127.49,Canada,Social Media,Delivered,65,Female
ORD-01373,2024-08-26,The Lean Startup,Books,19.99,5,0,99.95,Germany,Direct,Delivered,31,Other
ORD-01374,2024-01-29,USB-C Hub,Electronics,49.99,1,0,49.99,UK,Organic,Processing,59,Male
ORD-01375,2023-07-17,Instant Pot,Kitchen,99.99,4,0,399.96,UK,Referral,Processing,39,Female
ORD-01376,2024-04-30,Sunscreen SPF50,Beauty,22.99,2,10,41.38,Canada,Organic,Delivered,30,Female
ORD-01377,2024-07-17,Instant Pot,Kitchen,99.99,3,20,239.98,Australia,Social Media,Shipped,58,Other
ORD-01378,2023-05-01,Bookshelf,Furniture,189.99,1,5,180.49,Japan,Referral,Processing,19,Male
ORD-01379,2024-09-05,Dumbbells Set,Sports,79.99,2,0,159.98,USA,Referral,Delivered,62,Male
ORD-01380,2024-02-12,Python Crash Course,Books,34.99,5,20,139.96,UK,Paid Ads,Shipped,50,Female
ORD-01381,2024-07-29,Sunscreen SPF50,Beauty,22.99,4,5,87.36,France,Paid Ads,Delivered,18,Male
ORD-01382,2024-08-08,Running Shoes,Sports,119.99,5,15,509.96,USA,Referral,Shipped,50,Other
ORD-01383,2024-06-21,Dumbbells Set,Sports,79.99,3,20,191.98,Germany,Social Media,Cancelled,35,Other
ORD-01384,2023-05-02,Webcam HD,Electronics,89.99,2,0,179.98,Germany,Social Media,Delivered,58,Male
ORD-01385,2023-10-12,4K Monitor,Electronics,499.99,3,20,1199.98,USA,Direct,Delivered,31,Other
ORD-01386,2023-04-29,Laptop Pro 15,Electronics,1299.99,3,15,3314.97,Australia,Social Media,Delivered,63,Other
ORD-01387,2023-09-28,Skincare Set,Beauty,59.99,2,5,113.98,France,Social Media,Delivered,58,Male
ORD-01388,2023-12-31,Yoga Mat,Sports,39.99,3,0,119.97,France,Organic,Processing,60,Other
ORD-01389,2023-04-19,Skincare Set,Beauty,59.99,4,15,203.97,France,Direct,Cancelled,56,Other
ORD-01390,2023-07-31,Desk Lamp,Furniture,44.99,2,0,89.98,France,Paid Ads,Processing,58,Female
ORD-01391,2023-06-09,Desk Lamp,Furniture,44.99,2,15,76.48,Japan,Social Media,Delivered,48,Male
ORD-01392,2024-05-22,Webcam HD,Electronics,89.99,4,0,359.96,Canada,Paid Ads,Processing,49,Other
ORD-01393,2023-07-04,Air Fryer,Kitchen,129.99,3,0,389.97,France,Paid Ads,Delivered,43,Other
ORD-01394,2024-09-14,Running Shoes,Sports,119.99,1,0,119.99,UK,Email,Delivered,47,Other
ORD-01395,2024-02-17,Mechanical Keyboard,Electronics,149.99,5,0,749.95,USA,Referral,Delivered,42,Female
ORD-01396,2023-01-22,Mechanical Keyboard,Electronics,149.99,1,20,119.99,USA,Paid Ads,Delivered,23,Female
ORD-01397,2023-05-27,Air Fryer,Kitchen,129.99,5,0,649.95,USA,Organic,Processing,65,Female
ORD-01398,2024-12-25,USB-C Hub,Electronics,49.99,2,0,99.98,Brazil,Referral,Shipped,28,Female
ORD-01399,2023-12-06,Python Crash Course,Books,34.99,2,0,69.98,USA,Referral,Cancelled,35,Other
ORD-01400,2024-07-10,Mechanical Keyboard,Electronics,149.99,1,20,119.99,USA,Organic,Processing,36,Male
ORD-01401,2024-06-07,Bookshelf,Furniture,189.99,2,0,379.98,Germany,Organic,Delivered,45,Female
ORD-01402,2023-05-31,Office Chair,Furniture,299.99,3,0,899.97,Japan,Direct,Cancelled,25,Female
ORD-01403,2023-06-23,Mechanical Keyboard,Electronics,149.99,2,0,299.98,France,Social Media,Delivered,57,Female
ORD-01404,2023-05-02,Office Chair,Furniture,299.99,1,0,299.99,Canada,Paid Ads,Shipped,51,Female
ORD-01405,2024-09-06,Webcam HD,Electronics,89.99,4,0,359.96,France,Referral,Returned,36,Female
ORD-01406,2023-04-17,Dumbbells Set,Sports,79.99,4,15,271.97,Australia,Social Media,Returned,63,Male
ORD-01407,2023-01-03,4K Monitor,Electronics,499.99,2,0,999.98,Canada,Email,Shipped,64,Female
ORD-01408,2023-03-10,Mechanical Keyboard,Electronics,149.99,5,5,712.45,France,Paid Ads,Delivered,38,Male
ORD-01409,2023-07-06,Sunscreen SPF50,Beauty,22.99,4,0,91.96,Australia,Email,Shipped,48,Other
ORD-01410,2024-02-28,Coffee Maker,Kitchen,89.99,3,0,269.97,Germany,Email,Shipped,53,Female
ORD-01411,2024-07-05,Atomic Habits,Books,16.99,4,10,61.16,Germany,Email,Delivered,55,Other
ORD-01412,2024-03-07,The Lean Startup,Books,19.99,5,20,79.96,Germany,Direct,Delivered,33,Female
ORD-01413,2023-01-03,Running Shoes,Sports,119.99,1,0,119.99,Brazil,Paid Ads,Delivered,21,Female
ORD-01414,2024-01-05,Sunscreen SPF50,Beauty,22.99,2,0,45.98,Brazil,Paid Ads,Returned,53,Female
ORD-01415,2023-09-06,Running Shoes,Sports,119.99,2,0,239.98,Canada,Organic,Cancelled,63,Male
ORD-01416,2024-01-22,Skincare Set,Beauty,59.99,1,15,50.99,Japan,Social Media,Delivered,62,Male
ORD-01417,2024-11-09,Deep Work,Books,18.99,1,5,18.04,Canada,Organic,Delivered,41,Male
ORD-01418,2023-03-22,Yoga Mat,Sports,39.99,1,0,39.99,Japan,Paid Ads,Returned,29,Female
ORD-01419,2023-05-24,Skincare Set,Beauty,59.99,5,15,254.96,France,Email,Shipped,64,Female
ORD-01420,2024-03-30,Air Fryer,Kitchen,129.99,1,0,129.99,UK,Paid Ads,Delivered,59,Male
ORD-01421,2024-09-10,Sunscreen SPF50,Beauty,22.99,2,10,41.38,Canada,Organic,Shipped,45,Other
ORD-01422,2024-04-10,Atomic Habits,Books,16.99,3,10,45.87,France,Direct,Delivered,45,Male
ORD-01423,2023-10-06,USB-C Hub,Electronics,49.99,5,5,237.45,Canada,Direct,Delivered,43,Other
ORD-01424,2023-02-27,Yoga Mat,Sports,39.99,4,0,159.96,UK,Direct,Shipped,48,Female
ORD-01425,2024-10-30,Air Fryer,Kitchen,129.99,4,20,415.97,Japan,Paid Ads,Delivered,41,Other
ORD-01426,2024-03-10,Running Shoes,Sports,119.99,3,0,359.97,UK,Organic,Delivered,56,Female
ORD-01427,2023-01-29,Yoga Mat,Sports,39.99,3,0,119.97,UK,Organic,Delivered,56,Male
ORD-01428,2023-11-13,Running Shoes,Sports,119.99,5,0,599.95,USA,Paid Ads,Delivered,23,Other
ORD-01429,2024-08-01,Wireless Mouse,Electronics,29.99,5,20,119.96,Brazil,Organic,Delivered,38,Male
ORD-01430,2023-11-13,Laptop Pro 15,Electronics,1299.99,3,20,3119.98,France,Email,Processing,30,Female
ORD-01431,2024-02-05,Skincare Set,Beauty,59.99,3,0,179.97,UK,Social Media,Shipped,65,Other
ORD-01432,2023-04-14,The Lean Startup,Books,19.99,2,0,39.98,Japan,Email,Processing,20,Female
ORD-01433,2023-06-15,4K Monitor,Electronics,499.99,4,0,1999.96,UK,Direct,Delivered,31,Other
ORD-01434,2024-10-31,4K Monitor,Electronics,499.99,2,10,899.98,Australia,Email,Returned,26,Female
ORD-01435,2023-10-25,Office Chair,Furniture,299.99,5,20,1199.96,Japan,Organic,Cancelled,61,Female
ORD-01436,2023-09-02,Running Shoes,Sports,119.99,5,10,539.95,UK,Paid Ads,Processing,58,Female
ORD-01437,2023-04-10,Laptop Pro 15,Electronics,1299.99,2,20,2079.98,France,Referral,Returned,23,Female
ORD-01438,2023-04-07,Desk Lamp,Furniture,44.99,3,0,134.97,France,Paid Ads,Delivered,35,Other
ORD-01439,2024-01-08,Office Chair,Furniture,299.99,1,0,299.99,Canada,Direct,Returned,47,Female
ORD-01440,2024-04-29,Dumbbells Set,Sports,79.99,4,15,271.97,Canada,Organic,Processing,49,Male
ORD-01441,2024-01-08,Water Bottle,Sports,24.99,4,5,94.96,Canada,Email,Delivered,50,Other
ORD-01442,2023-11-18,Office Chair,Furniture,299.99,1,15,254.99,Japan,Referral,Shipped,34,Other
ORD-01443,2023-02-13,Coffee Maker,Kitchen,89.99,1,15,76.49,Germany,Direct,Returned,53,Male
ORD-01444,2023-06-08,Mechanical Keyboard,Electronics,149.99,3,5,427.47,Canada,Referral,Shipped,22,Male
ORD-01445,2024-02-02,Desk Lamp,Furniture,44.99,1,0,44.99,Brazil,Email,Cancelled,52,Female
ORD-01446,2023-04-22,USB-C Hub,Electronics,49.99,2,15,84.98,UK,Email,Returned,45,Male
ORD-01447,2024-02-16,Protein Powder,Sports,54.99,1,0,54.99,Australia,Referral,Shipped,31,Other
ORD-01448,2024-05-02,Mechanical Keyboard,Electronics,149.99,3,5,427.47,USA,Referral,Delivered,48,Male
ORD-01449,2024-10-17,Running Shoes,Sports,119.99,3,10,323.97,USA,Referral,Returned,42,Male
ORD-01450,2024-01-06,Bookshelf,Furniture,189.99,4,0,759.96,USA,Paid Ads,Returned,19,Other
ORD-01451,2024-03-09,Dumbbells Set,Sports,79.99,3,15,203.97,Canada,Organic,Delivered,22,Female
ORD-01452,2024-02-19,USB-C Hub,Electronics,49.99,3,20,119.98,Brazil,Email,Processing,31,Other
ORD-01453,2023-09-23,Webcam HD,Electronics,89.99,1,0,89.99,Japan,Social Media,Returned,37,Male
ORD-01454,2023-07-23,Office Chair,Furniture,299.99,4,5,1139.96,Brazil,Referral,Cancelled,28,Other
ORD-01455,2024-03-23,Office Chair,Furniture,299.99,5,5,1424.95,USA,Referral,Returned,56,Male
ORD-01456,2023-03-21,Skincare Set,Beauty,59.99,5,10,269.95,Canada,Social Media,Cancelled,64,Other
ORD-01457,2023-11-21,Laptop Pro 15,Electronics,1299.99,2,5,2469.98,Canada,Email,Returned,38,Male
ORD-01458,2024-11-21,Bookshelf,Furniture,189.99,3,10,512.97,USA,Email,Returned,26,Other
ORD-01459,2024-04-05,Air Fryer,Kitchen,129.99,5,0,649.95,USA,Paid Ads,Cancelled,30,Female
ORD-01460,2024-12-14,Atomic Habits,Books,16.99,2,10,30.58,Japan,Paid Ads,Delivered,31,Male
ORD-01461,2024-11-26,Deep Work,Books,18.99,1,0,18.99,Australia,Organic,Delivered,37,Other
ORD-01462,2023-05-08,Instant Pot,Kitchen,99.99,4,15,339.97,Brazil,Email,Shipped,40,Female
ORD-01463,2024-07-09,Bookshelf,Furniture,189.99,5,20,759.96,Australia,Organic,Delivered,47,Female
ORD-01464,2024-01-18,Webcam HD,Electronics,89.99,5,10,404.95,Canada,Referral,Shipped,42,Female
ORD-01465,2024-11-06,Instant Pot,Kitchen,99.99,4,15,339.97,France,Direct,Processing,24,Male
ORD-01466,2023-04-17,USB-C Hub,Electronics,49.99,1,10,44.99,Japan,Organic,Shipped,65,Other
ORD-01467,2024-07-11,Mechanical Keyboard,Electronics,149.99,4,10,539.96,USA,Direct,Delivered,44,Male
ORD-01468,2023-08-17,Sunscreen SPF50,Beauty,22.99,4,10,82.76,Japan,Organic,Delivered,48,Male
ORD-01469,2023-12-26,Desk Lamp,Furniture,44.99,4,20,143.97,Japan,Organic,Delivered,32,Other
ORD-01470,2023-10-18,Dumbbells Set,Sports,79.99,3,0,239.97,Japan,Direct,Delivered,18,Female
ORD-01471,2023-02-03,Laptop Pro 15,Electronics,1299.99,1,0,1299.99,Australia,Referral,Returned,65,Other
ORD-01472,2023-11-22,Protein Powder,Sports,54.99,2,10,98.98,Japan,Paid Ads,Processing,43,Male
ORD-01473,2024-09-23,Air Fryer,Kitchen,129.99,4,20,415.97,USA,Referral,Shipped,26,Other
ORD-01474,2024-02-04,Skincare Set,Beauty,59.99,2,5,113.98,Australia,Referral,Delivered,45,Male
ORD-01475,2023-04-12,Instant Pot,Kitchen,99.99,2,10,179.98,UK,Direct,Processing,43,Other
ORD-01476,2023-09-24,Atomic Habits,Books,16.99,2,0,33.98,Germany,Organic,Delivered,19,Female
ORD-01477,2023-01-12,Air Fryer,Kitchen,129.99,5,0,649.95,USA,Referral,Cancelled,52,Male
ORD-01478,2024-08-08,Standing Desk,Furniture,549.99,1,15,467.49,Canada,Email,Cancelled,58,Female
ORD-01479,2023-07-11,Yoga Mat,Sports,39.99,2,0,79.98,Germany,Referral,Returned,33,Other
ORD-01480,2024-01-23,Sunscreen SPF50,Beauty,22.99,3,15,58.62,USA,Social Media,Delivered,27,Other
ORD-01481,2023-01-24,Air Fryer,Kitchen,129.99,5,20,519.96,UK,Organic,Shipped,56,Male
ORD-01482,2023-04-20,4K Monitor,Electronics,499.99,3,0,1499.97,Canada,Organic,Delivered,49,Female
ORD-01483,2023-08-01,Standing Desk,Furniture,549.99,1,5,522.49,USA,Email,Delivered,49,Other
ORD-01484,2023-03-20,Running Shoes,Sports,119.99,4,5,455.96,Australia,Direct,Shipped,28,Male
ORD-01485,2023-11-02,Laptop Pro 15,Electronics,1299.99,2,15,2209.98,USA,Organic,Delivered,40,Female
ORD-01486,2024-09-20,Coffee Maker,Kitchen,89.99,5,0,449.95,Canada,Referral,Cancelled,34,Male
ORD-01487,2023-07-17,Coffee Maker,Kitchen,89.99,1,10,80.99,USA,Referral,Processing,27,Male
ORD-01488,2024-01-09,Mechanical Keyboard,Electronics,149.99,2,0,299.98,Australia,Paid Ads,Delivered,23,Other
ORD-01489,2024-12-09,4K Monitor,Electronics,499.99,3,0,1499.97,Brazil,Paid Ads,Delivered,40,Other
ORD-01490,2024-07-18,Air Fryer,Kitchen,129.99,3,5,370.47,Brazil,Email,Processing,43,Male
ORD-01491,2023-09-14,Webcam HD,Electronics,89.99,2,15,152.98,France,Email,Delivered,55,Other
ORD-01492,2023-11-16,Webcam HD,Electronics,89.99,2,15,152.98,Brazil,Email,Shipped,45,Other
ORD-01493,2023-10-06,Protein Powder,Sports,54.99,5,0,274.95,Japan,Email,Delivered,54,Female
ORD-01494,2024-01-18,Air Fryer,Kitchen,129.99,1,5,123.49,Canada,Organic,Processing,34,Other
ORD-01495,2024-02-24,Water Bottle,Sports,24.99,5,20,99.96,Australia,Email,Delivered,25,Male
ORD-01496,2023-11-27,Bookshelf,Furniture,189.99,2,0,379.98,Germany,Organic,Delivered,60,Female
ORD-01497,2024-01-16,4K Monitor,Electronics,499.99,3,0,1499.97,USA,Social Media,Cancelled,18,Other
ORD-01498,2023-12-03,Running Shoes,Sports,119.99,4,10,431.96,Australia,Paid Ads,Processing,22,Female
ORD-01499,2023-10-18,Coffee Maker,Kitchen,89.99,2,10,161.98,Germany,Organic,Processing,35,Other
ORD-01500,2024-09-14,Blender Pro,Kitchen,74.99,1,10,67.49,Japan,Direct,Returned,45,Female
ORD-01501,2023-11-24,Running Shoes,Sports,119.99,2,0,239.98,Brazil,Email,Delivered,35,Female
ORD-01502,2023-05-03,Mechanical Keyboard,Electronics,149.99,4,0,599.96,Australia,Referral,Shipped,33,Other
ORD-01503,2023-01-22,Water Bottle,Sports,24.99,1,15,21.24,USA,Email,Delivered,26,Female
ORD-01504,2023-02-07,Atomic Habits,Books,16.99,5,0,84.95,Australia,Direct,Delivered,22,Female
ORD-01505,2023-04-08,Bookshelf,Furniture,189.99,3,0,569.97,Australia,Social Media,Shipped,23,Other
ORD-01506,2023-11-17,Python Crash Course,Books,34.99,5,0,174.95,Japan,Social Media,Cancelled,47,Female
ORD-01507,2024-10-18,Mechanical Keyboard,Electronics,149.99,3,10,404.97,UK,Organic,Delivered,21,Male
ORD-01508,2023-05-23,Mechanical Keyboard,Electronics,149.99,3,20,359.98,Japan,Paid Ads,Delivered,23,Male
ORD-01509,2024-01-13,Atomic Habits,Books,16.99,1,15,14.44,USA,Social Media,Returned,20,Male
ORD-01510,2023-02-19,Water Bottle,Sports,24.99,1,0,24.99,Australia,Direct,Processing,42,Female
ORD-01511,2024-12-16,Webcam HD,Electronics,89.99,2,10,161.98,Brazil,Organic,Delivered,38,Male
ORD-01512,2024-08-21,Bookshelf,Furniture,189.99,4,15,645.97,UK,Referral,Processing,33,Other
ORD-01513,2024-05-04,Blender Pro,Kitchen,74.99,4,0,299.96,Australia,Direct,Shipped,32,Male
ORD-01514,2023-09-28,Sunscreen SPF50,Beauty,22.99,3,15,58.62,UK,Social Media,Processing,33,Other
ORD-01515,2024-10-24,Skincare Set,Beauty,59.99,2,15,101.98,UK,Organic,Shipped,21,Male
ORD-01516,2023-01-14,Blender Pro,Kitchen,74.99,2,5,142.48,Japan,Paid Ads,Shipped,24,Female
ORD-01517,2023-08-02,Deep Work,Books,18.99,5,10,85.45,Australia,Social Media,Cancelled,47,Other
ORD-01518,2023-06-07,The Lean Startup,Books,19.99,1,0,19.99,Germany,Social Media,Shipped,46,Other
ORD-01519,2024-06-09,Running Shoes,Sports,119.99,4,0,479.96,UK,Social Media,Shipped,28,Other
ORD-01520,2023-11-11,Deep Work,Books,18.99,1,0,18.99,Brazil,Organic,Cancelled,25,Male
ORD-01521,2023-01-17,Desk Lamp,Furniture,44.99,2,0,89.98,USA,Email,Cancelled,51,Female
ORD-01522,2023-12-27,Dumbbells Set,Sports,79.99,1,10,71.99,UK,Social Media,Shipped,31,Male
ORD-01523,2024-02-11,The Lean Startup,Books,19.99,4,10,71.96,Australia,Organic,Shipped,35,Female
ORD-01524,2023-04-11,Wireless Mouse,Electronics,29.99,4,15,101.97,Japan,Paid Ads,Delivered,30,Female
ORD-01525,2023-06-30,Coffee Maker,Kitchen,89.99,3,10,242.97,Brazil,Referral,Shipped,24,Other
ORD-01526,2023-02-21,Air Fryer,Kitchen,129.99,2,0,259.98,Germany,Organic,Delivered,20,Other
ORD-01527,2023-09-30,Yoga Mat,Sports,39.99,1,10,35.99,UK,Social Media,Delivered,57,Other
ORD-01528,2024-02-19,Standing Desk,Furniture,549.99,4,0,2199.96,Germany,Direct,Returned,62,Female
ORD-01529,2024-05-22,Running Shoes,Sports,119.99,2,20,191.98,Germany,Social Media,Cancelled,36,Other
ORD-01530,2024-09-02,Water Bottle,Sports,24.99,1,0,24.99,Canada,Referral,Cancelled,57,Female
ORD-01531,2023-11-09,Instant Pot,Kitchen,99.99,2,0,199.98,Australia,Direct,Delivered,28,Male
ORD-01532,2023-12-07,Desk Lamp,Furniture,44.99,2,0,89.98,Brazil,Email,Delivered,19,Male
ORD-01533,2023-09-28,USB-C Hub,Electronics,49.99,2,15,84.98,USA,Referral,Delivered,48,Other
ORD-01534,2023-01-02,Python Crash Course,Books,34.99,2,5,66.48,UK,Organic,Returned,19,Other
ORD-01535,2024-11-27,Water Bottle,Sports,24.99,2,10,44.98,Canada,Paid Ads,Returned,24,Male
ORD-01536,2023-11-08,Skincare Set,Beauty,59.99,3,5,170.97,Brazil,Direct,Delivered,52,Female
ORD-01537,2024-11-10,Python Crash Course,Books,34.99,3,0,104.97,Brazil,Organic,Returned,40,Female
ORD-01538,2024-12-28,Protein Powder,Sports,54.99,5,20,219.96,Brazil,Organic,Delivered,61,Other
ORD-01539,2024-10-17,Laptop Pro 15,Electronics,1299.99,2,5,2469.98,Germany,Direct,Delivered,40,Female
ORD-01540,2023-02-01,Yoga Mat,Sports,39.99,5,15,169.96,Japan,Social Media,Delivered,65,Male
ORD-01541,2023-07-18,Standing Desk,Furniture,549.99,1,0,549.99,Brazil,Referral,Delivered,34,Other
ORD-01542,2023-12-24,Protein Powder,Sports,54.99,4,10,197.96,Japan,Social Media,Delivered,30,Male
ORD-01543,2024-08-16,The Lean Startup,Books,19.99,3,20,47.98,UK,Email,Returned,47,Other
ORD-01544,2023-12-22,Water Bottle,Sports,24.99,1,0,24.99,Brazil,Direct,Delivered,47,Other
ORD-01545,2023-06-03,The Lean Startup,Books,19.99,3,10,53.97,Canada,Social Media,Shipped,36,Male
ORD-01546,2023-10-29,Laptop Pro 15,Electronics,1299.99,4,0,5199.96,Germany,Social Media,Returned,55,Male
ORD-01547,2023-02-24,Python Crash Course,Books,34.99,3,0,104.97,Japan,Social Media,Cancelled,18,Male
ORD-01548,2023-09-15,4K Monitor,Electronics,499.99,3,0,1499.97,Canada,Organic,Cancelled,35,Male
ORD-01549,2023-07-21,Bookshelf,Furniture,189.99,5,0,949.95,France,Paid Ads,Delivered,48,Female
ORD-01550,2023-09-12,Blender Pro,Kitchen,74.99,4,5,284.96,Japan,Organic,Delivered,37,Other
ORD-01551,2023-11-15,Webcam HD,Electronics,89.99,5,5,427.45,Australia,Referral,Delivered,61,Male
ORD-01552,2023-09-14,4K Monitor,Electronics,499.99,4,10,1799.96,Germany,Social Media,Delivered,23,Female
ORD-01553,2024-08-03,Air Fryer,Kitchen,129.99,4,10,467.96,Canada,Email,Returned,45,Male
ORD-01554,2023-05-22,The Lean Startup,Books,19.99,4,15,67.97,Australia,Referral,Cancelled,63,Female
ORD-01555,2024-04-24,Office Chair,Furniture,299.99,4,5,1139.96,Japan,Email,Shipped,19,Other
ORD-01556,2023-01-28,Sunscreen SPF50,Beauty,22.99,4,0,91.96,Canada,Referral,Delivered,33,Other
ORD-01557,2024-06-08,Office Chair,Furniture,299.99,2,10,539.98,France,Organic,Returned,43,Male
ORD-01558,2024-02-17,Blender Pro,Kitchen,74.99,1,5,71.24,Brazil,Organic,Delivered,21,Female
ORD-01559,2024-10-27,Mechanical Keyboard,Electronics,149.99,3,10,404.97,UK,Social Media,Processing,48,Other
ORD-01560,2023-12-06,Wireless Mouse,Electronics,29.99,1,15,25.49,USA,Direct,Delivered,51,Male
ORD-01561,2024-07-29,Skincare Set,Beauty,59.99,4,0,239.96,Germany,Direct,Cancelled,27,Female
ORD-01562,2024-10-05,Water Bottle,Sports,24.99,1,20,19.99,Brazil,Referral,Cancelled,30,Male
ORD-01563,2023-03-10,Laptop Pro 15,Electronics,1299.99,2,10,2339.98,UK,Referral,Delivered,33,Male
ORD-01564,2023-04-17,Python Crash Course,Books,34.99,1,20,27.99,Brazil,Email,Delivered,25,Female
ORD-01565,2024-02-19,Python Crash Course,Books,34.99,2,20,55.98,Germany,Referral,Delivered,57,Other
ORD-01566,2024-03-25,Blender Pro,Kitchen,74.99,5,0,374.95,Japan,Paid Ads,Cancelled,19,Male
ORD-01567,2023-05-26,Skincare Set,Beauty,59.99,2,0,119.98,Germany,Email,Shipped,36,Female
ORD-01568,2024-11-14,Mechanical Keyboard,Electronics,149.99,5,5,712.45,Australia,Direct,Delivered,43,Female
ORD-01569,2024-12-15,Mechanical Keyboard,Electronics,149.99,4,5,569.96,Japan,Paid Ads,Delivered,36,Female
ORD-01570,2023-05-04,Deep Work,Books,18.99,4,0,75.96,France,Organic,Cancelled,59,Other
ORD-01571,2024-09-26,Desk Lamp,Furniture,44.99,1,0,44.99,Canada,Email,Cancelled,47,Female
ORD-01572,2023-01-10,Webcam HD,Electronics,89.99,3,10,242.97,Germany,Social Media,Cancelled,51,Female
ORD-01573,2024-06-09,USB-C Hub,Electronics,49.99,2,15,84.98,Canada,Social Media,Cancelled,64,Other
ORD-01574,2023-12-14,Desk Lamp,Furniture,44.99,2,0,89.98,France,Email,Delivered,59,Female
ORD-01575,2024-01-21,Python Crash Course,Books,34.99,5,15,148.71,Canada,Referral,Cancelled,50,Other
ORD-01576,2024-06-22,Dumbbells Set,Sports,79.99,2,15,135.98,Australia,Referral,Processing,40,Other
ORD-01577,2024-09-24,Standing Desk,Furniture,549.99,1,0,549.99,USA,Direct,Delivered,32,Male
ORD-01578,2024-11-12,Mechanical Keyboard,Electronics,149.99,4,15,509.97,Brazil,Social Media,Returned,32,Other
ORD-01579,2023-08-31,Mechanical Keyboard,Electronics,149.99,2,15,254.98,Japan,Email,Delivered,21,Other
ORD-01580,2023-09-14,Mechanical Keyboard,Electronics,149.99,1,20,119.99,UK,Email,Returned,41,Other
ORD-01581,2024-10-08,Laptop Pro 15,Electronics,1299.99,2,0,2599.98,UK,Direct,Shipped,42,Male
ORD-01582,2024-10-14,Deep Work,Books,18.99,5,0,94.95,Germany,Social Media,Shipped,46,Other
ORD-01583,2023-10-20,Yoga Mat,Sports,39.99,2,15,67.98,Canada,Email,Returned,51,Male
ORD-01584,2023-03-30,Deep Work,Books,18.99,1,15,16.14,UK,Paid Ads,Delivered,26,Male
ORD-01585,2024-01-04,Sunscreen SPF50,Beauty,22.99,4,10,82.76,UK,Social Media,Delivered,61,Other
ORD-01586,2024-10-19,The Lean Startup,Books,19.99,4,0,79.96,Germany,Referral,Returned,48,Other
ORD-01587,2023-12-27,Office Chair,Furniture,299.99,5,10,1349.96,Canada,Organic,Shipped,45,Other
ORD-01588,2024-01-21,USB-C Hub,Electronics,49.99,5,0,249.95,Canada,Referral,Delivered,24,Male
ORD-01589,2024-05-25,Yoga Mat,Sports,39.99,1,10,35.99,Australia,Organic,Delivered,36,Female
ORD-01590,2024-02-04,Instant Pot,Kitchen,99.99,3,0,299.97,Canada,Social Media,Delivered,52,Other
ORD-01591,2023-09-05,The Lean Startup,Books,19.99,5,10,89.95,France,Email,Processing,21,Other
ORD-01592,2024-12-15,Mechanical Keyboard,Electronics,149.99,5,5,712.45,France,Direct,Delivered,20,Female
ORD-01593,2024-03-07,Dumbbells Set,Sports,79.99,2,0,159.98,USA,Paid Ads,Delivered,53,Other
ORD-01594,2023-12-04,Sunscreen SPF50,Beauty,22.99,1,0,22.99,Brazil,Organic,Returned,54,Other
ORD-01595,2024-12-20,Sunscreen SPF50,Beauty,22.99,1,0,22.99,UK,Email,Processing,65,Other
ORD-01596,2023-03-24,Atomic Habits,Books,16.99,4,0,67.96,France,Direct,Delivered,24,Male
ORD-01597,2024-05-23,The Lean Startup,Books,19.99,2,15,33.98,Australia,Email,Shipped,37,Male
ORD-01598,2023-01-22,Wireless Mouse,Electronics,29.99,1,20,23.99,Germany,Referral,Processing,42,Other
ORD-01599,2024-12-01,Skincare Set,Beauty,59.99,1,10,53.99,Brazil,Organic,Shipped,42,Other
ORD-01600,2023-05-09,Bookshelf,Furniture,189.99,4,10,683.96,Canada,Organic,Shipped,25,Other
ORD-01601,2024-01-12,Office Chair,Furniture,299.99,2,0,599.98,Japan,Organic,Delivered,32,Male
ORD-01602,2024-08-25,Laptop Pro 15,Electronics,1299.99,2,5,2469.98,USA,Organic,Returned,64,Male
ORD-01603,2023-02-28,USB-C Hub,Electronics,49.99,1,0,49.99,Brazil,Paid Ads,Delivered,20,Female
ORD-01604,2023-12-25,Coffee Maker,Kitchen,89.99,2,0,179.98,Canada,Referral,Shipped,48,Other
ORD-01605,2023-05-06,Blender Pro,Kitchen,74.99,1,0,74.99,France,Referral,Delivered,49,Other
ORD-01606,2024-01-01,Yoga Mat,Sports,39.99,4,15,135.97,France,Social Media,Returned,53,Female
ORD-01607,2024-10-31,Yoga Mat,Sports,39.99,5,0,199.95,Australia,Direct,Processing,50,Male
ORD-01608,2023-02-25,Office Chair,Furniture,299.99,4,15,1019.97,Brazil,Social Media,Delivered,31,Male
ORD-01609,2024-06-17,Yoga Mat,Sports,39.99,3,15,101.97,Germany,Organic,Delivered,64,Male
ORD-01610,2023-02-06,Yoga Mat,Sports,39.99,4,15,135.97,Brazil,Organic,Delivered,49,Male
ORD-01611,2023-10-04,Dumbbells Set,Sports,79.99,5,5,379.95,France,Organic,Delivered,35,Other
ORD-01612,2024-01-29,Python Crash Course,Books,34.99,1,20,27.99,Japan,Email,Shipped,20,Male
ORD-01613,2023-07-30,Standing Desk,Furniture,549.99,2,15,934.98,Japan,Referral,Delivered,60,Female
ORD-01614,2023-02-02,Atomic Habits,Books,16.99,3,0,50.97,Australia,Social Media,Returned,55,Male
ORD-01615,2023-01-29,Protein Powder,Sports,54.99,5,5,261.2,Japan,Direct,Cancelled,21,Male
ORD-01616,2024-07-20,Standing Desk,Furniture,549.99,3,20,1319.98,Brazil,Email,Processing,64,Other
ORD-01617,2024-06-15,Dumbbells Set,Sports,79.99,2,5,151.98,Brazil,Direct,Delivered,26,Male
ORD-01618,2023-10-15,Blender Pro,Kitchen,74.99,3,0,224.97,Germany,Referral,Delivered,39,Other
ORD-01619,2024-02-09,Wireless Mouse,Electronics,29.99,5,0,149.95,Australia,Social Media,Cancelled,34,Other
ORD-01620,2024-09-14,Laptop Pro 15,Electronics,1299.99,1,0,1299.99,Australia,Social Media,Returned,29,Female
ORD-01621,2024-04-18,Laptop Pro 15,Electronics,1299.99,4,0,5199.96,Brazil,Organic,Delivered,48,Other
ORD-01622,2024-07-23,Running Shoes,Sports,119.99,4,0,479.96,UK,Social Media,Processing,53,Female
ORD-01623,2023-03-07,Desk Lamp,Furniture,44.99,2,0,89.98,France,Social Media,Returned,49,Male
ORD-01624,2023-08-21,Air Fryer,Kitchen,129.99,2,0,259.98,USA,Paid Ads,Delivered,59,Male
ORD-01625,2023-07-08,Blender Pro,Kitchen,74.99,5,20,299.96,Brazil,Referral,Delivered,20,Other
ORD-01626,2023-08-22,Wireless Mouse,Electronics,29.99,3,0,89.97,USA,Direct,Returned,40,Other
ORD-01627,2023-02-15,Coffee Maker,Kitchen,89.99,2,0,179.98,UK,Organic,Processing,46,Male
ORD-01628,2024-06-07,USB-C Hub,Electronics,49.99,2,0,99.98,Australia,Referral,Delivered,61,Female
ORD-01629,2023-03-15,Air Fryer,Kitchen,129.99,4,0,519.96,Canada,Organic,Delivered,56,Female
ORD-01630,2023-12-10,Bookshelf,Furniture,189.99,3,5,541.47,France,Referral,Delivered,28,Female
ORD-01631,2023-02-15,Water Bottle,Sports,24.99,2,10,44.98,USA,Organic,Processing,31,Female
ORD-01632,2024-06-07,Instant Pot,Kitchen,99.99,5,20,399.96,Australia,Paid Ads,Shipped,55,Male
ORD-01633,2024-11-03,Skincare Set,Beauty,59.99,2,5,113.98,UK,Organic,Delivered,54,Other
ORD-01634,2024-08-11,Air Fryer,Kitchen,129.99,5,15,552.46,Japan,Referral,Cancelled,25,Other
ORD-01635,2023-02-22,Coffee Maker,Kitchen,89.99,4,15,305.97,Brazil,Social Media,Delivered,30,Other
ORD-01636,2023-10-28,Yoga Mat,Sports,39.99,3,0,119.97,Australia,Paid Ads,Shipped,38,Other
ORD-01637,2023-04-29,Instant Pot,Kitchen,99.99,2,5,189.98,Japan,Social Media,Delivered,40,Other
ORD-01638,2024-06-01,USB-C Hub,Electronics,49.99,3,15,127.47,Brazil,Referral,Delivered,46,Female
ORD-01639,2023-08-24,Deep Work,Books,18.99,2,10,34.18,Germany,Email,Cancelled,55,Other
ORD-01640,2023-05-22,Coffee Maker,Kitchen,89.99,3,20,215.98,France,Social Media,Delivered,25,Male
ORD-01641,2024-02-23,Bookshelf,Furniture,189.99,5,0,949.95,Brazil,Direct,Returned,30,Male
ORD-01642,2024-04-09,Laptop Pro 15,Electronics,1299.99,2,0,2599.98,Japan,Social Media,Returned,53,Other
ORD-01643,2024-04-26,Skincare Set,Beauty,59.99,1,0,59.99,USA,Email,Delivered,62,Male
ORD-01644,2023-03-16,4K Monitor,Electronics,499.99,5,20,1999.96,Japan,Email,Delivered,26,Female
ORD-01645,2024-12-14,Atomic Habits,Books,16.99,2,15,28.88,France,Organic,Delivered,39,Other
ORD-01646,2024-09-15,Coffee Maker,Kitchen,89.99,1,15,76.49,USA,Organic,Cancelled,40,Female
ORD-01647,2024-02-23,Air Fryer,Kitchen,129.99,4,15,441.97,Japan,Social Media,Returned,48,Other
ORD-01648,2023-05-18,Skincare Set,Beauty,59.99,2,15,101.98,UK,Paid Ads,Delivered,55,Other
ORD-01649,2024-01-14,Blender Pro,Kitchen,74.99,4,5,284.96,Australia,Email,Delivered,50,Other
ORD-01650,2024-08-25,Dumbbells Set,Sports,79.99,1,0,79.99,France,Email,Delivered,21,Other
ORD-01651,2024-06-14,The Lean Startup,Books,19.99,5,10,89.95,Japan,Social Media,Delivered,42,Female
ORD-01652,2023-07-02,4K Monitor,Electronics,499.99,1,20,399.99,Germany,Email,Processing,35,Other
ORD-01653,2024-09-22,Protein Powder,Sports,54.99,1,0,54.99,France,Paid Ads,Delivered,36,Female
ORD-01654,2024-05-13,Desk Lamp,Furniture,44.99,2,0,89.98,France,Social Media,Processing,24,Male
ORD-01655,2024-11-13,Dumbbells Set,Sports,79.99,2,0,159.98,Germany,Referral,Returned,50,Male
ORD-01656,2023-01-29,Coffee Maker,Kitchen,89.99,1,10,80.99,Germany,Organic,Shipped,19,Female
ORD-01657,2023-07-28,Water Bottle,Sports,24.99,5,5,118.7,Brazil,Referral,Delivered,47,Female
ORD-01658,2023-04-23,Instant Pot,Kitchen,99.99,1,5,94.99,Japan,Email,Delivered,23,Male
ORD-01659,2023-10-13,Skincare Set,Beauty,59.99,1,0,59.99,UK,Direct,Returned,32,Other
ORD-01660,2023-03-18,Protein Powder,Sports,54.99,2,10,98.98,Australia,Social Media,Shipped,58,Other
ORD-01661,2024-06-09,Blender Pro,Kitchen,74.99,1,15,63.74,Australia,Organic,Shipped,24,Other
ORD-01662,2024-06-17,Protein Powder,Sports,54.99,2,20,87.98,USA,Direct,Cancelled,18,Male
ORD-01663,2023-05-21,Deep Work,Books,18.99,4,20,60.77,Germany,Direct,Delivered,34,Female
ORD-01664,2023-06-05,Python Crash Course,Books,34.99,2,15,59.48,Brazil,Social Media,Delivered,30,Other
ORD-01665,2023-04-01,The Lean Startup,Books,19.99,2,0,39.98,Japan,Organic,Shipped,53,Other
ORD-01666,2023-08-02,Instant Pot,Kitchen,99.99,2,0,199.98,Japan,Direct,Delivered,57,Female
ORD-01667,2024-10-08,Deep Work,Books,18.99,2,15,32.28,Australia,Email,Processing,60,Male
ORD-01668,2023-11-04,Yoga Mat,Sports,39.99,3,15,101.97,Brazil,Email,Returned,58,Female
ORD-01669,2024-09-04,Office Chair,Furniture,299.99,5,5,1424.95,France,Organic,Delivered,25,Female
ORD-01670,2024-03-05,Desk Lamp,Furniture,44.99,3,0,134.97,Japan,Organic,Delivered,47,Female
ORD-01671,2024-11-07,Mechanical Keyboard,Electronics,149.99,3,15,382.47,Japan,Direct,Delivered,48,Female
ORD-01672,2024-09-07,Bookshelf,Furniture,189.99,2,0,379.98,France,Social Media,Processing,31,Female
ORD-01673,2023-03-04,Atomic Habits,Books,16.99,3,0,50.97,Australia,Email,Shipped,46,Female
ORD-01674,2024-02-13,Dumbbells Set,Sports,79.99,1,0,79.99,Brazil,Direct,Delivered,39,Other
ORD-01675,2023-02-16,Water Bottle,Sports,24.99,4,5,94.96,Germany,Referral,Delivered,52,Male
ORD-01676,2024-10-02,Mechanical Keyboard,Electronics,149.99,5,10,674.96,Australia,Paid Ads,Processing,52,Male
ORD-01677,2023-01-22,Standing Desk,Furniture,549.99,1,20,439.99,Australia,Social Media,Returned,53,Male
ORD-01678,2024-11-01,Wireless Mouse,Electronics,29.99,5,0,149.95,Australia,Referral,Delivered,28,Other
ORD-01679,2024-02-10,Instant Pot,Kitchen,99.99,2,0,199.98,Canada,Social Media,Delivered,44,Male
ORD-01680,2024-07-20,Skincare Set,Beauty,59.99,2,0,119.98,USA,Organic,Returned,51,Male
ORD-01681,2024-05-28,Standing Desk,Furniture,549.99,4,0,2199.96,Canada,Social Media,Delivered,19,Male
ORD-01682,2024-10-08,Sunscreen SPF50,Beauty,22.99,2,0,45.98,France,Direct,Delivered,42,Other
ORD-01683,2024-02-15,4K Monitor,Electronics,499.99,3,20,1199.98,UK,Organic,Delivered,50,Other
ORD-01684,2024-12-21,Sunscreen SPF50,Beauty,22.99,4,0,91.96,USA,Direct,Returned,52,Other
ORD-01685,2023-06-05,Mechanical Keyboard,Electronics,149.99,5,20,599.96,Japan,Paid Ads,Returned,56,Female
ORD-01686,2023-11-28,Bookshelf,Furniture,189.99,5,15,807.46,USA,Social Media,Delivered,47,Male
ORD-01687,2023-04-13,Dumbbells Set,Sports,79.99,5,5,379.95,Japan,Social Media,Shipped,23,Male
ORD-01688,2024-02-21,Atomic Habits,Books,16.99,3,5,48.42,France,Direct,Processing,50,Male
ORD-01689,2024-01-27,Laptop Pro 15,Electronics,1299.99,4,15,4419.97,Japan,Social Media,Returned,52,Other
ORD-01690,2023-04-21,Desk Lamp,Furniture,44.99,2,10,80.98,USA,Email,Returned,32,Female
ORD-01691,2024-01-14,Python Crash Course,Books,34.99,5,0,174.95,France,Social Media,Delivered,58,Male
ORD-01692,2023-04-08,Atomic Habits,Books,16.99,2,0,33.98,Brazil,Referral,Delivered,23,Male
ORD-01693,2024-02-17,Coffee Maker,Kitchen,89.99,4,10,323.96,Germany,Organic,Returned,49,Female
ORD-01694,2024-02-26,Water Bottle,Sports,24.99,3,20,59.98,Canada,Organic,Delivered,62,Other
ORD-01695,2024-09-05,Bookshelf,Furniture,189.99,1,0,189.99,Germany,Referral,Returned,49,Other
ORD-01696,2024-05-26,Protein Powder,Sports,54.99,2,0,109.98,Brazil,Direct,Shipped,50,Other
ORD-01697,2023-03-25,Mechanical Keyboard,Electronics,149.99,4,15,509.97,UK,Email,Delivered,18,Male
ORD-01698,2024-06-16,Skincare Set,Beauty,59.99,1,0,59.99,Germany,Email,Returned,25,Male
ORD-01699,2024-03-10,Python Crash Course,Books,34.99,2,15,59.48,Brazil,Paid Ads,Cancelled,53,Female
ORD-01700,2024-02-13,Laptop Pro 15,Electronics,1299.99,3,0,3899.97,Japan,Social Media,Cancelled,61,Female
ORD-01701,2024-06-19,Protein Powder,Sports,54.99,5,0,274.95,Canada,Paid Ads,Delivered,51,Other
ORD-01702,2023-07-29,Coffee Maker,Kitchen,89.99,3,10,242.97,France,Email,Shipped,31,Female
ORD-01703,2023-05-19,Webcam HD,Electronics,89.99,5,15,382.46,Brazil,Organic,Delivered,44,Male
ORD-01704,2023-06-03,Python Crash Course,Books,34.99,1,0,34.99,France,Direct,Delivered,30,Other
ORD-01705,2023-04-07,Atomic Habits,Books,16.99,4,0,67.96,UK,Organic,Processing,47,Other
ORD-01706,2023-06-10,USB-C Hub,Electronics,49.99,3,15,127.47,Germany,Social Media,Cancelled,18,Male
ORD-01707,2023-10-09,Water Bottle,Sports,24.99,4,10,89.96,France,Social Media,Processing,43,Female
ORD-01708,2024-07-28,Atomic Habits,Books,16.99,2,0,33.98,Canada,Organic,Cancelled,31,Female
ORD-01709,2023-07-02,Dumbbells Set,Sports,79.99,5,0,399.95,Canada,Referral,Processing,59,Female
ORD-01710,2023-12-05,Deep Work,Books,18.99,5,10,85.45,France,Direct,Returned,57,Other
ORD-01711,2024-04-29,Running Shoes,Sports,119.99,2,0,239.98,Germany,Paid Ads,Delivered,57,Male
ORD-01712,2023-05-27,Webcam HD,Electronics,89.99,4,20,287.97,USA,Social Media,Delivered,21,Male
ORD-01713,2024-06-07,Desk Lamp,Furniture,44.99,4,15,152.97,Brazil,Social Media,Delivered,50,Male
ORD-01714,2023-09-04,Atomic Habits,Books,16.99,4,5,64.56,Japan,Direct,Shipped,40,Female
ORD-01715,2024-06-18,Protein Powder,Sports,54.99,5,0,274.95,Germany,Paid Ads,Cancelled,35,Other
ORD-01716,2023-05-27,Bookshelf,Furniture,189.99,5,5,902.45,Brazil,Direct,Returned,34,Other
ORD-01717,2023-05-04,Atomic Habits,Books,16.99,4,15,57.77,Australia,Paid Ads,Delivered,41,Female
ORD-01718,2024-11-17,Office Chair,Furniture,299.99,4,0,1199.96,Germany,Email,Delivered,29,Other
ORD-01719,2023-01-11,Running Shoes,Sports,119.99,4,0,479.96,Germany,Organic,Processing,37,Female
ORD-01720,2023-04-07,Office Chair,Furniture,299.99,3,10,809.97,USA,Referral,Delivered,20,Other
ORD-01721,2023-10-09,Air Fryer,Kitchen,129.99,4,5,493.96,USA,Direct,Cancelled,34,Female
ORD-01722,2024-10-02,Wireless Mouse,Electronics,29.99,5,20,119.96,USA,Direct,Shipped,56,Other
ORD-01723,2024-04-10,Python Crash Course,Books,34.99,2,5,66.48,UK,Organic,Delivered,19,Other
ORD-01724,2024-12-31,4K Monitor,Electronics,499.99,2,20,799.98,Canada,Organic,Shipped,25,Male
ORD-01725,2024-03-30,Air Fryer,Kitchen,129.99,1,0,129.99,UK,Referral,Delivered,30,Other
ORD-01726,2024-09-20,Skincare Set,Beauty,59.99,1,0,59.99,Australia,Direct,Delivered,55,Other
ORD-01727,2024-01-11,The Lean Startup,Books,19.99,1,15,16.99,Japan,Email,Returned,60,Other
ORD-01728,2023-03-04,USB-C Hub,Electronics,49.99,2,20,79.98,Canada,Direct,Delivered,23,Male
ORD-01729,2024-03-30,Wireless Mouse,Electronics,29.99,3,10,80.97,Germany,Direct,Processing,44,Male
ORD-01730,2024-10-12,Skincare Set,Beauty,59.99,1,0,59.99,France,Referral,Delivered,25,Female
ORD-01731,2024-04-22,Deep Work,Books,18.99,1,10,17.09,Brazil,Organic,Delivered,23,Male
ORD-01732,2023-03-30,Webcam HD,Electronics,89.99,3,10,242.97,USA,Paid Ads,Returned,18,Male
ORD-01733,2024-10-15,Office Chair,Furniture,299.99,4,0,1199.96,Germany,Social Media,Returned,61,Other
ORD-01734,2023-07-15,Skincare Set,Beauty,59.99,2,0,119.98,USA,Email,Cancelled,36,Male
ORD-01735,2023-10-13,4K Monitor,Electronics,499.99,5,0,2499.95,Japan,Paid Ads,Returned,30,Female
ORD-01736,2023-07-24,Webcam HD,Electronics,89.99,3,0,269.97,Brazil,Social Media,Delivered,49,Female
ORD-01737,2024-08-15,Office Chair,Furniture,299.99,3,20,719.98,Brazil,Direct,Cancelled,28,Male
ORD-01738,2024-08-22,Standing Desk,Furniture,549.99,2,10,989.98,Germany,Direct,Shipped,40,Other
ORD-01739,2024-11-29,Water Bottle,Sports,24.99,2,0,49.98,France,Organic,Processing,31,Female
ORD-01740,2023-08-12,Desk Lamp,Furniture,44.99,3,0,134.97,UK,Referral,Cancelled,58,Male
ORD-01741,2024-05-01,4K Monitor,Electronics,499.99,4,10,1799.96,Australia,Social Media,Processing,42,Other
ORD-01742,2024-08-25,Wireless Mouse,Electronics,29.99,3,15,76.47,UK,Direct,Delivered,18,Male
ORD-01743,2024-03-07,Python Crash Course,Books,34.99,3,0,104.97,UK,Paid Ads,Delivered,37,Male
ORD-01744,2024-04-23,Atomic Habits,Books,16.99,2,20,27.18,USA,Email,Returned,57,Female
ORD-01745,2024-08-30,Deep Work,Books,18.99,4,15,64.57,Japan,Email,Returned,33,Female
ORD-01746,2024-01-18,Coffee Maker,Kitchen,89.99,3,5,256.47,Japan,Social Media,Delivered,32,Other
ORD-01747,2023-04-21,Bookshelf,Furniture,189.99,4,20,607.97,France,Referral,Shipped,55,Male
ORD-01748,2023-06-17,The Lean Startup,Books,19.99,2,0,39.98,Germany,Referral,Returned,26,Male
ORD-01749,2024-11-10,Protein Powder,Sports,54.99,1,0,54.99,France,Paid Ads,Returned,40,Female
ORD-01750,2024-02-10,Webcam HD,Electronics,89.99,4,0,359.96,Canada,Paid Ads,Delivered,37,Female
ORD-01751,2023-03-24,Webcam HD,Electronics,89.99,2,20,143.98,Germany,Email,Delivered,64,Male
ORD-01752,2023-06-07,Blender Pro,Kitchen,74.99,5,20,299.96,Australia,Organic,Shipped,28,Female
ORD-01753,2023-04-13,Python Crash Course,Books,34.99,5,15,148.71,Japan,Direct,Delivered,48,Other
ORD-01754,2024-01-21,Desk Lamp,Furniture,44.99,2,20,71.98,UK,Email,Delivered,38,Male
ORD-01755,2024-02-14,Sunscreen SPF50,Beauty,22.99,3,0,68.97,Japan,Referral,Shipped,52,Male
ORD-01756,2023-12-22,Python Crash Course,Books,34.99,5,0,174.95,Germany,Referral,Delivered,33,Female
ORD-01757,2024-01-06,Protein Powder,Sports,54.99,5,20,219.96,USA,Referral,Processing,43,Male
ORD-01758,2024-10-23,Yoga Mat,Sports,39.99,2,5,75.98,Germany,Organic,Delivered,37,Female
ORD-01759,2023-04-06,Protein Powder,Sports,54.99,4,15,186.97,Canada,Email,Delivered,36,Female
ORD-01760,2024-02-01,Blender Pro,Kitchen,74.99,4,0,299.96,France,Email,Delivered,28,Female
ORD-01761,2024-11-29,The Lean Startup,Books,19.99,1,5,18.99,UK,Social Media,Cancelled,64,Male
ORD-01762,2024-11-02,Standing Desk,Furniture,549.99,1,0,549.99,Australia,Paid Ads,Processing,50,Female
ORD-01763,2024-12-03,Desk Lamp,Furniture,44.99,1,5,42.74,Japan,Email,Returned,21,Female
ORD-01764,2024-03-11,Dumbbells Set,Sports,79.99,1,10,71.99,Brazil,Referral,Delivered,48,Other
ORD-01765,2023-12-10,Atomic Habits,Books,16.99,3,0,50.97,Canada,Email,Processing,42,Other
ORD-01766,2023-03-23,4K Monitor,Electronics,499.99,1,0,499.99,France,Paid Ads,Processing,57,Other
ORD-01767,2024-04-10,Bookshelf,Furniture,189.99,1,5,180.49,France,Organic,Delivered,49,Female
ORD-01768,2024-01-11,Wireless Mouse,Electronics,29.99,5,15,127.46,Australia,Social Media,Shipped,39,Other
ORD-01769,2023-10-31,Sunscreen SPF50,Beauty,22.99,1,10,20.69,France,Paid Ads,Delivered,40,Female
ORD-01770,2023-01-18,Desk Lamp,Furniture,44.99,3,0,134.97,USA,Referral,Delivered,40,Other
ORD-01771,2023-02-07,Atomic Habits,Books,16.99,4,0,67.96,Canada,Organic,Processing,24,Male
ORD-01772,2023-05-29,Air Fryer,Kitchen,129.99,4,5,493.96,France,Social Media,Shipped,62,Other
ORD-01773,2023-09-07,Skincare Set,Beauty,59.99,5,10,269.95,Brazil,Organic,Delivered,38,Female
ORD-01774,2023-02-09,4K Monitor,Electronics,499.99,5,15,2124.96,UK,Email,Processing,64,Male
ORD-01775,2023-12-12,Air Fryer,Kitchen,129.99,3,5,370.47,Japan,Organic,Delivered,65,Female
ORD-01776,2024-10-30,Skincare Set,Beauty,59.99,1,20,47.99,Japan,Organic,Returned,30,Other
ORD-01777,2023-09-25,Water Bottle,Sports,24.99,5,10,112.45,Germany,Direct,Returned,21,Female
ORD-01778,2024-08-10,Python Crash Course,Books,34.99,2,20,55.98,Japan,Social Media,Cancelled,62,Male
ORD-01779,2023-10-11,The Lean Startup,Books,19.99,1,10,17.99,Japan,Paid Ads,Cancelled,36,Female
ORD-01780,2023-01-06,Bookshelf,Furniture,189.99,2,0,379.98,Japan,Direct,Delivered,35,Female
ORD-01781,2024-04-18,Coffee Maker,Kitchen,89.99,3,0,269.97,Germany,Paid Ads,Delivered,63,Female
ORD-01782,2023-08-15,USB-C Hub,Electronics,49.99,5,0,249.95,Brazil,Referral,Shipped,58,Other
ORD-01783,2023-12-03,Atomic Habits,Books,16.99,4,5,64.56,USA,Social Media,Delivered,38,Female
ORD-01784,2024-03-31,4K Monitor,Electronics,499.99,4,20,1599.97,Brazil,Paid Ads,Processing,62,Male
ORD-01785,2024-11-20,Standing Desk,Furniture,549.99,3,5,1567.47,USA,Direct,Returned,54,Male
ORD-01786,2024-10-08,Python Crash Course,Books,34.99,5,0,174.95,UK,Paid Ads,Cancelled,51,Female
ORD-01787,2023-11-08,Water Bottle,Sports,24.99,3,5,71.22,Brazil,Organic,Delivered,57,Other
ORD-01788,2023-06-20,Coffee Maker,Kitchen,89.99,3,10,242.97,Japan,Email,Returned,19,Female
ORD-01789,2024-07-23,Skincare Set,Beauty,59.99,4,0,239.96,Japan,Referral,Delivered,42,Other
ORD-01790,2023-05-07,Mechanical Keyboard,Electronics,149.99,4,0,599.96,Germany,Organic,Processing,36,Male
ORD-01791,2023-06-12,Sunscreen SPF50,Beauty,22.99,4,10,82.76,Japan,Social Media,Returned,31,Female
ORD-01792,2024-09-05,Dumbbells Set,Sports,79.99,3,20,191.98,Australia,Direct,Delivered,60,Other
ORD-01793,2024-10-10,Sunscreen SPF50,Beauty,22.99,3,10,62.07,Japan,Paid Ads,Returned,43,Female
ORD-01794,2024-04-20,Water Bottle,Sports,24.99,4,0,99.96,Canada,Email,Delivered,18,Other
ORD-01795,2023-12-09,Sunscreen SPF50,Beauty,22.99,4,15,78.17,Canada,Direct,Delivered,42,Other
ORD-01796,2024-10-30,Bookshelf,Furniture,189.99,4,5,721.96,Germany,Direct,Delivered,57,Male
ORD-01797,2023-05-22,Coffee Maker,Kitchen,89.99,5,10,404.95,UK,Referral,Processing,64,Female
ORD-01798,2023-01-24,Protein Powder,Sports,54.99,5,0,274.95,Canada,Referral,Cancelled,48,Other
ORD-01799,2023-04-04,Office Chair,Furniture,299.99,1,15,254.99,Japan,Referral,Processing,30,Male
ORD-01800,2024-04-13,Office Chair,Furniture,299.99,2,0,599.98,Brazil,Direct,Delivered,38,Male
ORD-01801,2023-10-28,USB-C Hub,Electronics,49.99,1,0,49.99,Brazil,Email,Delivered,61,Other
ORD-01802,2024-03-30,Yoga Mat,Sports,39.99,2,5,75.98,UK,Referral,Returned,39,Male
ORD-01803,2023-09-08,Desk Lamp,Furniture,44.99,1,0,44.99,USA,Direct,Cancelled,44,Other
ORD-01804,2024-04-26,Standing Desk,Furniture,549.99,1,20,439.99,Japan,Social Media,Cancelled,52,Male
ORD-01805,2024-09-13,Air Fryer,Kitchen,129.99,5,15,552.46,USA,Email,Shipped,64,Male
ORD-01806,2023-10-27,Standing Desk,Furniture,549.99,1,0,549.99,Japan,Direct,Processing,58,Other
ORD-01807,2024-03-26,Bookshelf,Furniture,189.99,1,0,189.99,Canada,Social Media,Returned,55,Male
ORD-01808,2023-06-23,Office Chair,Furniture,299.99,4,15,1019.97,Australia,Paid Ads,Delivered,48,Male
ORD-01809,2023-09-28,Mechanical Keyboard,Electronics,149.99,3,15,382.47,UK,Email,Cancelled,49,Male
ORD-01810,2023-09-24,Protein Powder,Sports,54.99,3,15,140.22,Brazil,Social Media,Returned,46,Other
ORD-01811,2023-09-22,Deep Work,Books,18.99,3,10,51.27,USA,Paid Ads,Delivered,51,Female
ORD-01812,2023-01-27,Yoga Mat,Sports,39.99,3,10,107.97,Australia,Direct,Delivered,37,Other
ORD-01813,2023-06-12,Deep Work,Books,18.99,3,5,54.12,Brazil,Direct,Delivered,27,Other
ORD-01814,2024-12-12,4K Monitor,Electronics,499.99,2,10,899.98,France,Email,Delivered,58,Male
ORD-01815,2023-01-29,Running Shoes,Sports,119.99,5,0,599.95,Canada,Referral,Delivered,34,Female
ORD-01816,2024-06-04,Skincare Set,Beauty,59.99,5,5,284.95,Brazil,Referral,Delivered,40,Other
ORD-01817,2023-06-09,Deep Work,Books,18.99,5,0,94.95,Australia,Email,Returned,49,Other
ORD-01818,2023-06-23,The Lean Startup,Books,19.99,4,0,79.96,Brazil,Email,Delivered,60,Male
ORD-01819,2023-12-17,Yoga Mat,Sports,39.99,3,0,119.97,Germany,Paid Ads,Delivered,56,Other
ORD-01820,2023-05-03,Air Fryer,Kitchen,129.99,2,0,259.98,Brazil,Email,Processing,58,Male
ORD-01821,2024-06-20,Yoga Mat,Sports,39.99,2,0,79.98,USA,Email,Cancelled,24,Female
ORD-01822,2024-06-03,USB-C Hub,Electronics,49.99,3,10,134.97,UK,Organic,Shipped,54,Other
ORD-01823,2023-09-11,Yoga Mat,Sports,39.99,3,20,95.98,Canada,Direct,Cancelled,33,Male
ORD-01824,2024-12-07,Instant Pot,Kitchen,99.99,4,0,399.96,USA,Referral,Delivered,53,Female
ORD-01825,2023-04-04,Skincare Set,Beauty,59.99,2,15,101.98,UK,Paid Ads,Processing,37,Male
ORD-01826,2023-08-01,Yoga Mat,Sports,39.99,2,10,71.98,Brazil,Email,Delivered,52,Male
ORD-01827,2023-11-23,Air Fryer,Kitchen,129.99,1,0,129.99,Brazil,Organic,Shipped,23,Female
ORD-01828,2023-07-22,Mechanical Keyboard,Electronics,149.99,5,10,674.96,Germany,Referral,Shipped,37,Other
ORD-01829,2023-01-10,Deep Work,Books,18.99,4,20,60.77,UK,Direct,Shipped,59,Male
ORD-01830,2024-08-26,Air Fryer,Kitchen,129.99,5,20,519.96,Brazil,Organic,Delivered,44,Other
ORD-01831,2023-10-05,Python Crash Course,Books,34.99,2,0,69.98,Brazil,Referral,Delivered,59,Female
ORD-01832,2023-09-28,Atomic Habits,Books,16.99,2,0,33.98,France,Direct,Processing,50,Female
ORD-01833,2024-10-02,Desk Lamp,Furniture,44.99,1,20,35.99,Canada,Email,Delivered,38,Other
ORD-01834,2024-04-26,Python Crash Course,Books,34.99,2,0,69.98,UK,Email,Cancelled,37,Male
ORD-01835,2024-03-29,Protein Powder,Sports,54.99,5,20,219.96,Canada,Paid Ads,Returned,24,Male
ORD-01836,2023-08-07,Water Bottle,Sports,24.99,5,0,124.95,Australia,Referral,Shipped,24,Other
ORD-01837,2023-11-04,Coffee Maker,Kitchen,89.99,2,10,161.98,Canada,Social Media,Delivered,30,Female
ORD-01838,2023-06-25,Webcam HD,Electronics,89.99,5,15,382.46,Canada,Social Media,Processing,48,Other
ORD-01839,2024-09-01,Bookshelf,Furniture,189.99,3,0,569.97,France,Email,Returned,37,Female
ORD-01840,2023-05-29,Water Bottle,Sports,24.99,3,15,63.72,Australia,Direct,Delivered,46,Female
ORD-01841,2024-03-11,Deep Work,Books,18.99,4,20,60.77,Japan,Organic,Returned,43,Male
ORD-01842,2024-02-23,Office Chair,Furniture,299.99,2,5,569.98,France,Organic,Returned,63,Male
ORD-01843,2023-08-02,Blender Pro,Kitchen,74.99,3,0,224.97,Australia,Organic,Delivered,45,Female
ORD-01844,2023-11-30,Atomic Habits,Books,16.99,5,15,72.21,Germany,Paid Ads,Processing,50,Female
ORD-01845,2023-10-08,Mechanical Keyboard,Electronics,149.99,1,0,149.99,Canada,Social Media,Cancelled,48,Other
ORD-01846,2024-08-30,Python Crash Course,Books,34.99,1,20,27.99,Japan,Direct,Cancelled,49,Male
ORD-01847,2023-10-14,Coffee Maker,Kitchen,89.99,5,5,427.45,USA,Organic,Delivered,58,Female
ORD-01848,2023-10-10,Atomic Habits,Books,16.99,3,5,48.42,France,Organic,Shipped,26,Other
ORD-01849,2023-03-17,Protein Powder,Sports,54.99,4,20,175.97,Canada,Paid Ads,Processing,37,Other
ORD-01850,2023-07-24,Atomic Habits,Books,16.99,1,5,16.14,Germany,Social Media,Processing,52,Other
ORD-01851,2023-09-24,Atomic Habits,Books,16.99,5,20,67.96,France,Direct,Delivered,26,Male
ORD-01852,2024-12-17,Instant Pot,Kitchen,99.99,3,20,239.98,Australia,Email,Cancelled,31,Male
ORD-01853,2023-11-25,Desk Lamp,Furniture,44.99,2,5,85.48,Australia,Social Media,Delivered,61,Other
ORD-01854,2023-09-23,Dumbbells Set,Sports,79.99,5,15,339.96,USA,Paid Ads,Delivered,59,Female
ORD-01855,2024-03-13,Standing Desk,Furniture,549.99,4,20,1759.97,USA,Referral,Delivered,50,Female
ORD-01856,2023-01-17,Deep Work,Books,18.99,4,0,75.96,Australia,Referral,Shipped,36,Other
ORD-01857,2023-12-08,Air Fryer,Kitchen,129.99,1,15,110.49,UK,Referral,Delivered,53,Male
ORD-01858,2024-06-28,Webcam HD,Electronics,89.99,5,20,359.96,UK,Referral,Shipped,57,Other
ORD-01859,2023-07-15,Sunscreen SPF50,Beauty,22.99,1,20,18.39,Japan,Social Media,Shipped,46,Other
ORD-01860,2023-06-05,Air Fryer,Kitchen,129.99,3,0,389.97,Canada,Direct,Processing,39,Female
ORD-01861,2024-06-24,Sunscreen SPF50,Beauty,22.99,4,0,91.96,Japan,Referral,Delivered,18,Other
ORD-01862,2024-02-04,Laptop Pro 15,Electronics,1299.99,1,0,1299.99,Australia,Email,Delivered,34,Male
ORD-01863,2024-08-21,Blender Pro,Kitchen,74.99,3,10,202.47,Brazil,Direct,Cancelled,30,Other
ORD-01864,2023-12-30,Instant Pot,Kitchen,99.99,5,0,499.95,Germany,Paid Ads,Delivered,37,Male
ORD-01865,2023-04-14,Laptop Pro 15,Electronics,1299.99,5,10,5849.95,USA,Paid Ads,Processing,40,Male
ORD-01866,2023-12-02,Protein Powder,Sports,54.99,2,15,93.48,Germany,Paid Ads,Delivered,28,Female
ORD-01867,2023-10-05,Yoga Mat,Sports,39.99,2,20,63.98,Australia,Organic,Delivered,46,Male
ORD-01868,2024-01-20,Laptop Pro 15,Electronics,1299.99,4,20,4159.97,Germany,Email,Delivered,46,Female
ORD-01869,2024-02-13,Running Shoes,Sports,119.99,2,20,191.98,Japan,Referral,Returned,25,Male
ORD-01870,2023-06-29,The Lean Startup,Books,19.99,5,15,84.96,UK,Paid Ads,Returned,31,Male
ORD-01871,2024-05-15,Skincare Set,Beauty,59.99,5,0,299.95,Australia,Email,Delivered,31,Male
ORD-01872,2024-06-03,Office Chair,Furniture,299.99,4,0,1199.96,UK,Email,Delivered,18,Female
ORD-01873,2024-03-06,Standing Desk,Furniture,549.99,1,0,549.99,Australia,Social Media,Returned,22,Female
ORD-01874,2024-10-29,Water Bottle,Sports,24.99,2,15,42.48,UK,Direct,Cancelled,42,Female
ORD-01875,2023-01-17,Dumbbells Set,Sports,79.99,3,0,239.97,Canada,Paid Ads,Delivered,54,Male
ORD-01876,2023-05-12,The Lean Startup,Books,19.99,2,0,39.98,Brazil,Organic,Delivered,56,Male
ORD-01877,2024-11-07,Water Bottle,Sports,24.99,3,10,67.47,Japan,Paid Ads,Shipped,29,Male
ORD-01878,2024-06-15,4K Monitor,Electronics,499.99,2,0,999.98,UK,Paid Ads,Delivered,49,Male
ORD-01879,2023-11-10,Standing Desk,Furniture,549.99,3,20,1319.98,France,Referral,Delivered,19,Male
ORD-01880,2023-12-06,Laptop Pro 15,Electronics,1299.99,4,0,5199.96,Canada,Email,Delivered,52,Female
ORD-01881,2024-09-04,Skincare Set,Beauty,59.99,5,0,299.95,Canada,Organic,Delivered,40,Male
ORD-01882,2023-04-05,Bookshelf,Furniture,189.99,1,0,189.99,Brazil,Email,Shipped,52,Female
ORD-01883,2023-05-18,Coffee Maker,Kitchen,89.99,1,0,89.99,Brazil,Email,Delivered,26,Female
ORD-01884,2024-11-03,Atomic Habits,Books,16.99,3,10,45.87,UK,Email,Shipped,65,Other
ORD-01885,2023-07-20,4K Monitor,Electronics,499.99,2,10,899.98,Canada,Paid Ads,Delivered,60,Male
ORD-01886,2023-04-08,Instant Pot,Kitchen,99.99,4,0,399.96,UK,Paid Ads,Delivered,34,Male
ORD-01887,2024-11-06,Water Bottle,Sports,24.99,3,15,63.72,Brazil,Direct,Processing,51,Other
ORD-01888,2024-08-14,Dumbbells Set,Sports,79.99,2,0,159.98,Japan,Social Media,Cancelled,27,Other
ORD-01889,2023-02-05,Skincare Set,Beauty,59.99,4,15,203.97,USA,Paid Ads,Delivered,18,Male
ORD-01890,2024-10-11,Wireless Mouse,Electronics,29.99,2,0,59.98,Japan,Social Media,Delivered,54,Female
ORD-01891,2024-05-10,Office Chair,Furniture,299.99,2,15,509.98,Japan,Email,Delivered,47,Other
ORD-01892,2023-09-27,Atomic Habits,Books,16.99,4,0,67.96,France,Direct,Returned,50,Female
ORD-01893,2023-12-12,Webcam HD,Electronics,89.99,3,0,269.97,Brazil,Referral,Shipped,60,Male
ORD-01894,2024-11-15,Protein Powder,Sports,54.99,5,0,274.95,UK,Social Media,Shipped,59,Male
ORD-01895,2024-07-10,4K Monitor,Electronics,499.99,1,0,499.99,Brazil,Organic,Delivered,53,Other
ORD-01896,2023-10-30,4K Monitor,Electronics,499.99,3,0,1499.97,Brazil,Email,Processing,23,Other
ORD-01897,2023-07-06,Standing Desk,Furniture,549.99,5,0,2749.95,Canada,Direct,Delivered,19,Male
ORD-01898,2023-12-29,The Lean Startup,Books,19.99,5,20,79.96,Canada,Referral,Returned,51,Other
ORD-01899,2023-02-18,Atomic Habits,Books,16.99,3,10,45.87,Germany,Direct,Processing,28,Female
ORD-01900,2023-06-12,Mechanical Keyboard,Electronics,149.99,2,15,254.98,Germany,Direct,Delivered,52,Other
ORD-01901,2024-03-10,Running Shoes,Sports,119.99,3,0,359.97,Japan,Social Media,Shipped,51,Female
ORD-01902,2024-05-02,Desk Lamp,Furniture,44.99,3,0,134.97,France,Organic,Delivered,34,Other
ORD-01903,2024-07-23,Blender Pro,Kitchen,74.99,3,0,224.97,UK,Organic,Returned,44,Male
ORD-01904,2023-05-28,Python Crash Course,Books,34.99,2,20,55.98,Germany,Email,Returned,28,Other
ORD-01905,2024-03-05,Standing Desk,Furniture,549.99,5,0,2749.95,Germany,Social Media,Delivered,32,Female
ORD-01906,2023-05-24,Standing Desk,Furniture,549.99,1,15,467.49,Canada,Paid Ads,Shipped,27,Other
ORD-01907,2023-10-10,Sunscreen SPF50,Beauty,22.99,3,0,68.97,UK,Referral,Delivered,51,Male
ORD-01908,2024-10-05,Coffee Maker,Kitchen,89.99,4,0,359.96,Brazil,Social Media,Returned,25,Other
ORD-01909,2024-09-16,Desk Lamp,Furniture,44.99,2,0,89.98,Australia,Social Media,Delivered,42,Female
ORD-01910,2023-04-26,Air Fryer,Kitchen,129.99,4,5,493.96,Canada,Direct,Cancelled,49,Female
ORD-01911,2023-08-19,The Lean Startup,Books,19.99,1,0,19.99,Australia,Paid Ads,Returned,60,Female
ORD-01912,2024-12-19,Bookshelf,Furniture,189.99,4,0,759.96,UK,Social Media,Returned,64,Other
ORD-01913,2023-10-10,Dumbbells Set,Sports,79.99,5,0,399.95,Japan,Direct,Returned,34,Female
ORD-01914,2023-03-27,Laptop Pro 15,Electronics,1299.99,1,15,1104.99,Brazil,Paid Ads,Processing,49,Male
ORD-01915,2024-08-28,Bookshelf,Furniture,189.99,3,0,569.97,Brazil,Referral,Processing,54,Female
ORD-01916,2024-09-13,The Lean Startup,Books,19.99,4,0,79.96,UK,Referral,Returned,59,Male
ORD-01917,2024-08-12,Mechanical Keyboard,Electronics,149.99,1,20,119.99,Germany,Social Media,Processing,61,Other
ORD-01918,2024-09-10,Bookshelf,Furniture,189.99,4,15,645.97,USA,Social Media,Cancelled,46,Female
ORD-01919,2024-08-10,The Lean Startup,Books,19.99,1,5,18.99,Japan,Direct,Delivered,31,Other
ORD-01920,2023-07-05,Laptop Pro 15,Electronics,1299.99,3,0,3899.97,France,Email,Returned,19,Other
ORD-01921,2024-04-12,Dumbbells Set,Sports,79.99,3,20,191.98,Australia,Social Media,Delivered,35,Female
ORD-01922,2023-02-18,Protein Powder,Sports,54.99,4,15,186.97,France,Paid Ads,Delivered,53,Other
ORD-01923,2024-10-25,Protein Powder,Sports,54.99,4,20,175.97,Australia,Paid Ads,Returned,49,Male
ORD-01924,2023-12-08,Office Chair,Furniture,299.99,5,10,1349.96,Germany,Social Media,Returned,37,Male
ORD-01925,2023-04-03,Air Fryer,Kitchen,129.99,4,0,519.96,Brazil,Direct,Delivered,42,Male
ORD-01926,2023-09-29,Instant Pot,Kitchen,99.99,4,0,399.96,Australia,Email,Delivered,28,Male
ORD-01927,2023-11-27,Laptop Pro 15,Electronics,1299.99,1,0,1299.99,France,Referral,Cancelled,59,Other
ORD-01928,2023-10-31,Sunscreen SPF50,Beauty,22.99,5,10,103.45,Canada,Email,Processing,62,Male
ORD-01929,2023-07-23,USB-C Hub,Electronics,49.99,1,15,42.49,Japan,Social Media,Delivered,63,Female
ORD-01930,2024-06-29,Office Chair,Furniture,299.99,4,0,1199.96,Japan,Organic,Returned,65,Female
ORD-01931,2024-09-20,Deep Work,Books,18.99,1,0,18.99,Germany,Email,Returned,20,Male
ORD-01932,2024-07-15,4K Monitor,Electronics,499.99,3,0,1499.97,Brazil,Paid Ads,Returned,62,Male
ORD-01933,2023-09-09,Yoga Mat,Sports,39.99,4,15,135.97,Germany,Paid Ads,Delivered,36,Male
ORD-01934,2023-01-22,Coffee Maker,Kitchen,89.99,4,20,287.97,Brazil,Email,Processing,53,Other
ORD-01935,2023-07-16,Bookshelf,Furniture,189.99,2,20,303.98,Japan,Direct,Processing,42,Other
ORD-01936,2023-09-25,Instant Pot,Kitchen,99.99,3,20,239.98,France,Email,Delivered,41,Male
ORD-01937,2023-11-24,Atomic Habits,Books,16.99,3,0,50.97,Canada,Social Media,Returned,62,Male
ORD-01938,2024-07-05,Deep Work,Books,18.99,2,0,37.98,Brazil,Referral,Delivered,24,Other
ORD-01939,2023-08-22,Skincare Set,Beauty,59.99,3,15,152.97,Germany,Email,Delivered,54,Male
ORD-01940,2024-04-16,Coffee Maker,Kitchen,89.99,4,5,341.96,Japan,Organic,Delivered,19,Other
ORD-01941,2024-04-04,Atomic Habits,Books,16.99,1,0,16.99,Brazil,Direct,Delivered,22,Other
ORD-01942,2023-12-29,USB-C Hub,Electronics,49.99,3,10,134.97,France,Direct,Delivered,63,Other
ORD-01943,2024-05-17,Bookshelf,Furniture,189.99,2,5,360.98,Germany,Direct,Shipped,37,Other
ORD-01944,2024-12-14,Blender Pro,Kitchen,74.99,3,0,224.97,Germany,Referral,Returned,50,Female
ORD-01945,2023-05-28,Sunscreen SPF50,Beauty,22.99,5,15,97.71,Australia,Organic,Processing,21,Other
ORD-01946,2024-01-02,Deep Work,Books,18.99,1,20,15.19,UK,Referral,Delivered,51,Female
ORD-01947,2023-06-15,Skincare Set,Beauty,59.99,2,0,119.98,Canada,Paid Ads,Delivered,59,Female
ORD-01948,2023-05-03,Protein Powder,Sports,54.99,1,0,54.99,Japan,Referral,Cancelled,61,Female
ORD-01949,2024-02-22,Standing Desk,Furniture,549.99,4,0,2199.96,Australia,Paid Ads,Delivered,37,Female
ORD-01950,2023-07-01,Instant Pot,Kitchen,99.99,4,0,399.96,Brazil,Organic,Delivered,34,Female
ORD-01951,2023-07-25,Yoga Mat,Sports,39.99,3,15,101.97,UK,Social Media,Shipped,24,Other
ORD-01952,2023-09-21,Laptop Pro 15,Electronics,1299.99,5,0,6499.95,USA,Direct,Delivered,24,Male
ORD-01953,2023-01-02,The Lean Startup,Books,19.99,1,0,19.99,Australia,Email,Delivered,19,Other
ORD-01954,2024-07-30,Office Chair,Furniture,299.99,1,0,299.99,Germany,Direct,Processing,49,Male
ORD-01955,2024-07-02,Running Shoes,Sports,119.99,3,0,359.97,Canada,Referral,Delivered,54,Male
ORD-01956,2024-03-27,Instant Pot,Kitchen,99.99,2,10,179.98,Canada,Email,Delivered,57,Male
ORD-01957,2024-07-04,Mechanical Keyboard,Electronics,149.99,3,0,449.97,UK,Social Media,Cancelled,29,Other
ORD-01958,2024-06-14,Webcam HD,Electronics,89.99,1,5,85.49,Germany,Referral,Delivered,57,Female
ORD-01959,2024-04-10,Blender Pro,Kitchen,74.99,5,20,299.96,Japan,Email,Delivered,60,Other
ORD-01960,2023-03-09,Protein Powder,Sports,54.99,2,0,109.98,Canada,Paid Ads,Returned,49,Male
ORD-01961,2024-02-18,Wireless Mouse,Electronics,29.99,3,0,89.97,Brazil,Direct,Cancelled,55,Male
ORD-01962,2024-06-16,USB-C Hub,Electronics,49.99,3,10,134.97,Japan,Referral,Cancelled,30,Female
ORD-01963,2023-11-25,4K Monitor,Electronics,499.99,4,20,1599.97,Germany,Social Media,Cancelled,45,Female
ORD-01964,2024-03-21,Standing Desk,Furniture,549.99,1,5,522.49,USA,Email,Delivered,38,Other
ORD-01965,2024-05-10,Coffee Maker,Kitchen,89.99,4,0,359.96,Brazil,Social Media,Returned,61,Other
ORD-01966,2023-02-26,The Lean Startup,Books,19.99,1,0,19.99,UK,Social Media,Processing,65,Other
ORD-01967,2024-07-09,Webcam HD,Electronics,89.99,3,15,229.47,USA,Referral,Delivered,21,Female
ORD-01968,2024-01-30,Running Shoes,Sports,119.99,3,10,323.97,USA,Direct,Returned,45,Other
ORD-01969,2024-06-04,The Lean Startup,Books,19.99,2,10,35.98,Australia,Direct,Cancelled,20,Male
ORD-01970,2023-04-12,Desk Lamp,Furniture,44.99,2,0,89.98,Australia,Organic,Cancelled,31,Female
ORD-01971,2023-07-31,Deep Work,Books,18.99,5,0,94.95,USA,Email,Delivered,62,Male
ORD-01972,2023-10-25,Laptop Pro 15,Electronics,1299.99,2,15,2209.98,Australia,Paid Ads,Shipped,32,Female
ORD-01973,2024-02-16,Wireless Mouse,Electronics,29.99,2,0,59.98,Germany,Referral,Cancelled,34,Female
ORD-01974,2024-11-27,Deep Work,Books,18.99,3,0,56.97,France,Email,Cancelled,18,Female
ORD-01975,2024-02-28,Standing Desk,Furniture,549.99,3,20,1319.98,Germany,Email,Delivered,56,Male
ORD-01976,2024-10-03,Instant Pot,Kitchen,99.99,4,0,399.96,Brazil,Paid Ads,Cancelled,62,Male
ORD-01977,2023-03-14,Air Fryer,Kitchen,129.99,1,0,129.99,Canada,Email,Delivered,29,Other
ORD-01978,2023-12-02,Webcam HD,Electronics,89.99,3,15,229.47,Japan,Social Media,Processing,36,Female
ORD-01979,2024-08-06,Dumbbells Set,Sports,79.99,1,20,63.99,UK,Email,Returned,30,Male
ORD-01980,2024-07-22,Python Crash Course,Books,34.99,2,0,69.98,USA,Email,Shipped,24,Male
ORD-01981,2023-08-23,Wireless Mouse,Electronics,29.99,4,0,119.96,UK,Direct,Returned,22,Male
ORD-01982,2024-03-22,Coffee Maker,Kitchen,89.99,3,5,256.47,Canada,Email,Processing,20,Other
ORD-01983,2024-05-30,Sunscreen SPF50,Beauty,22.99,2,20,36.78,Germany,Direct,Delivered,20,Other
ORD-01984,2023-01-15,4K Monitor,Electronics,499.99,3,20,1199.98,France,Paid Ads,Delivered,47,Male
ORD-01985,2024-10-21,Wireless Mouse,Electronics,29.99,4,5,113.96,Canada,Social Media,Processing,22,Male
ORD-01986,2023-07-08,Air Fryer,Kitchen,129.99,2,0,259.98,Brazil,Organic,Returned,46,Male
ORD-01987,2023-09-09,Coffee Maker,Kitchen,89.99,5,0,449.95,Canada,Paid Ads,Processing,38,Male
ORD-01988,2023-04-25,Blender Pro,Kitchen,74.99,1,5,71.24,USA,Referral,Cancelled,28,Other
ORD-01989,2023-11-26,Office Chair,Furniture,299.99,1,0,299.99,UK,Direct,Delivered,18,Female
ORD-01990,2023-01-04,Deep Work,Books,18.99,1,20,15.19,Japan,Referral,Delivered,32,Other
ORD-01991,2023-02-06,Deep Work,Books,18.99,5,0,94.95,USA,Direct,Returned,48,Other
ORD-01992,2024-10-22,Standing Desk,Furniture,549.99,3,15,1402.47,Japan,Email,Cancelled,33,Other
ORD-01993,2024-05-17,Coffee Maker,Kitchen,89.99,3,0,269.97,Brazil,Email,Delivered,47,Other
ORD-01994,2024-01-04,Yoga Mat,Sports,39.99,2,0,79.98,Canada,Email,Delivered,28,Female
ORD-01995,2023-01-22,Bookshelf,Furniture,189.99,3,0,569.97,USA,Email,Shipped,63,Other
ORD-01996,2023-08-21,Standing Desk,Furniture,549.99,2,20,879.98,Australia,Paid Ads,Shipped,44,Female
ORD-01997,2024-04-16,Skincare Set,Beauty,59.99,4,5,227.96,Japan,Email,Delivered,39,Female
ORD-01998,2024-11-12,Standing Desk,Furniture,549.99,2,15,934.98,Germany,Paid Ads,Delivered,63,Male
ORD-01999,2024-08-05,Running Shoes,Sports,119.99,5,0,599.95,Brazil,Referral,Returned,44,Female
ORD-02000,2024-10-21,Water Bottle,Sports,24.99,2,5,47.48,Canada,Email,Delivered,52,Other
ORD-02001,2024-04-08,Water Bottle,Sports,24.99,5,5,118.7,USA,Paid Ads,Delivered,39,Other
ORD-02002,2023-06-10,Blender Pro,Kitchen,74.99,4,10,269.96,Japan,Paid Ads,Shipped,19,Other
ORD-02003,2023-07-31,Standing Desk,Furniture,549.99,5,15,2337.46,Canada,Social Media,Cancelled,61,Other
ORD-02004,2023-06-09,Air Fryer,Kitchen,129.99,4,10,467.96,Germany,Paid Ads,Shipped,38,Female
ORD-02005,2023-09-09,Skincare Set,Beauty,59.99,2,20,95.98,Brazil,Social Media,Processing,57,Other
ORD-02006,2024-10-05,Wireless Mouse,Electronics,29.99,1,20,23.99,UK,Organic,Delivered,18,Male
ORD-02007,2023-12-06,USB-C Hub,Electronics,49.99,3,0,149.97,Germany,Direct,Delivered,31,Female
ORD-02008,2023-03-09,Office Chair,Furniture,299.99,5,0,1499.95,Brazil,Email,Delivered,63,Male
ORD-02009,2023-10-24,Water Bottle,Sports,24.99,1,20,19.99,Canada,Paid Ads,Delivered,44,Male
ORD-02010,2024-06-29,Coffee Maker,Kitchen,89.99,4,0,359.96,Brazil,Direct,Delivered,62,Male
ORD-02011,2023-04-27,Blender Pro,Kitchen,74.99,2,5,142.48,UK,Organic,Delivered,42,Female
ORD-02012,2024-01-24,Python Crash Course,Books,34.99,2,20,55.98,USA,Referral,Cancelled,41,Female
ORD-02013,2024-08-21,Deep Work,Books,18.99,2,5,36.08,USA,Email,Cancelled,54,Female
ORD-02014,2023-12-14,USB-C Hub,Electronics,49.99,3,0,149.97,Canada,Paid Ads,Processing,37,Other
ORD-02015,2024-02-08,4K Monitor,Electronics,499.99,1,20,399.99,Germany,Direct,Delivered,36,Other
ORD-02016,2023-03-27,Office Chair,Furniture,299.99,5,20,1199.96,Brazil,Organic,Processing,55,Female
ORD-02017,2023-06-23,Office Chair,Furniture,299.99,3,0,899.97,France,Referral,Delivered,49,Female
ORD-02018,2023-06-20,Wireless Mouse,Electronics,29.99,2,15,50.98,France,Social Media,Shipped,45,Female
ORD-02019,2023-02-11,Dumbbells Set,Sports,79.99,4,15,271.97,UK,Social Media,Processing,20,Male
ORD-02020,2024-10-01,Laptop Pro 15,Electronics,1299.99,5,0,6499.95,France,Email,Delivered,48,Female
ORD-02021,2024-02-02,Wireless Mouse,Electronics,29.99,3,15,76.47,Japan,Social Media,Delivered,50,Female
ORD-02022,2024-02-21,Instant Pot,Kitchen,99.99,3,0,299.97,Australia,Direct,Delivered,53,Male
ORD-02023,2024-05-15,Water Bottle,Sports,24.99,3,0,74.97,Brazil,Direct,Delivered,60,Female
ORD-02024,2024-06-05,Mechanical Keyboard,Electronics,149.99,1,20,119.99,Canada,Organic,Delivered,22,Male
ORD-02025,2024-01-18,USB-C Hub,Electronics,49.99,2,10,89.98,Germany,Organic,Returned,22,Male
ORD-02026,2023-01-14,Skincare Set,Beauty,59.99,3,20,143.98,UK,Paid Ads,Processing,58,Female
ORD-02027,2024-10-08,Protein Powder,Sports,54.99,1,10,49.49,UK,Organic,Cancelled,26,Male
ORD-02028,2023-03-25,Webcam HD,Electronics,89.99,1,15,76.49,UK,Organic,Shipped,61,Male
ORD-02029,2023-08-04,Wireless Mouse,Electronics,29.99,1,5,28.49,Australia,Direct,Processing,30,Female
ORD-02030,2023-07-22,Instant Pot,Kitchen,99.99,4,10,359.96,Canada,Email,Delivered,64,Other
ORD-02031,2024-08-29,Wireless Mouse,Electronics,29.99,4,0,119.96,USA,Organic,Delivered,30,Female
ORD-02032,2023-05-28,Atomic Habits,Books,16.99,5,0,84.95,UK,Direct,Returned,22,Male
ORD-02033,2023-07-11,Protein Powder,Sports,54.99,2,0,109.98,Japan,Direct,Returned,55,Female
ORD-02034,2024-09-07,Bookshelf,Furniture,189.99,5,15,807.46,France,Paid Ads,Shipped,34,Female
ORD-02035,2023-09-04,The Lean Startup,Books,19.99,1,15,16.99,France,Social Media,Returned,28,Male
ORD-02036,2023-03-05,USB-C Hub,Electronics,49.99,4,0,199.96,USA,Referral,Returned,45,Male
ORD-02037,2024-11-21,Sunscreen SPF50,Beauty,22.99,4,0,91.96,UK,Social Media,Processing,41,Other
ORD-02038,2024-11-28,Coffee Maker,Kitchen,89.99,1,10,80.99,France,Direct,Returned,38,Female
ORD-02039,2024-01-02,Skincare Set,Beauty,59.99,4,0,239.96,Brazil,Social Media,Returned,49,Female
ORD-02040,2024-07-13,Skincare Set,Beauty,59.99,2,0,119.98,Canada,Organic,Cancelled,40,Female
ORD-02041,2024-04-21,Desk Lamp,Furniture,44.99,3,20,107.98,Japan,Email,Returned,47,Female
ORD-02042,2023-06-06,4K Monitor,Electronics,499.99,4,5,1899.96,USA,Paid Ads,Returned,38,Female
ORD-02043,2024-10-09,4K Monitor,Electronics,499.99,4,0,1999.96,USA,Email,Returned,60,Male
ORD-02044,2023-06-04,Deep Work,Books,18.99,2,0,37.98,UK,Organic,Shipped,48,Male
ORD-02045,2023-10-05,Protein Powder,Sports,54.99,2,0,109.98,Brazil,Email,Delivered,37,Other
ORD-02046,2023-10-12,Yoga Mat,Sports,39.99,2,5,75.98,Brazil,Email,Shipped,28,Female
ORD-02047,2024-11-12,Wireless Mouse,Electronics,29.99,3,0,89.97,UK,Social Media,Cancelled,48,Other
ORD-02048,2023-10-24,4K Monitor,Electronics,499.99,2,10,899.98,Brazil,Paid Ads,Shipped,49,Male
ORD-02049,2023-11-12,Air Fryer,Kitchen,129.99,2,0,259.98,France,Direct,Processing,45,Other
ORD-02050,2023-05-05,Coffee Maker,Kitchen,89.99,2,10,161.98,France,Social Media,Cancelled,41,Other
ORD-02051,2023-05-12,Office Chair,Furniture,299.99,5,5,1424.95,UK,Organic,Shipped,41,Female
ORD-02052,2023-09-10,Running Shoes,Sports,119.99,3,15,305.97,Germany,Social Media,Cancelled,48,Female
ORD-02053,2024-07-22,Protein Powder,Sports,54.99,5,20,219.96,Australia,Direct,Delivered,26,Female
ORD-02054,2024-10-09,Deep Work,Books,18.99,2,15,32.28,Germany,Paid Ads,Shipped,54,Female
ORD-02055,2023-01-20,Protein Powder,Sports,54.99,5,0,274.95,Japan,Paid Ads,Processing,38,Male
ORD-02056,2024-06-25,Python Crash Course,Books,34.99,4,10,125.96,France,Organic,Shipped,42,Male
ORD-02057,2023-10-10,Instant Pot,Kitchen,99.99,2,0,199.98,USA,Email,Delivered,32,Other
ORD-02058,2023-01-04,Protein Powder,Sports,54.99,3,20,131.98,Brazil,Referral,Delivered,35,Female
ORD-02059,2024-05-11,Protein Powder,Sports,54.99,5,10,247.45,Germany,Direct,Delivered,56,Other
ORD-02060,2023-05-04,Water Bottle,Sports,24.99,1,15,21.24,Germany,Referral,Returned,50,Female
ORD-02061,2023-09-12,Standing Desk,Furniture,549.99,4,15,1869.97,USA,Social Media,Delivered,31,Male
ORD-02062,2023-10-31,Laptop Pro 15,Electronics,1299.99,1,15,1104.99,Japan,Organic,Delivered,47,Male
ORD-02063,2024-04-02,Air Fryer,Kitchen,129.99,4,10,467.96,Canada,Referral,Shipped,38,Male
ORD-02064,2023-10-08,Desk Lamp,Furniture,44.99,3,0,134.97,Brazil,Social Media,Delivered,55,Male
ORD-02065,2023-11-27,Laptop Pro 15,Electronics,1299.99,1,0,1299.99,Australia,Referral,Shipped,41,Male
ORD-02066,2023-11-19,Skincare Set,Beauty,59.99,4,10,215.96,USA,Direct,Shipped,59,Female
ORD-02067,2024-02-10,Webcam HD,Electronics,89.99,3,10,242.97,USA,Direct,Delivered,38,Other
ORD-02068,2024-08-05,Wireless Mouse,Electronics,29.99,5,0,149.95,Canada,Email,Delivered,22,Male
ORD-02069,2023-06-05,Mechanical Keyboard,Electronics,149.99,5,0,749.95,Germany,Organic,Returned,41,Female
ORD-02070,2023-12-13,USB-C Hub,Electronics,49.99,4,0,199.96,UK,Email,Shipped,52,Male
ORD-02071,2024-06-21,Bookshelf,Furniture,189.99,4,15,645.97,Canada,Referral,Returned,23,Male
ORD-02072,2024-04-04,Webcam HD,Electronics,89.99,1,20,71.99,France,Paid Ads,Delivered,21,Other
ORD-02073,2024-11-30,Atomic Habits,Books,16.99,1,0,16.99,Germany,Email,Delivered,20,Male
ORD-02074,2023-08-27,4K Monitor,Electronics,499.99,2,10,899.98,Australia,Social Media,Shipped,58,Other
ORD-02075,2024-02-10,Laptop Pro 15,Electronics,1299.99,5,20,5199.96,France,Email,Delivered,60,Other
ORD-02076,2024-12-14,Bookshelf,Furniture,189.99,5,0,949.95,USA,Paid Ads,Processing,20,Male
ORD-02077,2023-08-24,Deep Work,Books,18.99,4,0,75.96,Australia,Direct,Delivered,55,Female
ORD-02078,2024-06-05,Webcam HD,Electronics,89.99,4,0,359.96,Canada,Referral,Delivered,58,Other
ORD-02079,2024-09-29,Water Bottle,Sports,24.99,3,10,67.47,Australia,Referral,Shipped,28,Male
ORD-02080,2024-09-14,Dumbbells Set,Sports,79.99,3,0,239.97,Australia,Social Media,Shipped,25,Other
ORD-02081,2023-10-20,Desk Lamp,Furniture,44.99,1,5,42.74,Japan,Paid Ads,Delivered,25,Male
ORD-02082,2024-02-01,Mechanical Keyboard,Electronics,149.99,2,0,299.98,France,Direct,Cancelled,31,Other
ORD-02083,2023-11-07,Office Chair,Furniture,299.99,4,0,1199.96,Germany,Referral,Returned,34,Male
ORD-02084,2024-06-07,Laptop Pro 15,Electronics,1299.99,3,0,3899.97,Germany,Paid Ads,Returned,39,Male
ORD-02085,2024-05-26,Skincare Set,Beauty,59.99,4,15,203.97,Australia,Email,Shipped,56,Male
ORD-02086,2024-05-18,Python Crash Course,Books,34.99,5,10,157.46,France,Direct,Returned,33,Male
ORD-02087,2024-09-23,Mechanical Keyboard,Electronics,149.99,1,20,119.99,USA,Referral,Delivered,18,Female
ORD-02088,2023-01-01,Water Bottle,Sports,24.99,4,5,94.96,Canada,Organic,Delivered,41,Male
ORD-02089,2024-10-23,Running Shoes,Sports,119.99,4,15,407.97,Australia,Organic,Delivered,44,Other
ORD-02090,2023-01-23,Water Bottle,Sports,24.99,1,0,24.99,France,Paid Ads,Delivered,47,Male
ORD-02091,2023-05-04,Air Fryer,Kitchen,129.99,1,5,123.49,Canada,Organic,Delivered,23,Other
ORD-02092,2023-08-29,Desk Lamp,Furniture,44.99,5,15,191.21,France,Social Media,Delivered,62,Other
ORD-02093,2024-05-06,USB-C Hub,Electronics,49.99,2,0,99.98,UK,Email,Cancelled,42,Male
ORD-02094,2023-02-08,Python Crash Course,Books,34.99,4,20,111.97,Brazil,Email,Delivered,18,Other
ORD-02095,2023-02-15,Blender Pro,Kitchen,74.99,1,20,59.99,France,Direct,Delivered,64,Female
ORD-02096,2023-07-27,Dumbbells Set,Sports,79.99,1,15,67.99,France,Paid Ads,Delivered,62,Female
ORD-02097,2023-01-02,Air Fryer,Kitchen,129.99,1,20,103.99,Japan,Referral,Cancelled,49,Male
ORD-02098,2023-02-18,Water Bottle,Sports,24.99,3,0,74.97,Australia,Email,Returned,48,Other
ORD-02099,2023-06-17,Office Chair,Furniture,299.99,3,15,764.97,Canada,Social Media,Cancelled,58,Female
ORD-02100,2024-02-21,Webcam HD,Electronics,89.99,5,5,427.45,Australia,Email,Delivered,36,Male
ORD-02101,2024-11-19,Sunscreen SPF50,Beauty,22.99,4,15,78.17,Japan,Social Media,Shipped,23,Other
ORD-02102,2023-09-17,4K Monitor,Electronics,499.99,3,0,1499.97,Brazil,Email,Returned,52,Other
ORD-02103,2023-06-18,Wireless Mouse,Electronics,29.99,3,10,80.97,Canada,Referral,Delivered,52,Other
ORD-02104,2023-06-13,Deep Work,Books,18.99,2,20,30.38,Germany,Direct,Shipped,23,Female
ORD-02105,2023-04-25,The Lean Startup,Books,19.99,5,0,99.95,UK,Referral,Delivered,34,Other
ORD-02106,2024-11-11,Webcam HD,Electronics,89.99,2,15,152.98,Australia,Email,Delivered,38,Other
ORD-02107,2024-01-18,Atomic Habits,Books,16.99,4,10,61.16,Japan,Paid Ads,Processing,40,Other
ORD-02108,2024-02-22,Instant Pot,Kitchen,99.99,1,0,99.99,Brazil,Paid Ads,Returned,62,Male
ORD-02109,2023-01-01,The Lean Startup,Books,19.99,1,5,18.99,Canada,Organic,Cancelled,37,Male
ORD-02110,2024-02-20,Water Bottle,Sports,24.99,2,10,44.98,UK,Paid Ads,Delivered,19,Male
ORD-02111,2023-10-30,Mechanical Keyboard,Electronics,149.99,2,0,299.98,UK,Organic,Delivered,46,Male
ORD-02112,2024-03-08,Office Chair,Furniture,299.99,4,0,1199.96,France,Social Media,Shipped,41,Male
ORD-02113,2023-11-08,Bookshelf,Furniture,189.99,5,10,854.96,Brazil,Direct,Processing,55,Male
ORD-02114,2024-11-26,Python Crash Course,Books,34.99,1,5,33.24,Australia,Social Media,Delivered,34,Other
ORD-02115,2024-04-29,Standing Desk,Furniture,549.99,5,20,2199.96,UK,Email,Cancelled,55,Other
ORD-02116,2023-12-26,Blender Pro,Kitchen,74.99,4,0,299.96,Japan,Organic,Shipped,23,Female
ORD-02117,2023-09-16,Atomic Habits,Books,16.99,1,0,16.99,Germany,Direct,Returned,63,Other
ORD-02118,2023-04-07,Desk Lamp,Furniture,44.99,4,15,152.97,Australia,Paid Ads,Processing,48,Male
ORD-02119,2023-11-27,Water Bottle,Sports,24.99,5,20,99.96,Brazil,Paid Ads,Processing,44,Male
ORD-02120,2023-01-11,Blender Pro,Kitchen,74.99,2,10,134.98,USA,Referral,Shipped,22,Other
ORD-02121,2023-07-05,Desk Lamp,Furniture,44.99,3,15,114.72,Japan,Referral,Cancelled,64,Male
ORD-02122,2023-09-17,Deep Work,Books,18.99,1,15,16.14,Brazil,Paid Ads,Shipped,36,Male
ORD-02123,2023-02-10,Water Bottle,Sports,24.99,5,0,124.95,Japan,Organic,Cancelled,27,Male
ORD-02124,2023-07-23,Python Crash Course,Books,34.99,4,0,139.96,USA,Email,Returned,65,Other
ORD-02125,2023-06-30,Sunscreen SPF50,Beauty,22.99,4,0,91.96,France,Paid Ads,Delivered,39,Other
ORD-02126,2024-08-20,Python Crash Course,Books,34.99,2,15,59.48,Brazil,Direct,Delivered,24,Male
ORD-02127,2023-05-23,4K Monitor,Electronics,499.99,5,10,2249.95,USA,Email,Shipped,41,Other
ORD-02128,2024-03-16,Laptop Pro 15,Electronics,1299.99,5,15,5524.96,Australia,Direct,Processing,24,Female
ORD-02129,2024-04-30,Wireless Mouse,Electronics,29.99,3,5,85.47,Japan,Organic,Delivered,23,Female
ORD-02130,2024-11-11,Office Chair,Furniture,299.99,4,5,1139.96,Germany,Paid Ads,Delivered,19,Male
ORD-02131,2023-03-30,Deep Work,Books,18.99,2,15,32.28,Germany,Email,Cancelled,52,Female
ORD-02132,2024-07-24,Dumbbells Set,Sports,79.99,4,0,319.96,Canada,Referral,Shipped,25,Other
ORD-02133,2023-02-10,Yoga Mat,Sports,39.99,2,0,79.98,France,Paid Ads,Cancelled,62,Female
ORD-02134,2023-01-12,Office Chair,Furniture,299.99,1,10,269.99,USA,Organic,Processing,60,Female
ORD-02135,2024-08-22,The Lean Startup,Books,19.99,1,0,19.99,Canada,Social Media,Delivered,48,Male
ORD-02136,2023-07-13,Blender Pro,Kitchen,74.99,4,5,284.96,Brazil,Paid Ads,Delivered,29,Female
ORD-02137,2024-07-20,Air Fryer,Kitchen,129.99,5,20,519.96,UK,Paid Ads,Cancelled,26,Other
ORD-02138,2023-05-29,Sunscreen SPF50,Beauty,22.99,1,5,21.84,UK,Referral,Delivered,33,Other
ORD-02139,2024-02-28,Air Fryer,Kitchen,129.99,3,0,389.97,France,Email,Delivered,45,Male
ORD-02140,2023-11-25,Sunscreen SPF50,Beauty,22.99,4,0,91.96,Germany,Direct,Cancelled,41,Female
ORD-02141,2024-04-05,Coffee Maker,Kitchen,89.99,2,15,152.98,Canada,Email,Processing,50,Female
ORD-02142,2024-10-23,Sunscreen SPF50,Beauty,22.99,2,0,45.98,France,Email,Returned,22,Female
ORD-02143,2024-09-06,Laptop Pro 15,Electronics,1299.99,4,0,5199.96,UK,Direct,Returned,27,Other
ORD-02144,2023-02-10,Office Chair,Furniture,299.99,3,5,854.97,France,Email,Cancelled,39,Female
ORD-02145,2024-07-02,Coffee Maker,Kitchen,89.99,3,0,269.97,Brazil,Referral,Shipped,42,Other
ORD-02146,2024-08-26,Instant Pot,Kitchen,99.99,5,15,424.96,Canada,Email,Delivered,23,Other
ORD-02147,2024-05-16,Protein Powder,Sports,54.99,5,10,247.45,UK,Social Media,Cancelled,35,Female
ORD-02148,2023-10-23,Coffee Maker,Kitchen,89.99,5,0,449.95,Australia,Social Media,Delivered,54,Male
ORD-02149,2023-12-23,Water Bottle,Sports,24.99,2,20,39.98,Australia,Referral,Cancelled,44,Female
ORD-02150,2023-09-28,Coffee Maker,Kitchen,89.99,4,15,305.97,Germany,Referral,Returned,26,Other
ORD-02151,2023-10-30,Running Shoes,Sports,119.99,3,15,305.97,Australia,Paid Ads,Returned,47,Other
ORD-02152,2024-06-16,Webcam HD,Electronics,89.99,1,15,76.49,France,Direct,Delivered,31,Other
ORD-02153,2024-10-10,Protein Powder,Sports,54.99,2,15,93.48,Brazil,Social Media,Delivered,43,Female
ORD-02154,2023-10-05,Deep Work,Books,18.99,4,10,68.36,Australia,Paid Ads,Delivered,56,Male
ORD-02155,2023-09-16,Mechanical Keyboard,Electronics,149.99,4,20,479.97,Japan,Organic,Delivered,30,Female
ORD-02156,2024-05-21,Desk Lamp,Furniture,44.99,5,10,202.46,France,Referral,Processing,44,Male
ORD-02157,2023-09-30,Wireless Mouse,Electronics,29.99,4,15,101.97,Brazil,Referral,Delivered,48,Female
ORD-02158,2024-02-01,Protein Powder,Sports,54.99,1,0,54.99,Canada,Organic,Delivered,21,Male
ORD-02159,2023-03-13,Dumbbells Set,Sports,79.99,1,10,71.99,France,Paid Ads,Returned,24,Other
ORD-02160,2024-12-04,Bookshelf,Furniture,189.99,2,0,379.98,USA,Organic,Delivered,39,Other
ORD-02161,2023-10-11,Water Bottle,Sports,24.99,4,0,99.96,Germany,Paid Ads,Processing,56,Other
ORD-02162,2023-10-01,Atomic Habits,Books,16.99,3,20,40.78,Germany,Paid Ads,Delivered,53,Other
ORD-02163,2023-11-21,Sunscreen SPF50,Beauty,22.99,2,0,45.98,Japan,Paid Ads,Processing,57,Male
ORD-02164,2023-06-14,USB-C Hub,Electronics,49.99,5,15,212.46,France,Email,Delivered,24,Male
ORD-02165,2024-02-21,Yoga Mat,Sports,39.99,2,5,75.98,Canada,Paid Ads,Delivered,35,Male
ORD-02166,2023-01-04,Yoga Mat,Sports,39.99,3,5,113.97,Japan,Email,Delivered,32,Male
ORD-02167,2023-03-25,Bookshelf,Furniture,189.99,4,5,721.96,Canada,Direct,Shipped,57,Female
ORD-02168,2023-01-24,Atomic Habits,Books,16.99,3,0,50.97,Brazil,Email,Returned,51,Female
ORD-02169,2023-11-26,Laptop Pro 15,Electronics,1299.99,4,10,4679.96,Japan,Email,Processing,31,Female
ORD-02170,2023-05-28,Instant Pot,Kitchen,99.99,1,10,89.99,Japan,Paid Ads,Returned,43,Male
ORD-02171,2023-08-12,Protein Powder,Sports,54.99,3,5,156.72,France,Paid Ads,Cancelled,36,Male
ORD-02172,2024-01-24,Coffee Maker,Kitchen,89.99,4,0,359.96,Germany,Direct,Cancelled,22,Female
ORD-02173,2024-12-31,Laptop Pro 15,Electronics,1299.99,4,10,4679.96,Australia,Social Media,Shipped,19,Female
ORD-02174,2024-03-22,Skincare Set,Beauty,59.99,4,5,227.96,UK,Email,Delivered,40,Male
ORD-02175,2023-10-03,Office Chair,Furniture,299.99,3,5,854.97,Canada,Paid Ads,Delivered,55,Other
ORD-02176,2024-06-13,Coffee Maker,Kitchen,89.99,5,20,359.96,Germany,Organic,Shipped,41,Male
ORD-02177,2023-08-23,USB-C Hub,Electronics,49.99,2,0,99.98,USA,Social Media,Delivered,51,Female
ORD-02178,2024-04-08,4K Monitor,Electronics,499.99,3,0,1499.97,Japan,Social Media,Returned,29,Male
ORD-02179,2024-02-24,Water Bottle,Sports,24.99,2,10,44.98,UK,Paid Ads,Returned,23,Other
ORD-02180,2023-02-23,Deep Work,Books,18.99,2,0,37.98,Brazil,Email,Delivered,33,Male
ORD-02181,2023-07-20,Coffee Maker,Kitchen,89.99,1,0,89.99,UK,Social Media,Returned,29,Other
ORD-02182,2023-05-08,Sunscreen SPF50,Beauty,22.99,4,10,82.76,Australia,Direct,Delivered,27,Other
ORD-02183,2023-07-11,Yoga Mat,Sports,39.99,1,0,39.99,Canada,Social Media,Processing,19,Other
ORD-02184,2024-05-31,Wireless Mouse,Electronics,29.99,4,0,119.96,Canada,Organic,Shipped,27,Male
ORD-02185,2023-09-05,Coffee Maker,Kitchen,89.99,3,10,242.97,France,Email,Delivered,47,Male
ORD-02186,2024-12-28,Mechanical Keyboard,Electronics,149.99,2,0,299.98,USA,Organic,Shipped,26,Male
ORD-02187,2023-10-22,Desk Lamp,Furniture,44.99,5,20,179.96,Brazil,Direct,Returned,43,Other
ORD-02188,2024-07-08,Skincare Set,Beauty,59.99,4,10,215.96,Brazil,Direct,Processing,40,Other
ORD-02189,2024-08-14,Instant Pot,Kitchen,99.99,4,20,319.97,France,Referral,Shipped,28,Other
ORD-02190,2024-05-26,4K Monitor,Electronics,499.99,1,0,499.99,UK,Referral,Delivered,37,Male
ORD-02191,2024-09-10,Bookshelf,Furniture,189.99,4,5,721.96,France,Social Media,Delivered,38,Female
ORD-02192,2023-07-23,Sunscreen SPF50,Beauty,22.99,1,0,22.99,Japan,Direct,Returned,27,Female
ORD-02193,2024-08-27,Sunscreen SPF50,Beauty,22.99,2,15,39.08,France,Email,Delivered,27,Male
ORD-02194,2023-08-21,Desk Lamp,Furniture,44.99,3,5,128.22,Japan,Email,Cancelled,47,Female
ORD-02195,2023-07-29,Desk Lamp,Furniture,44.99,2,5,85.48,USA,Paid Ads,Delivered,58,Male
ORD-02196,2023-10-30,Office Chair,Furniture,299.99,1,0,299.99,Brazil,Email,Cancelled,45,Male
ORD-02197,2024-09-04,Water Bottle,Sports,24.99,3,20,59.98,Brazil,Organic,Returned,48,Male
ORD-02198,2023-12-27,Protein Powder,Sports,54.99,2,0,109.98,Canada,Organic,Delivered,27,Other
ORD-02199,2024-12-29,Atomic Habits,Books,16.99,3,0,50.97,USA,Referral,Delivered,58,Other
ORD-02200,2024-01-16,Laptop Pro 15,Electronics,1299.99,4,5,4939.96,Australia,Referral,Shipped,40,Other
ORD-02201,2023-12-01,Water Bottle,Sports,24.99,3,0,74.97,UK,Email,Returned,49,Female
ORD-02202,2024-06-10,Wireless Mouse,Electronics,29.99,5,15,127.46,UK,Paid Ads,Returned,42,Female
ORD-02203,2024-11-07,Instant Pot,Kitchen,99.99,4,15,339.97,France,Paid Ads,Delivered,30,Male
ORD-02204,2024-09-23,Standing Desk,Furniture,549.99,3,5,1567.47,Germany,Organic,Delivered,37,Male
ORD-02205,2023-05-17,Running Shoes,Sports,119.99,4,10,431.96,Germany,Email,Returned,27,Female
ORD-02206,2024-07-14,Deep Work,Books,18.99,3,0,56.97,USA,Organic,Delivered,20,Female
ORD-02207,2024-05-09,USB-C Hub,Electronics,49.99,2,5,94.98,Canada,Direct,Shipped,25,Male
ORD-02208,2024-11-16,Desk Lamp,Furniture,44.99,3,10,121.47,Australia,Email,Delivered,54,Other
ORD-02209,2024-07-15,Skincare Set,Beauty,59.99,3,15,152.97,Australia,Referral,Delivered,60,Other
ORD-02210,2024-08-26,The Lean Startup,Books,19.99,3,20,47.98,Germany,Paid Ads,Returned,19,Female
ORD-02211,2024-05-09,Dumbbells Set,Sports,79.99,3,10,215.97,France,Email,Cancelled,43,Male
ORD-02212,2024-08-28,Water Bottle,Sports,24.99,3,0,74.97,Canada,Referral,Delivered,32,Male
ORD-02213,2024-04-20,4K Monitor,Electronics,499.99,1,15,424.99,Australia,Email,Cancelled,43,Female
ORD-02214,2024-08-03,Protein Powder,Sports,54.99,3,0,164.97,Germany,Paid Ads,Processing,48,Other
ORD-02215,2023-03-09,Sunscreen SPF50,Beauty,22.99,3,0,68.97,Japan,Email,Returned,45,Male
ORD-02216,2024-02-29,Python Crash Course,Books,34.99,1,0,34.99,Australia,Organic,Delivered,33,Female
ORD-02217,2024-05-18,Standing Desk,Furniture,549.99,5,0,2749.95,Japan,Email,Returned,33,Female
ORD-02218,2023-09-07,Coffee Maker,Kitchen,89.99,2,0,179.98,Canada,Referral,Delivered,55,Female
ORD-02219,2023-03-26,Mechanical Keyboard,Electronics,149.99,1,0,149.99,USA,Paid Ads,Processing,45,Female
ORD-02220,2023-04-05,Instant Pot,Kitchen,99.99,2,0,199.98,USA,Email,Delivered,20,Male
ORD-02221,2023-10-26,Office Chair,Furniture,299.99,3,15,764.97,UK,Organic,Delivered,37,Female
ORD-02222,2023-04-13,Wireless Mouse,Electronics,29.99,5,0,149.95,USA,Referral,Delivered,30,Male
ORD-02223,2024-02-05,Python Crash Course,Books,34.99,1,0,34.99,France,Referral,Returned,51,Male
ORD-02224,2024-09-19,Water Bottle,Sports,24.99,2,0,49.98,Brazil,Referral,Returned,34,Male
ORD-02225,2024-10-20,Sunscreen SPF50,Beauty,22.99,5,0,114.95,Brazil,Referral,Delivered,62,Female
ORD-02226,2023-02-02,Standing Desk,Furniture,549.99,3,15,1402.47,Canada,Direct,Shipped,46,Female
ORD-02227,2024-06-05,Water Bottle,Sports,24.99,3,15,63.72,Japan,Email,Returned,33,Female
ORD-02228,2024-11-13,Protein Powder,Sports,54.99,2,0,109.98,Brazil,Paid Ads,Cancelled,27,Male
ORD-02229,2023-03-23,Wireless Mouse,Electronics,29.99,5,0,149.95,Canada,Organic,Shipped,26,Male
ORD-02230,2023-03-17,Water Bottle,Sports,24.99,3,15,63.72,Australia,Referral,Delivered,63,Female
ORD-02231,2024-03-21,Bookshelf,Furniture,189.99,1,15,161.49,France,Direct,Delivered,48,Other
ORD-02232,2023-02-04,Office Chair,Furniture,299.99,2,5,569.98,Germany,Social Media,Delivered,21,Male
ORD-02233,2023-09-16,Standing Desk,Furniture,549.99,2,20,879.98,Brazil,Email,Cancelled,43,Other
ORD-02234,2023-11-28,Desk Lamp,Furniture,44.99,2,20,71.98,Australia,Direct,Cancelled,45,Other
ORD-02235,2023-11-19,Sunscreen SPF50,Beauty,22.99,5,20,91.96,Canada,Organic,Returned,28,Female
ORD-02236,2024-03-01,USB-C Hub,Electronics,49.99,4,0,199.96,Canada,Organic,Delivered,33,Other
ORD-02237,2024-09-10,Python Crash Course,Books,34.99,3,0,104.97,Canada,Email,Delivered,18,Other
ORD-02238,2024-01-05,Instant Pot,Kitchen,99.99,3,20,239.98,Australia,Social Media,Delivered,24,Female
ORD-02239,2024-05-28,Running Shoes,Sports,119.99,2,0,239.98,Australia,Direct,Cancelled,65,Other
ORD-02240,2024-06-01,Dumbbells Set,Sports,79.99,5,5,379.95,Germany,Email,Returned,64,Male
ORD-02241,2024-04-10,Skincare Set,Beauty,59.99,5,10,269.95,France,Referral,Returned,47,Male
ORD-02242,2023-10-19,Protein Powder,Sports,54.99,1,5,52.24,UK,Email,Returned,44,Female
ORD-02243,2024-09-15,Deep Work,Books,18.99,2,0,37.98,Germany,Email,Delivered,37,Other
ORD-02244,2023-02-09,Yoga Mat,Sports,39.99,5,0,199.95,Japan,Social Media,Delivered,51,Male
ORD-02245,2023-02-11,Yoga Mat,Sports,39.99,4,0,159.96,Japan,Organic,Shipped,21,Male
ORD-02246,2023-10-08,Atomic Habits,Books,16.99,5,5,80.7,USA,Referral,Returned,64,Other
ORD-02247,2023-11-10,Sunscreen SPF50,Beauty,22.99,5,15,97.71,USA,Email,Processing,31,Other
ORD-02248,2024-11-08,Atomic Habits,Books,16.99,3,20,40.78,UK,Paid Ads,Shipped,53,Other
ORD-02249,2023-12-03,Webcam HD,Electronics,89.99,5,15,382.46,Germany,Organic,Cancelled,45,Male
ORD-02250,2023-12-03,Air Fryer,Kitchen,129.99,2,5,246.98,USA,Organic,Delivered,65,Other
ORD-02251,2023-09-22,Webcam HD,Electronics,89.99,3,15,229.47,France,Email,Delivered,45,Male
ORD-02252,2023-06-17,Office Chair,Furniture,299.99,1,20,239.99,France,Social Media,Processing,62,Other
ORD-02253,2024-10-16,USB-C Hub,Electronics,49.99,1,0,49.99,UK,Organic,Delivered,22,Female
ORD-02254,2023-07-03,Mechanical Keyboard,Electronics,149.99,4,0,599.96,UK,Referral,Returned,52,Female
ORD-02255,2024-06-07,Mechanical Keyboard,Electronics,149.99,4,15,509.97,France,Organic,Delivered,23,Female
ORD-02256,2023-06-30,Standing Desk,Furniture,549.99,2,10,989.98,France,Direct,Delivered,57,Male
ORD-02257,2023-03-06,Webcam HD,Electronics,89.99,2,0,179.98,Canada,Referral,Returned,62,Other
ORD-02258,2023-07-18,Python Crash Course,Books,34.99,3,0,104.97,Australia,Email,Returned,45,Male
ORD-02259,2024-06-08,Sunscreen SPF50,Beauty,22.99,4,0,91.96,Canada,Paid Ads,Processing,58,Female
ORD-02260,2024-08-23,Skincare Set,Beauty,59.99,1,15,50.99,Germany,Direct,Returned,49,Other
ORD-02261,2024-04-13,Standing Desk,Furniture,549.99,3,15,1402.47,Australia,Paid Ads,Delivered,20,Female
ORD-02262,2023-07-12,Laptop Pro 15,Electronics,1299.99,5,0,6499.95,USA,Direct,Delivered,59,Female
ORD-02263,2024-03-01,Skincare Set,Beauty,59.99,1,0,59.99,Brazil,Organic,Delivered,24,Other
ORD-02264,2024-06-17,Atomic Habits,Books,16.99,1,10,15.29,Canada,Email,Shipped,53,Other
ORD-02265,2023-12-15,Mechanical Keyboard,Electronics,149.99,5,20,599.96,USA,Direct,Delivered,33,Female
ORD-02266,2024-07-03,Bookshelf,Furniture,189.99,3,0,569.97,UK,Organic,Delivered,60,Male
ORD-02267,2024-12-13,Dumbbells Set,Sports,79.99,4,0,319.96,France,Social Media,Returned,44,Male
ORD-02268,2024-06-27,Office Chair,Furniture,299.99,1,5,284.99,France,Direct,Delivered,44,Male
ORD-02269,2023-01-27,Water Bottle,Sports,24.99,3,0,74.97,UK,Paid Ads,Processing,56,Other
ORD-02270,2023-04-13,Office Chair,Furniture,299.99,1,0,299.99,France,Social Media,Delivered,25,Male
ORD-02271,2024-08-13,Running Shoes,Sports,119.99,5,20,479.96,UK,Paid Ads,Delivered,35,Female
ORD-02272,2024-07-17,Sunscreen SPF50,Beauty,22.99,5,20,91.96,UK,Direct,Processing,54,Other
ORD-02273,2024-07-13,Water Bottle,Sports,24.99,5,15,106.21,France,Organic,Shipped,20,Female
ORD-02274,2024-03-06,USB-C Hub,Electronics,49.99,3,0,149.97,USA,Paid Ads,Delivered,24,Other
ORD-02275,2023-01-05,Mechanical Keyboard,Electronics,149.99,4,0,599.96,Brazil,Social Media,Shipped,52,Male
ORD-02276,2023-09-28,Webcam HD,Electronics,89.99,5,10,404.95,Germany,Organic,Delivered,28,Male
ORD-02277,2024-10-26,Deep Work,Books,18.99,1,15,16.14,USA,Email,Delivered,64,Other
ORD-02278,2023-05-10,Webcam HD,Electronics,89.99,5,0,449.95,Japan,Organic,Cancelled,51,Female
ORD-02279,2024-08-13,Skincare Set,Beauty,59.99,2,5,113.98,Germany,Organic,Shipped,31,Other
ORD-02280,2024-11-13,Standing Desk,Furniture,549.99,2,20,879.98,France,Social Media,Delivered,43,Other
ORD-02281,2024-02-26,Deep Work,Books,18.99,3,0,56.97,Germany,Referral,Returned,25,Other
ORD-02282,2024-03-06,Dumbbells Set,Sports,79.99,5,5,379.95,USA,Organic,Shipped,55,Male
ORD-02283,2023-09-17,Instant Pot,Kitchen,99.99,2,10,179.98,Canada,Direct,Processing,25,Other
ORD-02284,2023-09-12,4K Monitor,Electronics,499.99,1,0,499.99,Germany,Direct,Delivered,64,Male
ORD-02285,2024-12-01,Standing Desk,Furniture,549.99,2,0,1099.98,France,Organic,Processing,18,Other
ORD-02286,2023-08-04,Instant Pot,Kitchen,99.99,1,20,79.99,USA,Email,Delivered,39,Male
ORD-02287,2024-04-02,4K Monitor,Electronics,499.99,2,15,849.98,UK,Social Media,Delivered,44,Female
ORD-02288,2024-11-06,The Lean Startup,Books,19.99,3,5,56.97,Germany,Direct,Delivered,31,Female
ORD-02289,2023-12-28,Running Shoes,Sports,119.99,2,5,227.98,Brazil,Social Media,Shipped,21,Female
ORD-02290,2023-01-04,Bookshelf,Furniture,189.99,4,0,759.96,USA,Organic,Cancelled,47,Other
ORD-02291,2023-10-24,Running Shoes,Sports,119.99,4,0,479.96,France,Paid Ads,Delivered,35,Male
ORD-02292,2024-03-12,Sunscreen SPF50,Beauty,22.99,1,5,21.84,UK,Referral,Shipped,40,Female
ORD-02293,2024-10-21,Yoga Mat,Sports,39.99,4,0,159.96,France,Email,Shipped,35,Male
ORD-02294,2024-05-06,Yoga Mat,Sports,39.99,4,0,159.96,USA,Paid Ads,Cancelled,49,Female
ORD-02295,2023-08-13,Atomic Habits,Books,16.99,5,15,72.21,Canada,Organic,Delivered,64,Female
ORD-02296,2024-06-18,Dumbbells Set,Sports,79.99,1,0,79.99,France,Direct,Shipped,19,Male
ORD-02297,2024-08-03,Mechanical Keyboard,Electronics,149.99,2,0,299.98,France,Paid Ads,Returned,60,Other
ORD-02298,2024-09-20,Deep Work,Books,18.99,5,0,94.95,Brazil,Referral,Delivered,27,Male
ORD-02299,2023-12-02,Sunscreen SPF50,Beauty,22.99,5,5,109.2,Australia,Organic,Shipped,30,Male
ORD-02300,2023-04-22,Skincare Set,Beauty,59.99,3,15,152.97,Japan,Social Media,Cancelled,35,Other
ORD-02301,2023-07-24,Air Fryer,Kitchen,129.99,4,15,441.97,Australia,Organic,Shipped,48,Other
ORD-02302,2023-07-20,Yoga Mat,Sports,39.99,3,0,119.97,Australia,Social Media,Shipped,33,Other
ORD-02303,2023-12-08,Python Crash Course,Books,34.99,2,5,66.48,USA,Direct,Delivered,24,Other
ORD-02304,2023-05-21,Yoga Mat,Sports,39.99,4,20,127.97,USA,Paid Ads,Shipped,44,Other
ORD-02305,2023-03-16,Mechanical Keyboard,Electronics,149.99,5,5,712.45,Canada,Paid Ads,Cancelled,31,Male
ORD-02306,2024-01-15,Mechanical Keyboard,Electronics,149.99,1,0,149.99,USA,Referral,Shipped,25,Female
ORD-02307,2024-10-20,Deep Work,Books,18.99,4,0,75.96,UK,Social Media,Delivered,57,Male
ORD-02308,2023-04-06,Dumbbells Set,Sports,79.99,5,10,359.95,Germany,Organic,Shipped,62,Female
ORD-02309,2024-07-08,Webcam HD,Electronics,89.99,1,20,71.99,Brazil,Paid Ads,Returned,44,Female
ORD-02310,2023-04-13,USB-C Hub,Electronics,49.99,5,10,224.96,Germany,Referral,Delivered,18,Female
ORD-02311,2024-12-14,Office Chair,Furniture,299.99,3,20,719.98,Brazil,Referral,Cancelled,28,Male
ORD-02312,2023-04-10,Air Fryer,Kitchen,129.99,5,0,649.95,France,Paid Ads,Delivered,28,Male
ORD-02313,2023-02-16,Skincare Set,Beauty,59.99,2,0,119.98,Germany,Paid Ads,Delivered,36,Female
ORD-02314,2023-03-04,Blender Pro,Kitchen,74.99,4,0,299.96,Canada,Organic,Delivered,64,Other
ORD-02315,2023-07-29,Office Chair,Furniture,299.99,3,20,719.98,Japan,Paid Ads,Cancelled,22,Male
ORD-02316,2024-04-30,Standing Desk,Furniture,549.99,1,0,549.99,Australia,Organic,Processing,29,Other
ORD-02317,2024-03-06,Mechanical Keyboard,Electronics,149.99,1,20,119.99,Canada,Paid Ads,Delivered,27,Female
ORD-02318,2023-04-22,Bookshelf,Furniture,189.99,2,15,322.98,Canada,Social Media,Cancelled,51,Other
ORD-02319,2024-07-22,Blender Pro,Kitchen,74.99,5,10,337.45,Australia,Email,Delivered,56,Other
ORD-02320,2024-11-07,Deep Work,Books,18.99,2,5,36.08,Japan,Paid Ads,Processing,46,Female
ORD-02321,2023-11-20,Dumbbells Set,Sports,79.99,5,0,399.95,USA,Paid Ads,Shipped,36,Female
ORD-02322,2024-07-02,Desk Lamp,Furniture,44.99,1,20,35.99,UK,Direct,Delivered,21,Male
ORD-02323,2024-12-18,Atomic Habits,Books,16.99,1,10,15.29,Brazil,Email,Cancelled,55,Other
ORD-02324,2023-05-19,Wireless Mouse,Electronics,29.99,5,0,149.95,Germany,Paid Ads,Delivered,21,Other
ORD-02325,2024-09-13,Atomic Habits,Books,16.99,1,0,16.99,UK,Social Media,Processing,52,Male
ORD-02326,2023-09-23,Dumbbells Set,Sports,79.99,3,10,215.97,Canada,Paid Ads,Delivered,45,Female
ORD-02327,2023-07-30,4K Monitor,Electronics,499.99,2,15,849.98,UK,Referral,Delivered,57,Female
ORD-02328,2023-03-15,Bookshelf,Furniture,189.99,5,0,949.95,Australia,Email,Delivered,61,Female
ORD-02329,2023-12-12,Laptop Pro 15,Electronics,1299.99,1,20,1039.99,USA,Organic,Returned,60,Other
ORD-02330,2023-01-25,Skincare Set,Beauty,59.99,1,0,59.99,Australia,Paid Ads,Returned,65,Other
ORD-02331,2024-08-22,USB-C Hub,Electronics,49.99,1,15,42.49,Germany,Email,Returned,24,Female
ORD-02332,2024-07-05,Air Fryer,Kitchen,129.99,3,0,389.97,USA,Direct,Delivered,40,Female
ORD-02333,2024-01-24,Blender Pro,Kitchen,74.99,1,20,59.99,France,Social Media,Delivered,28,Male
ORD-02334,2024-07-12,4K Monitor,Electronics,499.99,5,15,2124.96,Brazil,Social Media,Shipped,51,Male
ORD-02335,2023-06-04,Webcam HD,Electronics,89.99,3,10,242.97,USA,Social Media,Shipped,48,Male
ORD-02336,2024-06-03,Bookshelf,Furniture,189.99,4,0,759.96,USA,Referral,Delivered,18,Other
ORD-02337,2023-09-25,Yoga Mat,Sports,39.99,4,0,159.96,Australia,Organic,Delivered,64,Other
ORD-02338,2023-10-09,The Lean Startup,Books,19.99,2,5,37.98,Japan,Referral,Delivered,33,Female
ORD-02339,2023-06-02,Dumbbells Set,Sports,79.99,5,0,399.95,Australia,Social Media,Cancelled,21,Female
ORD-02340,2023-11-14,Webcam HD,Electronics,89.99,5,5,427.45,USA,Referral,Cancelled,20,Other
ORD-02341,2024-04-26,Wireless Mouse,Electronics,29.99,4,0,119.96,Germany,Email,Processing,57,Other
ORD-02342,2024-04-16,Coffee Maker,Kitchen,89.99,3,20,215.98,USA,Referral,Returned,58,Other
ORD-02343,2023-07-09,4K Monitor,Electronics,499.99,1,0,499.99,France,Organic,Delivered,43,Female
ORD-02344,2024-06-25,Mechanical Keyboard,Electronics,149.99,5,10,674.96,USA,Social Media,Cancelled,64,Female
ORD-02345,2024-10-21,Webcam HD,Electronics,89.99,5,5,427.45,Brazil,Paid Ads,Processing,30,Female
ORD-02346,2023-07-12,The Lean Startup,Books,19.99,1,5,18.99,France,Paid Ads,Delivered,61,Male
ORD-02347,2023-05-25,Instant Pot,Kitchen,99.99,4,10,359.96,France,Direct,Delivered,51,Other
ORD-02348,2024-10-22,Blender Pro,Kitchen,74.99,3,5,213.72,France,Paid Ads,Delivered,33,Female
ORD-02349,2023-05-14,Office Chair,Furniture,299.99,5,5,1424.95,Germany,Organic,Delivered,34,Male
ORD-02350,2024-04-18,Wireless Mouse,Electronics,29.99,4,0,119.96,Japan,Paid Ads,Delivered,41,Female
ORD-02351,2023-02-13,Webcam HD,Electronics,89.99,4,20,287.97,Germany,Direct,Cancelled,41,Female
ORD-02352,2024-07-10,Blender Pro,Kitchen,74.99,2,0,149.98,Germany,Direct,Delivered,60,Male
ORD-02353,2024-04-26,Standing Desk,Furniture,549.99,3,5,1567.47,France,Social Media,Processing,54,Other
ORD-02354,2024-06-01,Laptop Pro 15,Electronics,1299.99,2,15,2209.98,UK,Social Media,Delivered,53,Other
ORD-02355,2024-05-27,The Lean Startup,Books,19.99,2,20,31.98,France,Social Media,Cancelled,26,Female
ORD-02356,2024-09-16,Instant Pot,Kitchen,99.99,1,15,84.99,Australia,Organic,Delivered,61,Other
ORD-02357,2023-02-28,Water Bottle,Sports,24.99,2,0,49.98,Germany,Paid Ads,Returned,40,Male
ORD-02358,2024-06-22,Dumbbells Set,Sports,79.99,5,0,399.95,UK,Email,Cancelled,32,Male
ORD-02359,2023-04-15,USB-C Hub,Electronics,49.99,1,15,42.49,Brazil,Referral,Shipped,64,Male
ORD-02360,2024-07-11,Wireless Mouse,Electronics,29.99,5,0,149.95,Germany,Referral,Delivered,58,Other
ORD-02361,2023-07-22,Python Crash Course,Books,34.99,2,0,69.98,Japan,Direct,Delivered,32,Male
ORD-02362,2024-02-21,Wireless Mouse,Electronics,29.99,1,0,29.99,Brazil,Social Media,Shipped,24,Female
ORD-02363,2024-05-27,Bookshelf,Furniture,189.99,5,15,807.46,USA,Organic,Delivered,31,Male
ORD-02364,2023-01-31,Deep Work,Books,18.99,1,0,18.99,Japan,Organic,Processing,26,Other
ORD-02365,2024-06-20,Laptop Pro 15,Electronics,1299.99,2,15,2209.98,Japan,Social Media,Shipped,58,Other
ORD-02366,2024-05-24,Dumbbells Set,Sports,79.99,3,20,191.98,UK,Direct,Shipped,18,Other
ORD-02367,2024-11-27,Running Shoes,Sports,119.99,4,0,479.96,Australia,Paid Ads,Delivered,22,Female
ORD-02368,2024-09-10,USB-C Hub,Electronics,49.99,1,20,39.99,France,Organic,Processing,36,Male
ORD-02369,2023-08-25,Standing Desk,Furniture,549.99,5,5,2612.45,Australia,Organic,Processing,26,Female
ORD-02370,2023-07-19,Webcam HD,Electronics,89.99,2,0,179.98,Canada,Organic,Delivered,46,Female
ORD-02371,2023-12-10,Protein Powder,Sports,54.99,4,0,219.96,UK,Social Media,Delivered,62,Other
ORD-02372,2023-10-29,4K Monitor,Electronics,499.99,5,10,2249.95,Japan,Direct,Delivered,41,Other
ORD-02373,2023-01-22,Sunscreen SPF50,Beauty,22.99,3,0,68.97,Brazil,Email,Shipped,45,Other
ORD-02374,2023-02-17,The Lean Startup,Books,19.99,1,0,19.99,Canada,Email,Returned,19,Male
ORD-02375,2023-07-17,Wireless Mouse,Electronics,29.99,5,0,149.95,Australia,Email,Shipped,56,Male
ORD-02376,2023-01-28,Standing Desk,Furniture,549.99,2,15,934.98,Brazil,Organic,Delivered,65,Male
ORD-02377,2023-04-13,Webcam HD,Electronics,89.99,2,0,179.98,Australia,Social Media,Delivered,45,Other
ORD-02378,2024-07-17,Webcam HD,Electronics,89.99,4,10,323.96,UK,Email,Cancelled,49,Female
ORD-02379,2024-07-28,Air Fryer,Kitchen,129.99,2,10,233.98,Germany,Referral,Returned,34,Female
ORD-02380,2023-02-11,Mechanical Keyboard,Electronics,149.99,2,0,299.98,USA,Referral,Shipped,30,Female
ORD-02381,2023-11-02,Yoga Mat,Sports,39.99,4,20,127.97,Canada,Email,Delivered,31,Male
ORD-02382,2024-10-22,Office Chair,Furniture,299.99,5,15,1274.96,UK,Organic,Delivered,60,Female
ORD-02383,2024-04-07,Instant Pot,Kitchen,99.99,1,10,89.99,USA,Referral,Delivered,54,Other
ORD-02384,2024-12-25,USB-C Hub,Electronics,49.99,3,0,149.97,Canada,Organic,Cancelled,46,Female
ORD-02385,2024-08-19,Webcam HD,Electronics,89.99,4,20,287.97,Japan,Referral,Processing,42,Other
ORD-02386,2023-10-31,Atomic Habits,Books,16.99,5,20,67.96,Brazil,Organic,Processing,36,Male
ORD-02387,2024-07-02,Office Chair,Furniture,299.99,5,5,1424.95,Germany,Paid Ads,Delivered,54,Male
ORD-02388,2023-10-29,Laptop Pro 15,Electronics,1299.99,5,0,6499.95,Germany,Paid Ads,Delivered,24,Male
ORD-02389,2023-08-17,Water Bottle,Sports,24.99,2,20,39.98,Japan,Email,Processing,53,Male
ORD-02390,2024-02-22,Coffee Maker,Kitchen,89.99,1,10,80.99,Brazil,Paid Ads,Shipped,58,Male
ORD-02391,2024-04-13,Sunscreen SPF50,Beauty,22.99,4,0,91.96,Brazil,Paid Ads,Cancelled,31,Female
ORD-02392,2024-07-29,Skincare Set,Beauty,59.99,2,10,107.98,Germany,Social Media,Cancelled,60,Other
ORD-02393,2024-01-06,Air Fryer,Kitchen,129.99,2,10,233.98,Canada,Direct,Processing,19,Female
ORD-02394,2023-01-04,Office Chair,Furniture,299.99,4,15,1019.97,UK,Paid Ads,Cancelled,54,Other
ORD-02395,2024-03-20,Protein Powder,Sports,54.99,1,10,49.49,Canada,Email,Processing,40,Other
ORD-02396,2024-11-23,4K Monitor,Electronics,499.99,4,15,1699.97,France,Organic,Returned,53,Female
ORD-02397,2024-08-09,Standing Desk,Furniture,549.99,3,5,1567.47,UK,Paid Ads,Delivered,53,Female
ORD-02398,2024-03-12,Mechanical Keyboard,Electronics,149.99,2,20,239.98,Germany,Referral,Delivered,54,Female
ORD-02399,2023-05-04,Dumbbells Set,Sports,79.99,2,20,127.98,France,Email,Processing,27,Male
ORD-02400,2024-08-24,Sunscreen SPF50,Beauty,22.99,3,20,55.18,France,Direct,Delivered,19,Male
ORD-02401,2024-05-04,Sunscreen SPF50,Beauty,22.99,2,0,45.98,USA,Direct,Returned,50,Female
ORD-02402,2024-09-06,Standing Desk,Furniture,549.99,4,0,2199.96,USA,Organic,Returned,42,Other
ORD-02403,2023-07-26,USB-C Hub,Electronics,49.99,1,15,42.49,Germany,Referral,Delivered,19,Male
ORD-02404,2023-03-09,Standing Desk,Furniture,549.99,5,0,2749.95,France,Organic,Delivered,58,Other
ORD-02405,2023-03-16,Skincare Set,Beauty,59.99,3,0,179.97,Brazil,Email,Returned,29,Other
ORD-02406,2024-06-18,Running Shoes,Sports,119.99,5,5,569.95,Japan,Direct,Delivered,21,Other
ORD-02407,2024-01-13,Yoga Mat,Sports,39.99,3,0,119.97,USA,Email,Shipped,46,Other
ORD-02408,2023-10-16,Standing Desk,Furniture,549.99,2,0,1099.98,Brazil,Paid Ads,Cancelled,43,Female
ORD-02409,2024-11-18,4K Monitor,Electronics,499.99,5,0,2499.95,Australia,Organic,Processing,23,Other
ORD-02410,2024-05-18,Skincare Set,Beauty,59.99,4,5,227.96,USA,Paid Ads,Processing,62,Other
ORD-02411,2023-03-10,Sunscreen SPF50,Beauty,22.99,3,0,68.97,Japan,Referral,Cancelled,52,Female
ORD-02412,2023-03-10,Running Shoes,Sports,119.99,2,0,239.98,Brazil,Paid Ads,Delivered,26,Female
ORD-02413,2024-01-02,Instant Pot,Kitchen,99.99,2,0,199.98,Australia,Email,Delivered,47,Other
ORD-02414,2023-03-23,Desk Lamp,Furniture,44.99,1,0,44.99,Canada,Direct,Delivered,23,Other
ORD-02415,2023-06-17,Laptop Pro 15,Electronics,1299.99,4,0,5199.96,Germany,Email,Delivered,50,Other
ORD-02416,2023-11-22,4K Monitor,Electronics,499.99,4,5,1899.96,Australia,Email,Delivered,30,Male
ORD-02417,2024-04-03,USB-C Hub,Electronics,49.99,5,0,249.95,France,Social Media,Processing,21,Other
ORD-02418,2023-06-22,Deep Work,Books,18.99,3,0,56.97,Canada,Email,Delivered,50,Male
ORD-02419,2023-04-07,Bookshelf,Furniture,189.99,3,0,569.97,USA,Paid Ads,Shipped,31,Other
ORD-02420,2023-09-14,Mechanical Keyboard,Electronics,149.99,4,5,569.96,UK,Paid Ads,Shipped,65,Female
ORD-02421,2024-11-14,The Lean Startup,Books,19.99,2,0,39.98,UK,Organic,Returned,28,Other
ORD-02422,2023-04-05,Python Crash Course,Books,34.99,5,10,157.46,Canada,Organic,Cancelled,30,Female
ORD-02423,2024-06-15,Bookshelf,Furniture,189.99,2,10,341.98,Australia,Direct,Returned,49,Other
ORD-02424,2024-12-04,Coffee Maker,Kitchen,89.99,4,0,359.96,Japan,Paid Ads,Returned,52,Male
ORD-02425,2023-04-28,The Lean Startup,Books,19.99,2,10,35.98,Australia,Email,Delivered,39,Male
ORD-02426,2024-08-09,Sunscreen SPF50,Beauty,22.99,4,15,78.17,USA,Email,Returned,62,Other
ORD-02427,2024-07-11,Skincare Set,Beauty,59.99,4,5,227.96,UK,Email,Shipped,62,Male
ORD-02428,2024-02-17,Python Crash Course,Books,34.99,2,5,66.48,Canada,Organic,Delivered,18,Female
ORD-02429,2024-07-07,4K Monitor,Electronics,499.99,1,15,424.99,Canada,Paid Ads,Delivered,58,Female
ORD-02430,2023-12-02,Blender Pro,Kitchen,74.99,2,0,149.98,Japan,Direct,Returned,60,Female
ORD-02431,2023-01-16,Sunscreen SPF50,Beauty,22.99,3,10,62.07,Brazil,Organic,Cancelled,34,Female
ORD-02432,2024-08-06,4K Monitor,Electronics,499.99,1,10,449.99,Canada,Organic,Processing,26,Female
ORD-02433,2024-08-04,Standing Desk,Furniture,549.99,4,20,1759.97,USA,Referral,Processing,52,Other
ORD-02434,2023-10-02,Yoga Mat,Sports,39.99,4,10,143.96,France,Referral,Returned,19,Male
ORD-02435,2023-05-10,Wireless Mouse,Electronics,29.99,3,20,71.98,USA,Referral,Cancelled,64,Male
ORD-02436,2024-11-09,Atomic Habits,Books,16.99,4,15,57.77,France,Referral,Delivered,59,Male
ORD-02437,2023-11-02,Coffee Maker,Kitchen,89.99,3,20,215.98,UK,Direct,Delivered,36,Female
ORD-02438,2024-04-07,Air Fryer,Kitchen,129.99,5,10,584.96,Brazil,Organic,Cancelled,59,Female
ORD-02439,2023-04-04,Office Chair,Furniture,299.99,2,0,599.98,Japan,Email,Shipped,48,Male
ORD-02440,2024-07-06,Sunscreen SPF50,Beauty,22.99,2,0,45.98,Brazil,Social Media,Shipped,22,Other
ORD-02441,2023-03-07,Skincare Set,Beauty,59.99,4,5,227.96,Brazil,Email,Processing,27,Other
ORD-02442,2024-08-11,Bookshelf,Furniture,189.99,5,5,902.45,Canada,Paid Ads,Delivered,51,Other
ORD-02443,2023-07-20,Python Crash Course,Books,34.99,1,20,27.99,Australia,Direct,Processing,18,Female
ORD-02444,2024-10-20,Webcam HD,Electronics,89.99,2,0,179.98,USA,Direct,Delivered,19,Other
ORD-02445,2024-01-05,Sunscreen SPF50,Beauty,22.99,4,5,87.36,Australia,Direct,Shipped,54,Male
ORD-02446,2023-02-01,Blender Pro,Kitchen,74.99,1,0,74.99,France,Referral,Delivered,65,Female
ORD-02447,2024-01-19,Dumbbells Set,Sports,79.99,3,0,239.97,Japan,Email,Processing,43,Male
ORD-02448,2023-05-24,Office Chair,Furniture,299.99,5,0,1499.95,Canada,Direct,Delivered,58,Male
ORD-02449,2024-11-30,Atomic Habits,Books,16.99,5,20,67.96,France,Email,Returned,32,Male
ORD-02450,2024-07-13,Deep Work,Books,18.99,1,0,18.99,Japan,Paid Ads,Delivered,23,Other
ORD-02451,2024-11-27,Protein Powder,Sports,54.99,2,10,98.98,Australia,Direct,Shipped,29,Female
ORD-02452,2024-02-03,Webcam HD,Electronics,89.99,5,0,449.95,Japan,Referral,Delivered,62,Male
ORD-02453,2023-12-18,The Lean Startup,Books,19.99,5,20,79.96,Australia,Organic,Delivered,50,Male
ORD-02454,2024-07-27,Instant Pot,Kitchen,99.99,4,0,399.96,Australia,Organic,Cancelled,49,Other
ORD-02455,2023-09-27,Standing Desk,Furniture,549.99,5,0,2749.95,USA,Referral,Delivered,49,Other
ORD-02456,2023-10-22,Dumbbells Set,Sports,79.99,2,0,159.98,Germany,Social Media,Cancelled,57,Male
ORD-02457,2024-11-22,The Lean Startup,Books,19.99,5,0,99.95,UK,Email,Processing,48,Male
ORD-02458,2023-02-18,Running Shoes,Sports,119.99,5,20,479.96,Australia,Referral,Delivered,35,Male
ORD-02459,2023-03-30,Office Chair,Furniture,299.99,2,5,569.98,France,Organic,Delivered,36,Female
ORD-02460,2023-04-21,Protein Powder,Sports,54.99,3,0,164.97,UK,Paid Ads,Cancelled,29,Female
ORD-02461,2024-09-26,Running Shoes,Sports,119.99,4,5,455.96,UK,Paid Ads,Returned,45,Female
ORD-02462,2023-11-21,Wireless Mouse,Electronics,29.99,1,10,26.99,France,Paid Ads,Cancelled,59,Male
ORD-02463,2023-10-18,Sunscreen SPF50,Beauty,22.99,1,0,22.99,Australia,Paid Ads,Shipped,42,Other
ORD-02464,2024-06-25,Mechanical Keyboard,Electronics,149.99,5,10,674.96,Brazil,Referral,Delivered,56,Other
ORD-02465,2023-05-15,Sunscreen SPF50,Beauty,22.99,4,0,91.96,France,Social Media,Delivered,33,Other
ORD-02466,2024-06-23,Atomic Habits,Books,16.99,3,5,48.42,Canada,Paid Ads,Delivered,53,Female
ORD-02467,2024-03-02,Wireless Mouse,Electronics,29.99,3,20,71.98,Japan,Email,Processing,46,Female
ORD-02468,2023-11-02,Webcam HD,Electronics,89.99,2,5,170.98,Australia,Referral,Delivered,65,Other
ORD-02469,2023-10-14,Atomic Habits,Books,16.99,3,15,43.32,Japan,Social Media,Returned,38,Other
ORD-02470,2024-09-20,Water Bottle,Sports,24.99,2,10,44.98,Canada,Social Media,Processing,25,Male
ORD-02471,2024-12-10,Bookshelf,Furniture,189.99,3,0,569.97,Canada,Organic,Delivered,20,Male
ORD-02472,2023-11-11,Office Chair,Furniture,299.99,2,10,539.98,Germany,Organic,Delivered,26,Other
ORD-02473,2023-04-29,Protein Powder,Sports,54.99,3,0,164.97,Germany,Organic,Delivered,39,Female
ORD-02474,2023-02-04,The Lean Startup,Books,19.99,2,15,33.98,Japan,Referral,Cancelled,29,Other
ORD-02475,2023-04-13,Water Bottle,Sports,24.99,3,0,74.97,Japan,Email,Processing,57,Other
ORD-02476,2024-05-17,4K Monitor,Electronics,499.99,4,20,1599.97,Germany,Email,Shipped,58,Female
ORD-02477,2023-10-27,Air Fryer,Kitchen,129.99,4,0,519.96,USA,Paid Ads,Delivered,50,Other
ORD-02478,2024-12-21,Webcam HD,Electronics,89.99,3,0,269.97,Germany,Organic,Processing,31,Male
ORD-02479,2024-12-25,Atomic Habits,Books,16.99,1,15,14.44,Canada,Paid Ads,Returned,22,Male
ORD-02480,2023-07-24,Coffee Maker,Kitchen,89.99,2,20,143.98,USA,Direct,Delivered,57,Male
ORD-02481,2023-03-02,Standing Desk,Furniture,549.99,1,0,549.99,Germany,Email,Delivered,49,Male
ORD-02482,2023-07-28,Instant Pot,Kitchen,99.99,5,5,474.95,Australia,Organic,Processing,28,Female
ORD-02483,2024-02-18,The Lean Startup,Books,19.99,1,15,16.99,Brazil,Paid Ads,Returned,29,Female
ORD-02484,2024-05-06,Desk Lamp,Furniture,44.99,3,0,134.97,Australia,Referral,Cancelled,35,Female
ORD-02485,2023-05-19,Standing Desk,Furniture,549.99,2,20,879.98,USA,Social Media,Delivered,57,Male
ORD-02486,2024-06-07,Sunscreen SPF50,Beauty,22.99,4,5,87.36,Germany,Direct,Delivered,43,Male
ORD-02487,2024-07-16,Webcam HD,Electronics,89.99,4,0,359.96,Brazil,Paid Ads,Delivered,47,Other
ORD-02488,2023-08-09,Running Shoes,Sports,119.99,4,20,383.97,Germany,Referral,Cancelled,55,Male
ORD-02489,2023-01-30,Protein Powder,Sports,54.99,2,0,109.98,Canada,Referral,Processing,57,Male
ORD-02490,2024-02-26,Webcam HD,Electronics,89.99,1,15,76.49,Japan,Social Media,Cancelled,55,Male
ORD-02491,2024-10-17,Water Bottle,Sports,24.99,2,10,44.98,Canada,Paid Ads,Delivered,38,Other
ORD-02492,2024-01-08,Instant Pot,Kitchen,99.99,2,20,159.98,Germany,Social Media,Processing,37,Female
ORD-02493,2024-03-03,Mechanical Keyboard,Electronics,149.99,4,15,509.97,Brazil,Direct,Cancelled,49,Male
ORD-02494,2023-06-15,Standing Desk,Furniture,549.99,3,0,1649.97,USA,Referral,Delivered,34,Female
ORD-02495,2024-08-14,Sunscreen SPF50,Beauty,22.99,4,10,82.76,UK,Paid Ads,Shipped,56,Other
ORD-02496,2024-03-25,Laptop Pro 15,Electronics,1299.99,2,10,2339.98,Canada,Email,Delivered,28,Male
ORD-02497,2023-12-06,Yoga Mat,Sports,39.99,5,5,189.95,Brazil,Direct,Delivered,31,Female
ORD-02498,2024-12-25,Protein Powder,Sports,54.99,2,10,98.98,Germany,Paid Ads,Delivered,19,Other
ORD-02499,2023-04-11,4K Monitor,Electronics,499.99,3,5,1424.97,USA,Referral,Delivered,29,Male
ORD-02500,2023-02-15,Dumbbells Set,Sports,79.99,5,5,379.95,Brazil,Referral,Processing,50,Other
ORD-02501,2024-03-24,Office Chair,Furniture,299.99,2,15,509.98,Australia,Direct,Processing,40,Male
ORD-02502,2023-08-31,Air Fryer,Kitchen,129.99,5,5,617.45,USA,Organic,Delivered,19,Female
ORD-02503,2023-11-06,Yoga Mat,Sports,39.99,4,15,135.97,UK,Referral,Returned,54,Female
ORD-02504,2023-04-23,Desk Lamp,Furniture,44.99,1,0,44.99,Canada,Paid Ads,Returned,64,Other
ORD-02505,2023-04-06,Laptop Pro 15,Electronics,1299.99,2,15,2209.98,Canada,Direct,Processing,65,Female
ORD-02506,2024-11-10,Laptop Pro 15,Electronics,1299.99,1,0,1299.99,Germany,Email,Delivered,59,Other
ORD-02507,2024-06-07,Running Shoes,Sports,119.99,1,10,107.99,Germany,Organic,Processing,44,Female
ORD-02508,2023-03-26,Running Shoes,Sports,119.99,5,5,569.95,UK,Referral,Delivered,27,Female
ORD-02509,2023-02-19,Air Fryer,Kitchen,129.99,2,15,220.98,Canada,Organic,Delivered,28,Male
ORD-02510,2024-12-04,Instant Pot,Kitchen,99.99,4,5,379.96,Brazil,Direct,Delivered,21,Male
ORD-02511,2024-09-12,Sunscreen SPF50,Beauty,22.99,1,0,22.99,UK,Email,Shipped,24,Male
ORD-02512,2023-07-05,Wireless Mouse,Electronics,29.99,1,10,26.99,USA,Email,Delivered,64,Female
ORD-02513,2024-11-08,Skincare Set,Beauty,59.99,5,20,239.96,Brazil,Paid Ads,Delivered,57,Other
ORD-02514,2023-08-08,Wireless Mouse,Electronics,29.99,3,10,80.97,Germany,Email,Shipped,39,Male
ORD-02515,2024-07-03,Laptop Pro 15,Electronics,1299.99,2,5,2469.98,France,Referral,Delivered,27,Female
ORD-02516,2023-06-30,Mechanical Keyboard,Electronics,149.99,1,0,149.99,USA,Referral,Cancelled,43,Other
ORD-02517,2024-06-21,4K Monitor,Electronics,499.99,3,20,1199.98,USA,Referral,Cancelled,38,Male
ORD-02518,2023-06-03,Coffee Maker,Kitchen,89.99,3,5,256.47,Canada,Organic,Returned,55,Male
ORD-02519,2024-12-18,Office Chair,Furniture,299.99,3,15,764.97,Japan,Organic,Returned,65,Other
ORD-02520,2024-11-01,Laptop Pro 15,Electronics,1299.99,2,15,2209.98,Australia,Paid Ads,Returned,62,Other
ORD-02521,2024-05-23,Laptop Pro 15,Electronics,1299.99,1,0,1299.99,Brazil,Organic,Delivered,35,Male
ORD-02522,2024-03-10,Office Chair,Furniture,299.99,5,0,1499.95,Australia,Email,Delivered,26,Male
ORD-02523,2023-01-28,Dumbbells Set,Sports,79.99,1,15,67.99,Canada,Organic,Delivered,48,Male
ORD-02524,2024-03-08,Mechanical Keyboard,Electronics,149.99,3,10,404.97,Canada,Email,Delivered,53,Female
ORD-02525,2023-10-12,Wireless Mouse,Electronics,29.99,2,10,53.98,USA,Email,Cancelled,64,Male
ORD-02526,2024-03-17,Bookshelf,Furniture,189.99,5,0,949.95,Japan,Paid Ads,Delivered,26,Female
ORD-02527,2024-06-27,Air Fryer,Kitchen,129.99,1,0,129.99,Australia,Social Media,Returned,28,Other
ORD-02528,2024-10-08,Air Fryer,Kitchen,129.99,1,0,129.99,France,Organic,Delivered,21,Male
ORD-02529,2023-01-18,Coffee Maker,Kitchen,89.99,3,5,256.47,Brazil,Referral,Returned,58,Female
ORD-02530,2024-01-13,Bookshelf,Furniture,189.99,3,10,512.97,UK,Social Media,Shipped,55,Other
ORD-02531,2023-12-23,Office Chair,Furniture,299.99,3,5,854.97,Canada,Paid Ads,Delivered,48,Male
ORD-02532,2023-05-21,Dumbbells Set,Sports,79.99,4,5,303.96,USA,Organic,Delivered,53,Male
ORD-02533,2023-05-02,The Lean Startup,Books,19.99,1,0,19.99,Germany,Organic,Returned,65,Female
ORD-02534,2024-07-21,Yoga Mat,Sports,39.99,1,5,37.99,Japan,Social Media,Returned,23,Female
ORD-02535,2023-06-15,Bookshelf,Furniture,189.99,5,0,949.95,USA,Referral,Delivered,64,Other
ORD-02536,2024-01-11,Desk Lamp,Furniture,44.99,1,0,44.99,USA,Direct,Delivered,39,Other
ORD-02537,2023-03-04,Desk Lamp,Furniture,44.99,1,0,44.99,USA,Email,Shipped,24,Male
ORD-02538,2023-02-25,Desk Lamp,Furniture,44.99,2,0,89.98,UK,Organic,Returned,36,Female
ORD-02539,2024-06-27,Dumbbells Set,Sports,79.99,4,0,319.96,Germany,Email,Delivered,25,Other
ORD-02540,2023-07-21,Laptop Pro 15,Electronics,1299.99,1,10,1169.99,Japan,Paid Ads,Delivered,52,Other
ORD-02541,2024-11-23,Office Chair,Furniture,299.99,4,5,1139.96,Japan,Referral,Delivered,49,Male
ORD-02542,2023-07-29,Mechanical Keyboard,Electronics,149.99,5,0,749.95,Australia,Paid Ads,Cancelled,30,Other
ORD-02543,2024-02-17,Webcam HD,Electronics,89.99,4,0,359.96,Japan,Email,Shipped,27,Male
ORD-02544,2023-12-28,Deep Work,Books,18.99,1,10,17.09,Germany,Paid Ads,Cancelled,48,Male
ORD-02545,2023-02-02,Wireless Mouse,Electronics,29.99,3,5,85.47,Japan,Email,Delivered,37,Female
ORD-02546,2024-10-03,Deep Work,Books,18.99,1,20,15.19,UK,Organic,Delivered,46,Other
ORD-02547,2024-05-12,Blender Pro,Kitchen,74.99,4,0,299.96,France,Organic,Delivered,65,Other
ORD-02548,2023-09-26,Deep Work,Books,18.99,2,10,34.18,UK,Direct,Processing,62,Other
ORD-02549,2024-10-08,Instant Pot,Kitchen,99.99,3,10,269.97,USA,Social Media,Delivered,60,Other
ORD-02550,2023-03-09,Protein Powder,Sports,54.99,2,0,109.98,France,Referral,Processing,50,Male
ORD-02551,2024-08-26,Water Bottle,Sports,24.99,5,20,99.96,Brazil,Email,Returned,56,Other
ORD-02552,2024-05-19,Air Fryer,Kitchen,129.99,2,15,220.98,UK,Paid Ads,Shipped,55,Female
ORD-02553,2024-12-02,Mechanical Keyboard,Electronics,149.99,4,5,569.96,France,Organic,Shipped,42,Male
ORD-02554,2023-06-02,Running Shoes,Sports,119.99,4,0,479.96,USA,Email,Shipped,54,Female
ORD-02555,2023-09-12,Yoga Mat,Sports,39.99,2,20,63.98,Australia,Email,Delivered,31,Other
ORD-02556,2024-12-06,The Lean Startup,Books,19.99,5,10,89.95,France,Referral,Processing,25,Other
ORD-02557,2024-04-01,Laptop Pro 15,Electronics,1299.99,1,15,1104.99,France,Paid Ads,Shipped,60,Male
ORD-02558,2023-01-27,Running Shoes,Sports,119.99,4,0,479.96,Brazil,Referral,Returned,28,Male
ORD-02559,2023-04-02,Bookshelf,Furniture,189.99,1,20,151.99,Canada,Direct,Cancelled,60,Male
ORD-02560,2024-10-07,Blender Pro,Kitchen,74.99,3,0,224.97,UK,Paid Ads,Delivered,61,Other
ORD-02561,2024-09-21,Deep Work,Books,18.99,5,10,85.45,Brazil,Paid Ads,Delivered,23,Female
ORD-02562,2023-01-23,Skincare Set,Beauty,59.99,5,10,269.95,France,Direct,Processing,19,Male
ORD-02563,2024-07-13,Standing Desk,Furniture,549.99,3,0,1649.97,Canada,Paid Ads,Returned,25,Female
ORD-02564,2023-12-31,The Lean Startup,Books,19.99,5,15,84.96,Germany,Referral,Shipped,50,Female
ORD-02565,2024-03-24,Laptop Pro 15,Electronics,1299.99,5,0,6499.95,USA,Organic,Delivered,52,Male
ORD-02566,2024-03-04,Python Crash Course,Books,34.99,3,5,99.72,UK,Paid Ads,Returned,30,Female
ORD-02567,2024-07-30,USB-C Hub,Electronics,49.99,3,10,134.97,Japan,Organic,Returned,59,Other
ORD-02568,2023-03-28,Webcam HD,Electronics,89.99,5,5,427.45,France,Paid Ads,Processing,60,Female
ORD-02569,2024-07-27,The Lean Startup,Books,19.99,2,5,37.98,Japan,Referral,Cancelled,48,Other
ORD-02570,2024-10-12,Wireless Mouse,Electronics,29.99,3,0,89.97,Australia,Paid Ads,Cancelled,25,Female
ORD-02571,2023-04-01,Deep Work,Books,18.99,4,0,75.96,Australia,Email,Delivered,49,Other
ORD-02572,2024-10-19,Yoga Mat,Sports,39.99,2,5,75.98,France,Direct,Returned,62,Other
ORD-02573,2024-07-25,Yoga Mat,Sports,39.99,3,15,101.97,Japan,Social Media,Delivered,47,Other
ORD-02574,2024-11-05,Blender Pro,Kitchen,74.99,4,0,299.96,France,Direct,Delivered,56,Female
ORD-02575,2024-12-19,Air Fryer,Kitchen,129.99,3,20,311.98,Japan,Email,Processing,33,Other
ORD-02576,2023-09-29,Coffee Maker,Kitchen,89.99,4,0,359.96,France,Email,Processing,37,Male
ORD-02577,2023-03-08,Desk Lamp,Furniture,44.99,1,0,44.99,Australia,Organic,Shipped,27,Male
ORD-02578,2023-12-31,Deep Work,Books,18.99,2,20,30.38,Japan,Social Media,Processing,52,Male
ORD-02579,2023-01-01,The Lean Startup,Books,19.99,5,20,79.96,Germany,Social Media,Processing,43,Other
ORD-02580,2024-12-14,The Lean Startup,Books,19.99,2,10,35.98,USA,Email,Delivered,34,Female
ORD-02581,2024-05-06,4K Monitor,Electronics,499.99,5,5,2374.95,UK,Email,Delivered,57,Male
ORD-02582,2023-04-02,Water Bottle,Sports,24.99,1,0,24.99,UK,Referral,Returned,64,Male
ORD-02583,2024-01-02,Blender Pro,Kitchen,74.99,5,15,318.71,Canada,Paid Ads,Cancelled,44,Male
ORD-02584,2023-08-27,Running Shoes,Sports,119.99,4,15,407.97,Japan,Organic,Delivered,29,Male
ORD-02585,2023-02-14,Dumbbells Set,Sports,79.99,3,10,215.97,UK,Email,Delivered,62,Male
ORD-02586,2023-06-19,Office Chair,Furniture,299.99,3,20,719.98,France,Email,Delivered,34,Male
ORD-02587,2024-09-23,Mechanical Keyboard,Electronics,149.99,4,0,599.96,USA,Paid Ads,Cancelled,36,Female
ORD-02588,2023-01-29,Deep Work,Books,18.99,4,5,72.16,UK,Email,Returned,65,Female
ORD-02589,2023-03-08,Sunscreen SPF50,Beauty,22.99,5,0,114.95,France,Referral,Processing,54,Other
ORD-02590,2024-10-07,Wireless Mouse,Electronics,29.99,5,10,134.95,USA,Email,Shipped,53,Male
ORD-02591,2023-04-10,Dumbbells Set,Sports,79.99,1,5,75.99,France,Email,Processing,24,Male
ORD-02592,2023-12-01,Coffee Maker,Kitchen,89.99,2,5,170.98,Japan,Social Media,Processing,45,Other
ORD-02593,2024-11-10,Atomic Habits,Books,16.99,5,20,67.96,Germany,Direct,Processing,43,Other
ORD-02594,2024-09-25,Atomic Habits,Books,16.99,4,0,67.96,Japan,Referral,Delivered,62,Male
ORD-02595,2023-12-02,Protein Powder,Sports,54.99,5,0,274.95,Australia,Direct,Delivered,25,Male
ORD-02596,2024-09-20,4K Monitor,Electronics,499.99,5,15,2124.96,Canada,Organic,Returned,61,Female
ORD-02597,2024-01-05,Yoga Mat,Sports,39.99,4,15,135.97,USA,Social Media,Delivered,22,Female
ORD-02598,2023-03-22,Bookshelf,Furniture,189.99,1,0,189.99,Japan,Paid Ads,Shipped,38,Male
ORD-02599,2024-02-25,Instant Pot,Kitchen,99.99,2,0,199.98,France,Social Media,Delivered,56,Male
ORD-02600,2024-01-24,Python Crash Course,Books,34.99,1,0,34.99,USA,Referral,Cancelled,59,Other
ORD-02601,2023-11-05,4K Monitor,Electronics,499.99,3,10,1349.97,France,Paid Ads,Delivered,36,Female
ORD-02602,2024-01-20,Blender Pro,Kitchen,74.99,3,20,179.98,Japan,Email,Shipped,44,Male
ORD-02603,2023-12-01,Bookshelf,Furniture,189.99,3,0,569.97,USA,Social Media,Delivered,45,Female
ORD-02604,2024-05-16,Sunscreen SPF50,Beauty,22.99,4,0,91.96,USA,Referral,Shipped,37,Female
ORD-02605,2023-08-15,Running Shoes,Sports,119.99,5,20,479.96,USA,Email,Delivered,33,Female
ORD-02606,2023-09-22,Standing Desk,Furniture,549.99,4,20,1759.97,Canada,Direct,Delivered,44,Female
ORD-02607,2024-12-18,Water Bottle,Sports,24.99,1,0,24.99,Japan,Direct,Delivered,56,Other
ORD-02608,2023-12-22,Yoga Mat,Sports,39.99,1,0,39.99,Japan,Paid Ads,Returned,29,Male
ORD-02609,2023-06-29,4K Monitor,Electronics,499.99,3,0,1499.97,Brazil,Email,Shipped,62,Other
ORD-02610,2024-04-30,Water Bottle,Sports,24.99,4,0,99.96,Australia,Referral,Delivered,42,Male
ORD-02611,2023-04-17,USB-C Hub,Electronics,49.99,2,0,99.98,UK,Organic,Delivered,50,Female
ORD-02612,2024-06-30,The Lean Startup,Books,19.99,4,0,79.96,USA,Referral,Delivered,24,Female
ORD-02613,2024-08-25,The Lean Startup,Books,19.99,4,5,75.96,Brazil,Referral,Delivered,30,Male
ORD-02614,2023-06-27,Deep Work,Books,18.99,5,0,94.95,Brazil,Organic,Returned,35,Female
ORD-02615,2023-05-19,Instant Pot,Kitchen,99.99,4,20,319.97,France,Paid Ads,Cancelled,45,Male
ORD-02616,2023-05-31,Skincare Set,Beauty,59.99,1,0,59.99,USA,Paid Ads,Processing,34,Male
ORD-02617,2024-05-05,Protein Powder,Sports,54.99,2,5,104.48,Australia,Direct,Processing,64,Female
ORD-02618,2024-06-29,Wireless Mouse,Electronics,29.99,4,10,107.96,Australia,Direct,Delivered,41,Female
ORD-02619,2024-06-10,Webcam HD,Electronics,89.99,3,0,269.97,UK,Direct,Processing,62,Male
ORD-02620,2024-05-30,Protein Powder,Sports,54.99,3,0,164.97,France,Organic,Delivered,61,Female
ORD-02621,2023-09-18,Water Bottle,Sports,24.99,3,0,74.97,Brazil,Social Media,Cancelled,27,Male
ORD-02622,2023-03-20,Mechanical Keyboard,Electronics,149.99,2,0,299.98,Canada,Direct,Shipped,36,Other
ORD-02623,2024-09-21,Sunscreen SPF50,Beauty,22.99,4,15,78.17,UK,Email,Shipped,43,Male
ORD-02624,2023-09-06,Blender Pro,Kitchen,74.99,3,15,191.22,Canada,Email,Delivered,19,Male
ORD-02625,2024-07-22,Atomic Habits,Books,16.99,4,15,57.77,Canada,Organic,Shipped,40,Other
ORD-02626,2023-01-13,Air Fryer,Kitchen,129.99,5,0,649.95,UK,Referral,Returned,42,Male
ORD-02627,2023-02-12,Dumbbells Set,Sports,79.99,3,15,203.97,Germany,Organic,Shipped,56,Male
ORD-02628,2023-11-29,Skincare Set,Beauty,59.99,5,10,269.95,Canada,Social Media,Processing,32,Female
ORD-02629,2023-08-24,Water Bottle,Sports,24.99,1,0,24.99,UK,Referral,Delivered,63,Female
ORD-02630,2024-03-27,Python Crash Course,Books,34.99,5,0,174.95,UK,Email,Delivered,29,Female
ORD-02631,2023-09-18,Dumbbells Set,Sports,79.99,3,0,239.97,France,Email,Delivered,52,Male
ORD-02632,2024-07-01,Office Chair,Furniture,299.99,1,5,284.99,Germany,Email,Cancelled,53,Male
ORD-02633,2023-01-16,Air Fryer,Kitchen,129.99,3,0,389.97,UK,Paid Ads,Processing,47,Other
ORD-02634,2024-06-08,Blender Pro,Kitchen,74.99,3,20,179.98,Japan,Referral,Processing,55,Female
ORD-02635,2024-08-23,The Lean Startup,Books,19.99,5,20,79.96,Canada,Direct,Processing,21,Female
ORD-02636,2023-11-19,Python Crash Course,Books,34.99,5,15,148.71,Canada,Email,Delivered,35,Female
ORD-02637,2024-11-28,4K Monitor,Electronics,499.99,3,5,1424.97,Germany,Organic,Returned,23,Other
ORD-02638,2024-09-04,Atomic Habits,Books,16.99,4,15,57.77,France,Paid Ads,Delivered,26,Male
ORD-02639,2024-07-24,Air Fryer,Kitchen,129.99,2,10,233.98,Brazil,Paid Ads,Processing,33,Male
ORD-02640,2024-08-04,Mechanical Keyboard,Electronics,149.99,2,0,299.98,Brazil,Organic,Shipped,28,Other
ORD-02641,2023-08-04,Webcam HD,Electronics,89.99,5,20,359.96,USA,Direct,Processing,53,Male
ORD-02642,2023-06-21,4K Monitor,Electronics,499.99,1,0,499.99,UK,Organic,Delivered,32,Male
ORD-02643,2023-01-03,Laptop Pro 15,Electronics,1299.99,1,15,1104.99,Japan,Email,Shipped,42,Male
ORD-02644,2023-02-16,Laptop Pro 15,Electronics,1299.99,5,20,5199.96,Brazil,Direct,Shipped,25,Male
ORD-02645,2024-07-14,USB-C Hub,Electronics,49.99,3,0,149.97,Australia,Email,Returned,23,Female
ORD-02646,2023-03-05,Skincare Set,Beauty,59.99,2,10,107.98,France,Social Media,Cancelled,33,Other
ORD-02647,2023-03-29,Deep Work,Books,18.99,5,20,75.96,USA,Email,Delivered,44,Other
ORD-02648,2024-10-18,4K Monitor,Electronics,499.99,2,0,999.98,France,Email,Returned,55,Female
ORD-02649,2024-11-23,Mechanical Keyboard,Electronics,149.99,1,0,149.99,Germany,Direct,Returned,19,Female
ORD-02650,2024-02-18,Webcam HD,Electronics,89.99,1,0,89.99,France,Social Media,Cancelled,55,Female
ORD-02651,2024-03-24,USB-C Hub,Electronics,49.99,3,0,149.97,USA,Email,Shipped,60,Female
ORD-02652,2024-03-08,Dumbbells Set,Sports,79.99,1,0,79.99,USA,Direct,Shipped,41,Female
ORD-02653,2023-03-30,Instant Pot,Kitchen,99.99,1,15,84.99,Germany,Social Media,Delivered,46,Other
ORD-02654,2023-11-28,Mechanical Keyboard,Electronics,149.99,4,10,539.96,France,Referral,Shipped,20,Other
ORD-02655,2024-09-21,Laptop Pro 15,Electronics,1299.99,3,20,3119.98,Germany,Email,Shipped,53,Male
ORD-02656,2023-10-29,Atomic Habits,Books,16.99,2,5,32.28,Japan,Paid Ads,Shipped,56,Female
ORD-02657,2023-01-16,The Lean Startup,Books,19.99,2,10,35.98,Japan,Referral,Processing,51,Other
ORD-02658,2024-08-02,Mechanical Keyboard,Electronics,149.99,4,10,539.96,Brazil,Referral,Delivered,41,Male
ORD-02659,2024-01-15,Deep Work,Books,18.99,4,0,75.96,Australia,Email,Returned,22,Other
ORD-02660,2024-04-10,Standing Desk,Furniture,549.99,1,15,467.49,Germany,Paid Ads,Delivered,23,Male
ORD-02661,2024-03-17,Instant Pot,Kitchen,99.99,3,5,284.97,Canada,Email,Delivered,37,Male
ORD-02662,2024-07-20,Laptop Pro 15,Electronics,1299.99,5,0,6499.95,Canada,Organic,Returned,47,Female
ORD-02663,2023-12-10,The Lean Startup,Books,19.99,3,0,59.97,Brazil,Email,Shipped,36,Other
ORD-02664,2023-04-03,Blender Pro,Kitchen,74.99,2,5,142.48,France,Email,Processing,29,Male
ORD-02665,2023-04-09,Atomic Habits,Books,16.99,5,0,84.95,France,Organic,Processing,63,Other
ORD-02666,2024-02-17,4K Monitor,Electronics,499.99,4,0,1999.96,Canada,Paid Ads,Delivered,56,Female
ORD-02667,2023-12-09,The Lean Startup,Books,19.99,5,0,99.95,Brazil,Organic,Returned,63,Female
ORD-02668,2024-01-11,Dumbbells Set,Sports,79.99,2,0,159.98,Australia,Direct,Delivered,41,Female
ORD-02669,2023-02-16,Protein Powder,Sports,54.99,4,20,175.97,Canada,Organic,Returned,54,Male
ORD-02670,2023-05-10,Office Chair,Furniture,299.99,4,20,959.97,USA,Direct,Processing,19,Other
ORD-02671,2023-02-20,USB-C Hub,Electronics,49.99,4,0,199.96,Australia,Email,Delivered,21,Female
ORD-02672,2023-06-25,Running Shoes,Sports,119.99,2,0,239.98,Brazil,Paid Ads,Processing,28,Other
ORD-02673,2024-09-17,Protein Powder,Sports,54.99,3,0,164.97,USA,Organic,Shipped,51,Other
ORD-02674,2024-06-13,Webcam HD,Electronics,89.99,2,15,152.98,France,Direct,Shipped,33,Male
ORD-02675,2023-05-20,Bookshelf,Furniture,189.99,1,5,180.49,Australia,Organic,Shipped,22,Male
ORD-02676,2023-12-26,Atomic Habits,Books,16.99,1,0,16.99,UK,Referral,Delivered,18,Other
ORD-02677,2023-07-02,Desk Lamp,Furniture,44.99,1,20,35.99,UK,Social Media,Delivered,45,Male
ORD-02678,2023-02-14,Skincare Set,Beauty,59.99,3,0,179.97,Brazil,Organic,Returned,54,Male
ORD-02679,2023-07-24,Wireless Mouse,Electronics,29.99,1,5,28.49,UK,Email,Processing,38,Other
ORD-02680,2023-01-16,Laptop Pro 15,Electronics,1299.99,4,0,5199.96,UK,Referral,Processing,37,Other
ORD-02681,2024-12-29,Protein Powder,Sports,54.99,3,0,164.97,Canada,Referral,Processing,47,Female
ORD-02682,2024-08-30,Atomic Habits,Books,16.99,5,0,84.95,Japan,Social Media,Delivered,56,Female
ORD-02683,2023-10-13,Python Crash Course,Books,34.99,1,5,33.24,UK,Referral,Returned,64,Other
ORD-02684,2023-05-25,Python Crash Course,Books,34.99,2,20,55.98,France,Referral,Delivered,31,Other
ORD-02685,2023-03-14,Wireless Mouse,Electronics,29.99,3,0,89.97,USA,Paid Ads,Delivered,53,Other
ORD-02686,2024-09-17,Standing Desk,Furniture,549.99,2,15,934.98,Canada,Organic,Shipped,36,Male
ORD-02687,2024-01-04,Desk Lamp,Furniture,44.99,3,10,121.47,Germany,Social Media,Returned,27,Female
ORD-02688,2024-06-26,Wireless Mouse,Electronics,29.99,4,20,95.97,France,Referral,Shipped,20,Other
ORD-02689,2024-03-15,Desk Lamp,Furniture,44.99,2,10,80.98,Germany,Direct,Delivered,37,Other
ORD-02690,2024-05-30,Running Shoes,Sports,119.99,5,0,599.95,Canada,Social Media,Returned,32,Female
ORD-02691,2024-10-07,Water Bottle,Sports,24.99,4,0,99.96,USA,Social Media,Delivered,21,Female
ORD-02692,2024-03-30,Dumbbells Set,Sports,79.99,1,5,75.99,Australia,Email,Processing,39,Female
ORD-02693,2023-03-23,Office Chair,Furniture,299.99,4,0,1199.96,Germany,Referral,Delivered,64,Male
ORD-02694,2024-08-31,Wireless Mouse,Electronics,29.99,5,0,149.95,Australia,Organic,Delivered,49,Other
ORD-02695,2024-12-17,Water Bottle,Sports,24.99,1,15,21.24,UK,Paid Ads,Delivered,23,Male
ORD-02696,2024-04-18,Sunscreen SPF50,Beauty,22.99,5,5,109.2,UK,Referral,Cancelled,19,Male
ORD-02697,2023-12-03,Water Bottle,Sports,24.99,4,15,84.97,Japan,Organic,Cancelled,62,Male
ORD-02698,2023-06-22,Air Fryer,Kitchen,129.99,1,5,123.49,Australia,Paid Ads,Delivered,35,Other
ORD-02699,2023-03-27,Blender Pro,Kitchen,74.99,2,0,149.98,UK,Direct,Delivered,29,Female
ORD-02700,2023-11-18,Deep Work,Books,18.99,3,20,45.58,USA,Organic,Delivered,44,Other
ORD-02701,2023-02-21,USB-C Hub,Electronics,49.99,3,0,149.97,Australia,Paid Ads,Returned,64,Male
ORD-02702,2023-12-22,Air Fryer,Kitchen,129.99,5,0,649.95,Brazil,Direct,Processing,39,Male
ORD-02703,2024-03-24,Water Bottle,Sports,24.99,1,20,19.99,Brazil,Organic,Returned,46,Other
ORD-02704,2023-07-15,4K Monitor,Electronics,499.99,4,10,1799.96,USA,Social Media,Cancelled,65,Other
ORD-02705,2024-11-21,Office Chair,Furniture,299.99,1,0,299.99,UK,Organic,Delivered,43,Female
ORD-02706,2024-11-24,Coffee Maker,Kitchen,89.99,2,0,179.98,USA,Paid Ads,Cancelled,55,Male
ORD-02707,2023-01-04,Dumbbells Set,Sports,79.99,3,0,239.97,USA,Paid Ads,Shipped,20,Other
ORD-02708,2024-09-18,Instant Pot,Kitchen,99.99,3,0,299.97,UK,Referral,Delivered,58,Other
ORD-02709,2023-04-07,Yoga Mat,Sports,39.99,3,10,107.97,Canada,Referral,Delivered,40,Male
ORD-02710,2024-01-18,Blender Pro,Kitchen,74.99,5,0,374.95,Canada,Organic,Delivered,42,Male
ORD-02711,2023-02-04,Wireless Mouse,Electronics,29.99,4,5,113.96,USA,Direct,Delivered,43,Other
ORD-02712,2024-03-14,Atomic Habits,Books,16.99,1,0,16.99,Japan,Direct,Shipped,48,Female
ORD-02713,2023-02-15,Sunscreen SPF50,Beauty,22.99,2,5,43.68,France,Direct,Cancelled,26,Other
ORD-02714,2023-08-12,Blender Pro,Kitchen,74.99,2,10,134.98,France,Social Media,Processing,62,Female
ORD-02715,2023-08-19,Laptop Pro 15,Electronics,1299.99,1,5,1234.99,Brazil,Email,Shipped,28,Female
ORD-02716,2023-12-02,Laptop Pro 15,Electronics,1299.99,2,0,2599.98,Australia,Organic,Delivered,49,Male
ORD-02717,2024-01-24,Protein Powder,Sports,54.99,3,0,164.97,Japan,Paid Ads,Delivered,24,Female
ORD-02718,2024-07-04,Dumbbells Set,Sports,79.99,2,10,143.98,USA,Direct,Delivered,60,Other
ORD-02719,2024-12-20,Sunscreen SPF50,Beauty,22.99,2,0,45.98,Germany,Social Media,Delivered,24,Male
ORD-02720,2023-01-16,Skincare Set,Beauty,59.99,1,10,53.99,USA,Direct,Shipped,61,Male
ORD-02721,2023-12-31,Yoga Mat,Sports,39.99,1,15,33.99,Japan,Referral,Delivered,33,Male
ORD-02722,2023-06-05,Mechanical Keyboard,Electronics,149.99,1,5,142.49,Japan,Email,Delivered,26,Other
ORD-02723,2023-01-07,Water Bottle,Sports,24.99,3,5,71.22,Australia,Referral,Processing,52,Female
ORD-02724,2023-11-28,Deep Work,Books,18.99,2,0,37.98,Canada,Referral,Cancelled,55,Female
ORD-02725,2023-11-16,Webcam HD,Electronics,89.99,4,0,359.96,Germany,Paid Ads,Shipped,60,Male
ORD-02726,2023-01-09,Instant Pot,Kitchen,99.99,2,5,189.98,Australia,Social Media,Processing,29,Male
ORD-02727,2023-09-19,Desk Lamp,Furniture,44.99,4,0,179.96,Canada,Organic,Shipped,25,Male
ORD-02728,2023-12-19,Webcam HD,Electronics,89.99,2,15,152.98,USA,Paid Ads,Delivered,45,Other
ORD-02729,2023-06-22,Mechanical Keyboard,Electronics,149.99,5,15,637.46,Canada,Organic,Delivered,51,Male
ORD-02730,2024-06-18,Deep Work,Books,18.99,4,15,64.57,USA,Direct,Delivered,54,Male
ORD-02731,2024-03-20,Mechanical Keyboard,Electronics,149.99,1,10,134.99,Japan,Paid Ads,Processing,41,Female
ORD-02732,2024-07-17,Atomic Habits,Books,16.99,1,15,14.44,Australia,Referral,Cancelled,47,Other
ORD-02733,2024-04-26,Webcam HD,Electronics,89.99,1,5,85.49,USA,Direct,Delivered,39,Male
ORD-02734,2024-05-05,Atomic Habits,Books,16.99,5,20,67.96,Germany,Organic,Processing,42,Other
ORD-02735,2023-06-08,The Lean Startup,Books,19.99,5,5,94.95,Canada,Referral,Delivered,39,Female
ORD-02736,2023-02-24,Blender Pro,Kitchen,74.99,1,10,67.49,Canada,Paid Ads,Cancelled,48,Male
ORD-02737,2023-01-02,Wireless Mouse,Electronics,29.99,2,10,53.98,Germany,Referral,Delivered,52,Male
ORD-02738,2024-10-02,Yoga Mat,Sports,39.99,2,15,67.98,Canada,Organic,Delivered,23,Female
ORD-02739,2023-10-13,Python Crash Course,Books,34.99,3,15,89.22,Germany,Direct,Delivered,65,Other
ORD-02740,2023-04-23,USB-C Hub,Electronics,49.99,4,0,199.96,Germany,Direct,Delivered,61,Male
ORD-02741,2024-10-04,Skincare Set,Beauty,59.99,1,0,59.99,USA,Direct,Delivered,21,Female
ORD-02742,2024-12-13,4K Monitor,Electronics,499.99,2,20,799.98,Canada,Paid Ads,Cancelled,46,Female
ORD-02743,2024-01-03,4K Monitor,Electronics,499.99,1,0,499.99,Australia,Direct,Delivered,20,Male
ORD-02744,2024-05-30,USB-C Hub,Electronics,49.99,4,0,199.96,USA,Email,Delivered,43,Male
ORD-02745,2023-01-03,Blender Pro,Kitchen,74.99,1,0,74.99,Germany,Email,Shipped,47,Female
ORD-02746,2024-02-12,Deep Work,Books,18.99,1,10,17.09,Germany,Paid Ads,Returned,22,Other
ORD-02747,2023-01-24,Air Fryer,Kitchen,129.99,2,10,233.98,UK,Email,Cancelled,61,Other
ORD-02748,2023-03-17,Python Crash Course,Books,34.99,3,5,99.72,USA,Paid Ads,Processing,65,Other
ORD-02749,2023-08-12,Mechanical Keyboard,Electronics,149.99,1,0,149.99,Germany,Direct,Processing,35,Male
ORD-02750,2024-09-26,Standing Desk,Furniture,549.99,4,0,2199.96,Canada,Referral,Delivered,30,Male
ORD-02751,2024-03-05,Python Crash Course,Books,34.99,1,10,31.49,USA,Social Media,Shipped,53,Female
ORD-02752,2024-03-03,Standing Desk,Furniture,549.99,4,20,1759.97,USA,Email,Delivered,62,Female
ORD-02753,2023-06-06,USB-C Hub,Electronics,49.99,5,10,224.96,Japan,Social Media,Delivered,21,Female
ORD-02754,2024-08-18,Water Bottle,Sports,24.99,3,0,74.97,USA,Email,Shipped,43,Male
ORD-02755,2024-12-02,Water Bottle,Sports,24.99,5,20,99.96,Germany,Direct,Delivered,54,Female
ORD-02756,2023-12-19,Laptop Pro 15,Electronics,1299.99,3,15,3314.97,Japan,Paid Ads,Shipped,30,Male
ORD-02757,2023-06-22,Standing Desk,Furniture,549.99,2,5,1044.98,UK,Organic,Delivered,27,Female
ORD-02758,2023-08-10,Bookshelf,Furniture,189.99,2,20,303.98,Australia,Direct,Processing,62,Female
ORD-02759,2023-09-30,Blender Pro,Kitchen,74.99,2,0,149.98,USA,Referral,Cancelled,49,Other
ORD-02760,2024-12-04,Coffee Maker,Kitchen,89.99,1,15,76.49,Japan,Paid Ads,Cancelled,33,Other
ORD-02761,2023-11-15,Instant Pot,Kitchen,99.99,1,15,84.99,Japan,Social Media,Delivered,30,Other
ORD-02762,2023-12-13,Yoga Mat,Sports,39.99,2,15,67.98,France,Email,Delivered,41,Other
ORD-02763,2023-02-28,Office Chair,Furniture,299.99,5,0,1499.95,Germany,Paid Ads,Delivered,30,Male
ORD-02764,2024-12-07,Yoga Mat,Sports,39.99,1,0,39.99,Australia,Direct,Processing,49,Female
ORD-02765,2023-01-29,Office Chair,Furniture,299.99,3,0,899.97,Brazil,Direct,Shipped,62,Other
ORD-02766,2024-11-22,Dumbbells Set,Sports,79.99,4,0,319.96,Brazil,Email,Processing,63,Other
ORD-02767,2023-10-02,Skincare Set,Beauty,59.99,3,0,179.97,Australia,Paid Ads,Shipped,41,Other
ORD-02768,2024-04-28,Dumbbells Set,Sports,79.99,4,5,303.96,Japan,Organic,Shipped,31,Female
ORD-02769,2023-05-10,USB-C Hub,Electronics,49.99,2,0,99.98,France,Social Media,Delivered,52,Other
ORD-02770,2023-01-09,Deep Work,Books,18.99,3,20,45.58,France,Referral,Delivered,39,Male
ORD-02771,2024-02-13,Coffee Maker,Kitchen,89.99,2,0,179.98,Australia,Referral,Shipped,43,Female
ORD-02772,2024-04-02,Webcam HD,Electronics,89.99,1,20,71.99,Germany,Organic,Shipped,35,Male
ORD-02773,2023-09-03,Office Chair,Furniture,299.99,5,0,1499.95,France,Paid Ads,Shipped,25,Female
ORD-02774,2023-02-23,Blender Pro,Kitchen,74.99,3,15,191.22,Germany,Paid Ads,Returned,28,Female
ORD-02775,2023-04-30,Water Bottle,Sports,24.99,3,0,74.97,Germany,Direct,Returned,21,Female
ORD-02776,2024-08-03,Bookshelf,Furniture,189.99,2,15,322.98,Brazil,Paid Ads,Delivered,61,Male
ORD-02777,2023-01-31,Atomic Habits,Books,16.99,1,5,16.14,Australia,Paid Ads,Delivered,25,Male
ORD-02778,2024-01-13,Skincare Set,Beauty,59.99,5,5,284.95,UK,Referral,Delivered,38,Male
ORD-02779,2023-08-03,Office Chair,Furniture,299.99,3,15,764.97,Canada,Email,Processing,47,Female
ORD-02780,2023-10-01,Blender Pro,Kitchen,74.99,4,0,299.96,UK,Email,Delivered,59,Male
ORD-02781,2024-10-25,Blender Pro,Kitchen,74.99,1,15,63.74,Japan,Social Media,Cancelled,27,Male
ORD-02782,2024-03-31,Desk Lamp,Furniture,44.99,4,0,179.96,Japan,Email,Cancelled,38,Female
ORD-02783,2023-07-12,Running Shoes,Sports,119.99,4,0,479.96,UK,Social Media,Delivered,59,Male
ORD-02784,2024-10-06,Instant Pot,Kitchen,99.99,3,20,239.98,Canada,Email,Processing,22,Male
ORD-02785,2024-01-12,Protein Powder,Sports,54.99,5,15,233.71,USA,Organic,Delivered,27,Female
ORD-02786,2024-11-29,Webcam HD,Electronics,89.99,2,0,179.98,France,Paid Ads,Delivered,47,Other
ORD-02787,2023-07-19,Mechanical Keyboard,Electronics,149.99,4,0,599.96,France,Paid Ads,Processing,62,Male
ORD-02788,2023-08-11,Sunscreen SPF50,Beauty,22.99,4,10,82.76,UK,Email,Delivered,20,Male
ORD-02789,2023-05-05,Running Shoes,Sports,119.99,4,10,431.96,Australia,Social Media,Cancelled,27,Other
ORD-02790,2024-02-05,Webcam HD,Electronics,89.99,1,10,80.99,Canada,Referral,Cancelled,58,Female
ORD-02791,2023-09-10,Office Chair,Furniture,299.99,2,15,509.98,Australia,Referral,Delivered,60,Other
ORD-02792,2023-08-07,Yoga Mat,Sports,39.99,2,0,79.98,Canada,Direct,Cancelled,46,Male
ORD-02793,2024-12-17,Coffee Maker,Kitchen,89.99,2,10,161.98,Canada,Organic,Delivered,41,Female
ORD-02794,2024-12-08,Instant Pot,Kitchen,99.99,2,20,159.98,Australia,Paid Ads,Delivered,32,Female
ORD-02795,2024-03-13,USB-C Hub,Electronics,49.99,5,0,249.95,USA,Email,Shipped,23,Male
ORD-02796,2024-07-18,Desk Lamp,Furniture,44.99,1,10,40.49,Canada,Email,Processing,49,Male
ORD-02797,2024-06-01,Webcam HD,Electronics,89.99,2,5,170.98,USA,Organic,Delivered,49,Male
ORD-02798,2023-06-09,Standing Desk,Furniture,549.99,1,0,549.99,Germany,Referral,Cancelled,53,Other
ORD-02799,2023-07-07,Instant Pot,Kitchen,99.99,1,20,79.99,Brazil,Direct,Returned,58,Female
ORD-02800,2024-12-25,Sunscreen SPF50,Beauty,22.99,3,10,62.07,France,Email,Shipped,30,Female
ORD-02801,2024-03-29,Sunscreen SPF50,Beauty,22.99,3,0,68.97,Canada,Paid Ads,Delivered,62,Male
ORD-02802,2023-05-26,Webcam HD,Electronics,89.99,5,0,449.95,UK,Referral,Delivered,34,Male
ORD-02803,2023-12-21,Atomic Habits,Books,16.99,5,0,84.95,Canada,Paid Ads,Cancelled,40,Female
ORD-02804,2023-02-28,Standing Desk,Furniture,549.99,2,20,879.98,Australia,Paid Ads,Delivered,59,Male
ORD-02805,2024-02-03,Yoga Mat,Sports,39.99,4,20,127.97,Germany,Organic,Returned,59,Male
ORD-02806,2024-06-28,Wireless Mouse,Electronics,29.99,3,5,85.47,Brazil,Social Media,Delivered,33,Male
ORD-02807,2024-05-12,Blender Pro,Kitchen,74.99,3,0,224.97,France,Organic,Cancelled,53,Female
ORD-02808,2023-06-02,Laptop Pro 15,Electronics,1299.99,1,0,1299.99,Japan,Paid Ads,Shipped,60,Male
ORD-02809,2024-06-04,Water Bottle,Sports,24.99,4,0,99.96,Brazil,Direct,Delivered,42,Male
ORD-02810,2023-11-18,Skincare Set,Beauty,59.99,3,20,143.98,Brazil,Organic,Delivered,38,Female
ORD-02811,2024-08-05,USB-C Hub,Electronics,49.99,2,15,84.98,UK,Social Media,Delivered,45,Other
ORD-02812,2023-10-02,USB-C Hub,Electronics,49.99,1,10,44.99,Australia,Social Media,Shipped,35,Male
ORD-02813,2024-08-06,Blender Pro,Kitchen,74.99,1,10,67.49,Japan,Referral,Delivered,55,Female
ORD-02814,2024-04-06,Atomic Habits,Books,16.99,4,0,67.96,Canada,Organic,Shipped,18,Male
ORD-02815,2023-01-19,Dumbbells Set,Sports,79.99,2,5,151.98,Canada,Direct,Delivered,22,Other
ORD-02816,2024-10-29,Python Crash Course,Books,34.99,1,0,34.99,UK,Paid Ads,Delivered,22,Male
ORD-02817,2024-08-08,Yoga Mat,Sports,39.99,4,10,143.96,Japan,Email,Processing,54,Other
ORD-02818,2024-04-09,Standing Desk,Furniture,549.99,1,10,494.99,Brazil,Paid Ads,Delivered,28,Female
ORD-02819,2024-05-17,Python Crash Course,Books,34.99,2,0,69.98,Canada,Paid Ads,Shipped,59,Female
ORD-02820,2024-11-22,Sunscreen SPF50,Beauty,22.99,1,5,21.84,Australia,Direct,Processing,51,Other
ORD-02821,2024-09-28,Python Crash Course,Books,34.99,5,5,166.2,Australia,Paid Ads,Returned,58,Male
ORD-02822,2024-10-08,Blender Pro,Kitchen,74.99,5,15,318.71,France,Paid Ads,Delivered,56,Male
ORD-02823,2024-10-07,Sunscreen SPF50,Beauty,22.99,4,0,91.96,France,Paid Ads,Delivered,50,Other
ORD-02824,2024-08-15,Air Fryer,Kitchen,129.99,3,0,389.97,Germany,Organic,Delivered,20,Male
ORD-02825,2023-05-04,Deep Work,Books,18.99,1,0,18.99,USA,Social Media,Shipped,42,Female
ORD-02826,2023-10-17,Deep Work,Books,18.99,4,20,60.77,France,Email,Delivered,63,Male
ORD-02827,2023-01-02,4K Monitor,Electronics,499.99,4,10,1799.96,Brazil,Email,Delivered,37,Other
ORD-02828,2024-11-12,Sunscreen SPF50,Beauty,22.99,4,5,87.36,Japan,Social Media,Processing,46,Other
ORD-02829,2024-04-05,Water Bottle,Sports,24.99,1,5,23.74,Germany,Email,Delivered,45,Other
ORD-02830,2023-02-04,Dumbbells Set,Sports,79.99,3,0,239.97,USA,Email,Delivered,40,Female
ORD-02831,2024-12-16,Yoga Mat,Sports,39.99,4,0,159.96,USA,Referral,Cancelled,42,Female
ORD-02832,2024-08-01,Bookshelf,Furniture,189.99,5,0,949.95,Brazil,Email,Delivered,25,Other
ORD-02833,2024-08-02,Air Fryer,Kitchen,129.99,3,0,389.97,Japan,Paid Ads,Delivered,31,Male
ORD-02834,2024-12-12,Office Chair,Furniture,299.99,5,5,1424.95,USA,Paid Ads,Delivered,40,Male
ORD-02835,2023-06-15,The Lean Startup,Books,19.99,2,5,37.98,Japan,Direct,Delivered,45,Female
ORD-02836,2023-08-29,USB-C Hub,Electronics,49.99,3,10,134.97,France,Referral,Processing,53,Other
ORD-02837,2023-12-10,Coffee Maker,Kitchen,89.99,4,0,359.96,France,Email,Cancelled,45,Male
ORD-02838,2023-11-02,Protein Powder,Sports,54.99,3,20,131.98,France,Direct,Delivered,37,Other
ORD-02839,2023-09-21,USB-C Hub,Electronics,49.99,3,10,134.97,UK,Email,Processing,56,Other
ORD-02840,2023-09-08,Sunscreen SPF50,Beauty,22.99,5,0,114.95,France,Social Media,Processing,46,Female
ORD-02841,2023-08-20,Deep Work,Books,18.99,3,5,54.12,France,Organic,Processing,61,Other
ORD-02842,2024-12-17,Atomic Habits,Books,16.99,2,0,33.98,Germany,Organic,Processing,39,Other
ORD-02843,2024-03-06,4K Monitor,Electronics,499.99,5,15,2124.96,Brazil,Direct,Delivered,54,Other
ORD-02844,2024-06-29,Air Fryer,Kitchen,129.99,5,10,584.96,France,Organic,Delivered,28,Male
ORD-02845,2023-01-09,Sunscreen SPF50,Beauty,22.99,5,5,109.2,Canada,Organic,Cancelled,29,Male
ORD-02846,2024-05-05,Sunscreen SPF50,Beauty,22.99,1,5,21.84,Australia,Social Media,Returned,51,Female
ORD-02847,2023-07-17,Water Bottle,Sports,24.99,4,0,99.96,Australia,Email,Returned,55,Male
ORD-02848,2023-05-09,Wireless Mouse,Electronics,29.99,2,0,59.98,USA,Social Media,Delivered,54,Female
ORD-02849,2023-11-08,Standing Desk,Furniture,549.99,1,0,549.99,Germany,Referral,Delivered,19,Male
ORD-02850,2023-12-31,Mechanical Keyboard,Electronics,149.99,2,20,239.98,UK,Paid Ads,Cancelled,47,Female
ORD-02851,2024-02-07,Office Chair,Furniture,299.99,5,15,1274.96,Japan,Paid Ads,Delivered,55,Female
ORD-02852,2024-10-05,Blender Pro,Kitchen,74.99,4,0,299.96,Japan,Organic,Processing,57,Male
ORD-02853,2023-03-12,Dumbbells Set,Sports,79.99,3,10,215.97,France,Paid Ads,Delivered,62,Female
ORD-02854,2024-02-11,Standing Desk,Furniture,549.99,2,0,1099.98,UK,Paid Ads,Processing,53,Female
ORD-02855,2023-02-19,Running Shoes,Sports,119.99,3,0,359.97,Germany,Email,Delivered,60,Other
ORD-02856,2023-05-19,Wireless Mouse,Electronics,29.99,2,0,59.98,France,Email,Delivered,29,Female
ORD-02857,2024-02-21,Running Shoes,Sports,119.99,1,0,119.99,France,Paid Ads,Cancelled,46,Other
ORD-02858,2024-08-16,Bookshelf,Furniture,189.99,5,15,807.46,Japan,Referral,Returned,19,Male
ORD-02859,2024-07-19,Air Fryer,Kitchen,129.99,3,15,331.47,Canada,Referral,Returned,35,Female
ORD-02860,2024-08-19,Wireless Mouse,Electronics,29.99,2,20,47.98,UK,Direct,Cancelled,49,Female
ORD-02861,2023-10-20,USB-C Hub,Electronics,49.99,4,0,199.96,Germany,Organic,Delivered,31,Female
ORD-02862,2023-03-01,4K Monitor,Electronics,499.99,2,10,899.98,Australia,Organic,Delivered,28,Other
ORD-02863,2024-09-16,Dumbbells Set,Sports,79.99,4,5,303.96,Australia,Paid Ads,Shipped,39,Other
ORD-02864,2023-06-13,Running Shoes,Sports,119.99,2,0,239.98,Canada,Referral,Returned,32,Male
ORD-02865,2023-05-20,Laptop Pro 15,Electronics,1299.99,2,0,2599.98,Japan,Referral,Delivered,31,Male
ORD-02866,2023-01-11,Yoga Mat,Sports,39.99,1,0,39.99,Germany,Social Media,Shipped,47,Female
ORD-02867,2023-03-11,Skincare Set,Beauty,59.99,1,15,50.99,Japan,Email,Delivered,18,Female
ORD-02868,2024-03-13,4K Monitor,Electronics,499.99,4,10,1799.96,Australia,Social Media,Delivered,65,Male
ORD-02869,2023-06-27,Dumbbells Set,Sports,79.99,3,0,239.97,USA,Organic,Delivered,32,Other
ORD-02870,2024-08-18,Atomic Habits,Books,16.99,3,20,40.78,Brazil,Paid Ads,Delivered,19,Male
ORD-02871,2023-10-05,Instant Pot,Kitchen,99.99,2,0,199.98,Canada,Referral,Delivered,47,Male
ORD-02872,2024-08-18,Skincare Set,Beauty,59.99,1,0,59.99,Brazil,Direct,Delivered,28,Other
ORD-02873,2023-05-16,Water Bottle,Sports,24.99,1,0,24.99,USA,Email,Returned,64,Female
ORD-02874,2023-09-23,Blender Pro,Kitchen,74.99,5,5,356.2,UK,Email,Cancelled,58,Other
ORD-02875,2024-05-22,Protein Powder,Sports,54.99,3,5,156.72,UK,Referral,Returned,56,Male
ORD-02876,2023-09-28,Wireless Mouse,Electronics,29.99,4,0,119.96,Germany,Referral,Returned,46,Male
ORD-02877,2024-11-24,Python Crash Course,Books,34.99,2,0,69.98,UK,Paid Ads,Delivered,38,Other
ORD-02878,2023-02-11,Deep Work,Books,18.99,3,5,54.12,Japan,Referral,Delivered,63,Female
ORD-02879,2024-06-03,Skincare Set,Beauty,59.99,2,0,119.98,Brazil,Paid Ads,Cancelled,30,Female
ORD-02880,2024-08-10,Sunscreen SPF50,Beauty,22.99,1,20,18.39,Canada,Organic,Delivered,23,Male
ORD-02881,2023-02-18,Mechanical Keyboard,Electronics,149.99,5,5,712.45,USA,Paid Ads,Cancelled,40,Other
ORD-02882,2024-07-20,Bookshelf,Furniture,189.99,5,0,949.95,UK,Email,Returned,21,Female
ORD-02883,2023-10-26,Instant Pot,Kitchen,99.99,1,20,79.99,Germany,Referral,Delivered,40,Male
ORD-02884,2024-08-24,Coffee Maker,Kitchen,89.99,5,0,449.95,Australia,Paid Ads,Processing,38,Other
ORD-02885,2023-04-23,Python Crash Course,Books,34.99,1,0,34.99,Canada,Paid Ads,Shipped,42,Other
ORD-02886,2023-09-18,Yoga Mat,Sports,39.99,2,10,71.98,Brazil,Paid Ads,Delivered,19,Female
ORD-02887,2023-10-24,4K Monitor,Electronics,499.99,2,0,999.98,Japan,Paid Ads,Shipped,61,Female
ORD-02888,2024-12-02,Dumbbells Set,Sports,79.99,5,15,339.96,Japan,Paid Ads,Delivered,65,Other
ORD-02889,2023-01-02,Instant Pot,Kitchen,99.99,5,20,399.96,Germany,Paid Ads,Delivered,36,Female
ORD-02890,2024-03-29,Laptop Pro 15,Electronics,1299.99,3,10,3509.97,Brazil,Referral,Processing,55,Female
ORD-02891,2023-01-13,Dumbbells Set,Sports,79.99,4,0,319.96,Canada,Organic,Returned,41,Other
ORD-02892,2024-11-30,Standing Desk,Furniture,549.99,5,15,2337.46,Australia,Organic,Processing,38,Male
ORD-02893,2024-11-29,Desk Lamp,Furniture,44.99,4,0,179.96,Canada,Email,Shipped,58,Other
ORD-02894,2023-08-03,Webcam HD,Electronics,89.99,5,15,382.46,Australia,Email,Delivered,35,Male
ORD-02895,2024-04-08,Python Crash Course,Books,34.99,4,0,139.96,Canada,Paid Ads,Delivered,54,Male
ORD-02896,2023-01-18,Bookshelf,Furniture,189.99,1,5,180.49,Australia,Referral,Delivered,27,Other
ORD-02897,2023-05-18,Laptop Pro 15,Electronics,1299.99,3,10,3509.97,Canada,Paid Ads,Processing,36,Male
ORD-02898,2023-03-15,Protein Powder,Sports,54.99,4,0,219.96,USA,Paid Ads,Processing,38,Female
ORD-02899,2024-11-11,Instant Pot,Kitchen,99.99,5,5,474.95,Germany,Email,Delivered,47,Other
ORD-02900,2023-06-07,Air Fryer,Kitchen,129.99,4,0,519.96,France,Direct,Returned,29,Male
ORD-02901,2024-03-17,Standing Desk,Furniture,549.99,1,0,549.99,France,Referral,Processing,19,Other
ORD-02902,2024-11-15,Atomic Habits,Books,16.99,3,0,50.97,Germany,Paid Ads,Cancelled,24,Male
ORD-02903,2024-11-01,Atomic Habits,Books,16.99,1,0,16.99,France,Referral,Processing,32,Other
ORD-02904,2023-06-10,USB-C Hub,Electronics,49.99,1,0,49.99,Canada,Organic,Returned,29,Male
ORD-02905,2024-01-17,Skincare Set,Beauty,59.99,3,10,161.97,UK,Direct,Delivered,52,Male
ORD-02906,2024-03-21,Atomic Habits,Books,16.99,4,10,61.16,Brazil,Email,Delivered,18,Male
ORD-02907,2024-08-19,Mechanical Keyboard,Electronics,149.99,5,0,749.95,France,Referral,Processing,21,Female
ORD-02908,2023-11-13,Water Bottle,Sports,24.99,2,20,39.98,USA,Organic,Returned,42,Male
ORD-02909,2024-08-06,The Lean Startup,Books,19.99,4,5,75.96,Brazil,Paid Ads,Returned,38,Other
ORD-02910,2023-12-02,Sunscreen SPF50,Beauty,22.99,4,15,78.17,Japan,Social Media,Returned,43,Other
ORD-02911,2023-11-15,Sunscreen SPF50,Beauty,22.99,1,10,20.69,Japan,Direct,Delivered,31,Female
ORD-02912,2024-11-05,Webcam HD,Electronics,89.99,1,10,80.99,Canada,Direct,Shipped,27,Male
ORD-02913,2023-03-18,Running Shoes,Sports,119.99,2,0,239.98,France,Direct,Delivered,20,Female
ORD-02914,2023-06-17,Coffee Maker,Kitchen,89.99,3,10,242.97,Germany,Organic,Delivered,64,Female
ORD-02915,2024-06-07,Deep Work,Books,18.99,1,0,18.99,Brazil,Referral,Shipped,27,Female
ORD-02916,2024-08-25,Coffee Maker,Kitchen,89.99,5,10,404.95,France,Referral,Cancelled,51,Male
ORD-02917,2024-10-29,Webcam HD,Electronics,89.99,5,15,382.46,Germany,Organic,Cancelled,53,Male
ORD-02918,2023-02-28,Yoga Mat,Sports,39.99,4,5,151.96,Japan,Organic,Cancelled,62,Other
ORD-02919,2023-06-22,Instant Pot,Kitchen,99.99,1,0,99.99,USA,Social Media,Delivered,65,Male
ORD-02920,2024-07-06,Protein Powder,Sports,54.99,2,10,98.98,Japan,Paid Ads,Returned,24,Male
ORD-02921,2023-11-26,Air Fryer,Kitchen,129.99,1,0,129.99,Canada,Social Media,Delivered,51,Male
ORD-02922,2024-07-17,Instant Pot,Kitchen,99.99,1,0,99.99,Canada,Email,Returned,57,Male
ORD-02923,2024-11-06,Sunscreen SPF50,Beauty,22.99,5,20,91.96,USA,Organic,Shipped,43,Other
ORD-02924,2024-12-15,Bookshelf,Furniture,189.99,2,20,303.98,Brazil,Email,Delivered,32,Male
ORD-02925,2024-07-23,Running Shoes,Sports,119.99,5,10,539.95,Japan,Direct,Returned,31,Male
ORD-02926,2024-05-10,Bookshelf,Furniture,189.99,1,10,170.99,Australia,Direct,Delivered,58,Other
ORD-02927,2024-02-17,Webcam HD,Electronics,89.99,4,5,341.96,UK,Paid Ads,Shipped,53,Female
ORD-02928,2023-04-22,Laptop Pro 15,Electronics,1299.99,1,0,1299.99,Canada,Direct,Processing,28,Male
ORD-02929,2023-08-20,Instant Pot,Kitchen,99.99,5,0,499.95,UK,Direct,Processing,50,Other
ORD-02930,2023-08-18,Office Chair,Furniture,299.99,2,5,569.98,UK,Referral,Shipped,38,Other
ORD-02931,2024-12-18,Laptop Pro 15,Electronics,1299.99,4,5,4939.96,Brazil,Email,Delivered,59,Male
ORD-02932,2024-03-08,Sunscreen SPF50,Beauty,22.99,3,20,55.18,Canada,Organic,Cancelled,52,Other
ORD-02933,2023-04-13,Air Fryer,Kitchen,129.99,3,0,389.97,UK,Referral,Delivered,47,Other
ORD-02934,2024-03-31,Bookshelf,Furniture,189.99,1,5,180.49,UK,Social Media,Processing,44,Other
ORD-02935,2024-06-30,Air Fryer,Kitchen,129.99,2,10,233.98,France,Social Media,Cancelled,49,Male
ORD-02936,2024-11-22,Laptop Pro 15,Electronics,1299.99,2,15,2209.98,Japan,Email,Delivered,62,Female
ORD-02937,2024-06-30,Standing Desk,Furniture,549.99,2,10,989.98,Australia,Referral,Returned,24,Male
ORD-02938,2023-11-28,Desk Lamp,Furniture,44.99,2,0,89.98,Canada,Social Media,Delivered,32,Other
ORD-02939,2023-10-07,Blender Pro,Kitchen,74.99,4,15,254.97,USA,Email,Cancelled,37,Male
ORD-02940,2024-08-16,Coffee Maker,Kitchen,89.99,1,5,85.49,France,Direct,Shipped,27,Other
ORD-02941,2024-02-26,Bookshelf,Furniture,189.99,5,0,949.95,UK,Email,Processing,57,Female
ORD-02942,2024-05-11,Laptop Pro 15,Electronics,1299.99,5,0,6499.95,Brazil,Social Media,Cancelled,61,Female
ORD-02943,2023-09-19,Atomic Habits,Books,16.99,3,15,43.32,France,Email,Delivered,22,Other
ORD-02944,2023-07-18,Coffee Maker,Kitchen,89.99,5,20,359.96,France,Organic,Shipped,47,Male
ORD-02945,2023-10-23,Desk Lamp,Furniture,44.99,5,15,191.21,Australia,Paid Ads,Shipped,64,Other
ORD-02946,2024-07-03,Atomic Habits,Books,16.99,1,5,16.14,France,Referral,Processing,19,Female
ORD-02947,2023-10-24,Protein Powder,Sports,54.99,1,20,43.99,Canada,Direct,Cancelled,50,Female
ORD-02948,2023-01-11,Protein Powder,Sports,54.99,2,0,109.98,USA,Paid Ads,Shipped,26,Female
ORD-02949,2023-02-10,Standing Desk,Furniture,549.99,4,0,2199.96,USA,Organic,Returned,52,Male
ORD-02950,2023-10-05,Atomic Habits,Books,16.99,3,0,50.97,UK,Paid Ads,Delivered,53,Other
ORD-02951,2024-08-09,Atomic Habits,Books,16.99,2,20,27.18,USA,Social Media,Shipped,37,Other
ORD-02952,2024-07-07,Atomic Habits,Books,16.99,2,10,30.58,Brazil,Social Media,Returned,65,Male
ORD-02953,2024-07-20,Office Chair,Furniture,299.99,4,20,959.97,Germany,Organic,Delivered,46,Female
ORD-02954,2023-01-14,Wireless Mouse,Electronics,29.99,1,0,29.99,USA,Direct,Delivered,64,Female
ORD-02955,2024-11-26,Standing Desk,Furniture,549.99,1,10,494.99,Australia,Direct,Delivered,19,Female
ORD-02956,2024-02-01,Water Bottle,Sports,24.99,1,10,22.49,France,Referral,Delivered,46,Other
ORD-02957,2024-11-11,Water Bottle,Sports,24.99,4,5,94.96,USA,Referral,Returned,48,Other
ORD-02958,2023-01-20,Air Fryer,Kitchen,129.99,1,10,116.99,Brazil,Paid Ads,Shipped,59,Male
ORD-02959,2023-02-01,Mechanical Keyboard,Electronics,149.99,2,5,284.98,Australia,Direct,Delivered,21,Male
ORD-02960,2023-10-05,Water Bottle,Sports,24.99,3,0,74.97,Canada,Referral,Processing,20,Female
ORD-02961,2024-05-10,Dumbbells Set,Sports,79.99,3,5,227.97,Japan,Social Media,Delivered,37,Male
ORD-02962,2024-01-22,4K Monitor,Electronics,499.99,2,0,999.98,Australia,Social Media,Processing,56,Female
ORD-02963,2024-05-04,4K Monitor,Electronics,499.99,3,5,1424.97,Canada,Paid Ads,Returned,29,Male
ORD-02964,2024-09-15,Laptop Pro 15,Electronics,1299.99,3,0,3899.97,Germany,Direct,Cancelled,60,Female
ORD-02965,2024-03-26,Laptop Pro 15,Electronics,1299.99,3,5,3704.97,France,Email,Shipped,37,Other
ORD-02966,2023-10-23,Blender Pro,Kitchen,74.99,3,0,224.97,Germany,Referral,Shipped,38,Male
ORD-02967,2023-04-09,Yoga Mat,Sports,39.99,5,0,199.95,Australia,Organic,Shipped,23,Male
ORD-02968,2023-10-22,Protein Powder,Sports,54.99,3,0,164.97,UK,Paid Ads,Cancelled,56,Male
ORD-02969,2023-01-04,Skincare Set,Beauty,59.99,2,5,113.98,Canada,Direct,Delivered,23,Male
ORD-02970,2024-04-28,Yoga Mat,Sports,39.99,2,15,67.98,Brazil,Email,Delivered,45,Female
ORD-02971,2024-07-02,Air Fryer,Kitchen,129.99,5,15,552.46,Germany,Referral,Delivered,53,Female
ORD-02972,2024-12-30,Blender Pro,Kitchen,74.99,3,10,202.47,Australia,Paid Ads,Delivered,55,Other
ORD-02973,2023-11-09,Webcam HD,Electronics,89.99,3,0,269.97,Australia,Organic,Shipped,25,Other
ORD-02974,2023-12-02,Python Crash Course,Books,34.99,3,10,94.47,UK,Email,Delivered,21,Female
ORD-02975,2023-02-23,The Lean Startup,Books,19.99,1,0,19.99,France,Referral,Delivered,34,Female
ORD-02976,2024-04-10,Water Bottle,Sports,24.99,3,5,71.22,Germany,Social Media,Cancelled,31,Female
ORD-02977,2023-05-25,Water Bottle,Sports,24.99,4,20,79.97,France,Organic,Returned,47,Male
ORD-02978,2023-12-31,Deep Work,Books,18.99,3,15,48.42,Brazil,Paid Ads,Delivered,36,Other
ORD-02979,2023-07-28,Wireless Mouse,Electronics,29.99,3,0,89.97,Brazil,Referral,Processing,19,Male
ORD-02980,2023-07-19,Mechanical Keyboard,Electronics,149.99,5,0,749.95,Japan,Organic,Returned,22,Other
ORD-02981,2023-07-25,Yoga Mat,Sports,39.99,5,10,179.96,Canada,Email,Delivered,50,Female
ORD-02982,2024-06-02,Atomic Habits,Books,16.99,2,20,27.18,UK,Social Media,Returned,29,Female
ORD-02983,2024-07-10,Python Crash Course,Books,34.99,2,0,69.98,France,Referral,Shipped,29,Female
ORD-02984,2024-12-01,USB-C Hub,Electronics,49.99,3,0,149.97,UK,Email,Cancelled,37,Female
ORD-02985,2023-12-01,Blender Pro,Kitchen,74.99,2,0,149.98,Germany,Email,Returned,50,Male
ORD-02986,2023-04-14,The Lean Startup,Books,19.99,5,20,79.96,UK,Social Media,Shipped,61,Female
ORD-02987,2023-07-12,Water Bottle,Sports,24.99,3,20,59.98,Japan,Email,Delivered,65,Female
ORD-02988,2024-03-29,Skincare Set,Beauty,59.99,4,0,239.96,Japan,Referral,Delivered,37,Male
ORD-02989,2023-08-03,Standing Desk,Furniture,549.99,2,10,989.98,France,Email,Cancelled,45,Female
ORD-02990,2023-12-16,Wireless Mouse,Electronics,29.99,5,10,134.95,USA,Direct,Delivered,25,Male
ORD-02991,2024-06-29,Coffee Maker,Kitchen,89.99,5,0,449.95,Brazil,Paid Ads,Processing,19,Other
ORD-02992,2023-08-28,Blender Pro,Kitchen,74.99,3,0,224.97,UK,Direct,Delivered,52,Other
ORD-02993,2024-02-24,Blender Pro,Kitchen,74.99,5,0,374.95,France,Paid Ads,Cancelled,36,Female
ORD-02994,2023-10-11,Skincare Set,Beauty,59.99,5,20,239.96,France,Referral,Returned,60,Other
ORD-02995,2024-04-13,Deep Work,Books,18.99,3,5,54.12,Canada,Referral,Delivered,49,Female
ORD-02996,2024-10-12,Instant Pot,Kitchen,99.99,5,0,499.95,Canada,Referral,Cancelled,25,Other
ORD-02997,2023-02-22,Webcam HD,Electronics,89.99,2,0,179.98,Brazil,Direct,Processing,47,Other
ORD-02998,2024-07-05,Coffee Maker,Kitchen,89.99,1,20,71.99,Canada,Social Media,Processing,52,Male
ORD-02999,2024-10-16,Coffee Maker,Kitchen,89.99,4,0,359.96,Brazil,Organic,Delivered,55,Other
ORD-03000,2023-11-03,Dumbbells Set,Sports,79.99,3,20,191.98,UK,Social Media,Returned,31,Female
ORD-03001,2024-05-23,Sunscreen SPF50,Beauty,22.99,2,10,41.38,Japan,Referral,Delivered,23,Male
ORD-03002,2023-08-11,Air Fryer,Kitchen,129.99,1,0,129.99,Australia,Email,Returned,52,Male
ORD-03003,2023-03-25,Deep Work,Books,18.99,2,10,34.18,Brazil,Referral,Delivered,35,Female
ORD-03004,2024-08-13,Laptop Pro 15,Electronics,1299.99,1,15,1104.99,Canada,Organic,Shipped,47,Other
ORD-03005,2023-02-18,Office Chair,Furniture,299.99,3,0,899.97,Japan,Email,Processing,31,Male
ORD-03006,2024-01-18,USB-C Hub,Electronics,49.99,3,15,127.47,USA,Direct,Shipped,65,Male
ORD-03007,2024-11-15,Protein Powder,Sports,54.99,2,0,109.98,Japan,Organic,Cancelled,65,Male
ORD-03008,2023-05-05,Deep Work,Books,18.99,2,20,30.38,UK,Organic,Delivered,52,Male
ORD-03009,2024-08-10,Python Crash Course,Books,34.99,3,0,104.97,Australia,Social Media,Delivered,33,Other
ORD-03010,2024-03-12,Wireless Mouse,Electronics,29.99,5,0,149.95,Australia,Referral,Returned,24,Other
ORD-03011,2023-05-06,Wireless Mouse,Electronics,29.99,3,0,89.97,USA,Paid Ads,Delivered,31,Other
ORD-03012,2024-04-17,Running Shoes,Sports,119.99,4,0,479.96,Australia,Direct,Returned,51,Female
ORD-03013,2023-07-30,Standing Desk,Furniture,549.99,4,0,2199.96,Brazil,Organic,Delivered,62,Female
ORD-03014,2024-06-05,Skincare Set,Beauty,59.99,5,5,284.95,Germany,Paid Ads,Delivered,33,Other
ORD-03015,2023-03-03,Instant Pot,Kitchen,99.99,1,15,84.99,Australia,Referral,Delivered,45,Male
ORD-03016,2024-01-11,Air Fryer,Kitchen,129.99,3,5,370.47,Germany,Organic,Cancelled,39,Female
ORD-03017,2024-01-20,Yoga Mat,Sports,39.99,5,5,189.95,Canada,Social Media,Delivered,25,Male
ORD-03018,2024-01-24,Water Bottle,Sports,24.99,2,5,47.48,USA,Direct,Delivered,50,Male
ORD-03019,2024-04-27,Python Crash Course,Books,34.99,2,5,66.48,USA,Paid Ads,Processing,56,Female
ORD-03020,2024-10-27,Standing Desk,Furniture,549.99,4,0,2199.96,Australia,Paid Ads,Delivered,29,Other
ORD-03021,2023-03-26,Standing Desk,Furniture,549.99,3,0,1649.97,UK,Direct,Cancelled,44,Male
ORD-03022,2023-02-05,Mechanical Keyboard,Electronics,149.99,5,15,637.46,Brazil,Social Media,Cancelled,31,Female
ORD-03023,2024-07-02,Air Fryer,Kitchen,129.99,3,5,370.47,France,Organic,Delivered,25,Male
ORD-03024,2023-07-13,Blender Pro,Kitchen,74.99,5,10,337.45,USA,Paid Ads,Shipped,31,Male
ORD-03025,2023-09-28,4K Monitor,Electronics,499.99,4,5,1899.96,Germany,Email,Delivered,50,Male
ORD-03026,2023-09-27,Air Fryer,Kitchen,129.99,3,15,331.47,France,Email,Delivered,51,Other
ORD-03027,2023-08-24,Deep Work,Books,18.99,3,20,45.58,Germany,Organic,Processing,44,Other
ORD-03028,2023-02-15,Bookshelf,Furniture,189.99,4,5,721.96,France,Direct,Returned,60,Other
ORD-03029,2024-10-03,Instant Pot,Kitchen,99.99,1,10,89.99,Canada,Paid Ads,Processing,52,Female
ORD-03030,2024-09-20,The Lean Startup,Books,19.99,4,20,63.97,France,Social Media,Returned,40,Male
ORD-03031,2024-12-24,Yoga Mat,Sports,39.99,3,10,107.97,Brazil,Paid Ads,Returned,49,Male
ORD-03032,2024-04-09,Dumbbells Set,Sports,79.99,2,0,159.98,Japan,Referral,Processing,25,Male
ORD-03033,2024-01-28,Dumbbells Set,Sports,79.99,1,0,79.99,France,Paid Ads,Processing,50,Other
ORD-03034,2023-03-08,The Lean Startup,Books,19.99,4,0,79.96,Brazil,Email,Cancelled,65,Female
ORD-03035,2024-06-08,Yoga Mat,Sports,39.99,2,0,79.98,Japan,Social Media,Returned,48,Female
ORD-03036,2023-01-15,Dumbbells Set,Sports,79.99,1,0,79.99,USA,Referral,Delivered,57,Male
ORD-03037,2023-12-24,Running Shoes,Sports,119.99,5,20,479.96,Japan,Organic,Delivered,52,Male
ORD-03038,2024-02-10,4K Monitor,Electronics,499.99,3,0,1499.97,Canada,Organic,Delivered,22,Other
ORD-03039,2023-06-24,Yoga Mat,Sports,39.99,1,10,35.99,USA,Direct,Cancelled,40,Female
ORD-03040,2024-04-17,4K Monitor,Electronics,499.99,1,0,499.99,France,Organic,Delivered,21,Other
ORD-03041,2024-12-07,Python Crash Course,Books,34.99,5,20,139.96,France,Organic,Processing,31,Male
ORD-03042,2023-10-05,Office Chair,Furniture,299.99,2,20,479.98,UK,Organic,Processing,48,Other
ORD-03043,2024-09-22,Water Bottle,Sports,24.99,1,15,21.24,Canada,Paid Ads,Returned,35,Other
ORD-03044,2024-04-21,Laptop Pro 15,Electronics,1299.99,5,15,5524.96,Brazil,Paid Ads,Cancelled,42,Female
ORD-03045,2024-08-11,Bookshelf,Furniture,189.99,2,0,379.98,Canada,Social Media,Delivered,49,Female
ORD-03046,2023-05-28,Webcam HD,Electronics,89.99,3,0,269.97,France,Direct,Cancelled,61,Male
ORD-03047,2023-06-26,Bookshelf,Furniture,189.99,1,0,189.99,USA,Organic,Delivered,37,Female
ORD-03048,2024-06-22,Bookshelf,Furniture,189.99,1,15,161.49,Japan,Paid Ads,Delivered,48,Male
ORD-03049,2023-06-02,Atomic Habits,Books,16.99,4,5,64.56,Canada,Organic,Delivered,20,Male
ORD-03050,2024-08-31,Protein Powder,Sports,54.99,2,5,104.48,Japan,Direct,Delivered,22,Other
ORD-03051,2024-01-05,Running Shoes,Sports,119.99,4,10,431.96,USA,Organic,Delivered,47,Female
ORD-03052,2024-09-11,Protein Powder,Sports,54.99,1,0,54.99,UK,Email,Delivered,26,Female
ORD-03053,2024-07-30,Laptop Pro 15,Electronics,1299.99,1,20,1039.99,Brazil,Paid Ads,Processing,47,Male
ORD-03054,2023-07-14,Sunscreen SPF50,Beauty,22.99,1,15,19.54,Brazil,Paid Ads,Delivered,23,Male
ORD-03055,2023-07-29,Atomic Habits,Books,16.99,4,10,61.16,USA,Direct,Processing,48,Male
ORD-03056,2024-11-01,Standing Desk,Furniture,549.99,4,0,2199.96,Canada,Organic,Delivered,34,Female
ORD-03057,2024-12-27,Sunscreen SPF50,Beauty,22.99,3,15,58.62,Japan,Organic,Shipped,25,Other
ORD-03058,2023-06-21,Atomic Habits,Books,16.99,1,5,16.14,USA,Email,Delivered,37,Male
ORD-03059,2024-02-21,Wireless Mouse,Electronics,29.99,2,20,47.98,Germany,Social Media,Delivered,26,Male
ORD-03060,2024-01-05,4K Monitor,Electronics,499.99,1,15,424.99,Japan,Organic,Delivered,39,Male
ORD-03061,2023-08-08,Deep Work,Books,18.99,3,20,45.58,UK,Paid Ads,Cancelled,60,Other
ORD-03062,2023-01-18,Deep Work,Books,18.99,3,0,56.97,Brazil,Email,Delivered,42,Other
ORD-03063,2023-01-24,Running Shoes,Sports,119.99,2,5,227.98,Australia,Social Media,Delivered,32,Male
ORD-03064,2024-04-26,Bookshelf,Furniture,189.99,1,15,161.49,Brazil,Referral,Returned,37,Other
ORD-03065,2024-07-24,Laptop Pro 15,Electronics,1299.99,2,0,2599.98,Australia,Direct,Delivered,55,Other
ORD-03066,2023-12-26,Mechanical Keyboard,Electronics,149.99,4,0,599.96,Canada,Organic,Delivered,54,Other
ORD-03067,2023-04-24,Protein Powder,Sports,54.99,5,10,247.45,UK,Paid Ads,Returned,45,Other
ORD-03068,2024-02-19,Sunscreen SPF50,Beauty,22.99,3,15,58.62,Japan,Social Media,Shipped,53,Female
ORD-03069,2024-06-10,Blender Pro,Kitchen,74.99,4,0,299.96,Germany,Email,Shipped,21,Male
ORD-03070,2024-05-27,The Lean Startup,Books,19.99,3,0,59.97,Brazil,Social Media,Delivered,50,Other
ORD-03071,2023-08-25,Desk Lamp,Furniture,44.99,5,0,224.95,UK,Referral,Delivered,49,Female
ORD-03072,2024-09-26,Deep Work,Books,18.99,2,0,37.98,Japan,Social Media,Delivered,21,Female
ORD-03073,2024-08-07,Skincare Set,Beauty,59.99,5,20,239.96,Germany,Email,Processing,64,Other
ORD-03074,2023-05-11,Running Shoes,Sports,119.99,3,0,359.97,France,Referral,Delivered,50,Female
ORD-03075,2023-10-04,Desk Lamp,Furniture,44.99,1,10,40.49,Canada,Organic,Delivered,54,Other
ORD-03076,2024-02-25,Protein Powder,Sports,54.99,3,5,156.72,Canada,Paid Ads,Cancelled,18,Male
ORD-03077,2023-03-09,Webcam HD,Electronics,89.99,2,15,152.98,Brazil,Direct,Cancelled,27,Male
ORD-03078,2024-01-03,Protein Powder,Sports,54.99,1,0,54.99,Germany,Organic,Delivered,19,Male
ORD-03079,2024-07-15,The Lean Startup,Books,19.99,4,0,79.96,France,Direct,Cancelled,43,Female
ORD-03080,2023-09-03,Deep Work,Books,18.99,1,10,17.09,USA,Organic,Processing,51,Other
ORD-03081,2024-08-04,USB-C Hub,Electronics,49.99,1,0,49.99,UK,Email,Returned,18,Male
ORD-03082,2024-08-16,USB-C Hub,Electronics,49.99,4,10,179.96,Canada,Paid Ads,Delivered,61,Female
ORD-03083,2023-07-26,Desk Lamp,Furniture,44.99,5,15,191.21,Brazil,Direct,Cancelled,57,Male
ORD-03084,2024-02-02,Laptop Pro 15,Electronics,1299.99,5,20,5199.96,Australia,Social Media,Processing,23,Other
ORD-03085,2024-03-11,Python Crash Course,Books,34.99,3,5,99.72,Germany,Organic,Delivered,19,Other
ORD-03086,2024-08-26,The Lean Startup,Books,19.99,3,15,50.97,Germany,Paid Ads,Shipped,25,Male
ORD-03087,2023-09-08,Desk Lamp,Furniture,44.99,1,0,44.99,UK,Social Media,Delivered,60,Other
ORD-03088,2024-07-22,Air Fryer,Kitchen,129.99,3,15,331.47,France,Social Media,Processing,27,Other
ORD-03089,2023-11-13,4K Monitor,Electronics,499.99,1,0,499.99,France,Direct,Delivered,22,Female
ORD-03090,2023-07-28,Protein Powder,Sports,54.99,2,0,109.98,Japan,Email,Delivered,46,Female
ORD-03091,2024-01-20,Deep Work,Books,18.99,5,10,85.45,France,Social Media,Processing,63,Female
ORD-03092,2024-02-19,Bookshelf,Furniture,189.99,4,0,759.96,USA,Organic,Delivered,53,Male
ORD-03093,2023-10-01,Air Fryer,Kitchen,129.99,1,20,103.99,Canada,Direct,Returned,52,Male
ORD-03094,2024-12-06,The Lean Startup,Books,19.99,2,0,39.98,Germany,Referral,Shipped,56,Female
ORD-03095,2023-01-02,4K Monitor,Electronics,499.99,4,0,1999.96,USA,Referral,Delivered,50,Male
ORD-03096,2024-05-23,Dumbbells Set,Sports,79.99,3,0,239.97,Brazil,Paid Ads,Returned,40,Other
ORD-03097,2023-07-17,Bookshelf,Furniture,189.99,3,0,569.97,Germany,Social Media,Shipped,19,Male
ORD-03098,2023-10-29,USB-C Hub,Electronics,49.99,2,10,89.98,UK,Referral,Delivered,53,Other
ORD-03099,2023-12-06,Mechanical Keyboard,Electronics,149.99,5,0,749.95,Japan,Organic,Cancelled,29,Other
ORD-03100,2023-12-02,Office Chair,Furniture,299.99,5,0,1499.95,France,Direct,Returned,43,Male
ORD-03101,2023-02-02,Wireless Mouse,Electronics,29.99,4,10,107.96,Canada,Paid Ads,Delivered,34,Female
ORD-03102,2024-02-23,Laptop Pro 15,Electronics,1299.99,1,0,1299.99,Canada,Referral,Delivered,51,Male
ORD-03103,2024-04-14,USB-C Hub,Electronics,49.99,1,0,49.99,Canada,Paid Ads,Delivered,54,Other
ORD-03104,2024-10-04,Bookshelf,Furniture,189.99,1,0,189.99,UK,Paid Ads,Delivered,59,Female
ORD-03105,2024-06-29,Instant Pot,Kitchen,99.99,3,0,299.97,Brazil,Direct,Shipped,45,Female
ORD-03106,2023-08-18,Sunscreen SPF50,Beauty,22.99,3,0,68.97,Japan,Direct,Delivered,37,Other
ORD-03107,2023-07-01,4K Monitor,Electronics,499.99,4,5,1899.96,Germany,Direct,Delivered,42,Male
ORD-03108,2023-04-20,Coffee Maker,Kitchen,89.99,1,0,89.99,Germany,Organic,Delivered,49,Other
ORD-03109,2024-10-02,Running Shoes,Sports,119.99,3,5,341.97,Canada,Social Media,Delivered,40,Other
ORD-03110,2024-03-07,USB-C Hub,Electronics,49.99,4,5,189.96,Canada,Paid Ads,Delivered,24,Other
ORD-03111,2024-11-26,4K Monitor,Electronics,499.99,4,15,1699.97,Canada,Email,Shipped,18,Other
ORD-03112,2024-02-06,Bookshelf,Furniture,189.99,4,0,759.96,Japan,Paid Ads,Returned,26,Female
ORD-03113,2023-03-20,Coffee Maker,Kitchen,89.99,4,5,341.96,Brazil,Referral,Returned,35,Other
ORD-03114,2023-10-28,Python Crash Course,Books,34.99,4,20,111.97,UK,Direct,Delivered,55,Male
ORD-03115,2024-10-16,Running Shoes,Sports,119.99,3,0,359.97,USA,Email,Delivered,50,Female
ORD-03116,2024-05-27,Deep Work,Books,18.99,4,0,75.96,Canada,Paid Ads,Delivered,38,Female
ORD-03117,2023-08-03,Water Bottle,Sports,24.99,1,0,24.99,Japan,Direct,Returned,42,Other
ORD-03118,2023-06-06,Mechanical Keyboard,Electronics,149.99,2,0,299.98,Australia,Direct,Shipped,34,Other
ORD-03119,2023-12-31,Webcam HD,Electronics,89.99,3,0,269.97,Canada,Organic,Shipped,60,Other
ORD-03120,2023-10-11,Water Bottle,Sports,24.99,1,20,19.99,UK,Organic,Cancelled,63,Other
ORD-03121,2024-05-19,Sunscreen SPF50,Beauty,22.99,2,10,41.38,UK,Referral,Delivered,47,Male
ORD-03122,2023-01-03,Blender Pro,Kitchen,74.99,4,0,299.96,France,Paid Ads,Delivered,61,Other
ORD-03123,2023-10-22,The Lean Startup,Books,19.99,5,20,79.96,Canada,Direct,Delivered,51,Other
ORD-03124,2023-10-11,Deep Work,Books,18.99,4,10,68.36,USA,Email,Shipped,34,Male
ORD-03125,2023-12-22,Mechanical Keyboard,Electronics,149.99,1,0,149.99,Canada,Organic,Delivered,41,Female
ORD-03126,2023-07-20,Blender Pro,Kitchen,74.99,3,0,224.97,Canada,Paid Ads,Returned,19,Male
ORD-03127,2024-12-26,Standing Desk,Furniture,549.99,1,0,549.99,Japan,Organic,Returned,33,Female
ORD-03128,2023-05-26,Mechanical Keyboard,Electronics,149.99,5,5,712.45,USA,Organic,Delivered,28,Male
ORD-03129,2024-12-16,Running Shoes,Sports,119.99,1,10,107.99,Brazil,Referral,Returned,55,Other
ORD-03130,2024-09-10,Wireless Mouse,Electronics,29.99,1,0,29.99,France,Organic,Delivered,31,Female
ORD-03131,2024-05-01,Mechanical Keyboard,Electronics,149.99,2,0,299.98,Brazil,Direct,Delivered,55,Female
ORD-03132,2024-10-29,Atomic Habits,Books,16.99,4,0,67.96,UK,Direct,Returned,42,Male
ORD-03133,2023-12-30,Blender Pro,Kitchen,74.99,5,20,299.96,USA,Direct,Processing,34,Male
ORD-03134,2024-08-18,Air Fryer,Kitchen,129.99,3,20,311.98,Brazil,Referral,Delivered,41,Male
ORD-03135,2024-10-05,Mechanical Keyboard,Electronics,149.99,1,0,149.99,Brazil,Social Media,Delivered,39,Other
ORD-03136,2023-06-19,Instant Pot,Kitchen,99.99,1,0,99.99,Brazil,Paid Ads,Processing,51,Other
ORD-03137,2024-03-30,The Lean Startup,Books,19.99,1,5,18.99,Canada,Email,Processing,21,Other
ORD-03138,2023-08-21,Desk Lamp,Furniture,44.99,1,5,42.74,UK,Email,Delivered,53,Other
ORD-03139,2024-06-08,Mechanical Keyboard,Electronics,149.99,5,5,712.45,Canada,Paid Ads,Delivered,61,Other
ORD-03140,2024-08-25,Air Fryer,Kitchen,129.99,4,0,519.96,Brazil,Email,Returned,25,Other
ORD-03141,2023-07-22,Python Crash Course,Books,34.99,3,20,83.98,Germany,Organic,Shipped,44,Other
ORD-03142,2023-04-19,Laptop Pro 15,Electronics,1299.99,2,20,2079.98,France,Referral,Delivered,61,Other
ORD-03143,2024-07-16,Office Chair,Furniture,299.99,3,5,854.97,USA,Organic,Delivered,59,Female
ORD-03144,2024-11-16,Water Bottle,Sports,24.99,2,20,39.98,Canada,Paid Ads,Shipped,29,Male
ORD-03145,2023-05-05,Standing Desk,Furniture,549.99,5,0,2749.95,Japan,Referral,Cancelled,42,Other
ORD-03146,2023-12-27,Desk Lamp,Furniture,44.99,3,5,128.22,Brazil,Organic,Shipped,46,Other
ORD-03147,2024-11-30,Office Chair,Furniture,299.99,1,5,284.99,UK,Paid Ads,Processing,41,Other
ORD-03148,2023-05-26,USB-C Hub,Electronics,49.99,3,0,149.97,UK,Email,Delivered,27,Female
ORD-03149,2023-03-16,Laptop Pro 15,Electronics,1299.99,4,0,5199.96,Germany,Paid Ads,Delivered,20,Other
ORD-03150,2024-06-19,Sunscreen SPF50,Beauty,22.99,3,20,55.18,Canada,Social Media,Returned,31,Other
ORD-03151,2024-12-12,Mechanical Keyboard,Electronics,149.99,5,10,674.96,Germany,Referral,Delivered,36,Other
ORD-03152,2023-10-27,The Lean Startup,Books,19.99,1,0,19.99,USA,Organic,Delivered,24,Other
ORD-03153,2024-03-11,Coffee Maker,Kitchen,89.99,1,20,71.99,USA,Social Media,Returned,32,Male
ORD-03154,2023-05-31,Mechanical Keyboard,Electronics,149.99,3,0,449.97,Japan,Email,Cancelled,41,Other
ORD-03155,2024-07-17,Standing Desk,Furniture,549.99,3,5,1567.47,Germany,Paid Ads,Cancelled,57,Female
ORD-03156,2023-08-27,Water Bottle,Sports,24.99,5,0,124.95,UK,Organic,Delivered,19,Male
ORD-03157,2023-10-10,Python Crash Course,Books,34.99,4,0,139.96,Canada,Email,Processing,55,Female
ORD-03158,2023-05-06,Protein Powder,Sports,54.99,4,0,219.96,Australia,Social Media,Cancelled,25,Male
ORD-03159,2024-07-13,Sunscreen SPF50,Beauty,22.99,1,5,21.84,Brazil,Social Media,Returned,24,Male
ORD-03160,2023-08-28,Deep Work,Books,18.99,3,20,45.58,Brazil,Referral,Delivered,39,Female
ORD-03161,2023-09-23,4K Monitor,Electronics,499.99,4,20,1599.97,USA,Direct,Returned,56,Female
ORD-03162,2023-06-14,Yoga Mat,Sports,39.99,4,0,159.96,Canada,Social Media,Returned,36,Female
ORD-03163,2024-01-14,Sunscreen SPF50,Beauty,22.99,3,5,65.52,Brazil,Email,Delivered,20,Female
ORD-03164,2023-03-08,Desk Lamp,Furniture,44.99,1,0,44.99,Brazil,Paid Ads,Delivered,50,Female
ORD-03165,2023-05-06,Office Chair,Furniture,299.99,4,20,959.97,France,Direct,Shipped,52,Other
ORD-03166,2023-08-24,Python Crash Course,Books,34.99,1,0,34.99,UK,Email,Delivered,37,Male
ORD-03167,2024-06-26,Laptop Pro 15,Electronics,1299.99,2,5,2469.98,France,Organic,Returned,37,Other
ORD-03168,2023-11-29,Instant Pot,Kitchen,99.99,4,15,339.97,Canada,Email,Delivered,28,Other
ORD-03169,2023-06-26,Protein Powder,Sports,54.99,3,20,131.98,Japan,Direct,Processing,43,Male
ORD-03170,2024-04-06,Webcam HD,Electronics,89.99,5,10,404.95,France,Organic,Shipped,44,Female
ORD-03171,2023-09-14,4K Monitor,Electronics,499.99,1,5,474.99,Japan,Direct,Delivered,27,Female
ORD-03172,2023-03-11,Instant Pot,Kitchen,99.99,2,0,199.98,Germany,Direct,Processing,43,Female
ORD-03173,2024-03-03,Instant Pot,Kitchen,99.99,2,0,199.98,Canada,Paid Ads,Processing,45,Other
ORD-03174,2024-05-31,Python Crash Course,Books,34.99,5,0,174.95,Japan,Direct,Cancelled,19,Female
ORD-03175,2024-06-13,The Lean Startup,Books,19.99,4,10,71.96,Germany,Paid Ads,Delivered,62,Female
ORD-03176,2024-01-15,Sunscreen SPF50,Beauty,22.99,2,0,45.98,USA,Social Media,Returned,19,Other
ORD-03177,2024-06-21,Coffee Maker,Kitchen,89.99,2,5,170.98,Germany,Referral,Shipped,65,Male
ORD-03178,2023-12-02,Coffee Maker,Kitchen,89.99,4,5,341.96,France,Organic,Delivered,30,Other
ORD-03179,2024-11-02,Skincare Set,Beauty,59.99,3,5,170.97,Brazil,Organic,Cancelled,48,Other
ORD-03180,2024-09-01,Desk Lamp,Furniture,44.99,4,15,152.97,Australia,Social Media,Delivered,28,Female
ORD-03181,2023-03-20,Deep Work,Books,18.99,1,0,18.99,France,Paid Ads,Returned,29,Female
ORD-03182,2023-08-04,Standing Desk,Furniture,549.99,2,5,1044.98,Germany,Paid Ads,Delivered,63,Male
ORD-03183,2023-06-29,Air Fryer,Kitchen,129.99,2,5,246.98,UK,Organic,Returned,22,Female
ORD-03184,2024-01-15,Air Fryer,Kitchen,129.99,4,5,493.96,UK,Email,Delivered,45,Male
ORD-03185,2023-02-28,Sunscreen SPF50,Beauty,22.99,3,0,68.97,Australia,Organic,Delivered,35,Other
ORD-03186,2024-02-18,Deep Work,Books,18.99,5,0,94.95,USA,Social Media,Delivered,24,Female
ORD-03187,2024-08-15,Laptop Pro 15,Electronics,1299.99,2,10,2339.98,Canada,Paid Ads,Delivered,29,Other
ORD-03188,2024-02-28,Deep Work,Books,18.99,5,0,94.95,UK,Social Media,Delivered,61,Female
ORD-03189,2023-10-03,Python Crash Course,Books,34.99,1,0,34.99,Japan,Referral,Delivered,22,Female
ORD-03190,2024-04-20,Sunscreen SPF50,Beauty,22.99,1,0,22.99,UK,Email,Delivered,46,Male
ORD-03191,2023-12-17,Blender Pro,Kitchen,74.99,1,0,74.99,France,Referral,Delivered,31,Male
ORD-03192,2024-02-28,Desk Lamp,Furniture,44.99,2,0,89.98,France,Email,Processing,32,Male
ORD-03193,2024-03-27,Webcam HD,Electronics,89.99,5,0,449.95,Brazil,Email,Delivered,53,Male
ORD-03194,2024-07-06,Yoga Mat,Sports,39.99,5,0,199.95,Japan,Social Media,Delivered,21,Male
ORD-03195,2023-12-25,Coffee Maker,Kitchen,89.99,5,20,359.96,Australia,Organic,Cancelled,56,Male
ORD-03196,2024-09-11,Yoga Mat,Sports,39.99,2,5,75.98,Canada,Email,Delivered,52,Male
ORD-03197,2023-06-13,Deep Work,Books,18.99,1,20,15.19,Japan,Paid Ads,Delivered,59,Male
ORD-03198,2023-11-02,Sunscreen SPF50,Beauty,22.99,5,20,91.96,Japan,Organic,Delivered,45,Other
ORD-03199,2024-03-05,Desk Lamp,Furniture,44.99,4,15,152.97,Australia,Paid Ads,Shipped,28,Other
ORD-03200,2024-10-21,Water Bottle,Sports,24.99,3,0,74.97,Brazil,Social Media,Processing,65,Other
ORD-03201,2024-08-23,Office Chair,Furniture,299.99,1,5,284.99,USA,Referral,Returned,52,Female
ORD-03202,2023-11-05,Laptop Pro 15,Electronics,1299.99,4,15,4419.97,Brazil,Social Media,Returned,44,Male
ORD-03203,2023-06-23,Wireless Mouse,Electronics,29.99,5,0,149.95,UK,Referral,Returned,28,Other
ORD-03204,2023-02-17,Webcam HD,Electronics,89.99,2,20,143.98,UK,Social Media,Returned,37,Male
ORD-03205,2024-09-26,Wireless Mouse,Electronics,29.99,3,0,89.97,USA,Referral,Delivered,29,Male
ORD-03206,2023-12-23,Running Shoes,Sports,119.99,2,0,239.98,Canada,Organic,Delivered,33,Female
ORD-03207,2023-03-10,Wireless Mouse,Electronics,29.99,2,20,47.98,Australia,Direct,Returned,39,Female
ORD-03208,2023-03-02,Mechanical Keyboard,Electronics,149.99,5,15,637.46,Germany,Social Media,Delivered,39,Other
ORD-03209,2024-11-30,Wireless Mouse,Electronics,29.99,2,20,47.98,Japan,Referral,Processing,53,Other
ORD-03210,2023-10-19,Instant Pot,Kitchen,99.99,2,10,179.98,Germany,Paid Ads,Delivered,28,Female
ORD-03211,2023-09-10,Standing Desk,Furniture,549.99,2,10,989.98,Japan,Paid Ads,Delivered,52,Male
ORD-03212,2023-12-22,Deep Work,Books,18.99,5,15,80.71,Germany,Organic,Delivered,35,Female
ORD-03213,2023-04-03,Webcam HD,Electronics,89.99,5,0,449.95,Brazil,Social Media,Returned,56,Female
ORD-03214,2023-11-17,Coffee Maker,Kitchen,89.99,5,10,404.95,Canada,Organic,Delivered,27,Male
ORD-03215,2024-05-23,Standing Desk,Furniture,549.99,2,0,1099.98,Brazil,Email,Delivered,55,Female
ORD-03216,2023-10-12,Webcam HD,Electronics,89.99,1,0,89.99,Japan,Paid Ads,Processing,35,Other
ORD-03217,2023-04-06,Deep Work,Books,18.99,2,5,36.08,Australia,Referral,Returned,24,Other
ORD-03218,2023-05-16,Webcam HD,Electronics,89.99,4,5,341.96,UK,Direct,Delivered,24,Female
ORD-03219,2024-01-17,Yoga Mat,Sports,39.99,4,0,159.96,Japan,Social Media,Shipped,38,Male
ORD-03220,2024-11-14,The Lean Startup,Books,19.99,4,0,79.96,Japan,Organic,Delivered,62,Male
ORD-03221,2024-09-27,Bookshelf,Furniture,189.99,1,5,180.49,Germany,Organic,Delivered,54,Other
ORD-03222,2023-06-12,Blender Pro,Kitchen,74.99,5,0,374.95,Australia,Paid Ads,Delivered,21,Male
ORD-03223,2023-06-20,Instant Pot,Kitchen,99.99,1,0,99.99,Australia,Direct,Delivered,39,Female
ORD-03224,2023-01-11,Protein Powder,Sports,54.99,1,0,54.99,Germany,Direct,Returned,26,Male
ORD-03225,2024-08-18,Air Fryer,Kitchen,129.99,1,0,129.99,Germany,Direct,Returned,21,Other
ORD-03226,2024-03-28,Python Crash Course,Books,34.99,5,5,166.2,Canada,Social Media,Shipped,56,Male
ORD-03227,2024-01-19,Instant Pot,Kitchen,99.99,3,20,239.98,Canada,Paid Ads,Delivered,50,Other
ORD-03228,2023-08-30,Instant Pot,Kitchen,99.99,3,15,254.97,Australia,Direct,Processing,25,Other
ORD-03229,2023-07-04,Skincare Set,Beauty,59.99,1,0,59.99,Brazil,Email,Delivered,45,Female
ORD-03230,2024-10-11,Standing Desk,Furniture,549.99,5,0,2749.95,Germany,Paid Ads,Returned,28,Other
ORD-03231,2024-08-26,Atomic Habits,Books,16.99,4,0,67.96,UK,Social Media,Returned,57,Male
ORD-03232,2023-06-19,Protein Powder,Sports,54.99,4,15,186.97,France,Email,Delivered,21,Other
ORD-03233,2023-12-08,Air Fryer,Kitchen,129.99,5,20,519.96,Australia,Direct,Processing,51,Male
ORD-03234,2024-07-08,Webcam HD,Electronics,89.99,3,15,229.47,Japan,Direct,Returned,48,Male
ORD-03235,2024-02-19,Webcam HD,Electronics,89.99,1,15,76.49,France,Email,Shipped,26,Other
ORD-03236,2024-08-21,Sunscreen SPF50,Beauty,22.99,2,0,45.98,France,Paid Ads,Returned,58,Female
ORD-03237,2024-01-18,USB-C Hub,Electronics,49.99,5,5,237.45,Canada,Referral,Delivered,29,Male
ORD-03238,2023-12-25,Laptop Pro 15,Electronics,1299.99,1,10,1169.99,Canada,Social Media,Cancelled,60,Other
ORD-03239,2024-02-20,Webcam HD,Electronics,89.99,3,5,256.47,Canada,Referral,Shipped,30,Other
ORD-03240,2023-09-15,Webcam HD,Electronics,89.99,1,0,89.99,Canada,Paid Ads,Delivered,35,Male
ORD-03241,2023-10-22,Deep Work,Books,18.99,5,0,94.95,USA,Organic,Processing,62,Other
ORD-03242,2024-03-03,Standing Desk,Furniture,549.99,2,20,879.98,Brazil,Organic,Delivered,44,Female
ORD-03243,2023-01-01,Dumbbells Set,Sports,79.99,3,20,191.98,USA,Referral,Delivered,45,Male
ORD-03244,2023-07-09,USB-C Hub,Electronics,49.99,4,20,159.97,France,Direct,Delivered,19,Other
ORD-03245,2023-08-26,Coffee Maker,Kitchen,89.99,1,0,89.99,UK,Referral,Delivered,33,Female
ORD-03246,2023-07-25,Atomic Habits,Books,16.99,5,0,84.95,Canada,Paid Ads,Delivered,47,Male
ORD-03247,2023-03-30,Deep Work,Books,18.99,2,5,36.08,USA,Direct,Delivered,44,Male
ORD-03248,2024-06-25,4K Monitor,Electronics,499.99,4,5,1899.96,USA,Social Media,Shipped,35,Female
ORD-03249,2023-04-24,Blender Pro,Kitchen,74.99,4,20,239.97,USA,Email,Shipped,26,Female
ORD-03250,2023-10-16,Running Shoes,Sports,119.99,5,15,509.96,Australia,Organic,Delivered,54,Female
ORD-03251,2023-08-22,Desk Lamp,Furniture,44.99,2,0,89.98,France,Email,Delivered,46,Female
ORD-03252,2024-11-05,4K Monitor,Electronics,499.99,2,15,849.98,UK,Paid Ads,Returned,30,Female
ORD-03253,2023-04-28,Laptop Pro 15,Electronics,1299.99,5,0,6499.95,France,Direct,Delivered,45,Female
ORD-03254,2023-05-21,Running Shoes,Sports,119.99,1,5,113.99,Australia,Social Media,Returned,36,Male
ORD-03255,2023-07-21,Desk Lamp,Furniture,44.99,2,5,85.48,Brazil,Direct,Shipped,51,Female
ORD-03256,2024-05-03,Bookshelf,Furniture,189.99,1,5,180.49,Germany,Social Media,Processing,36,Male
ORD-03257,2024-09-30,Wireless Mouse,Electronics,29.99,3,5,85.47,UK,Email,Delivered,39,Male
ORD-03258,2024-06-07,Atomic Habits,Books,16.99,4,0,67.96,UK,Email,Processing,57,Other
ORD-03259,2023-07-13,Webcam HD,Electronics,89.99,3,15,229.47,Canada,Organic,Delivered,36,Other
ORD-03260,2023-08-13,Desk Lamp,Furniture,44.99,3,0,134.97,France,Organic,Returned,49,Male
ORD-03261,2023-08-13,Dumbbells Set,Sports,79.99,3,5,227.97,Australia,Paid Ads,Processing,42,Other
ORD-03262,2023-09-19,Desk Lamp,Furniture,44.99,5,20,179.96,USA,Paid Ads,Delivered,36,Other
ORD-03263,2024-01-14,Skincare Set,Beauty,59.99,2,5,113.98,Canada,Email,Processing,54,Male
ORD-03264,2023-10-15,Instant Pot,Kitchen,99.99,4,0,399.96,Germany,Referral,Shipped,64,Other
ORD-03265,2023-09-30,USB-C Hub,Electronics,49.99,1,0,49.99,Australia,Paid Ads,Processing,39,Other
ORD-03266,2023-11-17,Python Crash Course,Books,34.99,3,0,104.97,UK,Email,Cancelled,35,Male
ORD-03267,2023-11-25,Sunscreen SPF50,Beauty,22.99,5,10,103.45,USA,Organic,Processing,32,Female
ORD-03268,2024-06-30,USB-C Hub,Electronics,49.99,3,15,127.47,Japan,Organic,Delivered,49,Other
ORD-03269,2024-10-12,Bookshelf,Furniture,189.99,1,0,189.99,Germany,Email,Processing,51,Female
ORD-03270,2023-10-10,Running Shoes,Sports,119.99,4,0,479.96,Japan,Direct,Shipped,23,Other
ORD-03271,2024-04-07,Air Fryer,Kitchen,129.99,3,5,370.47,France,Email,Returned,47,Male
ORD-03272,2024-11-26,Standing Desk,Furniture,549.99,2,5,1044.98,UK,Social Media,Cancelled,37,Other
ORD-03273,2023-03-31,The Lean Startup,Books,19.99,3,20,47.98,USA,Organic,Delivered,46,Female
ORD-03274,2024-12-13,Webcam HD,Electronics,89.99,5,20,359.96,UK,Organic,Returned,51,Female
ORD-03275,2023-12-09,Wireless Mouse,Electronics,29.99,4,15,101.97,Japan,Organic,Delivered,33,Female
ORD-03276,2024-02-26,Sunscreen SPF50,Beauty,22.99,4,0,91.96,Australia,Organic,Delivered,63,Male
ORD-03277,2024-03-30,Dumbbells Set,Sports,79.99,4,10,287.96,Germany,Paid Ads,Delivered,43,Female
ORD-03278,2024-10-22,Desk Lamp,Furniture,44.99,2,0,89.98,Japan,Email,Cancelled,25,Other
ORD-03279,2023-05-19,Webcam HD,Electronics,89.99,2,5,170.98,Japan,Email,Processing,59,Female
ORD-03280,2023-03-25,Coffee Maker,Kitchen,89.99,1,20,71.99,Brazil,Referral,Cancelled,50,Female
ORD-03281,2023-12-03,Running Shoes,Sports,119.99,5,20,479.96,Australia,Direct,Processing,20,Female
ORD-03282,2024-04-27,Sunscreen SPF50,Beauty,22.99,2,10,41.38,Japan,Paid Ads,Delivered,61,Male
ORD-03283,2024-12-14,The Lean Startup,Books,19.99,5,20,79.96,Brazil,Email,Delivered,65,Female
ORD-03284,2024-10-14,Protein Powder,Sports,54.99,1,20,43.99,France,Referral,Delivered,26,Male
ORD-03285,2024-12-12,Desk Lamp,Furniture,44.99,1,0,44.99,Japan,Direct,Returned,22,Other
ORD-03286,2024-02-16,Blender Pro,Kitchen,74.99,4,0,299.96,Japan,Email,Delivered,29,Male
ORD-03287,2023-03-13,Standing Desk,Furniture,549.99,2,10,989.98,USA,Email,Delivered,55,Other
ORD-03288,2023-07-01,Sunscreen SPF50,Beauty,22.99,5,20,91.96,UK,Direct,Processing,52,Male
ORD-03289,2024-05-17,Mechanical Keyboard,Electronics,149.99,5,0,749.95,Japan,Direct,Delivered,31,Male
ORD-03290,2024-04-19,USB-C Hub,Electronics,49.99,4,15,169.97,USA,Referral,Shipped,37,Other
ORD-03291,2023-09-26,Webcam HD,Electronics,89.99,4,10,323.96,France,Paid Ads,Delivered,31,Other
ORD-03292,2024-12-13,Deep Work,Books,18.99,5,15,80.71,Germany,Organic,Cancelled,33,Female
ORD-03293,2023-11-06,Blender Pro,Kitchen,74.99,5,15,318.71,USA,Organic,Delivered,40,Other
ORD-03294,2024-09-17,Bookshelf,Furniture,189.99,4,0,759.96,Japan,Referral,Delivered,22,Other
ORD-03295,2023-12-15,Atomic Habits,Books,16.99,4,0,67.96,USA,Social Media,Delivered,56,Other
ORD-03296,2023-06-16,Dumbbells Set,Sports,79.99,2,10,143.98,France,Direct,Returned,33,Male
ORD-03297,2024-12-15,4K Monitor,Electronics,499.99,1,5,474.99,UK,Email,Shipped,50,Male
ORD-03298,2024-01-31,Air Fryer,Kitchen,129.99,4,15,441.97,France,Direct,Delivered,61,Male
ORD-03299,2023-12-18,Air Fryer,Kitchen,129.99,5,10,584.96,USA,Organic,Shipped,59,Female
ORD-03300,2024-08-17,Skincare Set,Beauty,59.99,2,20,95.98,UK,Social Media,Delivered,30,Female
ORD-03301,2023-02-17,Mechanical Keyboard,Electronics,149.99,4,0,599.96,Canada,Email,Cancelled,37,Male
ORD-03302,2024-04-01,Wireless Mouse,Electronics,29.99,2,0,59.98,USA,Referral,Cancelled,22,Female
ORD-03303,2023-06-13,Standing Desk,Furniture,549.99,2,10,989.98,Canada,Referral,Shipped,53,Male
ORD-03304,2024-10-28,Sunscreen SPF50,Beauty,22.99,3,20,55.18,France,Referral,Delivered,19,Other
ORD-03305,2023-01-20,Desk Lamp,Furniture,44.99,2,10,80.98,Australia,Referral,Delivered,59,Other
ORD-03306,2024-04-23,Air Fryer,Kitchen,129.99,3,0,389.97,UK,Email,Processing,18,Female
ORD-03307,2024-08-29,Blender Pro,Kitchen,74.99,1,15,63.74,Japan,Organic,Delivered,48,Female
ORD-03308,2024-02-06,4K Monitor,Electronics,499.99,1,10,449.99,USA,Referral,Delivered,19,Male
ORD-03309,2024-10-01,Mechanical Keyboard,Electronics,149.99,4,0,599.96,Canada,Email,Delivered,61,Female
ORD-03310,2023-10-15,Dumbbells Set,Sports,79.99,2,0,159.98,Japan,Direct,Cancelled,29,Other
ORD-03311,2023-09-17,Protein Powder,Sports,54.99,5,15,233.71,Brazil,Organic,Delivered,29,Male
ORD-03312,2023-10-30,Blender Pro,Kitchen,74.99,2,0,149.98,Canada,Direct,Delivered,31,Female
ORD-03313,2024-09-02,Laptop Pro 15,Electronics,1299.99,5,0,6499.95,Canada,Paid Ads,Shipped,41,Male
ORD-03314,2023-01-10,Webcam HD,Electronics,89.99,5,0,449.95,Brazil,Email,Returned,63,Male
ORD-03315,2023-09-13,Coffee Maker,Kitchen,89.99,4,15,305.97,Brazil,Organic,Delivered,36,Male
ORD-03316,2024-01-20,Protein Powder,Sports,54.99,2,20,87.98,France,Organic,Delivered,40,Male
ORD-03317,2024-12-16,Sunscreen SPF50,Beauty,22.99,4,0,91.96,UK,Direct,Processing,46,Female
ORD-03318,2023-10-13,Blender Pro,Kitchen,74.99,1,0,74.99,Japan,Direct,Delivered,50,Other
ORD-03319,2023-05-31,Mechanical Keyboard,Electronics,149.99,3,20,359.98,Brazil,Email,Delivered,51,Female
ORD-03320,2023-10-11,Instant Pot,Kitchen,99.99,4,5,379.96,Canada,Paid Ads,Delivered,32,Female
ORD-03321,2023-02-09,Standing Desk,Furniture,549.99,4,20,1759.97,Brazil,Referral,Returned,57,Other
ORD-03322,2024-02-22,Water Bottle,Sports,24.99,5,0,124.95,Canada,Social Media,Processing,37,Other
ORD-03323,2024-05-11,Blender Pro,Kitchen,74.99,2,0,149.98,USA,Social Media,Delivered,56,Other
ORD-03324,2024-02-01,Webcam HD,Electronics,89.99,2,5,170.98,Canada,Organic,Shipped,44,Female
ORD-03325,2023-03-16,Desk Lamp,Furniture,44.99,5,10,202.46,Japan,Paid Ads,Delivered,40,Female
ORD-03326,2024-09-16,Deep Work,Books,18.99,5,15,80.71,Canada,Referral,Cancelled,56,Other
ORD-03327,2024-07-15,Yoga Mat,Sports,39.99,2,0,79.98,Brazil,Email,Processing,50,Female
ORD-03328,2024-12-28,Python Crash Course,Books,34.99,4,10,125.96,Canada,Social Media,Returned,45,Male
ORD-03329,2023-11-05,Mechanical Keyboard,Electronics,149.99,2,0,299.98,Canada,Organic,Processing,34,Other
ORD-03330,2023-09-10,Mechanical Keyboard,Electronics,149.99,3,0,449.97,Germany,Referral,Delivered,27,Male
ORD-03331,2024-02-17,Laptop Pro 15,Electronics,1299.99,1,0,1299.99,UK,Social Media,Delivered,21,Other
ORD-03332,2024-11-05,Instant Pot,Kitchen,99.99,4,5,379.96,Canada,Referral,Cancelled,65,Male
ORD-03333,2023-11-09,Skincare Set,Beauty,59.99,2,20,95.98,USA,Social Media,Cancelled,54,Male
ORD-03334,2023-08-11,Water Bottle,Sports,24.99,1,0,24.99,Germany,Referral,Returned,54,Female
ORD-03335,2023-11-26,4K Monitor,Electronics,499.99,5,5,2374.95,Canada,Organic,Processing,57,Other
ORD-03336,2024-03-21,Air Fryer,Kitchen,129.99,3,20,311.98,Japan,Social Media,Delivered,65,Other
ORD-03337,2024-12-15,4K Monitor,Electronics,499.99,3,0,1499.97,Australia,Referral,Cancelled,59,Male
ORD-03338,2023-02-26,The Lean Startup,Books,19.99,2,0,39.98,Australia,Paid Ads,Delivered,54,Female
ORD-03339,2024-03-12,Bookshelf,Furniture,189.99,5,20,759.96,UK,Referral,Delivered,53,Other
ORD-03340,2024-02-15,4K Monitor,Electronics,499.99,5,20,1999.96,USA,Direct,Returned,41,Female
ORD-03341,2024-06-30,4K Monitor,Electronics,499.99,1,0,499.99,Brazil,Direct,Delivered,33,Other
ORD-03342,2023-01-03,Desk Lamp,Furniture,44.99,5,5,213.7,Japan,Organic,Processing,45,Other
ORD-03343,2023-12-08,Python Crash Course,Books,34.99,2,20,55.98,France,Organic,Delivered,33,Female
ORD-03344,2024-05-17,Dumbbells Set,Sports,79.99,1,15,67.99,Canada,Social Media,Delivered,22,Other
ORD-03345,2023-07-18,Python Crash Course,Books,34.99,5,0,174.95,Japan,Organic,Delivered,21,Female
ORD-03346,2024-05-16,Python Crash Course,Books,34.99,2,15,59.48,Canada,Organic,Shipped,40,Male
ORD-03347,2023-08-20,Bookshelf,Furniture,189.99,1,20,151.99,Canada,Organic,Delivered,62,Female
ORD-03348,2024-09-28,Skincare Set,Beauty,59.99,5,10,269.95,UK,Referral,Delivered,51,Female
ORD-03349,2023-07-18,Running Shoes,Sports,119.99,4,0,479.96,Germany,Social Media,Cancelled,29,Female
ORD-03350,2023-11-14,Dumbbells Set,Sports,79.99,4,0,319.96,USA,Social Media,Shipped,45,Male
ORD-03351,2024-03-30,Skincare Set,Beauty,59.99,5,5,284.95,Canada,Paid Ads,Delivered,22,Male
ORD-03352,2024-12-09,Python Crash Course,Books,34.99,4,0,139.96,UK,Referral,Delivered,48,Other
ORD-03353,2023-02-04,Instant Pot,Kitchen,99.99,5,20,399.96,Australia,Organic,Shipped,62,Male
ORD-03354,2024-11-04,Webcam HD,Electronics,89.99,5,10,404.95,Australia,Organic,Delivered,40,Female
ORD-03355,2023-07-17,Dumbbells Set,Sports,79.99,1,10,71.99,UK,Referral,Returned,40,Other
ORD-03356,2023-01-02,Office Chair,Furniture,299.99,3,10,809.97,UK,Direct,Cancelled,24,Female
ORD-03357,2024-04-07,Dumbbells Set,Sports,79.99,3,15,203.97,Japan,Direct,Delivered,33,Other
ORD-03358,2024-11-13,Mechanical Keyboard,Electronics,149.99,4,0,599.96,Brazil,Email,Delivered,21,Female
ORD-03359,2023-01-12,Deep Work,Books,18.99,2,20,30.38,USA,Direct,Delivered,38,Female
ORD-03360,2023-05-01,Atomic Habits,Books,16.99,3,0,50.97,Germany,Referral,Returned,63,Other
ORD-03361,2023-06-03,Webcam HD,Electronics,89.99,1,20,71.99,USA,Direct,Delivered,55,Female
ORD-03362,2024-02-08,Sunscreen SPF50,Beauty,22.99,2,20,36.78,USA,Paid Ads,Processing,41,Other
ORD-03363,2024-07-21,Standing Desk,Furniture,549.99,3,15,1402.47,USA,Direct,Shipped,52,Other
ORD-03364,2023-01-13,4K Monitor,Electronics,499.99,4,0,1999.96,Canada,Referral,Cancelled,39,Male
ORD-03365,2024-01-27,Water Bottle,Sports,24.99,4,15,84.97,Germany,Paid Ads,Cancelled,33,Female
ORD-03366,2024-03-03,4K Monitor,Electronics,499.99,2,0,999.98,Germany,Referral,Shipped,37,Female
ORD-03367,2023-01-22,The Lean Startup,Books,19.99,5,0,99.95,Japan,Email,Delivered,50,Other
ORD-03368,2024-09-11,Atomic Habits,Books,16.99,4,0,67.96,Canada,Organic,Cancelled,63,Male
ORD-03369,2024-09-05,Instant Pot,Kitchen,99.99,5,0,499.95,France,Paid Ads,Delivered,23,Male
ORD-03370,2024-11-28,4K Monitor,Electronics,499.99,4,5,1899.96,UK,Organic,Delivered,52,Female
ORD-03371,2024-07-20,Protein Powder,Sports,54.99,5,0,274.95,Australia,Paid Ads,Returned,43,Male
ORD-03372,2023-07-10,Blender Pro,Kitchen,74.99,1,0,74.99,Japan,Organic,Delivered,47,Other
ORD-03373,2024-11-19,Webcam HD,Electronics,89.99,2,0,179.98,Australia,Paid Ads,Processing,48,Other
ORD-03374,2023-01-08,Python Crash Course,Books,34.99,4,0,139.96,Australia,Direct,Delivered,36,Female
ORD-03375,2024-12-15,Wireless Mouse,Electronics,29.99,5,15,127.46,Canada,Direct,Delivered,23,Female
ORD-03376,2023-03-07,Water Bottle,Sports,24.99,4,15,84.97,UK,Referral,Processing,39,Other
ORD-03377,2023-09-07,Deep Work,Books,18.99,3,5,54.12,Brazil,Email,Shipped,26,Female
ORD-03378,2023-07-04,Yoga Mat,Sports,39.99,3,15,101.97,Japan,Organic,Delivered,32,Male
ORD-03379,2023-05-22,Skincare Set,Beauty,59.99,4,0,239.96,France,Organic,Delivered,41,Female
ORD-03380,2024-07-22,Desk Lamp,Furniture,44.99,1,0,44.99,Japan,Referral,Shipped,21,Female
ORD-03381,2023-02-23,Standing Desk,Furniture,549.99,2,0,1099.98,Japan,Email,Delivered,45,Male
ORD-03382,2024-01-15,Wireless Mouse,Electronics,29.99,2,15,50.98,UK,Direct,Cancelled,45,Female
ORD-03383,2023-01-09,Coffee Maker,Kitchen,89.99,5,10,404.95,UK,Organic,Returned,31,Other
ORD-03384,2023-02-14,Deep Work,Books,18.99,1,0,18.99,USA,Direct,Delivered,58,Male
ORD-03385,2023-05-27,Office Chair,Furniture,299.99,2,0,599.98,France,Social Media,Delivered,62,Male
ORD-03386,2024-04-16,Sunscreen SPF50,Beauty,22.99,3,10,62.07,Brazil,Direct,Processing,41,Male
ORD-03387,2023-04-25,Deep Work,Books,18.99,2,5,36.08,USA,Organic,Processing,63,Other
ORD-03388,2024-03-16,Wireless Mouse,Electronics,29.99,2,20,47.98,Brazil,Social Media,Returned,49,Female
ORD-03389,2024-11-08,Protein Powder,Sports,54.99,3,20,131.98,France,Direct,Processing,26,Male
ORD-03390,2023-11-23,Water Bottle,Sports,24.99,5,10,112.45,France,Direct,Delivered,39,Male
ORD-03391,2024-06-10,USB-C Hub,Electronics,49.99,1,10,44.99,USA,Direct,Processing,25,Other
ORD-03392,2024-07-15,Coffee Maker,Kitchen,89.99,4,0,359.96,Australia,Referral,Delivered,36,Female
ORD-03393,2023-12-05,Standing Desk,Furniture,549.99,4,0,2199.96,Canada,Referral,Returned,61,Female
ORD-03394,2023-06-02,Mechanical Keyboard,Electronics,149.99,4,10,539.96,Brazil,Organic,Delivered,62,Female
ORD-03395,2024-01-25,Laptop Pro 15,Electronics,1299.99,2,20,2079.98,Japan,Organic,Returned,44,Male
ORD-03396,2023-11-14,Atomic Habits,Books,16.99,4,0,67.96,Brazil,Organic,Delivered,46,Other
ORD-03397,2023-06-07,Sunscreen SPF50,Beauty,22.99,4,5,87.36,USA,Paid Ads,Delivered,40,Male
ORD-03398,2024-01-10,The Lean Startup,Books,19.99,3,0,59.97,UK,Social Media,Delivered,61,Male
ORD-03399,2023-03-11,Desk Lamp,Furniture,44.99,2,15,76.48,UK,Email,Shipped,24,Female
ORD-03400,2024-03-09,Wireless Mouse,Electronics,29.99,3,10,80.97,Brazil,Referral,Delivered,41,Male
ORD-03401,2023-07-03,Dumbbells Set,Sports,79.99,3,0,239.97,Germany,Paid Ads,Processing,38,Female
ORD-03402,2024-03-28,Deep Work,Books,18.99,3,0,56.97,Japan,Social Media,Cancelled,65,Female
ORD-03403,2023-08-07,Mechanical Keyboard,Electronics,149.99,3,15,382.47,Brazil,Referral,Delivered,38,Other
ORD-03404,2024-04-16,Mechanical Keyboard,Electronics,149.99,5,15,637.46,UK,Direct,Processing,58,Other
ORD-03405,2024-06-28,Standing Desk,Furniture,549.99,4,15,1869.97,France,Direct,Shipped,55,Male
ORD-03406,2024-03-15,Protein Powder,Sports,54.99,4,0,219.96,Germany,Paid Ads,Delivered,63,Other
ORD-03407,2024-05-21,Dumbbells Set,Sports,79.99,5,5,379.95,Japan,Referral,Delivered,41,Other
ORD-03408,2024-04-24,Wireless Mouse,Electronics,29.99,2,0,59.98,Brazil,Email,Returned,64,Male
ORD-03409,2024-07-09,Dumbbells Set,Sports,79.99,2,20,127.98,USA,Direct,Delivered,54,Male
ORD-03410,2023-06-17,Laptop Pro 15,Electronics,1299.99,5,0,6499.95,Japan,Email,Delivered,31,Male
ORD-03411,2023-05-28,Instant Pot,Kitchen,99.99,5,15,424.96,Brazil,Paid Ads,Returned,61,Male
ORD-03412,2023-08-04,Deep Work,Books,18.99,4,0,75.96,France,Organic,Delivered,53,Male
ORD-03413,2023-11-26,Yoga Mat,Sports,39.99,2,20,63.98,Japan,Email,Shipped,57,Other
ORD-03414,2024-10-30,Webcam HD,Electronics,89.99,3,0,269.97,Brazil,Email,Delivered,57,Other
ORD-03415,2023-06-13,Yoga Mat,Sports,39.99,5,20,159.96,Australia,Direct,Delivered,20,Male
ORD-03416,2023-09-02,Blender Pro,Kitchen,74.99,2,0,149.98,UK,Social Media,Cancelled,18,Male
ORD-03417,2024-03-09,Coffee Maker,Kitchen,89.99,2,0,179.98,Canada,Referral,Delivered,36,Male
ORD-03418,2023-08-06,Water Bottle,Sports,24.99,4,15,84.97,UK,Referral,Processing,51,Male
ORD-03419,2024-09-14,Laptop Pro 15,Electronics,1299.99,4,0,5199.96,Australia,Organic,Delivered,35,Other
ORD-03420,2023-12-17,4K Monitor,Electronics,499.99,4,0,1999.96,Brazil,Social Media,Shipped,54,Other
ORD-03421,2024-09-15,Coffee Maker,Kitchen,89.99,1,0,89.99,Germany,Organic,Delivered,18,Other
ORD-03422,2024-02-07,Water Bottle,Sports,24.99,2,0,49.98,Canada,Paid Ads,Returned,45,Other
ORD-03423,2023-06-04,4K Monitor,Electronics,499.99,4,5,1899.96,Brazil,Email,Delivered,31,Male
ORD-03424,2024-02-29,Skincare Set,Beauty,59.99,5,15,254.96,USA,Email,Shipped,37,Other
ORD-03425,2024-05-04,Laptop Pro 15,Electronics,1299.99,4,0,5199.96,Germany,Referral,Delivered,21,Male
ORD-03426,2024-01-23,Wireless Mouse,Electronics,29.99,3,10,80.97,Australia,Paid Ads,Processing,50,Female
ORD-03427,2023-05-19,Air Fryer,Kitchen,129.99,3,0,389.97,USA,Direct,Shipped,63,Female
ORD-03428,2023-02-24,4K Monitor,Electronics,499.99,4,0,1999.96,USA,Direct,Cancelled,45,Female
ORD-03429,2024-01-11,The Lean Startup,Books,19.99,2,5,37.98,Brazil,Email,Delivered,41,Other
ORD-03430,2023-01-03,Bookshelf,Furniture,189.99,2,0,379.98,USA,Paid Ads,Cancelled,43,Male
ORD-03431,2024-06-04,Blender Pro,Kitchen,74.99,3,15,191.22,Japan,Social Media,Shipped,64,Male
ORD-03432,2023-10-17,Deep Work,Books,18.99,4,0,75.96,Australia,Referral,Shipped,59,Other
ORD-03433,2023-08-02,Mechanical Keyboard,Electronics,149.99,5,0,749.95,Brazil,Direct,Processing,52,Other
ORD-03434,2023-10-12,Coffee Maker,Kitchen,89.99,1,0,89.99,Japan,Organic,Processing,65,Other
ORD-03435,2023-11-19,Protein Powder,Sports,54.99,1,20,43.99,France,Referral,Cancelled,60,Male
ORD-03436,2023-05-27,Bookshelf,Furniture,189.99,4,0,759.96,Germany,Paid Ads,Delivered,65,Male
ORD-03437,2024-08-27,Dumbbells Set,Sports,79.99,4,0,319.96,Canada,Organic,Delivered,63,Other
ORD-03438,2024-08-22,Instant Pot,Kitchen,99.99,5,20,399.96,UK,Direct,Returned,24,Female
ORD-03439,2024-09-22,Water Bottle,Sports,24.99,5,0,124.95,Germany,Social Media,Delivered,18,Other
ORD-03440,2023-03-16,Webcam HD,Electronics,89.99,4,5,341.96,Canada,Paid Ads,Delivered,55,Other
ORD-03441,2024-12-21,Water Bottle,Sports,24.99,4,0,99.96,Canada,Direct,Delivered,39,Female
ORD-03442,2024-04-17,Skincare Set,Beauty,59.99,5,15,254.96,Brazil,Organic,Returned,50,Other
ORD-03443,2024-06-22,4K Monitor,Electronics,499.99,2,0,999.98,Brazil,Referral,Cancelled,52,Other
ORD-03444,2024-05-09,Wireless Mouse,Electronics,29.99,3,15,76.47,France,Organic,Shipped,51,Male
ORD-03445,2024-01-29,Instant Pot,Kitchen,99.99,1,15,84.99,Germany,Direct,Cancelled,34,Other
ORD-03446,2024-10-19,Office Chair,Furniture,299.99,4,0,1199.96,Brazil,Direct,Processing,56,Other
ORD-03447,2023-10-05,Standing Desk,Furniture,549.99,1,20,439.99,Australia,Referral,Shipped,61,Female
ORD-03448,2024-09-30,Dumbbells Set,Sports,79.99,5,20,319.96,Japan,Paid Ads,Cancelled,52,Male
ORD-03449,2023-01-04,Coffee Maker,Kitchen,89.99,4,0,359.96,Germany,Email,Returned,25,Male
ORD-03450,2024-07-10,Wireless Mouse,Electronics,29.99,5,0,149.95,Japan,Organic,Shipped,43,Male
ORD-03451,2023-01-08,Mechanical Keyboard,Electronics,149.99,4,0,599.96,Australia,Social Media,Cancelled,46,Other
ORD-03452,2024-06-02,Bookshelf,Furniture,189.99,3,0,569.97,Brazil,Direct,Processing,43,Female
ORD-03453,2023-12-02,Sunscreen SPF50,Beauty,22.99,3,5,65.52,Australia,Organic,Delivered,34,Female
ORD-03454,2024-03-17,Dumbbells Set,Sports,79.99,1,0,79.99,USA,Email,Processing,46,Female
ORD-03455,2024-06-17,Bookshelf,Furniture,189.99,5,20,759.96,Canada,Social Media,Cancelled,21,Female
ORD-03456,2023-03-15,Bookshelf,Furniture,189.99,4,0,759.96,France,Social Media,Delivered,27,Male
ORD-03457,2023-09-20,Water Bottle,Sports,24.99,3,0,74.97,Brazil,Social Media,Delivered,27,Male
ORD-03458,2023-07-26,The Lean Startup,Books,19.99,4,10,71.96,Japan,Organic,Processing,32,Female
ORD-03459,2024-04-26,Wireless Mouse,Electronics,29.99,1,5,28.49,USA,Paid Ads,Shipped,30,Male
ORD-03460,2024-09-29,Water Bottle,Sports,24.99,3,0,74.97,Germany,Referral,Cancelled,44,Male
ORD-03461,2023-06-27,Wireless Mouse,Electronics,29.99,3,15,76.47,USA,Referral,Processing,65,Other
ORD-03462,2023-08-17,Laptop Pro 15,Electronics,1299.99,5,20,5199.96,France,Direct,Delivered,31,Female
ORD-03463,2024-11-15,Deep Work,Books,18.99,1,10,17.09,Japan,Direct,Delivered,56,Female
ORD-03464,2024-09-02,Python Crash Course,Books,34.99,5,5,166.2,Canada,Social Media,Delivered,27,Other
ORD-03465,2023-10-03,Mechanical Keyboard,Electronics,149.99,2,0,299.98,Japan,Referral,Delivered,51,Male
ORD-03466,2023-11-02,Protein Powder,Sports,54.99,1,5,52.24,Germany,Social Media,Returned,42,Other
ORD-03467,2024-05-18,Water Bottle,Sports,24.99,5,0,124.95,Australia,Email,Cancelled,58,Male
ORD-03468,2024-08-09,Dumbbells Set,Sports,79.99,1,0,79.99,USA,Paid Ads,Cancelled,45,Male
ORD-03469,2023-06-22,Instant Pot,Kitchen,99.99,5,0,499.95,France,Paid Ads,Cancelled,20,Male
ORD-03470,2023-04-03,Office Chair,Furniture,299.99,5,10,1349.96,Canada,Social Media,Processing,35,Other
ORD-03471,2023-01-18,Desk Lamp,Furniture,44.99,2,20,71.98,France,Paid Ads,Delivered,32,Male
ORD-03472,2024-07-31,Skincare Set,Beauty,59.99,4,15,203.97,Brazil,Email,Delivered,52,Female
ORD-03473,2024-04-16,Office Chair,Furniture,299.99,5,0,1499.95,UK,Direct,Delivered,22,Other
ORD-03474,2024-03-11,Skincare Set,Beauty,59.99,3,15,152.97,Canada,Paid Ads,Delivered,50,Other
ORD-03475,2023-05-13,Coffee Maker,Kitchen,89.99,3,20,215.98,Japan,Direct,Processing,35,Male
ORD-03476,2024-08-07,Bookshelf,Furniture,189.99,2,0,379.98,Germany,Paid Ads,Shipped,19,Other
ORD-03477,2024-10-20,Office Chair,Furniture,299.99,5,5,1424.95,France,Paid Ads,Shipped,44,Female
ORD-03478,2023-10-27,The Lean Startup,Books,19.99,2,0,39.98,Brazil,Paid Ads,Cancelled,18,Female
ORD-03479,2024-02-17,Webcam HD,Electronics,89.99,5,0,449.95,UK,Social Media,Delivered,51,Male
ORD-03480,2024-04-24,Atomic Habits,Books,16.99,5,0,84.95,France,Paid Ads,Shipped,41,Female
ORD-03481,2024-07-30,Water Bottle,Sports,24.99,4,10,89.96,USA,Email,Delivered,33,Male
ORD-03482,2024-04-16,Skincare Set,Beauty,59.99,2,0,119.98,Brazil,Organic,Shipped,57,Other
ORD-03483,2024-08-16,Laptop Pro 15,Electronics,1299.99,2,0,2599.98,Germany,Email,Cancelled,54,Male
ORD-03484,2023-02-06,Instant Pot,Kitchen,99.99,4,0,399.96,France,Direct,Processing,58,Other
ORD-03485,2024-04-03,Wireless Mouse,Electronics,29.99,5,0,149.95,Brazil,Email,Processing,38,Other
ORD-03486,2023-09-23,USB-C Hub,Electronics,49.99,4,5,189.96,Brazil,Social Media,Delivered,30,Other
ORD-03487,2024-06-21,USB-C Hub,Electronics,49.99,5,10,224.96,USA,Email,Cancelled,31,Female
ORD-03488,2024-06-10,USB-C Hub,Electronics,49.99,3,10,134.97,UK,Social Media,Shipped,56,Male
ORD-03489,2024-07-25,Deep Work,Books,18.99,3,0,56.97,Japan,Paid Ads,Shipped,53,Male
ORD-03490,2024-06-01,Dumbbells Set,Sports,79.99,5,10,359.95,Brazil,Email,Delivered,51,Male
ORD-03491,2023-06-09,Laptop Pro 15,Electronics,1299.99,4,5,4939.96,UK,Paid Ads,Delivered,55,Female
ORD-03492,2024-11-28,Mechanical Keyboard,Electronics,149.99,2,0,299.98,USA,Direct,Returned,39,Other
ORD-03493,2023-04-01,Atomic Habits,Books,16.99,5,0,84.95,Canada,Referral,Cancelled,52,Other
ORD-03494,2024-10-21,Standing Desk,Furniture,549.99,1,10,494.99,Canada,Organic,Cancelled,49,Male
ORD-03495,2024-02-16,Standing Desk,Furniture,549.99,5,0,2749.95,UK,Organic,Shipped,55,Male
ORD-03496,2023-08-13,Python Crash Course,Books,34.99,2,10,62.98,Canada,Email,Processing,56,Male
ORD-03497,2023-08-18,Dumbbells Set,Sports,79.99,5,15,339.96,Japan,Direct,Delivered,56,Female
ORD-03498,2023-02-17,Yoga Mat,Sports,39.99,3,0,119.97,Japan,Email,Delivered,47,Other
ORD-03499,2024-09-20,Bookshelf,Furniture,189.99,5,20,759.96,Germany,Paid Ads,Delivered,40,Other
ORD-03500,2024-04-01,Laptop Pro 15,Electronics,1299.99,4,5,4939.96,Germany,Direct,Delivered,28,Other
ORD-03501,2023-08-12,Mechanical Keyboard,Electronics,149.99,3,0,449.97,Australia,Direct,Delivered,61,Female
ORD-03502,2024-03-26,Blender Pro,Kitchen,74.99,1,0,74.99,Canada,Direct,Delivered,51,Female
ORD-03503,2024-09-24,Coffee Maker,Kitchen,89.99,2,10,161.98,France,Direct,Returned,35,Female
ORD-03504,2023-02-15,Water Bottle,Sports,24.99,3,10,67.47,Germany,Organic,Delivered,37,Male
ORD-03505,2023-11-12,Python Crash Course,Books,34.99,1,15,29.74,UK,Paid Ads,Delivered,59,Female
ORD-03506,2023-02-20,Running Shoes,Sports,119.99,4,10,431.96,Brazil,Organic,Delivered,58,Female
ORD-03507,2024-06-30,Coffee Maker,Kitchen,89.99,1,15,76.49,USA,Referral,Cancelled,46,Female
ORD-03508,2024-09-24,Desk Lamp,Furniture,44.99,5,0,224.95,Canada,Paid Ads,Cancelled,37,Other
ORD-03509,2023-10-01,Office Chair,Furniture,299.99,4,10,1079.96,France,Social Media,Shipped,48,Other
ORD-03510,2023-10-28,Laptop Pro 15,Electronics,1299.99,2,20,2079.98,Japan,Direct,Returned,45,Female
ORD-03511,2023-01-23,USB-C Hub,Electronics,49.99,4,0,199.96,Canada,Referral,Delivered,48,Male
ORD-03512,2024-05-25,The Lean Startup,Books,19.99,2,20,31.98,UK,Social Media,Processing,49,Female
ORD-03513,2024-04-08,Instant Pot,Kitchen,99.99,2,10,179.98,Canada,Direct,Shipped,32,Male
ORD-03514,2024-06-05,Standing Desk,Furniture,549.99,5,20,2199.96,Germany,Direct,Delivered,26,Other
ORD-03515,2023-04-01,Protein Powder,Sports,54.99,5,0,274.95,France,Direct,Delivered,32,Male
ORD-03516,2023-06-29,Water Bottle,Sports,24.99,1,5,23.74,Australia,Organic,Processing,40,Other
ORD-03517,2023-09-18,Atomic Habits,Books,16.99,2,10,30.58,Japan,Email,Delivered,47,Male
ORD-03518,2023-11-04,Water Bottle,Sports,24.99,4,20,79.97,Brazil,Direct,Delivered,42,Male
ORD-03519,2023-05-06,Office Chair,Furniture,299.99,5,0,1499.95,France,Direct,Delivered,58,Female
ORD-03520,2023-10-02,Skincare Set,Beauty,59.99,5,0,299.95,Japan,Organic,Shipped,18,Female
ORD-03521,2023-01-14,Webcam HD,Electronics,89.99,2,0,179.98,UK,Email,Processing,53,Male
ORD-03522,2024-10-23,Water Bottle,Sports,24.99,1,0,24.99,France,Social Media,Cancelled,48,Female
ORD-03523,2024-12-16,Wireless Mouse,Electronics,29.99,5,0,149.95,Germany,Direct,Shipped,46,Female
ORD-03524,2023-01-27,Skincare Set,Beauty,59.99,2,10,107.98,Canada,Referral,Shipped,36,Other
ORD-03525,2024-10-14,Yoga Mat,Sports,39.99,2,20,63.98,USA,Paid Ads,Shipped,58,Female
ORD-03526,2023-01-31,Deep Work,Books,18.99,5,5,90.2,Canada,Organic,Processing,30,Female
ORD-03527,2024-01-22,Desk Lamp,Furniture,44.99,4,0,179.96,Japan,Email,Shipped,45,Male
ORD-03528,2023-01-02,4K Monitor,Electronics,499.99,3,15,1274.97,Japan,Paid Ads,Delivered,29,Male
ORD-03529,2023-05-18,4K Monitor,Electronics,499.99,2,15,849.98,Germany,Social Media,Processing,55,Other
ORD-03530,2023-02-10,USB-C Hub,Electronics,49.99,2,15,84.98,Brazil,Email,Processing,32,Female
ORD-03531,2024-05-14,Office Chair,Furniture,299.99,5,15,1274.96,USA,Organic,Shipped,46,Other
ORD-03532,2023-03-15,Protein Powder,Sports,54.99,2,15,93.48,France,Social Media,Returned,43,Male
ORD-03533,2023-10-08,Water Bottle,Sports,24.99,1,10,22.49,Canada,Paid Ads,Delivered,40,Male
ORD-03534,2024-04-13,Water Bottle,Sports,24.99,4,0,99.96,Japan,Social Media,Delivered,42,Male
ORD-03535,2023-04-23,Atomic Habits,Books,16.99,4,0,67.96,Brazil,Paid Ads,Shipped,31,Male
ORD-03536,2024-08-04,Deep Work,Books,18.99,3,15,48.42,Japan,Referral,Cancelled,39,Female
ORD-03537,2024-08-19,Sunscreen SPF50,Beauty,22.99,2,15,39.08,Canada,Email,Cancelled,46,Female
ORD-03538,2023-09-27,USB-C Hub,Electronics,49.99,3,10,134.97,USA,Organic,Delivered,53,Female
ORD-03539,2023-01-03,Webcam HD,Electronics,89.99,3,0,269.97,UK,Direct,Cancelled,31,Female
ORD-03540,2023-10-23,Blender Pro,Kitchen,74.99,3,10,202.47,Japan,Email,Delivered,29,Other
ORD-03541,2024-07-02,Yoga Mat,Sports,39.99,5,0,199.95,France,Email,Returned,33,Male
ORD-03542,2023-03-09,Dumbbells Set,Sports,79.99,3,0,239.97,Japan,Direct,Cancelled,62,Male
ORD-03543,2024-01-18,Blender Pro,Kitchen,74.99,4,0,299.96,Germany,Paid Ads,Delivered,23,Male
ORD-03544,2023-09-24,Instant Pot,Kitchen,99.99,5,5,474.95,Brazil,Referral,Returned,38,Male
ORD-03545,2023-03-07,4K Monitor,Electronics,499.99,1,0,499.99,USA,Referral,Delivered,36,Male
ORD-03546,2024-03-27,Python Crash Course,Books,34.99,4,5,132.96,UK,Referral,Delivered,21,Other
ORD-03547,2024-06-25,Office Chair,Furniture,299.99,5,0,1499.95,USA,Organic,Cancelled,62,Other
ORD-03548,2024-05-06,Yoga Mat,Sports,39.99,1,0,39.99,Germany,Referral,Delivered,38,Male
ORD-03549,2023-03-08,Dumbbells Set,Sports,79.99,2,5,151.98,Brazil,Referral,Shipped,28,Other
ORD-03550,2023-04-17,Laptop Pro 15,Electronics,1299.99,4,20,4159.97,UK,Referral,Shipped,24,Male
ORD-03551,2024-09-21,Blender Pro,Kitchen,74.99,4,15,254.97,Australia,Email,Delivered,26,Female
ORD-03552,2024-04-10,Wireless Mouse,Electronics,29.99,4,15,101.97,USA,Paid Ads,Returned,45,Other
ORD-03553,2024-11-03,Running Shoes,Sports,119.99,2,20,191.98,UK,Social Media,Delivered,29,Other
ORD-03554,2023-07-20,Laptop Pro 15,Electronics,1299.99,4,0,5199.96,USA,Paid Ads,Delivered,21,Male
ORD-03555,2024-05-29,Bookshelf,Furniture,189.99,3,15,484.47,Australia,Direct,Delivered,61,Female
ORD-03556,2023-05-22,Webcam HD,Electronics,89.99,3,15,229.47,UK,Organic,Delivered,27,Male
ORD-03557,2024-02-18,Bookshelf,Furniture,189.99,4,0,759.96,UK,Social Media,Delivered,34,Female
ORD-03558,2024-08-25,Deep Work,Books,18.99,2,0,37.98,UK,Email,Shipped,33,Male
ORD-03559,2024-06-15,4K Monitor,Electronics,499.99,2,0,999.98,Canada,Social Media,Delivered,20,Female
ORD-03560,2023-08-26,Deep Work,Books,18.99,2,0,37.98,Canada,Organic,Delivered,42,Male
ORD-03561,2024-11-01,Laptop Pro 15,Electronics,1299.99,1,15,1104.99,USA,Organic,Delivered,31,Female
ORD-03562,2024-07-01,Water Bottle,Sports,24.99,2,0,49.98,UK,Paid Ads,Delivered,59,Male
ORD-03563,2024-01-08,Webcam HD,Electronics,89.99,5,5,427.45,UK,Paid Ads,Delivered,33,Other
ORD-03564,2024-09-04,Dumbbells Set,Sports,79.99,3,20,191.98,Japan,Direct,Delivered,39,Male
ORD-03565,2023-08-10,Water Bottle,Sports,24.99,2,10,44.98,Japan,Social Media,Returned,37,Other
ORD-03566,2024-03-29,Bookshelf,Furniture,189.99,1,0,189.99,France,Referral,Processing,45,Female
ORD-03567,2023-07-17,Dumbbells Set,Sports,79.99,2,15,135.98,USA,Direct,Returned,55,Female
ORD-03568,2023-09-11,Bookshelf,Furniture,189.99,4,15,645.97,Brazil,Direct,Returned,33,Female
ORD-03569,2024-11-08,Deep Work,Books,18.99,5,15,80.71,Australia,Paid Ads,Processing,48,Male
ORD-03570,2023-12-31,Standing Desk,Furniture,549.99,1,0,549.99,Canada,Email,Shipped,41,Female
ORD-03571,2024-07-30,USB-C Hub,Electronics,49.99,3,5,142.47,Japan,Paid Ads,Delivered,33,Other
ORD-03572,2024-06-07,Wireless Mouse,Electronics,29.99,5,5,142.45,Japan,Social Media,Delivered,35,Female
ORD-03573,2024-01-14,Yoga Mat,Sports,39.99,2,5,75.98,Australia,Paid Ads,Delivered,46,Female
ORD-03574,2024-02-08,Bookshelf,Furniture,189.99,3,15,484.47,Germany,Social Media,Delivered,53,Other
ORD-03575,2024-12-16,Instant Pot,Kitchen,99.99,4,0,399.96,Australia,Direct,Delivered,27,Female
ORD-03576,2023-07-27,Instant Pot,Kitchen,99.99,4,5,379.96,Canada,Social Media,Delivered,39,Female
ORD-03577,2023-03-25,Webcam HD,Electronics,89.99,4,20,287.97,Japan,Paid Ads,Cancelled,58,Other
ORD-03578,2023-08-18,Protein Powder,Sports,54.99,3,0,164.97,France,Email,Processing,39,Other
ORD-03579,2024-03-15,Yoga Mat,Sports,39.99,5,0,199.95,Japan,Organic,Shipped,64,Other
ORD-03580,2023-05-31,Water Bottle,Sports,24.99,5,5,118.7,Germany,Referral,Processing,52,Other
ORD-03581,2023-03-21,Bookshelf,Furniture,189.99,1,0,189.99,Germany,Direct,Processing,23,Male
ORD-03582,2024-02-08,The Lean Startup,Books,19.99,2,15,33.98,Brazil,Organic,Delivered,33,Male
ORD-03583,2024-05-24,Running Shoes,Sports,119.99,4,0,479.96,Japan,Organic,Shipped,62,Male
ORD-03584,2023-01-05,Mechanical Keyboard,Electronics,149.99,3,10,404.97,Japan,Email,Processing,63,Male
ORD-03585,2024-07-23,4K Monitor,Electronics,499.99,4,15,1699.97,France,Referral,Delivered,25,Male
ORD-03586,2023-05-06,Water Bottle,Sports,24.99,4,20,79.97,Germany,Referral,Returned,37,Female
ORD-03587,2024-02-11,Webcam HD,Electronics,89.99,3,15,229.47,France,Paid Ads,Cancelled,55,Other
ORD-03588,2023-06-18,Standing Desk,Furniture,549.99,3,0,1649.97,Japan,Paid Ads,Returned,30,Other
ORD-03589,2023-04-22,Desk Lamp,Furniture,44.99,2,15,76.48,France,Organic,Delivered,43,Other
ORD-03590,2023-09-26,The Lean Startup,Books,19.99,1,15,16.99,UK,Paid Ads,Cancelled,44,Other
ORD-03591,2024-01-28,Instant Pot,Kitchen,99.99,3,10,269.97,Brazil,Organic,Processing,44,Female
ORD-03592,2024-11-19,Laptop Pro 15,Electronics,1299.99,4,15,4419.97,Germany,Paid Ads,Delivered,32,Other
ORD-03593,2023-04-24,Wireless Mouse,Electronics,29.99,1,5,28.49,UK,Paid Ads,Delivered,54,Male
ORD-03594,2023-04-27,Standing Desk,Furniture,549.99,2,10,989.98,France,Direct,Processing,20,Male
ORD-03595,2023-07-19,Yoga Mat,Sports,39.99,2,0,79.98,France,Paid Ads,Shipped,60,Female
ORD-03596,2024-05-08,Blender Pro,Kitchen,74.99,2,15,127.48,France,Referral,Returned,24,Female
ORD-03597,2023-02-16,Deep Work,Books,18.99,5,20,75.96,France,Organic,Cancelled,21,Male
ORD-03598,2024-03-20,Python Crash Course,Books,34.99,5,0,174.95,USA,Organic,Delivered,52,Male
ORD-03599,2023-04-17,Standing Desk,Furniture,549.99,1,0,549.99,UK,Organic,Delivered,37,Other
ORD-03600,2023-06-15,Wireless Mouse,Electronics,29.99,2,10,53.98,Japan,Email,Delivered,43,Other
ORD-03601,2023-02-03,Skincare Set,Beauty,59.99,1,10,53.99,USA,Paid Ads,Delivered,27,Male
ORD-03602,2023-07-25,Dumbbells Set,Sports,79.99,5,15,339.96,Australia,Social Media,Processing,34,Male
ORD-03603,2023-03-03,Running Shoes,Sports,119.99,3,0,359.97,UK,Email,Delivered,62,Female
ORD-03604,2024-08-02,Blender Pro,Kitchen,74.99,1,5,71.24,UK,Paid Ads,Processing,42,Male
ORD-03605,2023-03-23,Protein Powder,Sports,54.99,4,0,219.96,UK,Email,Delivered,31,Male
ORD-03606,2024-12-23,Mechanical Keyboard,Electronics,149.99,5,15,637.46,France,Organic,Delivered,37,Female
ORD-03607,2024-11-16,Laptop Pro 15,Electronics,1299.99,2,10,2339.98,UK,Social Media,Delivered,25,Male
ORD-03608,2024-06-30,Desk Lamp,Furniture,44.99,3,0,134.97,Canada,Email,Cancelled,22,Other
ORD-03609,2023-08-07,Bookshelf,Furniture,189.99,4,20,607.97,Australia,Email,Shipped,36,Female
ORD-03610,2023-07-12,Coffee Maker,Kitchen,89.99,1,0,89.99,UK,Organic,Cancelled,49,Female
ORD-03611,2024-09-21,Mechanical Keyboard,Electronics,149.99,4,0,599.96,France,Paid Ads,Delivered,59,Male
ORD-03612,2023-05-02,Office Chair,Furniture,299.99,3,0,899.97,UK,Direct,Delivered,23,Female
ORD-03613,2023-08-12,Protein Powder,Sports,54.99,1,5,52.24,Japan,Direct,Delivered,42,Male
ORD-03614,2024-02-21,Atomic Habits,Books,16.99,3,20,40.78,Australia,Social Media,Delivered,38,Male
ORD-03615,2024-11-02,Python Crash Course,Books,34.99,3,0,104.97,USA,Paid Ads,Cancelled,41,Female
ORD-03616,2024-05-13,Skincare Set,Beauty,59.99,1,15,50.99,Brazil,Referral,Processing,56,Other
ORD-03617,2024-09-20,Dumbbells Set,Sports,79.99,5,10,359.95,Australia,Email,Shipped,56,Female
ORD-03618,2024-06-02,Deep Work,Books,18.99,5,0,94.95,USA,Organic,Delivered,24,Other
ORD-03619,2024-10-05,Instant Pot,Kitchen,99.99,3,5,284.97,Brazil,Social Media,Cancelled,43,Male
ORD-03620,2024-01-10,Office Chair,Furniture,299.99,5,0,1499.95,Canada,Paid Ads,Shipped,58,Other
ORD-03621,2023-03-30,Desk Lamp,Furniture,44.99,2,5,85.48,Japan,Paid Ads,Returned,59,Female
ORD-03622,2024-02-19,Office Chair,Furniture,299.99,1,0,299.99,Japan,Organic,Shipped,19,Other
ORD-03623,2023-02-13,USB-C Hub,Electronics,49.99,3,20,119.98,France,Organic,Returned,32,Male
ORD-03624,2024-01-23,The Lean Startup,Books,19.99,4,20,63.97,Canada,Social Media,Delivered,62,Other
ORD-03625,2024-03-31,Sunscreen SPF50,Beauty,22.99,1,0,22.99,USA,Direct,Returned,44,Female
ORD-03626,2024-07-08,Coffee Maker,Kitchen,89.99,1,15,76.49,France,Organic,Shipped,26,Other
ORD-03627,2023-05-25,Laptop Pro 15,Electronics,1299.99,4,5,4939.96,Canada,Paid Ads,Processing,64,Male
ORD-03628,2023-05-05,Office Chair,Furniture,299.99,2,0,599.98,Germany,Paid Ads,Processing,27,Male
ORD-03629,2023-06-29,Atomic Habits,Books,16.99,2,0,33.98,USA,Referral,Delivered,48,Female
ORD-03630,2023-06-09,The Lean Startup,Books,19.99,2,0,39.98,France,Organic,Delivered,35,Male
ORD-03631,2023-02-09,Skincare Set,Beauty,59.99,5,0,299.95,Brazil,Referral,Returned,25,Male
ORD-03632,2024-01-17,Mechanical Keyboard,Electronics,149.99,1,0,149.99,Australia,Direct,Delivered,38,Male
ORD-03633,2023-11-23,Sunscreen SPF50,Beauty,22.99,4,0,91.96,Canada,Direct,Processing,55,Male
ORD-03634,2023-01-08,Bookshelf,Furniture,189.99,3,0,569.97,Australia,Email,Processing,20,Other
ORD-03635,2024-04-20,The Lean Startup,Books,19.99,2,0,39.98,Canada,Referral,Delivered,22,Male
ORD-03636,2023-11-04,Mechanical Keyboard,Electronics,149.99,5,0,749.95,Australia,Paid Ads,Delivered,22,Other
ORD-03637,2023-12-07,Sunscreen SPF50,Beauty,22.99,2,20,36.78,UK,Direct,Delivered,36,Female
ORD-03638,2024-07-23,Bookshelf,Furniture,189.99,4,0,759.96,Canada,Referral,Delivered,29,Male
ORD-03639,2024-10-18,The Lean Startup,Books,19.99,5,10,89.95,Germany,Organic,Shipped,32,Female
ORD-03640,2024-05-24,Atomic Habits,Books,16.99,1,15,14.44,Germany,Email,Processing,55,Male
ORD-03641,2024-11-14,4K Monitor,Electronics,499.99,1,0,499.99,Brazil,Social Media,Delivered,64,Female
ORD-03642,2024-09-02,Deep Work,Books,18.99,1,0,18.99,Australia,Referral,Delivered,40,Female
ORD-03643,2024-01-17,Deep Work,Books,18.99,5,0,94.95,USA,Referral,Returned,35,Male
ORD-03644,2024-08-12,Skincare Set,Beauty,59.99,1,20,47.99,Japan,Referral,Shipped,54,Other
ORD-03645,2023-02-20,Instant Pot,Kitchen,99.99,3,0,299.97,Canada,Referral,Processing,52,Female
ORD-03646,2023-01-16,Standing Desk,Furniture,549.99,1,15,467.49,USA,Email,Delivered,44,Female
ORD-03647,2023-09-04,Yoga Mat,Sports,39.99,4,20,127.97,France,Social Media,Shipped,20,Male
ORD-03648,2024-02-13,Protein Powder,Sports,54.99,2,5,104.48,Japan,Organic,Delivered,44,Other
ORD-03649,2024-07-27,USB-C Hub,Electronics,49.99,3,10,134.97,USA,Paid Ads,Delivered,32,Other
ORD-03650,2023-01-21,The Lean Startup,Books,19.99,3,0,59.97,Brazil,Direct,Shipped,57,Other
ORD-03651,2023-06-14,Air Fryer,Kitchen,129.99,5,20,519.96,Japan,Social Media,Delivered,37,Female
ORD-03652,2024-05-25,Webcam HD,Electronics,89.99,3,20,215.98,USA,Referral,Delivered,61,Male
ORD-03653,2023-09-04,Skincare Set,Beauty,59.99,2,0,119.98,Canada,Paid Ads,Delivered,50,Male
ORD-03654,2023-02-02,Dumbbells Set,Sports,79.99,1,5,75.99,Canada,Social Media,Delivered,64,Female
ORD-03655,2023-12-17,Yoga Mat,Sports,39.99,4,10,143.96,UK,Social Media,Processing,39,Female
ORD-03656,2024-04-14,Water Bottle,Sports,24.99,5,0,124.95,Japan,Paid Ads,Returned,49,Other
ORD-03657,2024-01-23,Laptop Pro 15,Electronics,1299.99,2,0,2599.98,Canada,Social Media,Shipped,21,Male
ORD-03658,2023-08-07,Yoga Mat,Sports,39.99,2,10,71.98,Australia,Direct,Processing,36,Female
ORD-03659,2023-07-05,Yoga Mat,Sports,39.99,1,0,39.99,Canada,Referral,Shipped,32,Male
ORD-03660,2023-10-14,Laptop Pro 15,Electronics,1299.99,2,10,2339.98,Japan,Email,Delivered,62,Other
ORD-03661,2024-09-06,USB-C Hub,Electronics,49.99,4,0,199.96,UK,Email,Delivered,28,Other
ORD-03662,2023-05-23,4K Monitor,Electronics,499.99,1,0,499.99,UK,Email,Shipped,52,Male
ORD-03663,2023-05-03,Office Chair,Furniture,299.99,2,10,539.98,Canada,Email,Shipped,56,Male
ORD-03664,2024-05-01,Laptop Pro 15,Electronics,1299.99,4,0,5199.96,Canada,Social Media,Returned,20,Male
ORD-03665,2023-05-05,Yoga Mat,Sports,39.99,5,0,199.95,USA,Social Media,Processing,40,Male
ORD-03666,2023-07-09,4K Monitor,Electronics,499.99,1,5,474.99,UK,Direct,Processing,21,Male
ORD-03667,2024-08-13,Yoga Mat,Sports,39.99,2,0,79.98,Australia,Referral,Delivered,49,Other
ORD-03668,2024-05-13,USB-C Hub,Electronics,49.99,5,0,249.95,USA,Organic,Cancelled,19,Male
ORD-03669,2024-12-26,Deep Work,Books,18.99,3,5,54.12,UK,Email,Delivered,29,Female
ORD-03670,2024-01-21,Instant Pot,Kitchen,99.99,3,15,254.97,Brazil,Organic,Processing,65,Female
ORD-03671,2023-12-29,Coffee Maker,Kitchen,89.99,3,0,269.97,Brazil,Referral,Processing,27,Male
ORD-03672,2023-01-01,Water Bottle,Sports,24.99,3,15,63.72,Germany,Paid Ads,Cancelled,32,Male
ORD-03673,2024-01-30,Air Fryer,Kitchen,129.99,4,5,493.96,UK,Social Media,Delivered,42,Female
ORD-03674,2024-03-27,Skincare Set,Beauty,59.99,3,20,143.98,Germany,Email,Delivered,65,Male
ORD-03675,2024-09-21,Water Bottle,Sports,24.99,3,0,74.97,UK,Organic,Cancelled,46,Female
ORD-03676,2024-03-14,Bookshelf,Furniture,189.99,4,0,759.96,USA,Social Media,Delivered,60,Female
ORD-03677,2024-10-25,Sunscreen SPF50,Beauty,22.99,4,0,91.96,Canada,Organic,Returned,54,Male
ORD-03678,2024-07-21,USB-C Hub,Electronics,49.99,3,5,142.47,USA,Email,Cancelled,22,Other
ORD-03679,2024-10-01,Wireless Mouse,Electronics,29.99,2,0,59.98,Germany,Organic,Cancelled,25,Female
ORD-03680,2024-05-04,Air Fryer,Kitchen,129.99,5,15,552.46,Brazil,Organic,Shipped,58,Female
ORD-03681,2024-10-09,Bookshelf,Furniture,189.99,2,0,379.98,Germany,Paid Ads,Delivered,30,Other
ORD-03682,2024-05-12,Mechanical Keyboard,Electronics,149.99,5,0,749.95,Canada,Organic,Returned,26,Female
ORD-03683,2024-10-13,The Lean Startup,Books,19.99,3,15,50.97,Australia,Email,Delivered,49,Male
ORD-03684,2023-03-27,Water Bottle,Sports,24.99,2,10,44.98,France,Paid Ads,Delivered,20,Male
ORD-03685,2023-09-08,Desk Lamp,Furniture,44.99,3,20,107.98,Germany,Referral,Returned,52,Other
ORD-03686,2024-12-14,4K Monitor,Electronics,499.99,2,15,849.98,UK,Paid Ads,Delivered,34,Female
ORD-03687,2023-12-19,Coffee Maker,Kitchen,89.99,5,20,359.96,Japan,Email,Processing,31,Male
ORD-03688,2024-05-05,Sunscreen SPF50,Beauty,22.99,5,15,97.71,France,Organic,Shipped,60,Other
ORD-03689,2023-07-26,Blender Pro,Kitchen,74.99,4,5,284.96,Australia,Referral,Delivered,39,Male
ORD-03690,2024-06-20,4K Monitor,Electronics,499.99,1,0,499.99,UK,Social Media,Cancelled,19,Female
ORD-03691,2023-12-28,Webcam HD,Electronics,89.99,4,5,341.96,France,Paid Ads,Shipped,46,Male
ORD-03692,2024-01-13,USB-C Hub,Electronics,49.99,2,5,94.98,Canada,Social Media,Delivered,40,Male
ORD-03693,2023-09-12,Python Crash Course,Books,34.99,3,15,89.22,Japan,Social Media,Returned,42,Other
ORD-03694,2024-04-25,Bookshelf,Furniture,189.99,3,10,512.97,Brazil,Referral,Delivered,55,Female
ORD-03695,2023-06-13,Webcam HD,Electronics,89.99,3,20,215.98,France,Direct,Delivered,25,Male
ORD-03696,2023-11-11,Bookshelf,Furniture,189.99,2,0,379.98,USA,Email,Processing,26,Other
ORD-03697,2024-03-04,Protein Powder,Sports,54.99,4,10,197.96,Australia,Organic,Delivered,61,Male
ORD-03698,2024-03-07,Sunscreen SPF50,Beauty,22.99,2,20,36.78,Brazil,Email,Cancelled,49,Male
ORD-03699,2024-09-03,Yoga Mat,Sports,39.99,3,15,101.97,USA,Referral,Shipped,55,Male
ORD-03700,2023-09-21,Blender Pro,Kitchen,74.99,3,20,179.98,Canada,Organic,Delivered,54,Male
ORD-03701,2023-11-05,Bookshelf,Furniture,189.99,3,0,569.97,Canada,Paid Ads,Returned,30,Female
ORD-03702,2024-05-20,Desk Lamp,Furniture,44.99,5,20,179.96,USA,Social Media,Delivered,49,Other
ORD-03703,2024-08-03,Desk Lamp,Furniture,44.99,2,0,89.98,UK,Referral,Delivered,62,Other
ORD-03704,2023-02-23,Desk Lamp,Furniture,44.99,1,0,44.99,Germany,Direct,Processing,51,Male
ORD-03705,2023-04-06,Water Bottle,Sports,24.99,4,10,89.96,Canada,Paid Ads,Delivered,46,Other
ORD-03706,2023-06-09,Instant Pot,Kitchen,99.99,1,10,89.99,France,Social Media,Delivered,63,Female
ORD-03707,2024-05-14,Standing Desk,Furniture,549.99,4,0,2199.96,Japan,Paid Ads,Shipped,58,Male
ORD-03708,2024-11-18,4K Monitor,Electronics,499.99,5,5,2374.95,Germany,Organic,Delivered,22,Male
ORD-03709,2023-06-05,Laptop Pro 15,Electronics,1299.99,1,15,1104.99,France,Referral,Delivered,26,Female
ORD-03710,2023-09-17,Sunscreen SPF50,Beauty,22.99,5,0,114.95,Germany,Paid Ads,Shipped,46,Other
ORD-03711,2024-08-13,Standing Desk,Furniture,549.99,1,20,439.99,Canada,Direct,Processing,56,Female
ORD-03712,2024-05-25,Skincare Set,Beauty,59.99,1,15,50.99,Germany,Email,Delivered,39,Other
ORD-03713,2024-11-24,Dumbbells Set,Sports,79.99,5,0,399.95,Japan,Referral,Delivered,19,Other
ORD-03714,2024-01-15,Bookshelf,Furniture,189.99,3,10,512.97,USA,Organic,Returned,30,Male
ORD-03715,2023-09-25,Coffee Maker,Kitchen,89.99,3,20,215.98,UK,Referral,Delivered,41,Male
ORD-03716,2024-10-30,Laptop Pro 15,Electronics,1299.99,1,0,1299.99,Australia,Social Media,Shipped,25,Female
ORD-03717,2023-12-20,The Lean Startup,Books,19.99,1,10,17.99,USA,Paid Ads,Processing,64,Other
ORD-03718,2024-08-13,Air Fryer,Kitchen,129.99,1,0,129.99,France,Direct,Delivered,21,Female
ORD-03719,2023-03-04,Dumbbells Set,Sports,79.99,2,0,159.98,Australia,Email,Shipped,50,Female
ORD-03720,2023-03-19,Blender Pro,Kitchen,74.99,2,20,119.98,Australia,Paid Ads,Processing,58,Other
ORD-03721,2023-04-16,Dumbbells Set,Sports,79.99,5,15,339.96,Germany,Email,Delivered,47,Female
ORD-03722,2023-12-27,The Lean Startup,Books,19.99,1,0,19.99,USA,Referral,Cancelled,18,Male
ORD-03723,2024-02-17,The Lean Startup,Books,19.99,3,5,56.97,France,Email,Delivered,49,Female
ORD-03724,2024-07-16,Dumbbells Set,Sports,79.99,1,0,79.99,USA,Paid Ads,Shipped,60,Male
ORD-03725,2024-02-19,Coffee Maker,Kitchen,89.99,5,15,382.46,Germany,Email,Cancelled,24,Female
ORD-03726,2023-04-06,Mechanical Keyboard,Electronics,149.99,3,10,404.97,Japan,Email,Returned,51,Female
ORD-03727,2023-04-26,USB-C Hub,Electronics,49.99,5,10,224.96,Brazil,Email,Shipped,40,Other
ORD-03728,2024-12-30,The Lean Startup,Books,19.99,2,15,33.98,Germany,Paid Ads,Shipped,22,Female
ORD-03729,2023-02-12,Skincare Set,Beauty,59.99,3,20,143.98,USA,Social Media,Processing,31,Female
ORD-03730,2023-07-14,Dumbbells Set,Sports,79.99,3,15,203.97,UK,Referral,Delivered,45,Female
ORD-03731,2024-03-26,Instant Pot,Kitchen,99.99,2,10,179.98,Australia,Paid Ads,Delivered,33,Male
ORD-03732,2024-08-15,Air Fryer,Kitchen,129.99,5,20,519.96,Canada,Social Media,Delivered,42,Female
ORD-03733,2024-11-06,4K Monitor,Electronics,499.99,1,5,474.99,Brazil,Social Media,Processing,20,Male
ORD-03734,2024-11-28,Protein Powder,Sports,54.99,5,20,219.96,France,Email,Shipped,53,Female
ORD-03735,2024-09-11,Running Shoes,Sports,119.99,1,20,95.99,Germany,Organic,Delivered,50,Female
ORD-03736,2023-07-29,Webcam HD,Electronics,89.99,4,0,359.96,Brazil,Email,Shipped,55,Other
ORD-03737,2024-10-24,Yoga Mat,Sports,39.99,3,0,119.97,UK,Direct,Delivered,65,Other
ORD-03738,2023-03-04,Webcam HD,Electronics,89.99,3,0,269.97,Australia,Social Media,Shipped,24,Male
ORD-03739,2023-01-05,Atomic Habits,Books,16.99,4,20,54.37,Germany,Organic,Processing,54,Female
ORD-03740,2023-05-09,Skincare Set,Beauty,59.99,1,15,50.99,Brazil,Paid Ads,Processing,63,Male
ORD-03741,2024-05-10,Python Crash Course,Books,34.99,4,5,132.96,UK,Organic,Returned,50,Female
ORD-03742,2023-05-24,Protein Powder,Sports,54.99,2,15,93.48,Brazil,Direct,Processing,42,Male
ORD-03743,2023-01-02,Sunscreen SPF50,Beauty,22.99,5,0,114.95,USA,Email,Delivered,27,Male
ORD-03744,2023-02-19,4K Monitor,Electronics,499.99,3,0,1499.97,Germany,Social Media,Cancelled,36,Female
ORD-03745,2023-08-10,Blender Pro,Kitchen,74.99,1,0,74.99,Brazil,Direct,Cancelled,46,Female
ORD-03746,2023-04-07,Sunscreen SPF50,Beauty,22.99,5,20,91.96,Japan,Organic,Cancelled,55,Other
ORD-03747,2024-10-08,Python Crash Course,Books,34.99,1,5,33.24,Australia,Direct,Processing,45,Female
ORD-03748,2024-02-13,Standing Desk,Furniture,549.99,4,5,2089.96,France,Organic,Processing,57,Other
ORD-03749,2024-11-28,Standing Desk,Furniture,549.99,5,20,2199.96,Germany,Paid Ads,Delivered,35,Male
ORD-03750,2023-01-18,Coffee Maker,Kitchen,89.99,3,0,269.97,Canada,Social Media,Delivered,61,Female
ORD-03751,2024-11-29,Instant Pot,Kitchen,99.99,3,0,299.97,Brazil,Referral,Delivered,62,Male
ORD-03752,2023-05-11,USB-C Hub,Electronics,49.99,5,0,249.95,France,Paid Ads,Processing,63,Male
ORD-03753,2024-04-14,Laptop Pro 15,Electronics,1299.99,3,15,3314.97,France,Email,Cancelled,33,Female
ORD-03754,2023-02-21,Sunscreen SPF50,Beauty,22.99,1,0,22.99,Brazil,Direct,Processing,25,Male
ORD-03755,2023-12-03,Wireless Mouse,Electronics,29.99,1,0,29.99,UK,Email,Cancelled,27,Female
ORD-03756,2023-01-10,Laptop Pro 15,Electronics,1299.99,5,0,6499.95,Canada,Email,Delivered,53,Other
ORD-03757,2023-08-02,Blender Pro,Kitchen,74.99,3,20,179.98,Brazil,Social Media,Processing,47,Other
ORD-03758,2023-07-28,Yoga Mat,Sports,39.99,3,0,119.97,Germany,Social Media,Shipped,23,Other
ORD-03759,2023-07-11,Mechanical Keyboard,Electronics,149.99,3,10,404.97,Japan,Email,Processing,23,Female
ORD-03760,2024-01-29,Yoga Mat,Sports,39.99,5,5,189.95,Japan,Social Media,Cancelled,33,Male
ORD-03761,2023-01-24,Running Shoes,Sports,119.99,1,5,113.99,Canada,Direct,Shipped,45,Female
ORD-03762,2023-05-30,Sunscreen SPF50,Beauty,22.99,5,0,114.95,France,Email,Processing,39,Female
ORD-03763,2024-08-29,Webcam HD,Electronics,89.99,4,15,305.97,Canada,Social Media,Delivered,20,Male
ORD-03764,2024-12-06,Skincare Set,Beauty,59.99,2,0,119.98,Japan,Direct,Delivered,23,Female
ORD-03765,2024-11-13,Skincare Set,Beauty,59.99,4,20,191.97,USA,Social Media,Delivered,55,Male
ORD-03766,2024-07-26,Sunscreen SPF50,Beauty,22.99,3,0,68.97,Germany,Paid Ads,Shipped,25,Female
ORD-03767,2024-10-29,Running Shoes,Sports,119.99,1,15,101.99,Germany,Paid Ads,Delivered,44,Other
ORD-03768,2023-08-11,Standing Desk,Furniture,549.99,5,15,2337.46,Germany,Organic,Delivered,21,Male
ORD-03769,2023-02-08,Deep Work,Books,18.99,1,10,17.09,Germany,Organic,Processing,46,Other
ORD-03770,2023-04-27,Skincare Set,Beauty,59.99,1,20,47.99,France,Referral,Delivered,29,Other
ORD-03771,2024-10-21,Yoga Mat,Sports,39.99,3,15,101.97,France,Organic,Delivered,52,Other
ORD-03772,2023-07-04,Coffee Maker,Kitchen,89.99,1,10,80.99,Germany,Organic,Delivered,63,Male
ORD-03773,2024-10-10,Desk Lamp,Furniture,44.99,4,5,170.96,UK,Paid Ads,Returned,44,Female
ORD-03774,2023-06-24,Atomic Habits,Books,16.99,1,10,15.29,UK,Paid Ads,Delivered,61,Other
ORD-03775,2024-03-15,The Lean Startup,Books,19.99,1,0,19.99,France,Email,Cancelled,34,Female
ORD-03776,2023-01-04,Office Chair,Furniture,299.99,2,0,599.98,UK,Organic,Delivered,61,Other
ORD-03777,2023-08-06,Blender Pro,Kitchen,74.99,2,0,149.98,Japan,Email,Delivered,56,Female
ORD-03778,2024-09-25,The Lean Startup,Books,19.99,3,0,59.97,UK,Referral,Processing,25,Other
ORD-03779,2023-11-12,4K Monitor,Electronics,499.99,4,10,1799.96,Germany,Email,Shipped,64,Female
ORD-03780,2024-10-25,Laptop Pro 15,Electronics,1299.99,1,5,1234.99,Brazil,Email,Shipped,62,Male
ORD-03781,2024-06-05,Python Crash Course,Books,34.99,4,5,132.96,Canada,Direct,Processing,52,Male
ORD-03782,2024-02-23,Yoga Mat,Sports,39.99,4,10,143.96,Australia,Organic,Delivered,64,Other
ORD-03783,2024-02-11,Sunscreen SPF50,Beauty,22.99,2,5,43.68,Japan,Paid Ads,Processing,28,Male
ORD-03784,2024-03-11,Bookshelf,Furniture,189.99,4,5,721.96,USA,Referral,Cancelled,62,Male
ORD-03785,2024-04-03,Air Fryer,Kitchen,129.99,4,0,519.96,Japan,Social Media,Delivered,29,Other
ORD-03786,2024-10-18,Coffee Maker,Kitchen,89.99,5,10,404.95,USA,Email,Delivered,55,Other
ORD-03787,2023-09-05,Protein Powder,Sports,54.99,5,10,247.45,UK,Paid Ads,Delivered,39,Other
ORD-03788,2024-05-03,Python Crash Course,Books,34.99,4,0,139.96,Japan,Social Media,Processing,49,Female
ORD-03789,2023-10-31,Laptop Pro 15,Electronics,1299.99,5,20,5199.96,Germany,Referral,Delivered,65,Other
ORD-03790,2023-01-26,Protein Powder,Sports,54.99,1,0,54.99,France,Organic,Returned,46,Male
ORD-03791,2024-02-01,Protein Powder,Sports,54.99,4,10,197.96,Germany,Referral,Delivered,26,Other
ORD-03792,2023-12-27,Standing Desk,Furniture,549.99,3,20,1319.98,UK,Referral,Processing,46,Male
ORD-03793,2024-10-25,Mechanical Keyboard,Electronics,149.99,3,10,404.97,Japan,Organic,Delivered,59,Female
ORD-03794,2023-02-14,Laptop Pro 15,Electronics,1299.99,5,0,6499.95,France,Social Media,Processing,63,Other
ORD-03795,2023-07-05,The Lean Startup,Books,19.99,4,10,71.96,Brazil,Social Media,Cancelled,47,Male
ORD-03796,2024-10-03,Yoga Mat,Sports,39.99,1,20,31.99,Canada,Referral,Delivered,19,Male
ORD-03797,2023-04-15,Skincare Set,Beauty,59.99,2,0,119.98,USA,Organic,Cancelled,50,Female
ORD-03798,2024-10-02,Wireless Mouse,Electronics,29.99,4,0,119.96,Canada,Referral,Returned,19,Female
ORD-03799,2024-11-08,Air Fryer,Kitchen,129.99,5,0,649.95,Canada,Paid Ads,Delivered,32,Male
ORD-03800,2024-02-22,Coffee Maker,Kitchen,89.99,2,20,143.98,UK,Direct,Processing,19,Female
ORD-03801,2023-06-22,Wireless Mouse,Electronics,29.99,1,20,23.99,Brazil,Direct,Delivered,19,Male
ORD-03802,2023-09-25,Webcam HD,Electronics,89.99,4,15,305.97,Japan,Paid Ads,Delivered,62,Other
ORD-03803,2024-04-07,Office Chair,Furniture,299.99,2,5,569.98,France,Organic,Cancelled,38,Female
ORD-03804,2024-12-07,USB-C Hub,Electronics,49.99,3,0,149.97,Japan,Direct,Processing,41,Female
ORD-03805,2024-11-25,Sunscreen SPF50,Beauty,22.99,4,0,91.96,USA,Direct,Shipped,52,Female
ORD-03806,2023-08-02,Office Chair,Furniture,299.99,3,0,899.97,Australia,Paid Ads,Delivered,39,Other
ORD-03807,2023-03-09,Dumbbells Set,Sports,79.99,4,15,271.97,Japan,Referral,Processing,60,Female
ORD-03808,2023-12-29,The Lean Startup,Books,19.99,2,15,33.98,France,Referral,Delivered,36,Other
ORD-03809,2023-08-23,Blender Pro,Kitchen,74.99,3,15,191.22,Japan,Direct,Delivered,44,Female
ORD-03810,2023-08-10,Bookshelf,Furniture,189.99,4,20,607.97,France,Referral,Delivered,33,Male
ORD-03811,2023-01-31,Blender Pro,Kitchen,74.99,4,5,284.96,Australia,Referral,Shipped,18,Other
ORD-03812,2024-09-15,Water Bottle,Sports,24.99,2,0,49.98,Japan,Referral,Processing,31,Other
ORD-03813,2024-10-26,Dumbbells Set,Sports,79.99,3,0,239.97,Japan,Referral,Cancelled,39,Other
ORD-03814,2023-02-02,Office Chair,Furniture,299.99,1,20,239.99,France,Social Media,Returned,21,Female
ORD-03815,2023-02-02,Coffee Maker,Kitchen,89.99,2,10,161.98,France,Email,Shipped,28,Other
ORD-03816,2023-01-09,Wireless Mouse,Electronics,29.99,4,0,119.96,France,Paid Ads,Returned,56,Male
ORD-03817,2024-08-03,Wireless Mouse,Electronics,29.99,4,5,113.96,Germany,Direct,Shipped,27,Other
ORD-03818,2023-11-19,Dumbbells Set,Sports,79.99,3,15,203.97,USA,Paid Ads,Processing,19,Male
ORD-03819,2024-03-07,4K Monitor,Electronics,499.99,3,10,1349.97,Australia,Organic,Delivered,20,Other
ORD-03820,2023-05-16,Instant Pot,Kitchen,99.99,1,0,99.99,Australia,Organic,Cancelled,29,Other
ORD-03821,2023-04-07,Water Bottle,Sports,24.99,2,0,49.98,Germany,Organic,Delivered,47,Other
ORD-03822,2023-09-29,Sunscreen SPF50,Beauty,22.99,2,20,36.78,Germany,Email,Processing,39,Male
ORD-03823,2023-03-22,Skincare Set,Beauty,59.99,1,0,59.99,Canada,Paid Ads,Cancelled,40,Other
ORD-03824,2023-01-30,Dumbbells Set,Sports,79.99,2,5,151.98,Australia,Paid Ads,Shipped,34,Male
ORD-03825,2024-07-18,Bookshelf,Furniture,189.99,4,0,759.96,Australia,Organic,Cancelled,21,Other
ORD-03826,2024-01-08,Python Crash Course,Books,34.99,2,10,62.98,Germany,Referral,Cancelled,61,Female
ORD-03827,2023-12-23,Water Bottle,Sports,24.99,3,0,74.97,France,Direct,Returned,45,Male
ORD-03828,2024-09-10,Air Fryer,Kitchen,129.99,1,10,116.99,Germany,Social Media,Delivered,23,Female
ORD-03829,2024-11-12,Water Bottle,Sports,24.99,3,20,59.98,Australia,Social Media,Returned,61,Male
ORD-03830,2024-12-06,Desk Lamp,Furniture,44.99,1,20,35.99,Japan,Paid Ads,Shipped,29,Other
ORD-03831,2023-04-21,Bookshelf,Furniture,189.99,4,0,759.96,Germany,Email,Delivered,42,Male
ORD-03832,2023-05-24,USB-C Hub,Electronics,49.99,3,20,119.98,Brazil,Social Media,Shipped,64,Other
ORD-03833,2023-06-20,Sunscreen SPF50,Beauty,22.99,4,0,91.96,UK,Paid Ads,Returned,45,Male
ORD-03834,2024-06-10,Dumbbells Set,Sports,79.99,5,0,399.95,Brazil,Email,Delivered,18,Other
ORD-03835,2024-09-28,Wireless Mouse,Electronics,29.99,4,10,107.96,Germany,Organic,Processing,45,Male
ORD-03836,2023-01-21,Yoga Mat,Sports,39.99,5,10,179.96,Australia,Organic,Shipped,65,Female
ORD-03837,2023-03-02,Water Bottle,Sports,24.99,3,0,74.97,Australia,Direct,Processing,55,Other
ORD-03838,2023-05-27,4K Monitor,Electronics,499.99,4,5,1899.96,Germany,Direct,Returned,24,Male
ORD-03839,2023-08-09,Dumbbells Set,Sports,79.99,2,20,127.98,USA,Social Media,Processing,40,Male
ORD-03840,2024-11-04,Water Bottle,Sports,24.99,2,0,49.98,Canada,Social Media,Processing,33,Female
ORD-03841,2023-11-01,Office Chair,Furniture,299.99,1,20,239.99,Canada,Referral,Delivered,64,Male
ORD-03842,2023-04-20,Yoga Mat,Sports,39.99,3,0,119.97,Brazil,Social Media,Returned,41,Female
ORD-03843,2024-01-23,Desk Lamp,Furniture,44.99,2,10,80.98,UK,Organic,Cancelled,39,Female
ORD-03844,2024-08-27,Laptop Pro 15,Electronics,1299.99,3,15,3314.97,France,Paid Ads,Delivered,51,Other
ORD-03845,2023-07-27,Air Fryer,Kitchen,129.99,3,0,389.97,Japan,Referral,Delivered,32,Male
ORD-03846,2023-02-09,Blender Pro,Kitchen,74.99,2,15,127.48,Brazil,Email,Delivered,61,Other
ORD-03847,2023-04-20,Protein Powder,Sports,54.99,1,5,52.24,Canada,Direct,Processing,25,Other
ORD-03848,2024-04-23,Coffee Maker,Kitchen,89.99,2,5,170.98,Australia,Organic,Shipped,31,Male
ORD-03849,2024-06-05,Mechanical Keyboard,Electronics,149.99,4,0,599.96,UK,Direct,Delivered,64,Other
ORD-03850,2024-05-15,Yoga Mat,Sports,39.99,5,0,199.95,Canada,Organic,Processing,53,Male
ORD-03851,2024-02-11,Deep Work,Books,18.99,1,20,15.19,Australia,Email,Delivered,61,Female
ORD-03852,2024-03-21,Sunscreen SPF50,Beauty,22.99,4,0,91.96,USA,Social Media,Delivered,54,Other
ORD-03853,2024-11-29,Desk Lamp,Furniture,44.99,4,0,179.96,Brazil,Direct,Delivered,40,Other
ORD-03854,2024-09-25,Skincare Set,Beauty,59.99,1,0,59.99,Germany,Organic,Delivered,35,Female
ORD-03855,2023-02-22,Laptop Pro 15,Electronics,1299.99,2,0,2599.98,Canada,Direct,Shipped,65,Other
ORD-03856,2023-09-07,Atomic Habits,Books,16.99,4,10,61.16,USA,Paid Ads,Cancelled,37,Other
ORD-03857,2023-12-21,Wireless Mouse,Electronics,29.99,2,10,53.98,Australia,Referral,Shipped,46,Female
ORD-03858,2023-02-18,Yoga Mat,Sports,39.99,1,0,39.99,USA,Referral,Returned,64,Male
ORD-03859,2023-10-07,Bookshelf,Furniture,189.99,4,15,645.97,Australia,Social Media,Cancelled,22,Other
ORD-03860,2024-12-29,Skincare Set,Beauty,59.99,2,0,119.98,Japan,Referral,Processing,24,Male
ORD-03861,2023-03-19,Yoga Mat,Sports,39.99,5,15,169.96,Canada,Email,Delivered,22,Male
ORD-03862,2023-11-18,Mechanical Keyboard,Electronics,149.99,2,0,299.98,France,Email,Delivered,24,Other
ORD-03863,2023-11-14,Webcam HD,Electronics,89.99,2,0,179.98,UK,Paid Ads,Processing,60,Other
ORD-03864,2023-06-23,Office Chair,Furniture,299.99,2,0,599.98,USA,Referral,Cancelled,30,Other
ORD-03865,2023-03-20,Sunscreen SPF50,Beauty,22.99,4,10,82.76,UK,Direct,Returned,58,Female
ORD-03866,2023-08-16,Bookshelf,Furniture,189.99,1,0,189.99,UK,Direct,Cancelled,48,Male
ORD-03867,2024-01-25,Coffee Maker,Kitchen,89.99,1,5,85.49,France,Direct,Shipped,45,Female
ORD-03868,2023-07-08,Wireless Mouse,Electronics,29.99,1,0,29.99,Australia,Paid Ads,Delivered,34,Other
ORD-03869,2023-04-13,Sunscreen SPF50,Beauty,22.99,1,5,21.84,USA,Email,Delivered,45,Male
ORD-03870,2023-10-03,Atomic Habits,Books,16.99,3,20,40.78,USA,Direct,Cancelled,52,Other
ORD-03871,2023-11-25,Mechanical Keyboard,Electronics,149.99,2,0,299.98,Brazil,Organic,Processing,41,Male
ORD-03872,2023-04-23,Sunscreen SPF50,Beauty,22.99,5,20,91.96,UK,Referral,Delivered,59,Female
ORD-03873,2024-01-06,Dumbbells Set,Sports,79.99,3,5,227.97,Brazil,Paid Ads,Processing,43,Female
ORD-03874,2023-12-13,Standing Desk,Furniture,549.99,1,10,494.99,Canada,Email,Shipped,49,Male
ORD-03875,2023-08-30,Desk Lamp,Furniture,44.99,4,15,152.97,UK,Direct,Returned,61,Other
ORD-03876,2024-05-27,Bookshelf,Furniture,189.99,2,20,303.98,Japan,Paid Ads,Processing,40,Female
ORD-03877,2023-04-20,4K Monitor,Electronics,499.99,4,20,1599.97,Japan,Email,Processing,32,Male
ORD-03878,2024-01-17,Office Chair,Furniture,299.99,4,0,1199.96,Brazil,Organic,Delivered,52,Other
ORD-03879,2024-05-04,Skincare Set,Beauty,59.99,3,20,143.98,USA,Paid Ads,Cancelled,26,Male
ORD-03880,2024-12-04,Air Fryer,Kitchen,129.99,3,15,331.47,Japan,Organic,Delivered,37,Female
ORD-03881,2024-01-26,Webcam HD,Electronics,89.99,4,5,341.96,Germany,Direct,Delivered,18,Female
ORD-03882,2024-11-27,Mechanical Keyboard,Electronics,149.99,1,20,119.99,Brazil,Email,Returned,24,Other
ORD-03883,2023-11-02,Webcam HD,Electronics,89.99,1,0,89.99,Canada,Social Media,Processing,32,Male
ORD-03884,2024-09-07,Standing Desk,Furniture,549.99,5,15,2337.46,Japan,Paid Ads,Shipped,34,Female
ORD-03885,2023-01-28,Dumbbells Set,Sports,79.99,4,0,319.96,Japan,Referral,Processing,42,Other
ORD-03886,2024-06-06,Python Crash Course,Books,34.99,1,0,34.99,Japan,Referral,Processing,32,Male
ORD-03887,2023-01-29,Dumbbells Set,Sports,79.99,5,0,399.95,Brazil,Direct,Processing,59,Male
ORD-03888,2024-02-16,Skincare Set,Beauty,59.99,2,15,101.98,UK,Social Media,Processing,29,Other
ORD-03889,2023-05-29,Sunscreen SPF50,Beauty,22.99,5,0,114.95,Canada,Email,Delivered,42,Female
ORD-03890,2024-09-04,Yoga Mat,Sports,39.99,3,0,119.97,USA,Social Media,Delivered,42,Other
ORD-03891,2024-12-03,4K Monitor,Electronics,499.99,5,0,2499.95,UK,Referral,Shipped,28,Male
ORD-03892,2024-06-09,Webcam HD,Electronics,89.99,3,5,256.47,UK,Referral,Delivered,19,Male
ORD-03893,2024-07-03,Mechanical Keyboard,Electronics,149.99,4,15,509.97,Japan,Direct,Delivered,48,Female
ORD-03894,2024-11-24,Desk Lamp,Furniture,44.99,5,10,202.46,France,Referral,Shipped,36,Other
ORD-03895,2024-09-21,Desk Lamp,Furniture,44.99,5,10,202.46,USA,Social Media,Delivered,26,Male
ORD-03896,2024-05-17,Mechanical Keyboard,Electronics,149.99,1,0,149.99,Japan,Social Media,Shipped,40,Other
ORD-03897,2023-04-08,Atomic Habits,Books,16.99,5,10,76.45,UK,Organic,Shipped,22,Female
ORD-03898,2023-08-05,Air Fryer,Kitchen,129.99,3,5,370.47,Germany,Organic,Shipped,30,Male
ORD-03899,2023-06-22,Coffee Maker,Kitchen,89.99,4,0,359.96,Australia,Email,Returned,29,Other
ORD-03900,2024-02-29,Mechanical Keyboard,Electronics,149.99,4,10,539.96,France,Referral,Shipped,31,Female
ORD-03901,2024-07-28,The Lean Startup,Books,19.99,1,0,19.99,Germany,Referral,Returned,62,Other
ORD-03902,2024-08-27,Air Fryer,Kitchen,129.99,5,10,584.96,USA,Email,Processing,28,Other
ORD-03903,2023-02-18,Mechanical Keyboard,Electronics,149.99,2,15,254.98,USA,Email,Delivered,45,Female
ORD-03904,2023-12-23,Running Shoes,Sports,119.99,2,0,239.98,Japan,Paid Ads,Returned,62,Male
ORD-03905,2024-03-07,Mechanical Keyboard,Electronics,149.99,2,0,299.98,Brazil,Referral,Returned,51,Female
ORD-03906,2023-10-02,Deep Work,Books,18.99,1,20,15.19,USA,Social Media,Cancelled,56,Male
ORD-03907,2023-09-06,Python Crash Course,Books,34.99,2,10,62.98,Australia,Direct,Delivered,41,Other
ORD-03908,2023-12-07,The Lean Startup,Books,19.99,2,0,39.98,Japan,Paid Ads,Cancelled,56,Other
ORD-03909,2024-07-15,Sunscreen SPF50,Beauty,22.99,1,0,22.99,Brazil,Social Media,Cancelled,31,Other
ORD-03910,2024-10-09,4K Monitor,Electronics,499.99,2,0,999.98,Australia,Organic,Shipped,35,Male
ORD-03911,2024-09-06,Instant Pot,Kitchen,99.99,2,0,199.98,UK,Direct,Cancelled,34,Female
ORD-03912,2024-03-07,Webcam HD,Electronics,89.99,1,20,71.99,Canada,Direct,Delivered,43,Male
ORD-03913,2023-05-05,Instant Pot,Kitchen,99.99,5,5,474.95,Germany,Referral,Processing,34,Female
ORD-03914,2023-09-22,Mechanical Keyboard,Electronics,149.99,2,15,254.98,France,Social Media,Delivered,24,Female
ORD-03915,2024-02-03,Running Shoes,Sports,119.99,1,10,107.99,Germany,Organic,Returned,48,Other
ORD-03916,2024-02-14,The Lean Startup,Books,19.99,3,20,47.98,USA,Direct,Processing,45,Other
ORD-03917,2024-11-08,Water Bottle,Sports,24.99,3,20,59.98,Brazil,Paid Ads,Cancelled,35,Other
ORD-03918,2023-02-02,Atomic Habits,Books,16.99,5,10,76.45,Canada,Direct,Delivered,47,Female
ORD-03919,2024-10-13,Sunscreen SPF50,Beauty,22.99,2,0,45.98,UK,Email,Shipped,50,Male
ORD-03920,2023-03-10,Running Shoes,Sports,119.99,2,10,215.98,Brazil,Paid Ads,Shipped,46,Male
ORD-03921,2024-05-04,Instant Pot,Kitchen,99.99,2,0,199.98,Brazil,Direct,Delivered,63,Female
ORD-03922,2023-01-12,Instant Pot,Kitchen,99.99,2,0,199.98,Canada,Direct,Delivered,59,Male
ORD-03923,2023-10-04,Mechanical Keyboard,Electronics,149.99,5,10,674.96,Germany,Organic,Shipped,61,Male
ORD-03924,2023-07-09,Skincare Set,Beauty,59.99,2,5,113.98,Australia,Social Media,Delivered,24,Other
ORD-03925,2023-04-13,Air Fryer,Kitchen,129.99,3,0,389.97,France,Paid Ads,Delivered,53,Female
ORD-03926,2023-06-09,Blender Pro,Kitchen,74.99,1,0,74.99,France,Paid Ads,Returned,41,Male
ORD-03927,2024-12-15,Coffee Maker,Kitchen,89.99,3,5,256.47,Japan,Social Media,Cancelled,23,Male
ORD-03928,2024-11-15,Skincare Set,Beauty,59.99,5,5,284.95,UK,Social Media,Shipped,35,Male
ORD-03929,2024-09-19,Deep Work,Books,18.99,3,0,56.97,France,Email,Delivered,30,Other
ORD-03930,2024-07-06,Coffee Maker,Kitchen,89.99,1,0,89.99,Brazil,Organic,Delivered,37,Other
ORD-03931,2023-05-18,Water Bottle,Sports,24.99,3,0,74.97,USA,Referral,Returned,29,Female
ORD-03932,2023-03-19,Blender Pro,Kitchen,74.99,1,0,74.99,Germany,Social Media,Shipped,38,Other
ORD-03933,2023-10-01,Webcam HD,Electronics,89.99,5,10,404.95,Canada,Organic,Cancelled,29,Male
ORD-03934,2024-05-06,Standing Desk,Furniture,549.99,4,5,2089.96,Japan,Referral,Delivered,28,Other
ORD-03935,2023-12-22,Yoga Mat,Sports,39.99,2,10,71.98,Japan,Organic,Processing,34,Male
ORD-03936,2023-03-08,Air Fryer,Kitchen,129.99,5,20,519.96,Germany,Referral,Cancelled,19,Other
ORD-03937,2023-08-25,Water Bottle,Sports,24.99,2,0,49.98,Canada,Social Media,Delivered,42,Female
ORD-03938,2024-11-20,Webcam HD,Electronics,89.99,5,15,382.46,Germany,Social Media,Shipped,30,Male
ORD-03939,2023-11-04,Blender Pro,Kitchen,74.99,5,10,337.45,Germany,Paid Ads,Delivered,31,Female
ORD-03940,2024-01-15,Mechanical Keyboard,Electronics,149.99,5,5,712.45,Japan,Referral,Delivered,64,Male
ORD-03941,2024-06-03,Bookshelf,Furniture,189.99,3,20,455.98,France,Paid Ads,Delivered,33,Other
ORD-03942,2024-07-29,Webcam HD,Electronics,89.99,4,10,323.96,Canada,Referral,Delivered,39,Male
ORD-03943,2024-04-05,Dumbbells Set,Sports,79.99,2,0,159.98,USA,Referral,Returned,40,Male
ORD-03944,2024-07-26,Air Fryer,Kitchen,129.99,5,20,519.96,Australia,Referral,Delivered,48,Other
ORD-03945,2023-01-09,Yoga Mat,Sports,39.99,5,5,189.95,Japan,Social Media,Delivered,31,Female
ORD-03946,2024-09-07,Mechanical Keyboard,Electronics,149.99,4,5,569.96,Australia,Organic,Delivered,47,Male
ORD-03947,2024-07-16,The Lean Startup,Books,19.99,2,0,39.98,USA,Referral,Returned,55,Female
ORD-03948,2023-10-08,4K Monitor,Electronics,499.99,5,10,2249.95,Brazil,Paid Ads,Delivered,36,Other
ORD-03949,2024-09-17,Air Fryer,Kitchen,129.99,4,15,441.97,Japan,Referral,Shipped,45,Female
ORD-03950,2024-08-26,Atomic Habits,Books,16.99,5,10,76.45,France,Email,Delivered,44,Other
ORD-03951,2023-04-20,Desk Lamp,Furniture,44.99,1,20,35.99,Japan,Referral,Delivered,23,Female
ORD-03952,2024-09-28,Desk Lamp,Furniture,44.99,1,0,44.99,USA,Paid Ads,Returned,51,Female
ORD-03953,2024-04-03,Mechanical Keyboard,Electronics,149.99,3,5,427.47,Brazil,Social Media,Shipped,45,Other
ORD-03954,2023-11-30,Laptop Pro 15,Electronics,1299.99,3,0,3899.97,Japan,Organic,Cancelled,24,Female
ORD-03955,2024-05-18,Blender Pro,Kitchen,74.99,3,0,224.97,Canada,Paid Ads,Delivered,62,Male
ORD-03956,2024-01-12,Coffee Maker,Kitchen,89.99,4,10,323.96,Australia,Organic,Delivered,38,Male
ORD-03957,2024-10-23,Protein Powder,Sports,54.99,4,5,208.96,Germany,Email,Delivered,37,Male
ORD-03958,2023-05-19,Instant Pot,Kitchen,99.99,3,0,299.97,Japan,Organic,Shipped,62,Other
ORD-03959,2024-08-24,Webcam HD,Electronics,89.99,3,20,215.98,Brazil,Organic,Delivered,20,Male
ORD-03960,2023-12-05,Wireless Mouse,Electronics,29.99,2,10,53.98,Australia,Direct,Shipped,45,Other
ORD-03961,2023-06-26,Sunscreen SPF50,Beauty,22.99,4,20,73.57,France,Referral,Returned,22,Other
ORD-03962,2024-02-26,Sunscreen SPF50,Beauty,22.99,2,10,41.38,France,Referral,Delivered,65,Female
ORD-03963,2024-07-26,Wireless Mouse,Electronics,29.99,4,0,119.96,Australia,Referral,Delivered,32,Male
ORD-03964,2023-03-28,Laptop Pro 15,Electronics,1299.99,1,20,1039.99,Canada,Email,Processing,54,Female
ORD-03965,2024-09-07,Protein Powder,Sports,54.99,1,20,43.99,Germany,Organic,Returned,36,Other
ORD-03966,2024-05-30,Office Chair,Furniture,299.99,2,20,479.98,Brazil,Email,Delivered,51,Female
ORD-03967,2024-05-01,Wireless Mouse,Electronics,29.99,2,5,56.98,Australia,Email,Delivered,21,Male
ORD-03968,2024-03-08,Running Shoes,Sports,119.99,3,0,359.97,France,Paid Ads,Cancelled,56,Female
ORD-03969,2024-02-17,The Lean Startup,Books,19.99,5,5,94.95,Germany,Paid Ads,Delivered,52,Male
ORD-03970,2024-11-21,4K Monitor,Electronics,499.99,2,0,999.98,Australia,Email,Cancelled,44,Male
ORD-03971,2024-05-03,Instant Pot,Kitchen,99.99,1,5,94.99,Germany,Organic,Shipped,37,Female
ORD-03972,2024-01-01,Desk Lamp,Furniture,44.99,4,5,170.96,Canada,Direct,Shipped,26,Female
ORD-03973,2023-09-08,Standing Desk,Furniture,549.99,4,10,1979.96,Australia,Direct,Delivered,50,Other
ORD-03974,2024-07-21,Coffee Maker,Kitchen,89.99,4,20,287.97,Brazil,Social Media,Returned,49,Female
ORD-03975,2024-09-19,Dumbbells Set,Sports,79.99,3,15,203.97,Germany,Social Media,Returned,50,Other
ORD-03976,2023-12-09,4K Monitor,Electronics,499.99,5,0,2499.95,Germany,Email,Cancelled,47,Female
ORD-03977,2023-01-29,Sunscreen SPF50,Beauty,22.99,2,5,43.68,Japan,Email,Shipped,53,Female
ORD-03978,2023-10-16,Laptop Pro 15,Electronics,1299.99,3,20,3119.98,Canada,Organic,Returned,48,Female
ORD-03979,2024-04-23,Office Chair,Furniture,299.99,1,0,299.99,Brazil,Social Media,Delivered,37,Male
ORD-03980,2023-03-19,Protein Powder,Sports,54.99,4,20,175.97,Germany,Direct,Returned,31,Male
ORD-03981,2024-09-28,Deep Work,Books,18.99,1,20,15.19,USA,Direct,Cancelled,20,Other
ORD-03982,2023-10-12,Skincare Set,Beauty,59.99,1,20,47.99,Japan,Social Media,Shipped,40,Other
ORD-03983,2024-06-02,4K Monitor,Electronics,499.99,2,15,849.98,France,Direct,Delivered,39,Male
ORD-03984,2024-06-21,Protein Powder,Sports,54.99,4,0,219.96,Germany,Social Media,Delivered,30,Other
ORD-03985,2023-05-14,Bookshelf,Furniture,189.99,4,0,759.96,USA,Organic,Delivered,47,Male
ORD-03986,2024-08-07,Skincare Set,Beauty,59.99,1,0,59.99,USA,Direct,Delivered,37,Other
ORD-03987,2024-11-12,Office Chair,Furniture,299.99,4,0,1199.96,UK,Referral,Cancelled,56,Other
ORD-03988,2024-08-04,Deep Work,Books,18.99,4,20,60.77,Australia,Organic,Delivered,53,Male
ORD-03989,2024-11-30,Protein Powder,Sports,54.99,5,0,274.95,Brazil,Social Media,Shipped,45,Male
ORD-03990,2023-11-16,Skincare Set,Beauty,59.99,3,5,170.97,Brazil,Email,Delivered,50,Other
ORD-03991,2024-10-25,Bookshelf,Furniture,189.99,5,5,902.45,USA,Social Media,Cancelled,47,Other
ORD-03992,2024-08-20,Bookshelf,Furniture,189.99,4,15,645.97,Japan,Referral,Delivered,63,Other
ORD-03993,2023-01-17,Skincare Set,Beauty,59.99,3,15,152.97,Canada,Social Media,Shipped,39,Other
ORD-03994,2024-08-23,Office Chair,Furniture,299.99,1,10,269.99,UK,Social Media,Cancelled,28,Other
ORD-03995,2023-08-27,Instant Pot,Kitchen,99.99,2,0,199.98,Canada,Referral,Cancelled,29,Female
ORD-03996,2024-03-08,Water Bottle,Sports,24.99,1,0,24.99,France,Email,Cancelled,33,Other
ORD-03997,2024-07-01,Bookshelf,Furniture,189.99,2,0,379.98,UK,Social Media,Delivered,40,Male
ORD-03998,2023-08-10,USB-C Hub,Electronics,49.99,5,5,237.45,Japan,Organic,Delivered,49,Female
ORD-03999,2024-04-06,Yoga Mat,Sports,39.99,2,10,71.98,UK,Social Media,Shipped,64,Other
ORD-04000,2024-05-27,Protein Powder,Sports,54.99,2,0,109.98,Brazil,Social Media,Returned,37,Male
ORD-04001,2023-01-03,Running Shoes,Sports,119.99,3,10,323.97,France,Social Media,Delivered,19,Other
ORD-04002,2024-11-19,Webcam HD,Electronics,89.99,2,20,143.98,Brazil,Direct,Delivered,40,Male
ORD-04003,2024-07-04,Skincare Set,Beauty,59.99,4,5,227.96,France,Email,Shipped,37,Male
ORD-04004,2023-07-28,USB-C Hub,Electronics,49.99,2,0,99.98,UK,Referral,Cancelled,30,Male
ORD-04005,2023-05-25,Office Chair,Furniture,299.99,5,0,1499.95,Germany,Social Media,Shipped,38,Other
ORD-04006,2023-03-22,Office Chair,Furniture,299.99,2,10,539.98,Australia,Direct,Delivered,62,Male
ORD-04007,2024-05-15,Atomic Habits,Books,16.99,5,0,84.95,Australia,Referral,Returned,57,Male
ORD-04008,2024-08-14,The Lean Startup,Books,19.99,3,15,50.97,UK,Paid Ads,Processing,42,Female
ORD-04009,2024-01-05,The Lean Startup,Books,19.99,1,5,18.99,Brazil,Social Media,Returned,57,Male
ORD-04010,2023-08-09,Atomic Habits,Books,16.99,2,20,27.18,UK,Referral,Delivered,37,Other
ORD-04011,2024-08-08,USB-C Hub,Electronics,49.99,5,15,212.46,USA,Direct,Delivered,30,Other
ORD-04012,2023-03-08,Dumbbells Set,Sports,79.99,4,0,319.96,France,Paid Ads,Cancelled,56,Male
ORD-04013,2023-11-16,Webcam HD,Electronics,89.99,1,15,76.49,Australia,Referral,Shipped,65,Male
ORD-04014,2023-02-23,Deep Work,Books,18.99,1,0,18.99,UK,Referral,Delivered,27,Female
ORD-04015,2023-07-17,Water Bottle,Sports,24.99,1,0,24.99,France,Direct,Shipped,23,Male
ORD-04016,2023-09-13,USB-C Hub,Electronics,49.99,3,15,127.47,Australia,Social Media,Delivered,21,Male
ORD-04017,2023-11-25,Yoga Mat,Sports,39.99,1,0,39.99,USA,Social Media,Delivered,18,Female
ORD-04018,2024-03-27,Atomic Habits,Books,16.99,1,15,14.44,UK,Organic,Processing,65,Female
ORD-04019,2024-01-05,Coffee Maker,Kitchen,89.99,5,0,449.95,Australia,Social Media,Shipped,44,Other
ORD-04020,2024-12-25,Bookshelf,Furniture,189.99,2,15,322.98,France,Social Media,Delivered,25,Other
ORD-04021,2023-07-08,Coffee Maker,Kitchen,89.99,5,0,449.95,Canada,Email,Processing,56,Female
ORD-04022,2023-12-16,4K Monitor,Electronics,499.99,1,5,474.99,France,Direct,Delivered,57,Other
ORD-04023,2023-04-16,Laptop Pro 15,Electronics,1299.99,4,0,5199.96,Japan,Direct,Shipped,62,Other
ORD-04024,2023-04-06,Laptop Pro 15,Electronics,1299.99,1,20,1039.99,Canada,Paid Ads,Cancelled,34,Male
ORD-04025,2023-05-07,Standing Desk,Furniture,549.99,5,0,2749.95,Japan,Referral,Delivered,27,Other
ORD-04026,2023-03-27,Air Fryer,Kitchen,129.99,4,0,519.96,Japan,Paid Ads,Cancelled,42,Other
ORD-04027,2024-08-05,Sunscreen SPF50,Beauty,22.99,4,0,91.96,USA,Referral,Delivered,58,Female
ORD-04028,2024-05-23,Deep Work,Books,18.99,1,15,16.14,USA,Organic,Delivered,54,Male
ORD-04029,2023-05-23,Blender Pro,Kitchen,74.99,3,5,213.72,Canada,Paid Ads,Processing,58,Female
ORD-04030,2023-02-20,Instant Pot,Kitchen,99.99,2,0,199.98,Canada,Organic,Delivered,59,Other
ORD-04031,2024-04-19,Dumbbells Set,Sports,79.99,5,0,399.95,Brazil,Direct,Delivered,34,Male
ORD-04032,2024-07-23,Desk Lamp,Furniture,44.99,1,0,44.99,Australia,Organic,Delivered,39,Male
ORD-04033,2023-02-15,Protein Powder,Sports,54.99,5,20,219.96,USA,Direct,Delivered,58,Other
ORD-04034,2024-02-14,Laptop Pro 15,Electronics,1299.99,4,0,5199.96,France,Referral,Delivered,29,Male
ORD-04035,2023-09-26,Laptop Pro 15,Electronics,1299.99,4,20,4159.97,Australia,Social Media,Shipped,34,Female
ORD-04036,2024-02-13,Instant Pot,Kitchen,99.99,5,0,499.95,USA,Direct,Processing,19,Female
ORD-04037,2023-03-27,Air Fryer,Kitchen,129.99,5,15,552.46,Australia,Email,Shipped,62,Female
ORD-04038,2023-07-29,Wireless Mouse,Electronics,29.99,1,5,28.49,Australia,Direct,Returned,40,Female
ORD-04039,2023-05-18,Yoga Mat,Sports,39.99,5,10,179.96,Brazil,Referral,Processing,50,Female
ORD-04040,2024-01-26,Office Chair,Furniture,299.99,4,15,1019.97,Germany,Organic,Delivered,42,Other
ORD-04041,2023-02-23,Bookshelf,Furniture,189.99,2,0,379.98,USA,Organic,Delivered,64,Male
ORD-04042,2024-07-23,Standing Desk,Furniture,549.99,1,0,549.99,Brazil,Referral,Delivered,60,Female
ORD-04043,2023-03-23,Sunscreen SPF50,Beauty,22.99,5,10,103.45,USA,Paid Ads,Processing,19,Male
ORD-04044,2023-12-04,Mechanical Keyboard,Electronics,149.99,3,20,359.98,Australia,Direct,Delivered,53,Male
ORD-04045,2024-08-06,Water Bottle,Sports,24.99,3,0,74.97,UK,Social Media,Shipped,54,Other
ORD-04046,2023-02-18,Office Chair,Furniture,299.99,2,0,599.98,Brazil,Paid Ads,Processing,33,Other
ORD-04047,2024-01-03,USB-C Hub,Electronics,49.99,4,5,189.96,Germany,Direct,Delivered,54,Female
ORD-04048,2023-08-15,4K Monitor,Electronics,499.99,4,5,1899.96,USA,Referral,Delivered,50,Other
ORD-04049,2024-02-18,Air Fryer,Kitchen,129.99,5,15,552.46,Japan,Social Media,Shipped,62,Other
ORD-04050,2023-06-02,Deep Work,Books,18.99,2,0,37.98,Canada,Paid Ads,Processing,28,Other
ORD-04051,2024-07-03,Laptop Pro 15,Electronics,1299.99,1,10,1169.99,Germany,Paid Ads,Delivered,41,Male
ORD-04052,2023-02-12,Bookshelf,Furniture,189.99,5,10,854.96,Australia,Email,Processing,64,Female
ORD-04053,2024-11-28,Bookshelf,Furniture,189.99,4,5,721.96,Brazil,Referral,Delivered,57,Female
ORD-04054,2023-10-13,Protein Powder,Sports,54.99,5,0,274.95,Brazil,Social Media,Cancelled,35,Other
ORD-04055,2023-11-30,Deep Work,Books,18.99,4,0,75.96,Canada,Organic,Delivered,40,Other
ORD-04056,2023-07-25,USB-C Hub,Electronics,49.99,4,0,199.96,Australia,Direct,Returned,63,Female
ORD-04057,2024-09-06,Air Fryer,Kitchen,129.99,2,10,233.98,Brazil,Social Media,Processing,63,Female
ORD-04058,2023-10-11,USB-C Hub,Electronics,49.99,1,15,42.49,France,Referral,Shipped,61,Male
ORD-04059,2024-03-14,Desk Lamp,Furniture,44.99,3,20,107.98,UK,Direct,Cancelled,25,Other
ORD-04060,2024-09-25,Python Crash Course,Books,34.99,4,0,139.96,Australia,Paid Ads,Delivered,57,Female
ORD-04061,2023-12-31,Protein Powder,Sports,54.99,1,20,43.99,Australia,Direct,Shipped,37,Male
ORD-04062,2024-09-18,Standing Desk,Furniture,549.99,4,10,1979.96,Japan,Paid Ads,Cancelled,18,Male
ORD-04063,2024-08-02,Running Shoes,Sports,119.99,3,15,305.97,Canada,Organic,Returned,25,Female
ORD-04064,2023-07-16,Wireless Mouse,Electronics,29.99,1,20,23.99,Australia,Referral,Shipped,59,Other
ORD-04065,2023-06-08,Webcam HD,Electronics,89.99,3,0,269.97,Canada,Referral,Delivered,52,Other
ORD-04066,2023-08-09,Water Bottle,Sports,24.99,5,0,124.95,Brazil,Email,Shipped,53,Male
ORD-04067,2024-08-04,Air Fryer,Kitchen,129.99,5,20,519.96,France,Email,Cancelled,62,Male
ORD-04068,2023-03-26,Air Fryer,Kitchen,129.99,5,0,649.95,France,Organic,Returned,31,Male
ORD-04069,2023-11-04,Atomic Habits,Books,16.99,1,0,16.99,Australia,Paid Ads,Shipped,65,Male
ORD-04070,2024-01-19,The Lean Startup,Books,19.99,4,5,75.96,Brazil,Organic,Delivered,38,Female
ORD-04071,2023-10-07,Bookshelf,Furniture,189.99,1,0,189.99,Germany,Referral,Delivered,43,Male
ORD-04072,2024-09-21,Bookshelf,Furniture,189.99,4,20,607.97,France,Direct,Returned,43,Other
ORD-04073,2024-12-18,4K Monitor,Electronics,499.99,4,0,1999.96,USA,Direct,Delivered,65,Male
ORD-04074,2024-02-09,Instant Pot,Kitchen,99.99,3,10,269.97,UK,Organic,Processing,62,Male
ORD-04075,2024-12-28,The Lean Startup,Books,19.99,3,5,56.97,Brazil,Direct,Cancelled,61,Male
ORD-04076,2024-05-28,Office Chair,Furniture,299.99,1,0,299.99,UK,Social Media,Delivered,64,Other
ORD-04077,2024-11-03,Running Shoes,Sports,119.99,5,0,599.95,USA,Direct,Shipped,47,Female
ORD-04078,2023-11-24,Atomic Habits,Books,16.99,2,0,33.98,Canada,Email,Delivered,44,Female
ORD-04079,2023-08-11,Coffee Maker,Kitchen,89.99,3,5,256.47,Brazil,Direct,Processing,35,Female
ORD-04080,2024-02-09,Laptop Pro 15,Electronics,1299.99,4,10,4679.96,USA,Email,Returned,39,Male
ORD-04081,2024-11-13,Deep Work,Books,18.99,5,0,94.95,UK,Email,Shipped,41,Female
ORD-04082,2023-03-12,4K Monitor,Electronics,499.99,5,15,2124.96,France,Social Media,Delivered,37,Other
ORD-04083,2023-06-19,Protein Powder,Sports,54.99,2,15,93.48,UK,Email,Delivered,57,Other
ORD-04084,2023-07-02,The Lean Startup,Books,19.99,2,10,35.98,Australia,Direct,Processing,48,Female
ORD-04085,2024-03-26,Desk Lamp,Furniture,44.99,4,0,179.96,Japan,Social Media,Processing,20,Female
ORD-04086,2023-01-20,Office Chair,Furniture,299.99,3,0,899.97,France,Direct,Returned,63,Male
ORD-04087,2024-10-15,Water Bottle,Sports,24.99,2,20,39.98,Japan,Referral,Shipped,60,Female
ORD-04088,2023-04-15,Protein Powder,Sports,54.99,4,20,175.97,Canada,Paid Ads,Cancelled,18,Other
ORD-04089,2023-09-30,Sunscreen SPF50,Beauty,22.99,5,20,91.96,USA,Email,Shipped,62,Male
ORD-04090,2023-11-02,Mechanical Keyboard,Electronics,149.99,3,0,449.97,Australia,Referral,Shipped,47,Male
ORD-04091,2023-02-22,Blender Pro,Kitchen,74.99,1,0,74.99,UK,Social Media,Cancelled,34,Female
ORD-04092,2024-04-10,Yoga Mat,Sports,39.99,3,10,107.97,France,Paid Ads,Cancelled,22,Other
ORD-04093,2023-09-26,Instant Pot,Kitchen,99.99,5,5,474.95,Canada,Paid Ads,Delivered,41,Female
ORD-04094,2024-05-27,Protein Powder,Sports,54.99,4,0,219.96,UK,Paid Ads,Delivered,35,Other
ORD-04095,2024-10-11,Python Crash Course,Books,34.99,3,0,104.97,Japan,Referral,Delivered,59,Female
ORD-04096,2024-04-23,Running Shoes,Sports,119.99,5,15,509.96,Australia,Paid Ads,Delivered,27,Other
ORD-04097,2024-01-11,Office Chair,Furniture,299.99,3,10,809.97,USA,Direct,Cancelled,55,Female
ORD-04098,2024-05-12,Skincare Set,Beauty,59.99,5,0,299.95,Brazil,Social Media,Processing,24,Other
ORD-04099,2024-02-23,Standing Desk,Furniture,549.99,1,0,549.99,France,Direct,Cancelled,25,Male
ORD-04100,2024-02-25,Webcam HD,Electronics,89.99,2,0,179.98,France,Email,Delivered,37,Male
ORD-04101,2024-04-21,Mechanical Keyboard,Electronics,149.99,3,5,427.47,Brazil,Direct,Cancelled,24,Female
ORD-04102,2024-05-19,Blender Pro,Kitchen,74.99,5,5,356.2,Germany,Social Media,Delivered,53,Female
ORD-04103,2024-12-31,Protein Powder,Sports,54.99,5,0,274.95,USA,Referral,Cancelled,31,Female
ORD-04104,2023-10-18,Office Chair,Furniture,299.99,4,0,1199.96,UK,Email,Delivered,30,Other
ORD-04105,2024-02-02,Mechanical Keyboard,Electronics,149.99,1,0,149.99,Brazil,Social Media,Processing,61,Male
ORD-04106,2024-11-05,Wireless Mouse,Electronics,29.99,1,5,28.49,USA,Email,Shipped,54,Other
ORD-04107,2023-10-04,Deep Work,Books,18.99,1,5,18.04,Japan,Direct,Processing,29,Other
ORD-04108,2023-11-17,Protein Powder,Sports,54.99,1,5,52.24,Canada,Organic,Cancelled,41,Other
ORD-04109,2023-08-31,Blender Pro,Kitchen,74.99,5,20,299.96,Japan,Email,Shipped,61,Male
ORD-04110,2023-12-28,Running Shoes,Sports,119.99,4,5,455.96,Germany,Social Media,Cancelled,40,Other
ORD-04111,2024-06-23,Coffee Maker,Kitchen,89.99,4,0,359.96,Brazil,Organic,Shipped,26,Male
ORD-04112,2024-06-30,Atomic Habits,Books,16.99,2,0,33.98,UK,Paid Ads,Delivered,40,Male
ORD-04113,2023-07-18,Coffee Maker,Kitchen,89.99,1,0,89.99,France,Paid Ads,Delivered,56,Female
ORD-04114,2023-11-14,Webcam HD,Electronics,89.99,4,15,305.97,France,Referral,Delivered,45,Female
ORD-04115,2024-11-19,Yoga Mat,Sports,39.99,3,5,113.97,Japan,Email,Returned,22,Other
ORD-04116,2023-10-02,The Lean Startup,Books,19.99,1,0,19.99,USA,Direct,Delivered,47,Other
ORD-04117,2023-08-22,Office Chair,Furniture,299.99,4,20,959.97,Australia,Referral,Returned,27,Female
ORD-04118,2023-01-26,The Lean Startup,Books,19.99,2,20,31.98,Australia,Paid Ads,Cancelled,44,Male
ORD-04119,2024-04-27,Deep Work,Books,18.99,3,15,48.42,UK,Paid Ads,Processing,51,Female
ORD-04120,2024-03-15,Deep Work,Books,18.99,1,0,18.99,Canada,Direct,Delivered,30,Male
ORD-04121,2023-03-19,Dumbbells Set,Sports,79.99,2,0,159.98,Canada,Email,Delivered,24,Other
ORD-04122,2024-05-15,Air Fryer,Kitchen,129.99,5,10,584.96,Canada,Social Media,Returned,57,Female
ORD-04123,2024-02-08,Sunscreen SPF50,Beauty,22.99,3,5,65.52,France,Direct,Cancelled,35,Female
ORD-04124,2024-01-17,Instant Pot,Kitchen,99.99,2,0,199.98,Australia,Direct,Returned,38,Female
ORD-04125,2023-10-21,USB-C Hub,Electronics,49.99,1,10,44.99,UK,Direct,Processing,60,Other
ORD-04126,2023-12-17,USB-C Hub,Electronics,49.99,2,5,94.98,Brazil,Paid Ads,Processing,19,Other
ORD-04127,2023-12-13,4K Monitor,Electronics,499.99,1,0,499.99,UK,Direct,Processing,31,Female
ORD-04128,2024-03-15,The Lean Startup,Books,19.99,3,20,47.98,UK,Referral,Returned,35,Female
ORD-04129,2023-03-24,Dumbbells Set,Sports,79.99,4,15,271.97,Canada,Paid Ads,Delivered,22,Female
ORD-04130,2024-11-08,The Lean Startup,Books,19.99,2,0,39.98,Germany,Social Media,Delivered,21,Male
ORD-04131,2023-04-24,Webcam HD,Electronics,89.99,4,0,359.96,Germany,Email,Delivered,30,Male
ORD-04132,2024-06-04,Python Crash Course,Books,34.99,4,0,139.96,Brazil,Email,Delivered,64,Other
ORD-04133,2023-01-11,Bookshelf,Furniture,189.99,4,5,721.96,UK,Referral,Delivered,47,Female
ORD-04134,2023-05-28,Skincare Set,Beauty,59.99,5,0,299.95,USA,Email,Shipped,59,Female
ORD-04135,2024-12-06,USB-C Hub,Electronics,49.99,4,0,199.96,UK,Email,Delivered,20,Female
ORD-04136,2024-07-12,The Lean Startup,Books,19.99,5,5,94.95,USA,Direct,Delivered,24,Other
ORD-04137,2024-02-04,Deep Work,Books,18.99,2,0,37.98,Germany,Direct,Delivered,42,Female
ORD-04138,2024-11-01,Protein Powder,Sports,54.99,4,0,219.96,Japan,Email,Delivered,24,Other
ORD-04139,2024-09-19,USB-C Hub,Electronics,49.99,4,0,199.96,Australia,Direct,Cancelled,32,Other
ORD-04140,2024-11-29,Laptop Pro 15,Electronics,1299.99,4,20,4159.97,France,Referral,Delivered,54,Other
ORD-04141,2024-12-27,Sunscreen SPF50,Beauty,22.99,4,15,78.17,USA,Paid Ads,Delivered,26,Female
ORD-04142,2024-11-08,Mechanical Keyboard,Electronics,149.99,5,5,712.45,USA,Organic,Processing,22,Other
ORD-04143,2024-01-18,Atomic Habits,Books,16.99,5,0,84.95,Germany,Email,Processing,27,Other
ORD-04144,2024-02-05,Desk Lamp,Furniture,44.99,1,5,42.74,France,Paid Ads,Delivered,39,Male
ORD-04145,2023-03-10,Coffee Maker,Kitchen,89.99,2,15,152.98,Japan,Direct,Delivered,39,Male
ORD-04146,2024-02-16,Laptop Pro 15,Electronics,1299.99,2,0,2599.98,UK,Email,Processing,65,Male
ORD-04147,2024-07-17,Instant Pot,Kitchen,99.99,5,5,474.95,Australia,Social Media,Processing,18,Male
ORD-04148,2024-09-09,Yoga Mat,Sports,39.99,2,20,63.98,Australia,Referral,Delivered,50,Female
ORD-04149,2023-07-16,Blender Pro,Kitchen,74.99,5,15,318.71,UK,Organic,Shipped,41,Female
ORD-04150,2023-09-03,Protein Powder,Sports,54.99,1,5,52.24,France,Social Media,Delivered,42,Other
ORD-04151,2023-08-11,Sunscreen SPF50,Beauty,22.99,3,0,68.97,USA,Paid Ads,Cancelled,23,Female
ORD-04152,2023-02-18,Sunscreen SPF50,Beauty,22.99,1,0,22.99,Germany,Paid Ads,Delivered,54,Female
ORD-04153,2024-01-12,The Lean Startup,Books,19.99,5,15,84.96,Brazil,Referral,Processing,18,Male
ORD-04154,2023-12-14,Sunscreen SPF50,Beauty,22.99,5,5,109.2,UK,Email,Shipped,23,Female
ORD-04155,2024-12-17,Laptop Pro 15,Electronics,1299.99,2,0,2599.98,Australia,Email,Processing,46,Male
ORD-04156,2024-08-09,Water Bottle,Sports,24.99,1,0,24.99,France,Direct,Shipped,18,Female
ORD-04157,2023-04-06,Standing Desk,Furniture,549.99,3,10,1484.97,Germany,Direct,Cancelled,53,Other
ORD-04158,2023-11-25,Running Shoes,Sports,119.99,2,5,227.98,Japan,Referral,Delivered,25,Other
ORD-04159,2024-04-09,Sunscreen SPF50,Beauty,22.99,4,5,87.36,Brazil,Direct,Shipped,21,Male
ORD-04160,2024-02-02,Dumbbells Set,Sports,79.99,2,0,159.98,Australia,Direct,Returned,63,Other
ORD-04161,2024-04-10,Blender Pro,Kitchen,74.99,2,20,119.98,UK,Direct,Returned,48,Male
ORD-04162,2023-02-15,Yoga Mat,Sports,39.99,2,0,79.98,France,Referral,Returned,44,Other
ORD-04163,2024-04-07,Protein Powder,Sports,54.99,4,0,219.96,Australia,Organic,Returned,18,Female
ORD-04164,2024-07-09,Dumbbells Set,Sports,79.99,5,20,319.96,USA,Referral,Delivered,62,Female
ORD-04165,2023-08-11,Mechanical Keyboard,Electronics,149.99,5,0,749.95,Australia,Email,Delivered,39,Female
ORD-04166,2023-06-16,Python Crash Course,Books,34.99,1,5,33.24,Australia,Referral,Cancelled,37,Female
ORD-04167,2024-02-28,Mechanical Keyboard,Electronics,149.99,1,0,149.99,USA,Email,Processing,48,Female
ORD-04168,2023-11-11,Desk Lamp,Furniture,44.99,3,0,134.97,Australia,Email,Delivered,47,Male
ORD-04169,2024-06-08,Deep Work,Books,18.99,4,0,75.96,Canada,Email,Cancelled,54,Male
ORD-04170,2023-10-31,The Lean Startup,Books,19.99,3,0,59.97,USA,Paid Ads,Processing,18,Other
ORD-04171,2024-06-03,Dumbbells Set,Sports,79.99,4,10,287.96,Australia,Direct,Shipped,18,Female
ORD-04172,2024-01-24,Skincare Set,Beauty,59.99,5,15,254.96,Canada,Direct,Cancelled,44,Male
ORD-04173,2023-08-12,The Lean Startup,Books,19.99,2,5,37.98,Brazil,Organic,Processing,46,Female
ORD-04174,2024-04-12,Desk Lamp,Furniture,44.99,5,0,224.95,Brazil,Organic,Returned,59,Male
ORD-04175,2024-08-06,Deep Work,Books,18.99,4,0,75.96,Japan,Paid Ads,Shipped,47,Other
ORD-04176,2023-07-08,Skincare Set,Beauty,59.99,4,0,239.96,UK,Organic,Shipped,33,Female
ORD-04177,2023-05-07,4K Monitor,Electronics,499.99,5,10,2249.95,Japan,Paid Ads,Delivered,60,Male
ORD-04178,2024-02-21,Atomic Habits,Books,16.99,2,0,33.98,Germany,Paid Ads,Delivered,30,Other
ORD-04179,2023-09-05,Wireless Mouse,Electronics,29.99,2,0,59.98,Germany,Social Media,Delivered,42,Male
ORD-04180,2024-02-15,Instant Pot,Kitchen,99.99,1,20,79.99,Japan,Referral,Delivered,63,Male
ORD-04181,2024-11-27,Laptop Pro 15,Electronics,1299.99,4,10,4679.96,Australia,Direct,Delivered,30,Female
ORD-04182,2024-03-24,Atomic Habits,Books,16.99,4,0,67.96,Canada,Referral,Delivered,23,Male
ORD-04183,2024-06-01,Protein Powder,Sports,54.99,2,5,104.48,USA,Organic,Returned,42,Female
ORD-04184,2023-09-17,The Lean Startup,Books,19.99,5,0,99.95,France,Referral,Shipped,39,Male
ORD-04185,2023-04-20,Mechanical Keyboard,Electronics,149.99,5,15,637.46,USA,Social Media,Delivered,41,Female
ORD-04186,2023-11-15,4K Monitor,Electronics,499.99,5,20,1999.96,USA,Social Media,Delivered,46,Female
ORD-04187,2023-11-06,4K Monitor,Electronics,499.99,3,0,1499.97,USA,Email,Processing,45,Other
ORD-04188,2024-06-26,Air Fryer,Kitchen,129.99,4,10,467.96,Japan,Organic,Cancelled,29,Male
ORD-04189,2023-08-23,Skincare Set,Beauty,59.99,5,0,299.95,Canada,Organic,Delivered,22,Female
ORD-04190,2023-02-05,USB-C Hub,Electronics,49.99,5,15,212.46,Australia,Referral,Shipped,44,Male
ORD-04191,2024-08-29,Sunscreen SPF50,Beauty,22.99,5,15,97.71,Canada,Referral,Returned,48,Other
ORD-04192,2024-06-21,Sunscreen SPF50,Beauty,22.99,4,0,91.96,Brazil,Paid Ads,Returned,62,Male
ORD-04193,2023-09-15,Webcam HD,Electronics,89.99,3,10,242.97,Australia,Email,Delivered,54,Male
ORD-04194,2024-04-30,Blender Pro,Kitchen,74.99,5,5,356.2,France,Social Media,Delivered,45,Male
ORD-04195,2023-08-29,Running Shoes,Sports,119.99,2,10,215.98,USA,Email,Delivered,19,Female
ORD-04196,2023-03-22,Instant Pot,Kitchen,99.99,1,0,99.99,Brazil,Social Media,Delivered,61,Male
ORD-04197,2023-06-03,Laptop Pro 15,Electronics,1299.99,2,15,2209.98,Canada,Direct,Cancelled,59,Male
ORD-04198,2023-03-26,Skincare Set,Beauty,59.99,4,0,239.96,France,Social Media,Delivered,22,Female
ORD-04199,2023-10-10,The Lean Startup,Books,19.99,4,10,71.96,Canada,Direct,Returned,62,Male
ORD-04200,2023-02-26,Dumbbells Set,Sports,79.99,4,5,303.96,Canada,Email,Delivered,59,Other
ORD-04201,2023-01-19,Sunscreen SPF50,Beauty,22.99,1,0,22.99,Canada,Email,Cancelled,61,Other
ORD-04202,2024-04-03,Dumbbells Set,Sports,79.99,3,0,239.97,USA,Paid Ads,Returned,64,Female
ORD-04203,2023-02-26,Python Crash Course,Books,34.99,5,20,139.96,Australia,Social Media,Cancelled,52,Male
ORD-04204,2023-07-26,Laptop Pro 15,Electronics,1299.99,5,0,6499.95,Brazil,Paid Ads,Delivered,62,Other
ORD-04205,2023-08-10,Standing Desk,Furniture,549.99,5,15,2337.46,USA,Email,Delivered,23,Female
ORD-04206,2023-12-10,Desk Lamp,Furniture,44.99,5,0,224.95,Germany,Paid Ads,Shipped,49,Male
ORD-04207,2023-10-02,Skincare Set,Beauty,59.99,5,0,299.95,UK,Referral,Cancelled,47,Male
ORD-04208,2023-04-08,Office Chair,Furniture,299.99,1,15,254.99,UK,Referral,Shipped,49,Other
ORD-04209,2024-05-09,Blender Pro,Kitchen,74.99,2,0,149.98,Canada,Social Media,Delivered,54,Male
ORD-04210,2023-02-17,Mechanical Keyboard,Electronics,149.99,5,0,749.95,Australia,Paid Ads,Delivered,32,Other
ORD-04211,2023-06-02,Deep Work,Books,18.99,4,20,60.77,USA,Social Media,Processing,59,Male
ORD-04212,2024-05-03,Deep Work,Books,18.99,3,10,51.27,Canada,Referral,Delivered,39,Other
ORD-04213,2024-10-08,Office Chair,Furniture,299.99,3,20,719.98,UK,Organic,Shipped,31,Other
ORD-04214,2024-10-23,Desk Lamp,Furniture,44.99,1,0,44.99,Canada,Organic,Returned,47,Female
ORD-04215,2024-04-15,Water Bottle,Sports,24.99,1,20,19.99,France,Paid Ads,Delivered,53,Female
ORD-04216,2023-09-01,Deep Work,Books,18.99,4,0,75.96,Japan,Paid Ads,Delivered,56,Male
ORD-04217,2024-06-13,Atomic Habits,Books,16.99,2,15,28.88,UK,Paid Ads,Delivered,59,Other
ORD-04218,2024-04-26,Skincare Set,Beauty,59.99,4,0,239.96,Japan,Direct,Returned,47,Female
ORD-04219,2023-06-25,Sunscreen SPF50,Beauty,22.99,3,0,68.97,Germany,Direct,Delivered,30,Other
ORD-04220,2023-12-17,Water Bottle,Sports,24.99,5,5,118.7,Brazil,Paid Ads,Processing,42,Female
ORD-04221,2024-05-02,Mechanical Keyboard,Electronics,149.99,3,5,427.47,France,Paid Ads,Processing,61,Other
ORD-04222,2023-02-14,Webcam HD,Electronics,89.99,5,10,404.95,USA,Paid Ads,Delivered,52,Other
ORD-04223,2023-01-20,Air Fryer,Kitchen,129.99,3,0,389.97,France,Email,Processing,44,Male
ORD-04224,2024-10-03,Laptop Pro 15,Electronics,1299.99,1,10,1169.99,France,Organic,Processing,22,Female
ORD-04225,2024-12-16,Office Chair,Furniture,299.99,4,0,1199.96,Brazil,Email,Delivered,36,Male
ORD-04226,2024-02-20,Standing Desk,Furniture,549.99,2,0,1099.98,Australia,Social Media,Processing,27,Male
ORD-04227,2023-08-15,Bookshelf,Furniture,189.99,5,0,949.95,USA,Referral,Returned,23,Other
ORD-04228,2023-10-02,Air Fryer,Kitchen,129.99,1,0,129.99,Australia,Paid Ads,Shipped,33,Male
ORD-04229,2024-12-28,Mechanical Keyboard,Electronics,149.99,4,0,599.96,Canada,Email,Delivered,22,Female
ORD-04230,2024-05-18,Protein Powder,Sports,54.99,4,10,197.96,USA,Organic,Cancelled,22,Other
ORD-04231,2023-09-30,4K Monitor,Electronics,499.99,5,20,1999.96,Germany,Paid Ads,Delivered,57,Other
ORD-04232,2023-10-07,Desk Lamp,Furniture,44.99,3,0,134.97,Canada,Referral,Processing,58,Male
ORD-04233,2024-10-24,Sunscreen SPF50,Beauty,22.99,3,10,62.07,Japan,Direct,Shipped,62,Female
ORD-04234,2024-05-03,USB-C Hub,Electronics,49.99,3,0,149.97,USA,Paid Ads,Delivered,45,Male
ORD-04235,2023-11-05,Desk Lamp,Furniture,44.99,2,5,85.48,Australia,Organic,Delivered,64,Male
ORD-04236,2023-05-27,Coffee Maker,Kitchen,89.99,5,0,449.95,USA,Direct,Cancelled,21,Female
ORD-04237,2023-11-04,Desk Lamp,Furniture,44.99,4,0,179.96,France,Social Media,Delivered,46,Other
ORD-04238,2024-05-15,Yoga Mat,Sports,39.99,3,0,119.97,France,Direct,Delivered,63,Female
ORD-04239,2023-06-30,Air Fryer,Kitchen,129.99,2,0,259.98,Japan,Referral,Shipped,56,Male
ORD-04240,2024-12-23,Skincare Set,Beauty,59.99,1,15,50.99,Japan,Email,Delivered,35,Other
ORD-04241,2023-08-19,Coffee Maker,Kitchen,89.99,2,0,179.98,Germany,Direct,Processing,43,Other
ORD-04242,2023-01-20,Dumbbells Set,Sports,79.99,3,20,191.98,Germany,Direct,Returned,60,Other
ORD-04243,2023-07-07,Instant Pot,Kitchen,99.99,3,0,299.97,Brazil,Referral,Cancelled,32,Female
ORD-04244,2024-04-12,Running Shoes,Sports,119.99,2,20,191.98,UK,Paid Ads,Delivered,19,Female
ORD-04245,2023-08-27,Dumbbells Set,Sports,79.99,3,0,239.97,Germany,Organic,Delivered,32,Female
ORD-04246,2023-11-14,Mechanical Keyboard,Electronics,149.99,2,0,299.98,France,Email,Delivered,19,Other
ORD-04247,2024-08-06,Atomic Habits,Books,16.99,3,0,50.97,Brazil,Paid Ads,Delivered,33,Male
ORD-04248,2023-12-22,Wireless Mouse,Electronics,29.99,3,0,89.97,Japan,Organic,Delivered,33,Male
ORD-04249,2023-12-01,Mechanical Keyboard,Electronics,149.99,1,5,142.49,UK,Social Media,Delivered,38,Other
ORD-04250,2024-05-25,Wireless Mouse,Electronics,29.99,5,0,149.95,USA,Social Media,Delivered,27,Other
ORD-04251,2024-12-04,Blender Pro,Kitchen,74.99,3,0,224.97,Japan,Social Media,Delivered,23,Other
ORD-04252,2024-09-27,Webcam HD,Electronics,89.99,3,20,215.98,Australia,Organic,Delivered,38,Male
ORD-04253,2024-06-06,Wireless Mouse,Electronics,29.99,4,20,95.97,UK,Referral,Delivered,33,Other
ORD-04254,2023-12-20,Laptop Pro 15,Electronics,1299.99,3,15,3314.97,Germany,Direct,Cancelled,37,Other
ORD-04255,2023-09-18,Sunscreen SPF50,Beauty,22.99,1,10,20.69,Brazil,Organic,Delivered,62,Female
ORD-04256,2023-11-18,Office Chair,Furniture,299.99,4,0,1199.96,Japan,Email,Returned,32,Male
ORD-04257,2024-06-11,Air Fryer,Kitchen,129.99,2,0,259.98,Japan,Paid Ads,Delivered,45,Male
ORD-04258,2024-02-25,4K Monitor,Electronics,499.99,1,15,424.99,Australia,Direct,Shipped,33,Female
ORD-04259,2023-05-15,Laptop Pro 15,Electronics,1299.99,1,5,1234.99,Japan,Organic,Delivered,20,Female
ORD-04260,2023-06-07,Wireless Mouse,Electronics,29.99,3,10,80.97,Japan,Referral,Returned,40,Other
ORD-04261,2024-10-29,Bookshelf,Furniture,189.99,5,5,902.45,Brazil,Organic,Delivered,30,Other
ORD-04262,2023-08-09,Instant Pot,Kitchen,99.99,4,0,399.96,USA,Direct,Returned,55,Male
ORD-04263,2023-04-22,Wireless Mouse,Electronics,29.99,1,0,29.99,Japan,Direct,Delivered,21,Other
ORD-04264,2023-08-10,Coffee Maker,Kitchen,89.99,2,5,170.98,UK,Referral,Processing,31,Male
ORD-04265,2023-10-15,Standing Desk,Furniture,549.99,1,5,522.49,Germany,Referral,Processing,25,Female
ORD-04266,2024-06-04,Python Crash Course,Books,34.99,5,15,148.71,Australia,Organic,Processing,61,Female
ORD-04267,2024-03-06,Coffee Maker,Kitchen,89.99,1,0,89.99,USA,Direct,Processing,42,Female
ORD-04268,2024-02-14,Sunscreen SPF50,Beauty,22.99,5,10,103.45,Canada,Email,Shipped,29,Other
ORD-04269,2023-02-05,Laptop Pro 15,Electronics,1299.99,4,0,5199.96,Brazil,Paid Ads,Returned,18,Other
ORD-04270,2024-10-15,Atomic Habits,Books,16.99,1,15,14.44,France,Email,Delivered,58,Male
ORD-04271,2024-04-14,Running Shoes,Sports,119.99,3,5,341.97,France,Organic,Shipped,51,Male
ORD-04272,2024-12-30,Sunscreen SPF50,Beauty,22.99,1,10,20.69,Germany,Organic,Returned,43,Other
ORD-04273,2024-03-30,The Lean Startup,Books,19.99,5,10,89.95,Australia,Organic,Cancelled,34,Female
ORD-04274,2023-10-18,Coffee Maker,Kitchen,89.99,5,0,449.95,Japan,Email,Delivered,34,Female
ORD-04275,2024-05-07,Dumbbells Set,Sports,79.99,5,0,399.95,Japan,Email,Processing,50,Other
ORD-04276,2024-03-03,Desk Lamp,Furniture,44.99,3,0,134.97,Australia,Email,Delivered,23,Female
ORD-04277,2023-11-08,Office Chair,Furniture,299.99,4,0,1199.96,Australia,Direct,Processing,41,Female
ORD-04278,2023-08-01,Water Bottle,Sports,24.99,2,20,39.98,UK,Referral,Delivered,58,Other
ORD-04279,2024-03-25,Running Shoes,Sports,119.99,5,0,599.95,USA,Direct,Delivered,26,Female
ORD-04280,2024-06-25,Office Chair,Furniture,299.99,4,0,1199.96,Germany,Paid Ads,Returned,48,Other
ORD-04281,2024-05-03,Python Crash Course,Books,34.99,2,0,69.98,Germany,Organic,Shipped,49,Other
ORD-04282,2024-07-24,Python Crash Course,Books,34.99,1,10,31.49,Canada,Email,Delivered,41,Female
ORD-04283,2024-07-14,Python Crash Course,Books,34.99,2,0,69.98,UK,Paid Ads,Delivered,60,Male
ORD-04284,2023-05-22,Office Chair,Furniture,299.99,3,0,899.97,Australia,Organic,Cancelled,21,Female
ORD-04285,2023-10-30,Deep Work,Books,18.99,1,10,17.09,USA,Direct,Processing,55,Other
ORD-04286,2023-08-02,Deep Work,Books,18.99,4,5,72.16,Brazil,Paid Ads,Processing,50,Female
ORD-04287,2023-05-19,Water Bottle,Sports,24.99,4,0,99.96,Japan,Paid Ads,Delivered,30,Female
ORD-04288,2023-09-12,The Lean Startup,Books,19.99,2,20,31.98,USA,Organic,Delivered,55,Male
ORD-04289,2023-10-26,Yoga Mat,Sports,39.99,3,0,119.97,France,Referral,Delivered,19,Female
ORD-04290,2024-12-09,Instant Pot,Kitchen,99.99,3,0,299.97,Brazil,Referral,Processing,59,Female
ORD-04291,2023-11-18,Dumbbells Set,Sports,79.99,4,20,255.97,Japan,Paid Ads,Processing,57,Female
ORD-04292,2024-12-10,Running Shoes,Sports,119.99,3,0,359.97,Japan,Paid Ads,Delivered,39,Male
ORD-04293,2024-04-08,Sunscreen SPF50,Beauty,22.99,3,15,58.62,Japan,Organic,Delivered,28,Male
ORD-04294,2023-09-13,Wireless Mouse,Electronics,29.99,2,0,59.98,France,Organic,Delivered,42,Other
ORD-04295,2024-04-24,Desk Lamp,Furniture,44.99,1,0,44.99,Australia,Organic,Cancelled,41,Other
ORD-04296,2024-07-31,Skincare Set,Beauty,59.99,1,20,47.99,France,Organic,Processing,58,Male
ORD-04297,2024-06-03,Laptop Pro 15,Electronics,1299.99,3,0,3899.97,Japan,Email,Shipped,20,Other
ORD-04298,2024-07-09,Mechanical Keyboard,Electronics,149.99,2,0,299.98,Canada,Email,Processing,53,Female
ORD-04299,2023-10-10,Python Crash Course,Books,34.99,5,0,174.95,Japan,Paid Ads,Shipped,23,Female
ORD-04300,2023-05-24,Python Crash Course,Books,34.99,4,10,125.96,Australia,Referral,Returned,36,Female
ORD-04301,2023-11-07,4K Monitor,Electronics,499.99,1,0,499.99,Canada,Social Media,Cancelled,53,Male
ORD-04302,2023-09-15,Atomic Habits,Books,16.99,5,20,67.96,Japan,Paid Ads,Cancelled,22,Male
ORD-04303,2024-04-17,Yoga Mat,Sports,39.99,4,0,159.96,France,Social Media,Delivered,32,Male
ORD-04304,2023-04-23,Atomic Habits,Books,16.99,1,15,14.44,Canada,Email,Cancelled,42,Other
ORD-04305,2024-08-24,Mechanical Keyboard,Electronics,149.99,3,20,359.98,UK,Referral,Returned,33,Other
ORD-04306,2024-08-10,Bookshelf,Furniture,189.99,1,5,180.49,UK,Organic,Delivered,47,Male
ORD-04307,2024-05-28,Deep Work,Books,18.99,1,20,15.19,UK,Referral,Returned,57,Male
ORD-04308,2023-11-19,Standing Desk,Furniture,549.99,5,0,2749.95,France,Direct,Shipped,44,Other
ORD-04309,2024-07-19,Blender Pro,Kitchen,74.99,2,0,149.98,UK,Organic,Delivered,34,Male
ORD-04310,2023-10-15,USB-C Hub,Electronics,49.99,2,20,79.98,UK,Referral,Delivered,25,Other
ORD-04311,2024-10-10,Mechanical Keyboard,Electronics,149.99,3,0,449.97,Australia,Organic,Cancelled,63,Male
ORD-04312,2023-06-10,Protein Powder,Sports,54.99,1,5,52.24,USA,Social Media,Delivered,46,Male
ORD-04313,2024-05-29,Office Chair,Furniture,299.99,4,0,1199.96,France,Organic,Returned,42,Female
ORD-04314,2023-04-13,Water Bottle,Sports,24.99,5,5,118.7,Germany,Organic,Delivered,30,Male
ORD-04315,2023-09-26,Office Chair,Furniture,299.99,4,0,1199.96,Australia,Email,Delivered,27,Female
ORD-04316,2023-12-02,Blender Pro,Kitchen,74.99,4,10,269.96,France,Organic,Shipped,64,Female
ORD-04317,2023-01-28,Yoga Mat,Sports,39.99,2,20,63.98,Brazil,Social Media,Delivered,57,Other
ORD-04318,2024-08-17,Coffee Maker,Kitchen,89.99,5,5,427.45,USA,Referral,Delivered,33,Other
ORD-04319,2023-04-20,Instant Pot,Kitchen,99.99,2,5,189.98,France,Organic,Delivered,58,Female
ORD-04320,2023-11-04,USB-C Hub,Electronics,49.99,1,20,39.99,Japan,Organic,Delivered,28,Female
ORD-04321,2024-04-06,Office Chair,Furniture,299.99,2,0,599.98,USA,Social Media,Shipped,43,Male
ORD-04322,2023-03-31,Blender Pro,Kitchen,74.99,1,0,74.99,USA,Referral,Processing,43,Other
ORD-04323,2023-12-07,Water Bottle,Sports,24.99,4,20,79.97,UK,Paid Ads,Delivered,32,Female
ORD-04324,2023-02-08,Standing Desk,Furniture,549.99,3,0,1649.97,USA,Social Media,Shipped,36,Other
ORD-04325,2024-02-14,Desk Lamp,Furniture,44.99,5,0,224.95,Japan,Direct,Cancelled,55,Other
ORD-04326,2024-08-28,Dumbbells Set,Sports,79.99,5,0,399.95,UK,Email,Delivered,59,Male
ORD-04327,2024-02-20,Mechanical Keyboard,Electronics,149.99,1,0,149.99,Brazil,Email,Delivered,22,Female
ORD-04328,2024-05-12,Sunscreen SPF50,Beauty,22.99,2,15,39.08,Brazil,Social Media,Processing,37,Other
ORD-04329,2023-07-22,Running Shoes,Sports,119.99,1,5,113.99,UK,Organic,Delivered,46,Male
ORD-04330,2024-08-10,Instant Pot,Kitchen,99.99,4,20,319.97,USA,Organic,Delivered,57,Male
ORD-04331,2023-06-24,USB-C Hub,Electronics,49.99,3,0,149.97,France,Organic,Returned,40,Female
ORD-04332,2024-08-29,Bookshelf,Furniture,189.99,4,0,759.96,Germany,Paid Ads,Delivered,60,Other
ORD-04333,2024-06-15,Water Bottle,Sports,24.99,5,15,106.21,Japan,Direct,Delivered,41,Male
ORD-04334,2023-08-23,Deep Work,Books,18.99,1,5,18.04,USA,Paid Ads,Cancelled,32,Female
ORD-04335,2023-09-07,Laptop Pro 15,Electronics,1299.99,1,0,1299.99,Canada,Email,Cancelled,43,Female
ORD-04336,2023-08-08,Skincare Set,Beauty,59.99,4,15,203.97,UK,Direct,Processing,48,Other
ORD-04337,2024-04-12,Yoga Mat,Sports,39.99,1,5,37.99,Germany,Referral,Returned,37,Female
ORD-04338,2024-12-12,4K Monitor,Electronics,499.99,3,10,1349.97,Brazil,Direct,Cancelled,27,Male
ORD-04339,2024-07-27,Office Chair,Furniture,299.99,5,5,1424.95,Australia,Direct,Delivered,57,Male
ORD-04340,2024-05-05,Blender Pro,Kitchen,74.99,4,10,269.96,Brazil,Direct,Delivered,34,Other
ORD-04341,2023-03-22,Yoga Mat,Sports,39.99,3,10,107.97,Germany,Organic,Returned,48,Other
ORD-04342,2024-02-04,Desk Lamp,Furniture,44.99,1,5,42.74,USA,Social Media,Delivered,53,Other
ORD-04343,2023-04-14,Python Crash Course,Books,34.99,2,20,55.98,Australia,Email,Processing,26,Male
ORD-04344,2023-05-05,Standing Desk,Furniture,549.99,2,0,1099.98,USA,Email,Cancelled,55,Other
ORD-04345,2024-09-19,Running Shoes,Sports,119.99,3,20,287.98,France,Email,Delivered,43,Male
ORD-04346,2024-08-29,Atomic Habits,Books,16.99,5,5,80.7,USA,Organic,Delivered,60,Other
ORD-04347,2024-10-23,Protein Powder,Sports,54.99,3,5,156.72,USA,Paid Ads,Processing,63,Male
ORD-04348,2023-09-14,Blender Pro,Kitchen,74.99,2,5,142.48,UK,Direct,Processing,43,Female
ORD-04349,2024-08-20,4K Monitor,Electronics,499.99,3,0,1499.97,Canada,Referral,Returned,59,Male
ORD-04350,2023-12-04,Laptop Pro 15,Electronics,1299.99,5,0,6499.95,Japan,Organic,Delivered,21,Other
ORD-04351,2023-03-24,Mechanical Keyboard,Electronics,149.99,1,0,149.99,Australia,Email,Delivered,44,Male
ORD-04352,2024-08-22,Desk Lamp,Furniture,44.99,2,10,80.98,France,Social Media,Returned,65,Other
ORD-04353,2024-10-03,The Lean Startup,Books,19.99,1,0,19.99,UK,Paid Ads,Delivered,21,Other
ORD-04354,2024-07-23,The Lean Startup,Books,19.99,2,15,33.98,Germany,Referral,Returned,37,Other
ORD-04355,2024-01-20,Deep Work,Books,18.99,5,0,94.95,Japan,Email,Delivered,30,Other
ORD-04356,2023-08-12,USB-C Hub,Electronics,49.99,1,0,49.99,France,Referral,Delivered,49,Other
ORD-04357,2024-04-22,Air Fryer,Kitchen,129.99,2,15,220.98,Japan,Social Media,Delivered,64,Female
ORD-04358,2023-03-13,Coffee Maker,Kitchen,89.99,2,0,179.98,UK,Referral,Processing,26,Male
ORD-04359,2023-01-22,Bookshelf,Furniture,189.99,2,20,303.98,UK,Referral,Cancelled,43,Female
ORD-04360,2023-05-05,Python Crash Course,Books,34.99,4,0,139.96,Germany,Organic,Delivered,30,Female
ORD-04361,2023-09-26,Sunscreen SPF50,Beauty,22.99,1,15,19.54,Japan,Referral,Delivered,45,Other
ORD-04362,2023-07-13,Protein Powder,Sports,54.99,5,10,247.45,UK,Email,Returned,47,Female
ORD-04363,2023-10-08,Laptop Pro 15,Electronics,1299.99,2,0,2599.98,Germany,Referral,Cancelled,22,Other
ORD-04364,2024-08-08,Skincare Set,Beauty,59.99,2,15,101.98,Canada,Social Media,Delivered,52,Male
ORD-04365,2024-10-12,Standing Desk,Furniture,549.99,4,0,2199.96,Canada,Email,Processing,33,Female
ORD-04366,2024-08-20,Dumbbells Set,Sports,79.99,5,20,319.96,Australia,Paid Ads,Delivered,38,Male
ORD-04367,2024-09-21,Bookshelf,Furniture,189.99,3,0,569.97,France,Direct,Processing,35,Male
ORD-04368,2024-10-06,Bookshelf,Furniture,189.99,5,5,902.45,UK,Organic,Delivered,37,Male
ORD-04369,2023-08-15,Wireless Mouse,Electronics,29.99,4,0,119.96,USA,Referral,Cancelled,51,Male
ORD-04370,2023-11-25,Atomic Habits,Books,16.99,4,5,64.56,UK,Social Media,Delivered,62,Female
ORD-04371,2024-08-31,Blender Pro,Kitchen,74.99,1,20,59.99,Japan,Direct,Delivered,48,Other
ORD-04372,2024-05-05,Coffee Maker,Kitchen,89.99,1,0,89.99,Australia,Referral,Delivered,62,Male
ORD-04373,2023-01-17,Instant Pot,Kitchen,99.99,3,5,284.97,Germany,Email,Delivered,25,Female
ORD-04374,2023-07-02,Skincare Set,Beauty,59.99,4,5,227.96,USA,Paid Ads,Delivered,30,Female
ORD-04375,2024-06-04,Water Bottle,Sports,24.99,1,10,22.49,USA,Paid Ads,Processing,38,Female
ORD-04376,2024-11-04,Coffee Maker,Kitchen,89.99,5,10,404.95,Brazil,Email,Returned,32,Other
ORD-04377,2024-04-11,Deep Work,Books,18.99,2,10,34.18,Australia,Email,Returned,55,Female
ORD-04378,2023-12-21,USB-C Hub,Electronics,49.99,5,15,212.46,Canada,Social Media,Cancelled,46,Female
ORD-04379,2024-11-29,USB-C Hub,Electronics,49.99,1,0,49.99,Brazil,Direct,Delivered,43,Female
ORD-04380,2023-01-13,Running Shoes,Sports,119.99,5,5,569.95,Canada,Social Media,Shipped,59,Female
ORD-04381,2024-03-17,Mechanical Keyboard,Electronics,149.99,1,0,149.99,Australia,Referral,Delivered,64,Male
ORD-04382,2023-07-30,Running Shoes,Sports,119.99,1,20,95.99,USA,Referral,Delivered,41,Female
ORD-04383,2023-09-13,Wireless Mouse,Electronics,29.99,5,15,127.46,Canada,Referral,Delivered,58,Female
ORD-04384,2024-10-14,Atomic Habits,Books,16.99,2,10,30.58,Brazil,Paid Ads,Returned,28,Male
ORD-04385,2023-02-10,Python Crash Course,Books,34.99,5,10,157.46,Germany,Organic,Delivered,58,Female
ORD-04386,2023-08-24,Instant Pot,Kitchen,99.99,4,0,399.96,France,Referral,Delivered,27,Male
ORD-04387,2023-01-03,Python Crash Course,Books,34.99,2,0,69.98,UK,Referral,Shipped,19,Other
ORD-04388,2023-10-30,4K Monitor,Electronics,499.99,5,5,2374.95,France,Direct,Delivered,45,Other
ORD-04389,2023-06-14,Python Crash Course,Books,34.99,5,15,148.71,Japan,Paid Ads,Cancelled,43,Female
ORD-04390,2023-03-09,Webcam HD,Electronics,89.99,5,15,382.46,Australia,Social Media,Delivered,23,Other
ORD-04391,2024-12-27,Laptop Pro 15,Electronics,1299.99,1,0,1299.99,UK,Organic,Processing,25,Other
ORD-04392,2023-11-07,Instant Pot,Kitchen,99.99,5,20,399.96,France,Direct,Delivered,26,Female
ORD-04393,2023-06-27,Running Shoes,Sports,119.99,1,0,119.99,Germany,Email,Delivered,46,Male
ORD-04394,2023-05-13,Yoga Mat,Sports,39.99,3,0,119.97,Canada,Direct,Cancelled,51,Male
ORD-04395,2023-01-03,Instant Pot,Kitchen,99.99,2,15,169.98,France,Direct,Delivered,58,Female
ORD-04396,2023-07-22,Desk Lamp,Furniture,44.99,3,20,107.98,Germany,Referral,Delivered,45,Other
ORD-04397,2023-05-25,Atomic Habits,Books,16.99,1,20,13.59,UK,Email,Cancelled,43,Male
ORD-04398,2023-05-07,Bookshelf,Furniture,189.99,4,10,683.96,Japan,Referral,Shipped,64,Other
ORD-04399,2023-11-09,Laptop Pro 15,Electronics,1299.99,2,0,2599.98,USA,Social Media,Delivered,35,Female
ORD-04400,2023-03-07,Laptop Pro 15,Electronics,1299.99,4,0,5199.96,Japan,Email,Delivered,55,Female
ORD-04401,2023-01-05,Laptop Pro 15,Electronics,1299.99,5,0,6499.95,France,Direct,Delivered,53,Male
ORD-04402,2023-04-13,Protein Powder,Sports,54.99,1,5,52.24,Japan,Social Media,Delivered,55,Female
ORD-04403,2024-12-10,Webcam HD,Electronics,89.99,5,0,449.95,Canada,Social Media,Delivered,25,Female
ORD-04404,2023-01-07,Protein Powder,Sports,54.99,1,15,46.74,Japan,Referral,Processing,63,Female
ORD-04405,2023-04-12,Skincare Set,Beauty,59.99,2,0,119.98,Australia,Paid Ads,Cancelled,39,Female
ORD-04406,2023-06-13,Instant Pot,Kitchen,99.99,2,15,169.98,Canada,Paid Ads,Cancelled,53,Male
ORD-04407,2023-11-29,The Lean Startup,Books,19.99,5,0,99.95,Brazil,Direct,Shipped,58,Female
ORD-04408,2023-08-29,Office Chair,Furniture,299.99,3,15,764.97,USA,Direct,Returned,63,Female
ORD-04409,2024-05-23,Standing Desk,Furniture,549.99,2,0,1099.98,Germany,Referral,Delivered,20,Male
ORD-04410,2023-03-31,Mechanical Keyboard,Electronics,149.99,3,20,359.98,Canada,Social Media,Delivered,50,Other
ORD-04411,2024-03-21,Webcam HD,Electronics,89.99,4,5,341.96,Canada,Email,Delivered,32,Male
ORD-04412,2024-03-31,Dumbbells Set,Sports,79.99,5,10,359.95,USA,Paid Ads,Delivered,34,Female
ORD-04413,2024-06-30,The Lean Startup,Books,19.99,1,15,16.99,Brazil,Organic,Returned,52,Female
ORD-04414,2023-03-11,Water Bottle,Sports,24.99,2,0,49.98,Germany,Social Media,Cancelled,39,Other
ORD-04415,2023-10-30,Blender Pro,Kitchen,74.99,3,10,202.47,Canada,Organic,Delivered,65,Female
ORD-04416,2024-07-31,Bookshelf,Furniture,189.99,4,0,759.96,Brazil,Email,Processing,56,Male
ORD-04417,2023-04-20,Blender Pro,Kitchen,74.99,2,20,119.98,Brazil,Referral,Returned,53,Male
ORD-04418,2023-01-19,Instant Pot,Kitchen,99.99,3,20,239.98,Australia,Email,Shipped,27,Female
ORD-04419,2023-09-14,Protein Powder,Sports,54.99,1,0,54.99,Japan,Organic,Processing,54,Female
ORD-04420,2024-06-27,Deep Work,Books,18.99,4,0,75.96,UK,Social Media,Cancelled,28,Male
ORD-04421,2023-04-30,Sunscreen SPF50,Beauty,22.99,2,0,45.98,Japan,Direct,Processing,56,Female
ORD-04422,2023-03-04,Laptop Pro 15,Electronics,1299.99,5,0,6499.95,France,Email,Shipped,61,Other
ORD-04423,2023-03-14,4K Monitor,Electronics,499.99,5,15,2124.96,Germany,Organic,Cancelled,49,Female
ORD-04424,2024-02-04,Mechanical Keyboard,Electronics,149.99,1,15,127.49,Germany,Direct,Returned,54,Other
ORD-04425,2024-10-16,Python Crash Course,Books,34.99,5,20,139.96,Canada,Email,Delivered,58,Female
ORD-04426,2024-12-13,Standing Desk,Furniture,549.99,1,20,439.99,Germany,Paid Ads,Processing,61,Female
ORD-04427,2024-07-07,The Lean Startup,Books,19.99,3,20,47.98,Canada,Referral,Delivered,64,Other
ORD-04428,2024-07-28,Coffee Maker,Kitchen,89.99,5,5,427.45,UK,Referral,Returned,34,Male
ORD-04429,2024-08-12,Desk Lamp,Furniture,44.99,4,15,152.97,Germany,Organic,Cancelled,54,Male
ORD-04430,2024-10-22,Laptop Pro 15,Electronics,1299.99,4,0,5199.96,Brazil,Referral,Delivered,57,Other
ORD-04431,2024-09-18,Skincare Set,Beauty,59.99,3,20,143.98,France,Social Media,Shipped,61,Other
ORD-04432,2024-11-06,Dumbbells Set,Sports,79.99,3,0,239.97,UK,Organic,Shipped,43,Other
ORD-04433,2023-06-24,Skincare Set,Beauty,59.99,4,0,239.96,Japan,Direct,Returned,39,Female
ORD-04434,2024-10-31,Yoga Mat,Sports,39.99,3,20,95.98,Brazil,Social Media,Processing,24,Other
ORD-04435,2024-02-05,Laptop Pro 15,Electronics,1299.99,3,0,3899.97,Australia,Referral,Cancelled,50,Male
ORD-04436,2024-09-17,The Lean Startup,Books,19.99,3,15,50.97,USA,Email,Returned,56,Other
ORD-04437,2024-08-09,Bookshelf,Furniture,189.99,3,10,512.97,Australia,Email,Processing,32,Other
ORD-04438,2024-05-23,Protein Powder,Sports,54.99,4,15,186.97,UK,Email,Shipped,51,Female
ORD-04439,2023-08-12,Water Bottle,Sports,24.99,1,5,23.74,Germany,Organic,Shipped,59,Other
ORD-04440,2023-04-11,Blender Pro,Kitchen,74.99,4,5,284.96,Japan,Organic,Cancelled,58,Male
ORD-04441,2023-11-20,Blender Pro,Kitchen,74.99,1,15,63.74,USA,Email,Processing,52,Male
ORD-04442,2024-02-02,Deep Work,Books,18.99,2,0,37.98,Germany,Paid Ads,Cancelled,63,Other
ORD-04443,2023-11-26,Water Bottle,Sports,24.99,1,0,24.99,Germany,Email,Processing,55,Other
ORD-04444,2023-12-15,4K Monitor,Electronics,499.99,5,0,2499.95,USA,Direct,Delivered,32,Male
ORD-04445,2023-05-22,Blender Pro,Kitchen,74.99,4,0,299.96,Germany,Paid Ads,Shipped,33,Female
ORD-04446,2024-12-12,Blender Pro,Kitchen,74.99,3,20,179.98,UK,Social Media,Processing,46,Male
ORD-04447,2023-09-26,Coffee Maker,Kitchen,89.99,1,0,89.99,Canada,Paid Ads,Delivered,35,Female
ORD-04448,2024-05-13,USB-C Hub,Electronics,49.99,3,5,142.47,Australia,Organic,Processing,33,Other
ORD-04449,2024-01-01,Protein Powder,Sports,54.99,3,0,164.97,Brazil,Organic,Delivered,20,Male
ORD-04450,2024-02-25,Mechanical Keyboard,Electronics,149.99,4,0,599.96,UK,Paid Ads,Shipped,37,Female
ORD-04451,2024-01-05,Deep Work,Books,18.99,3,20,45.58,Brazil,Email,Delivered,28,Male
ORD-04452,2024-07-18,Deep Work,Books,18.99,2,15,32.28,UK,Direct,Delivered,48,Other
ORD-04453,2023-01-15,Bookshelf,Furniture,189.99,3,0,569.97,Brazil,Direct,Shipped,24,Male
ORD-04454,2023-06-22,4K Monitor,Electronics,499.99,5,15,2124.96,Germany,Direct,Cancelled,58,Male
ORD-04455,2024-01-09,Standing Desk,Furniture,549.99,3,0,1649.97,Japan,Referral,Cancelled,40,Male
ORD-04456,2024-11-18,Laptop Pro 15,Electronics,1299.99,3,0,3899.97,Australia,Social Media,Returned,39,Other
ORD-04457,2023-12-07,Wireless Mouse,Electronics,29.99,2,5,56.98,Germany,Direct,Delivered,45,Male
ORD-04458,2024-05-26,Python Crash Course,Books,34.99,4,20,111.97,France,Paid Ads,Delivered,59,Male
ORD-04459,2024-05-14,Bookshelf,Furniture,189.99,2,10,341.98,USA,Social Media,Cancelled,44,Male
ORD-04460,2023-01-30,The Lean Startup,Books,19.99,2,15,33.98,Germany,Email,Processing,42,Other
ORD-04461,2024-11-07,4K Monitor,Electronics,499.99,4,10,1799.96,USA,Paid Ads,Cancelled,29,Male
ORD-04462,2023-03-05,Deep Work,Books,18.99,4,0,75.96,Australia,Direct,Delivered,43,Male
ORD-04463,2024-04-13,Sunscreen SPF50,Beauty,22.99,5,0,114.95,Japan,Direct,Shipped,19,Other
ORD-04464,2023-03-10,Protein Powder,Sports,54.99,1,0,54.99,USA,Organic,Delivered,55,Male
ORD-04465,2023-09-16,Water Bottle,Sports,24.99,5,0,124.95,Brazil,Email,Processing,48,Male
ORD-04466,2023-04-28,Standing Desk,Furniture,549.99,2,15,934.98,UK,Referral,Cancelled,30,Other
ORD-04467,2023-09-01,Sunscreen SPF50,Beauty,22.99,2,10,41.38,UK,Direct,Processing,28,Other
ORD-04468,2024-01-22,Air Fryer,Kitchen,129.99,5,0,649.95,UK,Organic,Returned,39,Male
ORD-04469,2023-01-26,Python Crash Course,Books,34.99,1,0,34.99,Canada,Email,Delivered,21,Other
ORD-04470,2023-05-09,4K Monitor,Electronics,499.99,5,0,2499.95,Brazil,Email,Cancelled,35,Male
ORD-04471,2024-04-09,Sunscreen SPF50,Beauty,22.99,1,0,22.99,France,Referral,Processing,38,Female
ORD-04472,2024-07-08,Atomic Habits,Books,16.99,4,20,54.37,Canada,Referral,Delivered,21,Female
ORD-04473,2023-07-18,4K Monitor,Electronics,499.99,2,15,849.98,USA,Organic,Delivered,44,Other
ORD-04474,2024-07-20,Wireless Mouse,Electronics,29.99,3,0,89.97,Japan,Direct,Shipped,41,Other
ORD-04475,2024-08-16,Protein Powder,Sports,54.99,2,15,93.48,France,Email,Shipped,18,Other
ORD-04476,2024-03-02,Instant Pot,Kitchen,99.99,1,15,84.99,Japan,Social Media,Shipped,27,Other
ORD-04477,2024-10-04,Dumbbells Set,Sports,79.99,3,0,239.97,Australia,Email,Delivered,46,Other
ORD-04478,2024-04-21,Instant Pot,Kitchen,99.99,3,5,284.97,Brazil,Referral,Processing,34,Male
ORD-04479,2024-03-28,Laptop Pro 15,Electronics,1299.99,5,0,6499.95,Japan,Social Media,Shipped,47,Female
ORD-04480,2023-02-24,Bookshelf,Furniture,189.99,1,0,189.99,Brazil,Paid Ads,Processing,37,Male
ORD-04481,2024-02-13,The Lean Startup,Books,19.99,1,20,15.99,Canada,Referral,Returned,27,Female
ORD-04482,2024-12-04,Skincare Set,Beauty,59.99,1,15,50.99,Japan,Social Media,Delivered,46,Male
ORD-04483,2023-01-02,Protein Powder,Sports,54.99,2,20,87.98,Brazil,Organic,Cancelled,51,Female
ORD-04484,2023-02-04,Protein Powder,Sports,54.99,4,15,186.97,Japan,Referral,Processing,18,Male
ORD-04485,2023-03-18,Instant Pot,Kitchen,99.99,4,5,379.96,France,Email,Returned,54,Female
ORD-04486,2024-10-13,USB-C Hub,Electronics,49.99,2,5,94.98,Germany,Organic,Delivered,34,Male
ORD-04487,2024-07-24,Blender Pro,Kitchen,74.99,3,0,224.97,Australia,Direct,Cancelled,35,Male
ORD-04488,2024-02-13,Laptop Pro 15,Electronics,1299.99,1,10,1169.99,UK,Referral,Processing,61,Female
ORD-04489,2024-07-23,Laptop Pro 15,Electronics,1299.99,5,5,6174.95,USA,Direct,Delivered,48,Male
ORD-04490,2024-12-09,The Lean Startup,Books,19.99,4,5,75.96,UK,Social Media,Delivered,20,Female
ORD-04491,2024-04-23,Air Fryer,Kitchen,129.99,1,15,110.49,USA,Email,Returned,36,Male
ORD-04492,2023-10-19,Yoga Mat,Sports,39.99,2,5,75.98,Australia,Direct,Shipped,56,Female
ORD-04493,2024-04-08,Instant Pot,Kitchen,99.99,2,15,169.98,France,Email,Delivered,60,Male
ORD-04494,2023-12-02,USB-C Hub,Electronics,49.99,1,0,49.99,USA,Organic,Cancelled,48,Male
ORD-04495,2023-04-19,Python Crash Course,Books,34.99,5,15,148.71,Australia,Organic,Cancelled,29,Male
ORD-04496,2024-01-17,Wireless Mouse,Electronics,29.99,2,0,59.98,France,Referral,Shipped,28,Other
ORD-04497,2024-10-03,Yoga Mat,Sports,39.99,5,0,199.95,USA,Organic,Delivered,61,Male
ORD-04498,2024-09-26,Python Crash Course,Books,34.99,3,10,94.47,Brazil,Social Media,Cancelled,47,Other
ORD-04499,2024-12-10,Air Fryer,Kitchen,129.99,3,15,331.47,Germany,Referral,Shipped,38,Other
ORD-04500,2024-04-07,Skincare Set,Beauty,59.99,3,0,179.97,Canada,Social Media,Delivered,42,Other
ORD-04501,2024-11-25,Blender Pro,Kitchen,74.99,5,20,299.96,France,Direct,Cancelled,28,Male
ORD-04502,2023-10-16,USB-C Hub,Electronics,49.99,4,0,199.96,UK,Social Media,Returned,64,Male
ORD-04503,2024-03-27,Water Bottle,Sports,24.99,1,20,19.99,Australia,Organic,Delivered,33,Female
ORD-04504,2024-09-19,Sunscreen SPF50,Beauty,22.99,2,20,36.78,Brazil,Email,Returned,43,Other
ORD-04505,2024-08-10,Sunscreen SPF50,Beauty,22.99,5,5,109.2,Japan,Referral,Delivered,65,Other
ORD-04506,2024-01-21,Sunscreen SPF50,Beauty,22.99,1,20,18.39,Australia,Social Media,Shipped,23,Female
ORD-04507,2023-11-05,Coffee Maker,Kitchen,89.99,1,20,71.99,Australia,Referral,Delivered,57,Other
ORD-04508,2024-02-05,The Lean Startup,Books,19.99,5,0,99.95,France,Social Media,Processing,57,Male
ORD-04509,2024-06-11,Wireless Mouse,Electronics,29.99,2,20,47.98,Australia,Referral,Shipped,28,Female
ORD-04510,2023-02-16,Blender Pro,Kitchen,74.99,3,5,213.72,France,Social Media,Delivered,19,Other
ORD-04511,2024-09-24,Deep Work,Books,18.99,5,5,90.2,Germany,Paid Ads,Delivered,41,Male
ORD-04512,2023-11-21,4K Monitor,Electronics,499.99,4,15,1699.97,UK,Organic,Delivered,23,Other
ORD-04513,2023-02-28,Instant Pot,Kitchen,99.99,5,0,499.95,UK,Referral,Delivered,44,Other
ORD-04514,2024-03-10,The Lean Startup,Books,19.99,5,10,89.95,Australia,Referral,Delivered,28,Male
ORD-04515,2023-09-06,Office Chair,Furniture,299.99,5,5,1424.95,UK,Referral,Cancelled,31,Male
ORD-04516,2024-11-05,Desk Lamp,Furniture,44.99,2,15,76.48,France,Direct,Returned,52,Male
ORD-04517,2023-02-10,4K Monitor,Electronics,499.99,2,15,849.98,Japan,Social Media,Delivered,40,Other
ORD-04518,2024-05-22,Blender Pro,Kitchen,74.99,2,0,149.98,Australia,Social Media,Delivered,52,Male
ORD-04519,2024-08-11,The Lean Startup,Books,19.99,4,20,63.97,UK,Direct,Processing,27,Male
ORD-04520,2023-10-16,Python Crash Course,Books,34.99,3,10,94.47,France,Email,Delivered,42,Male
ORD-04521,2023-10-29,Webcam HD,Electronics,89.99,5,0,449.95,Brazil,Organic,Shipped,64,Other
ORD-04522,2023-09-16,Blender Pro,Kitchen,74.99,4,20,239.97,Canada,Organic,Delivered,45,Male
ORD-04523,2024-04-14,Webcam HD,Electronics,89.99,4,0,359.96,USA,Social Media,Delivered,27,Other
ORD-04524,2023-07-05,Bookshelf,Furniture,189.99,4,20,607.97,Japan,Referral,Processing,51,Other
ORD-04525,2024-09-25,Desk Lamp,Furniture,44.99,5,10,202.46,Brazil,Email,Delivered,36,Female
ORD-04526,2023-12-04,The Lean Startup,Books,19.99,3,5,56.97,France,Organic,Delivered,35,Male
ORD-04527,2023-04-29,Coffee Maker,Kitchen,89.99,2,15,152.98,Germany,Email,Delivered,62,Female
ORD-04528,2024-09-08,Bookshelf,Furniture,189.99,2,15,322.98,Brazil,Social Media,Cancelled,22,Other
ORD-04529,2024-08-18,Running Shoes,Sports,119.99,3,5,341.97,Germany,Referral,Processing,19,Male
ORD-04530,2023-06-06,Dumbbells Set,Sports,79.99,5,0,399.95,France,Email,Processing,33,Female
ORD-04531,2024-11-16,Office Chair,Furniture,299.99,4,0,1199.96,UK,Social Media,Shipped,53,Female
ORD-04532,2023-05-20,Instant Pot,Kitchen,99.99,2,15,169.98,Germany,Organic,Returned,47,Male
ORD-04533,2024-11-04,Bookshelf,Furniture,189.99,3,10,512.97,France,Referral,Delivered,38,Male
ORD-04534,2023-04-15,Standing Desk,Furniture,549.99,1,0,549.99,Canada,Email,Cancelled,37,Male
ORD-04535,2023-09-12,Wireless Mouse,Electronics,29.99,2,20,47.98,Brazil,Direct,Delivered,59,Other
ORD-04536,2024-05-18,USB-C Hub,Electronics,49.99,5,5,237.45,Canada,Social Media,Delivered,47,Female
ORD-04537,2024-03-04,Running Shoes,Sports,119.99,1,20,95.99,UK,Paid Ads,Cancelled,22,Male
ORD-04538,2024-07-10,Instant Pot,Kitchen,99.99,1,5,94.99,Canada,Referral,Shipped,52,Male
ORD-04539,2024-02-09,Bookshelf,Furniture,189.99,1,0,189.99,France,Social Media,Processing,50,Female
ORD-04540,2024-06-09,Standing Desk,Furniture,549.99,4,0,2199.96,Australia,Email,Delivered,63,Female
ORD-04541,2023-03-23,The Lean Startup,Books,19.99,1,0,19.99,Canada,Social Media,Delivered,22,Male
ORD-04542,2024-11-09,The Lean Startup,Books,19.99,5,5,94.95,Japan,Referral,Delivered,38,Other
ORD-04543,2023-10-07,Standing Desk,Furniture,549.99,5,15,2337.46,France,Paid Ads,Processing,50,Male
ORD-04544,2024-12-10,Atomic Habits,Books,16.99,3,5,48.42,USA,Social Media,Delivered,20,Male
ORD-04545,2023-03-23,Blender Pro,Kitchen,74.99,2,20,119.98,Canada,Referral,Processing,53,Female
ORD-04546,2023-04-04,Skincare Set,Beauty,59.99,2,0,119.98,Canada,Organic,Delivered,45,Female
ORD-04547,2024-06-19,Bookshelf,Furniture,189.99,3,0,569.97,Brazil,Direct,Shipped,52,Female
ORD-04548,2023-05-20,Bookshelf,Furniture,189.99,5,15,807.46,Australia,Paid Ads,Shipped,27,Other
ORD-04549,2024-04-18,Skincare Set,Beauty,59.99,4,0,239.96,Germany,Paid Ads,Delivered,50,Female
ORD-04550,2024-04-04,Atomic Habits,Books,16.99,2,20,27.18,France,Email,Delivered,65,Male
ORD-04551,2024-02-21,Webcam HD,Electronics,89.99,5,0,449.95,Germany,Social Media,Cancelled,58,Female
ORD-04552,2024-10-13,Instant Pot,Kitchen,99.99,3,5,284.97,Germany,Social Media,Shipped,29,Male
ORD-04553,2024-10-27,4K Monitor,Electronics,499.99,4,5,1899.96,USA,Organic,Delivered,39,Male
ORD-04554,2023-12-14,The Lean Startup,Books,19.99,3,15,50.97,Brazil,Paid Ads,Delivered,26,Female
ORD-04555,2023-08-14,Skincare Set,Beauty,59.99,2,0,119.98,Australia,Email,Delivered,37,Other
ORD-04556,2023-06-17,Dumbbells Set,Sports,79.99,1,20,63.99,Canada,Social Media,Delivered,39,Female
ORD-04557,2024-02-25,The Lean Startup,Books,19.99,5,15,84.96,Germany,Referral,Returned,46,Female
ORD-04558,2024-10-26,Wireless Mouse,Electronics,29.99,3,0,89.97,UK,Email,Shipped,53,Other
ORD-04559,2023-03-12,Office Chair,Furniture,299.99,5,5,1424.95,France,Email,Returned,59,Female
ORD-04560,2023-08-27,The Lean Startup,Books,19.99,4,20,63.97,Australia,Email,Processing,18,Female
ORD-04561,2023-10-13,The Lean Startup,Books,19.99,3,15,50.97,Japan,Email,Cancelled,32,Male
ORD-04562,2023-07-11,Instant Pot,Kitchen,99.99,2,10,179.98,UK,Direct,Delivered,36,Other
ORD-04563,2024-09-08,Protein Powder,Sports,54.99,3,10,148.47,Brazil,Direct,Shipped,19,Male
ORD-04564,2024-11-06,Bookshelf,Furniture,189.99,2,0,379.98,France,Social Media,Processing,55,Other
ORD-04565,2023-10-13,Webcam HD,Electronics,89.99,4,0,359.96,USA,Email,Shipped,19,Other
ORD-04566,2024-07-22,Coffee Maker,Kitchen,89.99,3,0,269.97,USA,Organic,Delivered,63,Male
ORD-04567,2023-08-19,Yoga Mat,Sports,39.99,5,10,179.96,USA,Direct,Delivered,33,Other
ORD-04568,2024-05-31,Python Crash Course,Books,34.99,1,20,27.99,Japan,Paid Ads,Processing,32,Male
ORD-04569,2023-12-31,Bookshelf,Furniture,189.99,5,10,854.96,USA,Social Media,Processing,22,Male
ORD-04570,2024-07-07,Blender Pro,Kitchen,74.99,1,0,74.99,Australia,Paid Ads,Delivered,47,Female
ORD-04571,2023-07-22,Protein Powder,Sports,54.99,4,5,208.96,USA,Paid Ads,Cancelled,59,Female
ORD-04572,2024-05-17,Webcam HD,Electronics,89.99,5,20,359.96,Brazil,Organic,Delivered,42,Female
ORD-04573,2024-09-14,Bookshelf,Furniture,189.99,5,0,949.95,Brazil,Direct,Processing,60,Female
ORD-04574,2023-12-28,Python Crash Course,Books,34.99,3,10,94.47,Australia,Referral,Processing,41,Female
ORD-04575,2023-01-27,Protein Powder,Sports,54.99,3,15,140.22,Germany,Direct,Cancelled,42,Male
ORD-04576,2024-07-30,Instant Pot,Kitchen,99.99,1,5,94.99,UK,Social Media,Processing,41,Female
ORD-04577,2023-03-18,Atomic Habits,Books,16.99,2,10,30.58,Australia,Paid Ads,Cancelled,38,Male
ORD-04578,2024-11-09,Office Chair,Furniture,299.99,2,20,479.98,USA,Email,Cancelled,51,Other
ORD-04579,2024-05-27,Webcam HD,Electronics,89.99,1,5,85.49,Australia,Organic,Returned,22,Other
ORD-04580,2024-10-06,Instant Pot,Kitchen,99.99,2,0,199.98,France,Social Media,Shipped,36,Other
ORD-04581,2023-10-30,Protein Powder,Sports,54.99,2,0,109.98,Germany,Organic,Returned,60,Male
ORD-04582,2024-04-29,Air Fryer,Kitchen,129.99,4,20,415.97,France,Email,Delivered,19,Other
ORD-04583,2024-07-14,4K Monitor,Electronics,499.99,3,0,1499.97,Germany,Direct,Delivered,61,Male
ORD-04584,2023-06-26,Skincare Set,Beauty,59.99,1,20,47.99,Canada,Direct,Delivered,36,Male
ORD-04585,2024-12-20,Webcam HD,Electronics,89.99,5,0,449.95,Japan,Paid Ads,Delivered,59,Male
ORD-04586,2024-08-12,Dumbbells Set,Sports,79.99,1,0,79.99,UK,Referral,Delivered,41,Other
ORD-04587,2024-11-06,Webcam HD,Electronics,89.99,3,5,256.47,Australia,Referral,Processing,21,Other
ORD-04588,2023-01-28,Water Bottle,Sports,24.99,4,10,89.96,France,Organic,Delivered,59,Male
ORD-04589,2023-06-07,Protein Powder,Sports,54.99,3,5,156.72,USA,Organic,Processing,56,Male
ORD-04590,2023-04-27,Running Shoes,Sports,119.99,3,15,305.97,Germany,Social Media,Returned,50,Other
ORD-04591,2024-01-11,Python Crash Course,Books,34.99,1,0,34.99,Germany,Referral,Returned,61,Other
ORD-04592,2024-03-18,Instant Pot,Kitchen,99.99,2,5,189.98,Japan,Referral,Shipped,23,Male
ORD-04593,2024-05-20,Yoga Mat,Sports,39.99,3,20,95.98,Canada,Organic,Returned,25,Male
ORD-04594,2023-01-27,Sunscreen SPF50,Beauty,22.99,2,10,41.38,UK,Direct,Cancelled,31,Other
ORD-04595,2023-03-27,Yoga Mat,Sports,39.99,1,0,39.99,France,Referral,Returned,37,Other
ORD-04596,2023-02-05,Webcam HD,Electronics,89.99,5,10,404.95,USA,Referral,Processing,59,Other
ORD-04597,2024-12-29,USB-C Hub,Electronics,49.99,5,5,237.45,Japan,Social Media,Returned,41,Male
ORD-04598,2023-07-12,Mechanical Keyboard,Electronics,149.99,5,0,749.95,USA,Referral,Delivered,22,Other
ORD-04599,2023-08-11,Running Shoes,Sports,119.99,3,5,341.97,Germany,Organic,Shipped,27,Male
ORD-04600,2024-03-17,Air Fryer,Kitchen,129.99,4,5,493.96,USA,Social Media,Cancelled,62,Male
ORD-04601,2024-05-10,USB-C Hub,Electronics,49.99,1,20,39.99,Germany,Direct,Processing,54,Male
ORD-04602,2024-09-25,Mechanical Keyboard,Electronics,149.99,5,20,599.96,Brazil,Social Media,Delivered,38,Male
ORD-04603,2023-04-25,Yoga Mat,Sports,39.99,2,20,63.98,Canada,Organic,Returned,33,Female
ORD-04604,2023-09-27,Deep Work,Books,18.99,3,5,54.12,USA,Email,Delivered,34,Other
ORD-04605,2024-05-01,Sunscreen SPF50,Beauty,22.99,4,0,91.96,USA,Direct,Shipped,47,Female
ORD-04606,2024-12-21,4K Monitor,Electronics,499.99,3,15,1274.97,Brazil,Paid Ads,Delivered,22,Female
ORD-04607,2023-08-02,Mechanical Keyboard,Electronics,149.99,4,0,599.96,Germany,Direct,Shipped,59,Other
ORD-04608,2023-03-20,USB-C Hub,Electronics,49.99,1,0,49.99,Brazil,Organic,Delivered,54,Other
ORD-04609,2024-01-24,Sunscreen SPF50,Beauty,22.99,2,0,45.98,Japan,Email,Returned,47,Male
ORD-04610,2023-01-14,Office Chair,Furniture,299.99,5,10,1349.96,France,Email,Processing,43,Female
ORD-04611,2024-12-03,Coffee Maker,Kitchen,89.99,2,20,143.98,Canada,Paid Ads,Delivered,62,Female
ORD-04612,2023-03-02,Laptop Pro 15,Electronics,1299.99,4,0,5199.96,Australia,Referral,Returned,18,Male
ORD-04613,2024-08-16,Python Crash Course,Books,34.99,1,0,34.99,USA,Referral,Shipped,30,Male
ORD-04614,2023-07-06,Running Shoes,Sports,119.99,3,0,359.97,USA,Email,Delivered,52,Female
ORD-04615,2023-10-28,Water Bottle,Sports,24.99,5,15,106.21,Germany,Referral,Cancelled,28,Male
ORD-04616,2024-04-24,Protein Powder,Sports,54.99,5,15,233.71,USA,Referral,Shipped,29,Male
ORD-04617,2024-06-21,Protein Powder,Sports,54.99,5,20,219.96,Canada,Direct,Delivered,53,Female
ORD-04618,2023-10-08,Office Chair,Furniture,299.99,3,20,719.98,UK,Paid Ads,Processing,25,Other
ORD-04619,2024-03-06,Laptop Pro 15,Electronics,1299.99,2,0,2599.98,Canada,Paid Ads,Shipped,49,Other
ORD-04620,2024-07-28,Running Shoes,Sports,119.99,5,15,509.96,Brazil,Paid Ads,Shipped,54,Other
ORD-04621,2023-07-17,4K Monitor,Electronics,499.99,2,10,899.98,USA,Organic,Delivered,62,Male
ORD-04622,2024-02-26,Dumbbells Set,Sports,79.99,4,0,319.96,France,Email,Shipped,35,Other
ORD-04623,2024-03-17,Skincare Set,Beauty,59.99,4,15,203.97,France,Organic,Shipped,32,Female
ORD-04624,2023-04-01,4K Monitor,Electronics,499.99,1,5,474.99,Germany,Organic,Shipped,39,Female
ORD-04625,2023-06-22,Deep Work,Books,18.99,4,5,72.16,Japan,Organic,Delivered,34,Female
ORD-04626,2024-06-09,Water Bottle,Sports,24.99,1,10,22.49,UK,Organic,Cancelled,35,Female
ORD-04627,2023-03-23,Office Chair,Furniture,299.99,4,0,1199.96,UK,Direct,Delivered,63,Male
ORD-04628,2024-12-20,Standing Desk,Furniture,549.99,1,0,549.99,Japan,Referral,Shipped,25,Male
ORD-04629,2023-11-11,Standing Desk,Furniture,549.99,1,20,439.99,Germany,Email,Delivered,23,Other
ORD-04630,2024-09-14,Webcam HD,Electronics,89.99,4,15,305.97,USA,Social Media,Delivered,39,Other
ORD-04631,2024-10-07,Dumbbells Set,Sports,79.99,4,0,319.96,France,Paid Ads,Cancelled,43,Other
ORD-04632,2023-09-10,Standing Desk,Furniture,549.99,5,20,2199.96,France,Paid Ads,Shipped,46,Male
ORD-04633,2023-10-01,Laptop Pro 15,Electronics,1299.99,2,0,2599.98,France,Direct,Cancelled,38,Female
ORD-04634,2023-12-13,Deep Work,Books,18.99,3,15,48.42,Japan,Email,Delivered,18,Male
ORD-04635,2023-01-08,USB-C Hub,Electronics,49.99,1,10,44.99,Japan,Direct,Delivered,27,Female
ORD-04636,2023-06-03,Yoga Mat,Sports,39.99,5,5,189.95,Brazil,Social Media,Cancelled,26,Other
ORD-04637,2023-04-12,Air Fryer,Kitchen,129.99,4,15,441.97,Germany,Email,Returned,51,Male
ORD-04638,2024-07-01,Office Chair,Furniture,299.99,1,10,269.99,Australia,Direct,Cancelled,46,Male
ORD-04639,2024-08-22,Running Shoes,Sports,119.99,3,0,359.97,UK,Email,Cancelled,41,Male
ORD-04640,2024-07-10,Mechanical Keyboard,Electronics,149.99,1,0,149.99,Japan,Direct,Returned,34,Male
ORD-04641,2023-09-04,Dumbbells Set,Sports,79.99,5,15,339.96,France,Referral,Delivered,30,Other
ORD-04642,2024-04-30,Desk Lamp,Furniture,44.99,1,0,44.99,Japan,Paid Ads,Returned,49,Other
ORD-04643,2023-12-05,Instant Pot,Kitchen,99.99,5,0,499.95,UK,Social Media,Returned,29,Other
ORD-04644,2023-12-30,Dumbbells Set,Sports,79.99,3,10,215.97,Japan,Email,Processing,39,Female
ORD-04645,2023-05-22,USB-C Hub,Electronics,49.99,4,20,159.97,Australia,Email,Delivered,48,Female
ORD-04646,2023-06-22,The Lean Startup,Books,19.99,1,0,19.99,UK,Email,Cancelled,63,Male
ORD-04647,2024-10-25,Desk Lamp,Furniture,44.99,2,0,89.98,France,Email,Processing,60,Female
ORD-04648,2024-12-14,Sunscreen SPF50,Beauty,22.99,3,10,62.07,Canada,Paid Ads,Delivered,61,Male
ORD-04649,2024-02-24,Instant Pot,Kitchen,99.99,2,10,179.98,Germany,Paid Ads,Shipped,35,Other
ORD-04650,2024-06-10,Coffee Maker,Kitchen,89.99,4,15,305.97,UK,Direct,Cancelled,20,Male
ORD-04651,2023-04-03,Desk Lamp,Furniture,44.99,1,5,42.74,UK,Paid Ads,Cancelled,63,Other
ORD-04652,2023-10-18,Air Fryer,Kitchen,129.99,3,5,370.47,Japan,Organic,Cancelled,65,Male
ORD-04653,2023-02-11,Dumbbells Set,Sports,79.99,5,0,399.95,France,Organic,Cancelled,36,Male
ORD-04654,2024-10-02,Instant Pot,Kitchen,99.99,2,0,199.98,Australia,Paid Ads,Returned,52,Male
ORD-04655,2024-10-17,Running Shoes,Sports,119.99,4,0,479.96,Brazil,Direct,Delivered,43,Other
ORD-04656,2024-05-18,Deep Work,Books,18.99,5,0,94.95,Germany,Organic,Delivered,44,Female
ORD-04657,2024-01-23,Dumbbells Set,Sports,79.99,4,15,271.97,Brazil,Organic,Returned,23,Female
ORD-04658,2024-06-14,Atomic Habits,Books,16.99,2,15,28.88,UK,Referral,Returned,47,Male
ORD-04659,2024-11-22,The Lean Startup,Books,19.99,5,0,99.95,UK,Direct,Delivered,49,Other
ORD-04660,2024-08-13,Mechanical Keyboard,Electronics,149.99,1,5,142.49,UK,Organic,Delivered,43,Female
ORD-04661,2023-09-18,Standing Desk,Furniture,549.99,1,0,549.99,Germany,Organic,Returned,54,Female
ORD-04662,2024-01-07,Water Bottle,Sports,24.99,2,15,42.48,France,Email,Delivered,64,Other
ORD-04663,2024-06-12,Atomic Habits,Books,16.99,3,15,43.32,Canada,Paid Ads,Shipped,64,Other
ORD-04664,2024-05-09,Water Bottle,Sports,24.99,5,15,106.21,Brazil,Email,Delivered,21,Female
ORD-04665,2024-07-27,Atomic Habits,Books,16.99,1,15,14.44,Canada,Social Media,Delivered,29,Female
ORD-04666,2023-04-08,Webcam HD,Electronics,89.99,1,20,71.99,USA,Referral,Delivered,28,Female
ORD-04667,2024-05-09,Deep Work,Books,18.99,5,0,94.95,Japan,Direct,Shipped,44,Other
ORD-04668,2023-01-20,4K Monitor,Electronics,499.99,5,5,2374.95,Australia,Direct,Returned,31,Other
ORD-04669,2023-08-09,Deep Work,Books,18.99,3,5,54.12,UK,Email,Delivered,43,Other
ORD-04670,2024-06-26,4K Monitor,Electronics,499.99,1,20,399.99,USA,Organic,Delivered,61,Other
ORD-04671,2024-04-28,Laptop Pro 15,Electronics,1299.99,5,20,5199.96,USA,Email,Delivered,33,Female
ORD-04672,2024-06-16,Sunscreen SPF50,Beauty,22.99,1,10,20.69,Japan,Direct,Cancelled,45,Other
ORD-04673,2023-08-19,Webcam HD,Electronics,89.99,1,5,85.49,USA,Referral,Processing,33,Female
ORD-04674,2024-05-31,Dumbbells Set,Sports,79.99,5,0,399.95,Japan,Email,Cancelled,37,Other
ORD-04675,2024-03-26,Bookshelf,Furniture,189.99,2,10,341.98,Japan,Social Media,Delivered,48,Female
ORD-04676,2024-11-20,Dumbbells Set,Sports,79.99,3,5,227.97,Australia,Email,Delivered,45,Female
ORD-04677,2024-02-09,Office Chair,Furniture,299.99,3,0,899.97,Canada,Referral,Delivered,46,Other
ORD-04678,2023-10-05,Python Crash Course,Books,34.99,4,10,125.96,Australia,Organic,Returned,20,Male
ORD-04679,2023-11-11,Protein Powder,Sports,54.99,2,20,87.98,Canada,Organic,Delivered,45,Male
ORD-04680,2024-02-11,Coffee Maker,Kitchen,89.99,2,0,179.98,Germany,Paid Ads,Returned,65,Female
ORD-04681,2024-11-10,Dumbbells Set,Sports,79.99,3,0,239.97,Australia,Email,Delivered,33,Male
ORD-04682,2024-09-18,Instant Pot,Kitchen,99.99,1,5,94.99,France,Organic,Cancelled,42,Male
ORD-04683,2023-12-10,USB-C Hub,Electronics,49.99,4,10,179.96,Australia,Paid Ads,Cancelled,27,Female
ORD-04684,2024-04-21,Standing Desk,Furniture,549.99,4,0,2199.96,UK,Paid Ads,Delivered,63,Other
ORD-04685,2023-07-24,Python Crash Course,Books,34.99,5,10,157.46,USA,Organic,Cancelled,40,Male
ORD-04686,2024-02-14,Skincare Set,Beauty,59.99,4,10,215.96,Germany,Paid Ads,Delivered,49,Female
ORD-04687,2023-08-25,Running Shoes,Sports,119.99,3,0,359.97,Canada,Referral,Delivered,62,Female
ORD-04688,2023-06-13,Sunscreen SPF50,Beauty,22.99,5,0,114.95,Brazil,Paid Ads,Returned,32,Female
ORD-04689,2024-11-21,Webcam HD,Electronics,89.99,2,0,179.98,Germany,Organic,Delivered,32,Male
ORD-04690,2024-04-27,Sunscreen SPF50,Beauty,22.99,1,0,22.99,France,Paid Ads,Cancelled,31,Female
ORD-04691,2023-02-04,Running Shoes,Sports,119.99,4,0,479.96,France,Paid Ads,Delivered,32,Male
ORD-04692,2024-11-30,Mechanical Keyboard,Electronics,149.99,5,20,599.96,Germany,Referral,Delivered,41,Female
ORD-04693,2024-10-11,Sunscreen SPF50,Beauty,22.99,1,0,22.99,Australia,Direct,Shipped,53,Other
ORD-04694,2023-01-13,Dumbbells Set,Sports,79.99,4,0,319.96,Brazil,Organic,Processing,51,Other
ORD-04695,2024-10-19,Air Fryer,Kitchen,129.99,3,20,311.98,UK,Email,Shipped,54,Other
ORD-04696,2024-01-30,Atomic Habits,Books,16.99,1,15,14.44,Japan,Social Media,Delivered,63,Female
ORD-04697,2023-11-11,Water Bottle,Sports,24.99,2,0,49.98,Australia,Email,Cancelled,62,Other
ORD-04698,2023-08-16,Desk Lamp,Furniture,44.99,5,15,191.21,Canada,Email,Delivered,19,Female
ORD-04699,2023-07-31,Instant Pot,Kitchen,99.99,2,15,169.98,Brazil,Paid Ads,Cancelled,56,Female
ORD-04700,2024-06-18,The Lean Startup,Books,19.99,3,10,53.97,Germany,Social Media,Cancelled,26,Other
ORD-04701,2024-07-23,Running Shoes,Sports,119.99,5,0,599.95,Germany,Referral,Shipped,57,Other
ORD-04702,2024-04-24,Blender Pro,Kitchen,74.99,5,20,299.96,Germany,Direct,Delivered,23,Other
ORD-04703,2024-01-17,Laptop Pro 15,Electronics,1299.99,2,0,2599.98,UK,Referral,Processing,41,Other
ORD-04704,2024-11-21,Bookshelf,Furniture,189.99,3,20,455.98,Australia,Organic,Cancelled,61,Other
ORD-04705,2023-01-31,4K Monitor,Electronics,499.99,3,0,1499.97,Japan,Email,Shipped,65,Other
ORD-04706,2024-06-20,Standing Desk,Furniture,549.99,1,5,522.49,Brazil,Paid Ads,Delivered,49,Female
ORD-04707,2024-04-27,USB-C Hub,Electronics,49.99,3,20,119.98,Japan,Paid Ads,Delivered,53,Other
ORD-04708,2024-01-02,Skincare Set,Beauty,59.99,5,0,299.95,USA,Paid Ads,Processing,39,Male
ORD-04709,2023-11-14,4K Monitor,Electronics,499.99,4,5,1899.96,Canada,Paid Ads,Delivered,38,Female
ORD-04710,2024-08-02,Sunscreen SPF50,Beauty,22.99,4,0,91.96,Brazil,Social Media,Delivered,54,Other
ORD-04711,2024-02-29,Yoga Mat,Sports,39.99,5,10,179.96,France,Referral,Delivered,56,Female
ORD-04712,2023-01-08,Running Shoes,Sports,119.99,5,10,539.95,Australia,Social Media,Returned,65,Female
ORD-04713,2024-02-29,Office Chair,Furniture,299.99,4,20,959.97,Australia,Paid Ads,Delivered,48,Male
ORD-04714,2024-06-09,Python Crash Course,Books,34.99,2,0,69.98,USA,Paid Ads,Cancelled,23,Male
ORD-04715,2024-11-09,4K Monitor,Electronics,499.99,4,0,1999.96,Japan,Direct,Shipped,32,Other
ORD-04716,2023-06-21,Office Chair,Furniture,299.99,4,15,1019.97,Brazil,Paid Ads,Cancelled,63,Male
ORD-04717,2023-06-24,Skincare Set,Beauty,59.99,2,0,119.98,Brazil,Social Media,Processing,31,Other
ORD-04718,2023-03-08,Bookshelf,Furniture,189.99,4,0,759.96,UK,Referral,Delivered,20,Other
ORD-04719,2023-01-11,Water Bottle,Sports,24.99,5,10,112.45,Japan,Email,Cancelled,64,Male
ORD-04720,2024-03-28,Running Shoes,Sports,119.99,2,5,227.98,France,Social Media,Returned,46,Other
ORD-04721,2024-08-07,Air Fryer,Kitchen,129.99,2,15,220.98,Brazil,Referral,Delivered,57,Female
ORD-04722,2024-10-07,Dumbbells Set,Sports,79.99,1,5,75.99,Japan,Organic,Returned,57,Other
ORD-04723,2023-01-24,Coffee Maker,Kitchen,89.99,2,5,170.98,UK,Email,Delivered,63,Other
ORD-04724,2024-11-08,Office Chair,Furniture,299.99,5,0,1499.95,USA,Social Media,Delivered,49,Male
ORD-04725,2023-10-06,Bookshelf,Furniture,189.99,4,10,683.96,France,Social Media,Shipped,31,Other
ORD-04726,2023-08-28,Atomic Habits,Books,16.99,4,20,54.37,USA,Direct,Returned,63,Female
ORD-04727,2023-05-14,The Lean Startup,Books,19.99,5,0,99.95,Australia,Email,Shipped,40,Male
ORD-04728,2024-07-20,Running Shoes,Sports,119.99,4,10,431.96,France,Direct,Shipped,46,Male
ORD-04729,2024-08-30,The Lean Startup,Books,19.99,5,10,89.95,Germany,Email,Delivered,33,Female
ORD-04730,2023-12-30,Wireless Mouse,Electronics,29.99,5,20,119.96,Japan,Referral,Delivered,57,Male
ORD-04731,2024-05-30,Wireless Mouse,Electronics,29.99,4,0,119.96,Australia,Organic,Delivered,33,Male
ORD-04732,2024-06-07,Deep Work,Books,18.99,5,20,75.96,Japan,Social Media,Shipped,56,Other
ORD-04733,2023-06-19,Dumbbells Set,Sports,79.99,2,0,159.98,Germany,Social Media,Delivered,51,Female
ORD-04734,2024-09-01,Protein Powder,Sports,54.99,2,0,109.98,Canada,Organic,Cancelled,40,Female
ORD-04735,2023-02-02,Yoga Mat,Sports,39.99,5,5,189.95,UK,Organic,Processing,52,Male
ORD-04736,2023-08-03,Protein Powder,Sports,54.99,3,5,156.72,France,Email,Shipped,18,Female
ORD-04737,2024-08-24,Wireless Mouse,Electronics,29.99,2,5,56.98,Japan,Social Media,Shipped,35,Female
ORD-04738,2024-03-16,Skincare Set,Beauty,59.99,5,0,299.95,UK,Email,Delivered,29,Male
ORD-04739,2023-04-29,Protein Powder,Sports,54.99,1,20,43.99,Germany,Direct,Processing,61,Female
ORD-04740,2024-12-16,Protein Powder,Sports,54.99,3,10,148.47,Japan,Direct,Processing,63,Other
ORD-04741,2023-03-13,Air Fryer,Kitchen,129.99,5,15,552.46,USA,Organic,Returned,37,Male
ORD-04742,2023-11-18,The Lean Startup,Books,19.99,5,0,99.95,Germany,Paid Ads,Delivered,26,Other
ORD-04743,2024-03-01,Instant Pot,Kitchen,99.99,4,0,399.96,UK,Paid Ads,Processing,38,Female
ORD-04744,2023-01-01,Sunscreen SPF50,Beauty,22.99,1,0,22.99,Australia,Email,Delivered,51,Male
ORD-04745,2023-04-19,Laptop Pro 15,Electronics,1299.99,1,0,1299.99,France,Social Media,Returned,47,Male
ORD-04746,2024-07-08,USB-C Hub,Electronics,49.99,3,10,134.97,USA,Email,Cancelled,59,Male
ORD-04747,2024-09-04,Water Bottle,Sports,24.99,5,10,112.45,UK,Paid Ads,Shipped,58,Other
ORD-04748,2024-01-18,Wireless Mouse,Electronics,29.99,3,0,89.97,UK,Referral,Delivered,60,Other
ORD-04749,2024-08-30,Yoga Mat,Sports,39.99,5,5,189.95,Brazil,Organic,Processing,45,Other
ORD-04750,2024-05-19,USB-C Hub,Electronics,49.99,4,0,199.96,USA,Direct,Delivered,57,Male
ORD-04751,2024-09-03,Running Shoes,Sports,119.99,2,20,191.98,Australia,Organic,Shipped,62,Male
ORD-04752,2024-09-06,Bookshelf,Furniture,189.99,1,0,189.99,Germany,Paid Ads,Returned,26,Male
ORD-04753,2023-07-19,Dumbbells Set,Sports,79.99,5,0,399.95,Canada,Paid Ads,Delivered,54,Female
ORD-04754,2023-02-12,Blender Pro,Kitchen,74.99,1,20,59.99,Germany,Email,Returned,61,Male
ORD-04755,2024-04-27,Python Crash Course,Books,34.99,3,10,94.47,Australia,Email,Delivered,63,Female
ORD-04756,2023-09-19,Atomic Habits,Books,16.99,1,5,16.14,Japan,Organic,Delivered,62,Male
ORD-04757,2024-02-29,Skincare Set,Beauty,59.99,2,15,101.98,USA,Direct,Delivered,21,Female
ORD-04758,2024-08-29,Office Chair,Furniture,299.99,1,5,284.99,Australia,Email,Cancelled,23,Male
ORD-04759,2023-04-23,Mechanical Keyboard,Electronics,149.99,5,5,712.45,USA,Direct,Delivered,52,Male
ORD-04760,2023-05-05,Blender Pro,Kitchen,74.99,2,20,119.98,Germany,Direct,Processing,56,Male
ORD-04761,2023-07-20,Wireless Mouse,Electronics,29.99,2,0,59.98,Australia,Referral,Returned,65,Other
ORD-04762,2024-05-22,Deep Work,Books,18.99,2,0,37.98,Japan,Paid Ads,Delivered,25,Female
ORD-04763,2024-11-09,Protein Powder,Sports,54.99,5,5,261.2,UK,Organic,Processing,63,Female
ORD-04764,2024-10-10,Mechanical Keyboard,Electronics,149.99,5,20,599.96,Japan,Referral,Delivered,36,Female
ORD-04765,2023-02-01,Office Chair,Furniture,299.99,2,0,599.98,UK,Paid Ads,Returned,21,Male
ORD-04766,2024-03-08,Laptop Pro 15,Electronics,1299.99,5,0,6499.95,Japan,Social Media,Returned,24,Other
ORD-04767,2024-07-24,Sunscreen SPF50,Beauty,22.99,1,0,22.99,France,Direct,Returned,44,Male
ORD-04768,2024-07-08,Instant Pot,Kitchen,99.99,1,15,84.99,Brazil,Organic,Delivered,20,Other
ORD-04769,2023-08-30,Dumbbells Set,Sports,79.99,4,10,287.96,Australia,Social Media,Delivered,54,Female
ORD-04770,2023-01-31,Standing Desk,Furniture,549.99,1,10,494.99,Australia,Referral,Delivered,44,Male
ORD-04771,2024-12-09,Desk Lamp,Furniture,44.99,3,0,134.97,Japan,Email,Processing,53,Male
ORD-04772,2024-12-01,Coffee Maker,Kitchen,89.99,5,20,359.96,Australia,Referral,Cancelled,20,Female
ORD-04773,2023-09-22,4K Monitor,Electronics,499.99,5,0,2499.95,UK,Social Media,Delivered,60,Other
ORD-04774,2024-11-04,Laptop Pro 15,Electronics,1299.99,3,10,3509.97,Australia,Email,Returned,59,Female
ORD-04775,2024-03-17,Webcam HD,Electronics,89.99,3,20,215.98,Germany,Direct,Returned,58,Other
ORD-04776,2023-10-22,Desk Lamp,Furniture,44.99,4,20,143.97,Japan,Referral,Delivered,56,Female
ORD-04777,2023-07-19,Wireless Mouse,Electronics,29.99,1,5,28.49,France,Email,Delivered,51,Other
ORD-04778,2024-02-15,Mechanical Keyboard,Electronics,149.99,4,0,599.96,Japan,Referral,Delivered,55,Male
ORD-04779,2023-05-18,Blender Pro,Kitchen,74.99,4,0,299.96,Brazil,Email,Delivered,25,Female
ORD-04780,2024-02-01,4K Monitor,Electronics,499.99,5,5,2374.95,Japan,Organic,Returned,30,Female
ORD-04781,2024-09-03,The Lean Startup,Books,19.99,2,0,39.98,Japan,Referral,Processing,58,Other
ORD-04782,2024-02-27,Python Crash Course,Books,34.99,1,0,34.99,Japan,Social Media,Shipped,28,Female
ORD-04783,2024-05-17,Blender Pro,Kitchen,74.99,3,0,224.97,Canada,Organic,Delivered,49,Male
ORD-04784,2023-07-31,USB-C Hub,Electronics,49.99,2,0,99.98,Canada,Social Media,Delivered,30,Female
ORD-04785,2023-06-05,Protein Powder,Sports,54.99,4,20,175.97,USA,Organic,Processing,38,Other
ORD-04786,2024-06-19,Coffee Maker,Kitchen,89.99,3,10,242.97,Japan,Organic,Shipped,29,Male
ORD-04787,2024-01-06,Wireless Mouse,Electronics,29.99,3,20,71.98,Canada,Organic,Cancelled,41,Other
ORD-04788,2023-08-22,Protein Powder,Sports,54.99,2,20,87.98,UK,Paid Ads,Cancelled,25,Other
ORD-04789,2023-10-06,Office Chair,Furniture,299.99,4,0,1199.96,Australia,Referral,Returned,57,Male
ORD-04790,2023-10-23,Blender Pro,Kitchen,74.99,2,0,149.98,Canada,Paid Ads,Cancelled,63,Other
ORD-04791,2023-05-07,Laptop Pro 15,Electronics,1299.99,5,0,6499.95,Canada,Referral,Delivered,34,Other
ORD-04792,2023-08-20,Skincare Set,Beauty,59.99,1,20,47.99,France,Direct,Cancelled,22,Female
ORD-04793,2023-02-01,Atomic Habits,Books,16.99,4,10,61.16,Germany,Social Media,Cancelled,30,Other
ORD-04794,2024-10-12,Desk Lamp,Furniture,44.99,4,10,161.96,Canada,Direct,Returned,37,Male
ORD-04795,2023-06-02,Mechanical Keyboard,Electronics,149.99,1,5,142.49,Canada,Paid Ads,Delivered,31,Female
ORD-04796,2024-09-29,Deep Work,Books,18.99,5,0,94.95,UK,Direct,Delivered,20,Other
ORD-04797,2024-08-03,Standing Desk,Furniture,549.99,2,20,879.98,France,Paid Ads,Shipped,40,Female
ORD-04798,2024-06-15,Sunscreen SPF50,Beauty,22.99,5,20,91.96,Japan,Paid Ads,Cancelled,39,Female
ORD-04799,2024-05-31,Python Crash Course,Books,34.99,4,0,139.96,Australia,Paid Ads,Shipped,31,Other
ORD-04800,2023-11-04,The Lean Startup,Books,19.99,5,10,89.95,Canada,Paid Ads,Cancelled,49,Other
ORD-04801,2023-06-02,Protein Powder,Sports,54.99,3,0,164.97,Canada,Paid Ads,Cancelled,38,Male
ORD-04802,2023-12-01,Mechanical Keyboard,Electronics,149.99,1,5,142.49,Canada,Referral,Delivered,39,Male
ORD-04803,2023-09-13,Dumbbells Set,Sports,79.99,3,0,239.97,Germany,Referral,Cancelled,51,Male
ORD-04804,2024-06-07,Python Crash Course,Books,34.99,2,0,69.98,France,Email,Shipped,48,Female
ORD-04805,2024-01-24,Standing Desk,Furniture,549.99,1,10,494.99,Canada,Referral,Processing,49,Female
ORD-04806,2023-11-25,Instant Pot,Kitchen,99.99,5,5,474.95,UK,Direct,Cancelled,26,Male
ORD-04807,2024-10-02,Python Crash Course,Books,34.99,3,0,104.97,UK,Direct,Returned,31,Other
ORD-04808,2024-02-04,Atomic Habits,Books,16.99,3,10,45.87,Germany,Organic,Delivered,63,Male
ORD-04809,2024-02-10,4K Monitor,Electronics,499.99,1,15,424.99,USA,Email,Returned,36,Other
ORD-04810,2023-03-26,Dumbbells Set,Sports,79.99,3,0,239.97,USA,Direct,Returned,25,Male
ORD-04811,2024-02-01,USB-C Hub,Electronics,49.99,3,0,149.97,Australia,Paid Ads,Processing,56,Female
ORD-04812,2023-11-10,Office Chair,Furniture,299.99,4,0,1199.96,France,Paid Ads,Delivered,22,Other
ORD-04813,2024-09-19,Python Crash Course,Books,34.99,1,20,27.99,UK,Direct,Returned,41,Male
ORD-04814,2023-08-21,Yoga Mat,Sports,39.99,3,20,95.98,Brazil,Paid Ads,Processing,45,Other
ORD-04815,2024-04-23,Laptop Pro 15,Electronics,1299.99,1,0,1299.99,USA,Direct,Delivered,58,Female
ORD-04816,2023-08-20,Water Bottle,Sports,24.99,3,10,67.47,Brazil,Social Media,Cancelled,63,Other
ORD-04817,2024-12-18,Office Chair,Furniture,299.99,5,15,1274.96,Japan,Direct,Delivered,64,Other
ORD-04818,2024-06-20,The Lean Startup,Books,19.99,1,20,15.99,Brazil,Referral,Shipped,21,Other
ORD-04819,2023-05-14,Mechanical Keyboard,Electronics,149.99,3,10,404.97,Canada,Email,Processing,34,Male
ORD-04820,2024-04-12,Bookshelf,Furniture,189.99,2,10,341.98,Canada,Email,Delivered,55,Male
ORD-04821,2023-08-04,Running Shoes,Sports,119.99,1,0,119.99,Canada,Paid Ads,Delivered,56,Female
ORD-04822,2023-09-28,Atomic Habits,Books,16.99,1,5,16.14,USA,Social Media,Shipped,31,Other
ORD-04823,2023-05-01,Water Bottle,Sports,24.99,5,0,124.95,Japan,Referral,Shipped,37,Female
ORD-04824,2024-04-27,Skincare Set,Beauty,59.99,4,0,239.96,USA,Email,Delivered,32,Female
ORD-04825,2024-01-30,Bookshelf,Furniture,189.99,3,5,541.47,USA,Organic,Cancelled,46,Female
ORD-04826,2023-05-23,Webcam HD,Electronics,89.99,5,20,359.96,Canada,Organic,Returned,29,Other
ORD-04827,2024-10-22,Atomic Habits,Books,16.99,2,0,33.98,Germany,Referral,Shipped,52,Male
ORD-04828,2024-05-07,Atomic Habits,Books,16.99,3,20,40.78,Brazil,Paid Ads,Shipped,34,Other
ORD-04829,2023-08-09,Coffee Maker,Kitchen,89.99,2,0,179.98,USA,Social Media,Cancelled,41,Other
ORD-04830,2024-08-23,Bookshelf,Furniture,189.99,5,0,949.95,USA,Email,Shipped,60,Female
ORD-04831,2023-02-03,Dumbbells Set,Sports,79.99,5,0,399.95,Germany,Organic,Delivered,30,Female
ORD-04832,2024-10-31,Dumbbells Set,Sports,79.99,2,0,159.98,France,Referral,Processing,23,Male
ORD-04833,2024-06-17,Blender Pro,Kitchen,74.99,3,20,179.98,Japan,Social Media,Delivered,27,Female
ORD-04834,2023-07-05,Mechanical Keyboard,Electronics,149.99,1,20,119.99,Japan,Direct,Delivered,47,Other
ORD-04835,2024-11-29,USB-C Hub,Electronics,49.99,4,20,159.97,USA,Social Media,Processing,63,Other
ORD-04836,2023-08-19,Standing Desk,Furniture,549.99,3,15,1402.47,UK,Organic,Cancelled,44,Other
ORD-04837,2023-12-13,Deep Work,Books,18.99,3,0,56.97,Australia,Referral,Delivered,28,Male
ORD-04838,2024-09-29,Yoga Mat,Sports,39.99,4,10,143.96,Germany,Organic,Delivered,44,Male
ORD-04839,2024-12-06,Standing Desk,Furniture,549.99,3,10,1484.97,Brazil,Paid Ads,Shipped,43,Female
ORD-04840,2024-03-13,The Lean Startup,Books,19.99,4,5,75.96,Brazil,Social Media,Processing,31,Female
ORD-04841,2024-07-26,Bookshelf,Furniture,189.99,1,0,189.99,France,Organic,Shipped,34,Other
ORD-04842,2023-03-16,Deep Work,Books,18.99,3,0,56.97,USA,Referral,Cancelled,52,Female
ORD-04843,2023-07-03,Bookshelf,Furniture,189.99,4,20,607.97,Canada,Paid Ads,Delivered,56,Other
ORD-04844,2023-01-14,Blender Pro,Kitchen,74.99,4,20,239.97,Japan,Organic,Delivered,19,Male
ORD-04845,2023-04-07,USB-C Hub,Electronics,49.99,1,0,49.99,UK,Social Media,Delivered,51,Male
ORD-04846,2023-11-12,Water Bottle,Sports,24.99,2,15,42.48,Germany,Email,Delivered,49,Other
ORD-04847,2023-06-10,Sunscreen SPF50,Beauty,22.99,1,0,22.99,USA,Organic,Delivered,64,Other
ORD-04848,2024-02-08,Mechanical Keyboard,Electronics,149.99,4,20,479.97,France,Email,Cancelled,56,Male
ORD-04849,2023-11-16,Air Fryer,Kitchen,129.99,5,10,584.96,UK,Social Media,Shipped,32,Other
ORD-04850,2024-11-08,Laptop Pro 15,Electronics,1299.99,4,5,4939.96,Japan,Email,Cancelled,32,Female
ORD-04851,2024-04-07,Webcam HD,Electronics,89.99,1,10,80.99,Japan,Organic,Delivered,29,Male
ORD-04852,2024-04-14,Webcam HD,Electronics,89.99,4,0,359.96,Germany,Direct,Delivered,21,Female
ORD-04853,2024-06-05,Standing Desk,Furniture,549.99,5,10,2474.95,Brazil,Paid Ads,Delivered,41,Other
ORD-04854,2024-04-25,Mechanical Keyboard,Electronics,149.99,3,0,449.97,Brazil,Referral,Delivered,28,Female
ORD-04855,2024-04-23,Laptop Pro 15,Electronics,1299.99,1,0,1299.99,Australia,Social Media,Cancelled,57,Male
ORD-04856,2024-04-22,Blender Pro,Kitchen,74.99,4,0,299.96,Canada,Direct,Returned,44,Male
ORD-04857,2024-08-23,Bookshelf,Furniture,189.99,5,0,949.95,Japan,Referral,Processing,62,Other
ORD-04858,2024-10-18,Blender Pro,Kitchen,74.99,5,5,356.2,UK,Organic,Returned,51,Female
ORD-04859,2024-11-20,Coffee Maker,Kitchen,89.99,4,0,359.96,Australia,Referral,Shipped,48,Other
ORD-04860,2023-10-28,Running Shoes,Sports,119.99,2,20,191.98,Japan,Social Media,Delivered,49,Male
ORD-04861,2023-06-22,Standing Desk,Furniture,549.99,2,0,1099.98,Brazil,Email,Returned,49,Other
ORD-04862,2024-03-10,Sunscreen SPF50,Beauty,22.99,3,10,62.07,Japan,Social Media,Cancelled,39,Other
ORD-04863,2024-03-31,Air Fryer,Kitchen,129.99,4,5,493.96,France,Referral,Cancelled,34,Female
ORD-04864,2023-03-22,Office Chair,Furniture,299.99,3,20,719.98,Germany,Social Media,Returned,46,Female
ORD-04865,2023-11-24,Air Fryer,Kitchen,129.99,1,15,110.49,Canada,Social Media,Delivered,41,Male
ORD-04866,2024-03-29,Python Crash Course,Books,34.99,2,10,62.98,USA,Referral,Cancelled,35,Other
ORD-04867,2024-06-20,Coffee Maker,Kitchen,89.99,4,0,359.96,Germany,Direct,Processing,34,Female
ORD-04868,2023-01-28,Yoga Mat,Sports,39.99,4,20,127.97,Australia,Social Media,Processing,20,Female
ORD-04869,2024-06-21,Laptop Pro 15,Electronics,1299.99,3,0,3899.97,Germany,Paid Ads,Cancelled,52,Female
ORD-04870,2024-02-17,Deep Work,Books,18.99,2,0,37.98,UK,Paid Ads,Shipped,56,Female
ORD-04871,2023-11-07,Skincare Set,Beauty,59.99,5,0,299.95,France,Organic,Shipped,32,Female
ORD-04872,2023-08-03,Wireless Mouse,Electronics,29.99,3,0,89.97,Australia,Organic,Cancelled,42,Male
ORD-04873,2023-06-30,Instant Pot,Kitchen,99.99,3,20,239.98,USA,Social Media,Delivered,20,Other
ORD-04874,2023-05-25,Bookshelf,Furniture,189.99,3,10,512.97,Germany,Referral,Shipped,58,Other
ORD-04875,2024-03-18,Running Shoes,Sports,119.99,2,0,239.98,Japan,Email,Delivered,59,Female
ORD-04876,2023-09-30,Instant Pot,Kitchen,99.99,4,20,319.97,Japan,Direct,Delivered,33,Male
ORD-04877,2023-05-20,Python Crash Course,Books,34.99,2,20,55.98,Brazil,Social Media,Delivered,39,Other
ORD-04878,2023-05-31,Wireless Mouse,Electronics,29.99,5,0,149.95,UK,Organic,Delivered,19,Male
ORD-04879,2024-10-05,Python Crash Course,Books,34.99,4,0,139.96,Brazil,Referral,Delivered,61,Other
ORD-04880,2023-12-02,Mechanical Keyboard,Electronics,149.99,4,0,599.96,France,Referral,Shipped,48,Other
ORD-04881,2024-10-11,Python Crash Course,Books,34.99,2,10,62.98,Germany,Paid Ads,Returned,19,Female
ORD-04882,2023-03-31,Dumbbells Set,Sports,79.99,3,0,239.97,Australia,Email,Returned,59,Female
ORD-04883,2023-10-04,Instant Pot,Kitchen,99.99,4,10,359.96,Germany,Social Media,Delivered,40,Other
ORD-04884,2024-10-18,Blender Pro,Kitchen,74.99,2,5,142.48,USA,Paid Ads,Returned,47,Male
ORD-04885,2024-02-18,The Lean Startup,Books,19.99,4,0,79.96,Japan,Email,Delivered,48,Male
ORD-04886,2024-10-13,Instant Pot,Kitchen,99.99,5,15,424.96,UK,Paid Ads,Processing,29,Male
ORD-04887,2024-02-13,Mechanical Keyboard,Electronics,149.99,2,10,269.98,UK,Paid Ads,Delivered,49,Female
ORD-04888,2023-09-17,Office Chair,Furniture,299.99,5,15,1274.96,France,Direct,Delivered,62,Other
ORD-04889,2023-08-01,Yoga Mat,Sports,39.99,4,5,151.96,Brazil,Organic,Delivered,62,Other
ORD-04890,2023-01-12,Python Crash Course,Books,34.99,5,0,174.95,USA,Direct,Returned,43,Other
ORD-04891,2024-01-08,Mechanical Keyboard,Electronics,149.99,1,20,119.99,Japan,Social Media,Delivered,49,Male
ORD-04892,2024-04-10,The Lean Startup,Books,19.99,2,20,31.98,France,Email,Processing,64,Female
ORD-04893,2024-06-08,Running Shoes,Sports,119.99,1,0,119.99,France,Referral,Returned,40,Female
ORD-04894,2023-08-07,Bookshelf,Furniture,189.99,3,15,484.47,France,Direct,Cancelled,18,Female
ORD-04895,2023-09-26,Coffee Maker,Kitchen,89.99,2,5,170.98,Canada,Referral,Delivered,57,Male
ORD-04896,2023-07-13,Mechanical Keyboard,Electronics,149.99,4,10,539.96,Germany,Direct,Returned,42,Female
ORD-04897,2023-09-09,Skincare Set,Beauty,59.99,1,5,56.99,Brazil,Direct,Processing,38,Other
ORD-04898,2024-10-01,The Lean Startup,Books,19.99,3,0,59.97,France,Organic,Processing,53,Other
ORD-04899,2024-08-09,Protein Powder,Sports,54.99,5,0,274.95,USA,Paid Ads,Delivered,58,Male
ORD-04900,2024-04-17,Air Fryer,Kitchen,129.99,3,5,370.47,USA,Direct,Returned,39,Male
ORD-04901,2024-03-09,Coffee Maker,Kitchen,89.99,5,20,359.96,USA,Organic,Cancelled,41,Male
ORD-04902,2023-07-31,Air Fryer,Kitchen,129.99,1,0,129.99,Japan,Email,Delivered,32,Male
ORD-04903,2024-09-06,Webcam HD,Electronics,89.99,2,0,179.98,Japan,Social Media,Delivered,18,Male
ORD-04904,2023-01-31,Desk Lamp,Furniture,44.99,5,15,191.21,UK,Social Media,Delivered,21,Male
ORD-04905,2024-11-30,Desk Lamp,Furniture,44.99,2,0,89.98,USA,Organic,Delivered,58,Other
ORD-04906,2024-01-01,Running Shoes,Sports,119.99,1,10,107.99,Australia,Organic,Delivered,36,Male
ORD-04907,2023-07-25,USB-C Hub,Electronics,49.99,5,0,249.95,USA,Direct,Returned,42,Other
ORD-04908,2023-05-10,Wireless Mouse,Electronics,29.99,3,10,80.97,UK,Direct,Delivered,54,Male
ORD-04909,2023-02-27,Office Chair,Furniture,299.99,3,10,809.97,France,Direct,Shipped,31,Other
ORD-04910,2024-01-03,Desk Lamp,Furniture,44.99,4,10,161.96,Brazil,Paid Ads,Processing,51,Other
ORD-04911,2023-06-03,Dumbbells Set,Sports,79.99,3,15,203.97,Australia,Paid Ads,Processing,24,Female
ORD-04912,2023-03-28,Atomic Habits,Books,16.99,2,5,32.28,Canada,Direct,Delivered,50,Male
ORD-04913,2024-03-23,Dumbbells Set,Sports,79.99,2,10,143.98,Australia,Organic,Processing,39,Male
ORD-04914,2024-01-07,Office Chair,Furniture,299.99,4,15,1019.97,Japan,Referral,Returned,51,Other
ORD-04915,2023-03-23,Protein Powder,Sports,54.99,3,10,148.47,USA,Paid Ads,Delivered,50,Male
ORD-04916,2024-08-11,Bookshelf,Furniture,189.99,5,0,949.95,France,Social Media,Cancelled,50,Female
ORD-04917,2024-02-01,Mechanical Keyboard,Electronics,149.99,3,0,449.97,France,Referral,Processing,36,Other
ORD-04918,2023-04-28,Instant Pot,Kitchen,99.99,3,15,254.97,USA,Referral,Processing,26,Other
ORD-04919,2023-09-19,Water Bottle,Sports,24.99,4,15,84.97,France,Organic,Delivered,39,Male
ORD-04920,2024-03-30,Bookshelf,Furniture,189.99,5,0,949.95,Australia,Social Media,Processing,62,Male
ORD-04921,2024-01-13,Protein Powder,Sports,54.99,5,10,247.45,UK,Organic,Processing,63,Male
ORD-04922,2024-11-10,4K Monitor,Electronics,499.99,4,5,1899.96,Australia,Social Media,Shipped,46,Other
ORD-04923,2024-05-23,Python Crash Course,Books,34.99,3,0,104.97,Canada,Social Media,Delivered,63,Male
ORD-04924,2023-05-10,Running Shoes,Sports,119.99,5,5,569.95,Canada,Social Media,Cancelled,55,Male
ORD-04925,2024-05-09,Coffee Maker,Kitchen,89.99,4,10,323.96,USA,Organic,Shipped,21,Other
ORD-04926,2023-10-19,Protein Powder,Sports,54.99,3,10,148.47,France,Referral,Returned,37,Other
ORD-04927,2024-12-05,Skincare Set,Beauty,59.99,4,5,227.96,France,Direct,Returned,24,Female
ORD-04928,2024-03-12,4K Monitor,Electronics,499.99,2,15,849.98,Australia,Email,Cancelled,49,Male
ORD-04929,2023-06-07,Protein Powder,Sports,54.99,3,10,148.47,Germany,Social Media,Delivered,28,Female
ORD-04930,2024-03-17,Desk Lamp,Furniture,44.99,3,10,121.47,USA,Email,Delivered,25,Male
ORD-04931,2023-06-06,Python Crash Course,Books,34.99,2,15,59.48,Brazil,Email,Delivered,30,Male
ORD-04932,2023-10-17,Office Chair,Furniture,299.99,1,15,254.99,Germany,Social Media,Delivered,49,Other
ORD-04933,2023-02-20,Wireless Mouse,Electronics,29.99,3,0,89.97,Australia,Social Media,Processing,33,Female
ORD-04934,2023-12-28,Office Chair,Furniture,299.99,5,0,1499.95,Australia,Email,Returned,29,Male
ORD-04935,2024-03-10,Atomic Habits,Books,16.99,2,0,33.98,Australia,Direct,Shipped,62,Female
ORD-04936,2024-02-29,The Lean Startup,Books,19.99,1,10,17.99,Australia,Organic,Delivered,65,Other
ORD-04937,2023-04-04,Laptop Pro 15,Electronics,1299.99,5,5,6174.95,USA,Social Media,Delivered,23,Female
ORD-04938,2023-04-01,Office Chair,Furniture,299.99,3,15,764.97,Brazil,Referral,Delivered,28,Male
ORD-04939,2024-10-02,Instant Pot,Kitchen,99.99,5,5,474.95,Germany,Paid Ads,Shipped,53,Female
ORD-04940,2023-02-17,Sunscreen SPF50,Beauty,22.99,5,15,97.71,Germany,Organic,Cancelled,61,Female
ORD-04941,2023-02-06,The Lean Startup,Books,19.99,5,10,89.95,Australia,Direct,Cancelled,19,Male
ORD-04942,2023-02-04,Office Chair,Furniture,299.99,3,20,719.98,Germany,Referral,Delivered,23,Male
ORD-04943,2024-01-14,Running Shoes,Sports,119.99,2,0,239.98,Canada,Email,Delivered,21,Male
ORD-04944,2024-09-17,Instant Pot,Kitchen,99.99,2,15,169.98,Germany,Direct,Delivered,54,Female
ORD-04945,2023-09-06,Python Crash Course,Books,34.99,5,0,174.95,Canada,Organic,Cancelled,60,Male
ORD-04946,2024-07-10,Atomic Habits,Books,16.99,4,10,61.16,Canada,Direct,Delivered,53,Other
ORD-04947,2024-09-21,Running Shoes,Sports,119.99,5,0,599.95,France,Email,Processing,24,Female
ORD-04948,2024-04-08,Bookshelf,Furniture,189.99,4,0,759.96,France,Paid Ads,Cancelled,18,Other
ORD-04949,2023-08-27,Water Bottle,Sports,24.99,5,15,106.21,UK,Paid Ads,Delivered,29,Other
ORD-04950,2024-02-19,Bookshelf,Furniture,189.99,3,5,541.47,France,Paid Ads,Cancelled,44,Female
ORD-04951,2023-10-09,Laptop Pro 15,Electronics,1299.99,3,5,3704.97,Germany,Direct,Returned,28,Female
ORD-04952,2024-09-05,Bookshelf,Furniture,189.99,4,0,759.96,Brazil,Referral,Returned,59,Female
ORD-04953,2024-06-14,USB-C Hub,Electronics,49.99,5,5,237.45,Brazil,Social Media,Delivered,57,Other
ORD-04954,2023-06-22,Water Bottle,Sports,24.99,4,10,89.96,Brazil,Direct,Delivered,37,Female
ORD-04955,2024-01-29,Coffee Maker,Kitchen,89.99,2,20,143.98,Australia,Paid Ads,Delivered,38,Female
ORD-04956,2024-03-23,Standing Desk,Furniture,549.99,3,15,1402.47,Canada,Paid Ads,Processing,35,Male
ORD-04957,2023-06-06,Air Fryer,Kitchen,129.99,4,20,415.97,USA,Referral,Processing,42,Female
ORD-04958,2024-08-26,Standing Desk,Furniture,549.99,4,5,2089.96,UK,Organic,Cancelled,52,Male
ORD-04959,2023-05-23,Deep Work,Books,18.99,2,0,37.98,Canada,Social Media,Shipped,53,Female
ORD-04960,2023-05-21,Webcam HD,Electronics,89.99,1,0,89.99,Brazil,Paid Ads,Delivered,49,Other
ORD-04961,2024-07-25,Sunscreen SPF50,Beauty,22.99,3,0,68.97,Japan,Direct,Cancelled,22,Male
ORD-04962,2024-06-11,Bookshelf,Furniture,189.99,4,0,759.96,Australia,Email,Processing,33,Male
ORD-04963,2023-09-29,Protein Powder,Sports,54.99,3,10,148.47,Japan,Direct,Returned,38,Other
ORD-04964,2024-04-05,Blender Pro,Kitchen,74.99,4,15,254.97,Australia,Email,Processing,42,Other
ORD-04965,2024-11-24,Laptop Pro 15,Electronics,1299.99,1,0,1299.99,Australia,Organic,Returned,65,Male
ORD-04966,2024-02-10,Air Fryer,Kitchen,129.99,4,15,441.97,Japan,Social Media,Cancelled,34,Other
ORD-04967,2023-09-28,Running Shoes,Sports,119.99,4,0,479.96,Canada,Email,Delivered,41,Female
ORD-04968,2023-04-20,Dumbbells Set,Sports,79.99,4,0,319.96,Germany,Social Media,Returned,34,Male
ORD-04969,2023-02-13,Wireless Mouse,Electronics,29.99,3,0,89.97,UK,Direct,Processing,45,Female
ORD-04970,2023-09-14,Desk Lamp,Furniture,44.99,1,20,35.99,Australia,Paid Ads,Delivered,33,Female
ORD-04971,2023-03-26,Air Fryer,Kitchen,129.99,5,0,649.95,Australia,Direct,Cancelled,19,Female
ORD-04972,2024-02-23,Office Chair,Furniture,299.99,1,0,299.99,Germany,Social Media,Returned,53,Female
ORD-04973,2023-02-20,Atomic Habits,Books,16.99,1,15,14.44,France,Paid Ads,Delivered,29,Other
ORD-04974,2024-07-30,The Lean Startup,Books,19.99,4,5,75.96,Japan,Direct,Delivered,29,Female
ORD-04975,2024-11-18,Deep Work,Books,18.99,1,20,15.19,France,Paid Ads,Delivered,31,Other
ORD-04976,2023-04-09,Laptop Pro 15,Electronics,1299.99,4,0,5199.96,UK,Direct,Returned,49,Male
ORD-04977,2023-02-09,Office Chair,Furniture,299.99,2,0,599.98,UK,Referral,Delivered,40,Female
ORD-04978,2024-11-01,Sunscreen SPF50,Beauty,22.99,3,10,62.07,Japan,Social Media,Processing,56,Male
ORD-04979,2023-12-08,4K Monitor,Electronics,499.99,4,0,1999.96,Canada,Social Media,Processing,57,Female
ORD-04980,2023-04-08,Mechanical Keyboard,Electronics,149.99,3,0,449.97,Australia,Referral,Returned,30,Male
ORD-04981,2023-11-16,Laptop Pro 15,Electronics,1299.99,4,5,4939.96,Australia,Organic,Delivered,20,Female
ORD-04982,2023-03-20,Laptop Pro 15,Electronics,1299.99,5,20,5199.96,Canada,Paid Ads,Delivered,43,Other
ORD-04983,2024-08-24,Desk Lamp,Furniture,44.99,3,0,134.97,Germany,Email,Delivered,36,Female
ORD-04984,2023-09-02,4K Monitor,Electronics,499.99,1,0,499.99,Germany,Organic,Processing,26,Female
ORD-04985,2023-10-16,Yoga Mat,Sports,39.99,1,0,39.99,Japan,Email,Shipped,40,Female
ORD-04986,2023-02-14,Webcam HD,Electronics,89.99,2,0,179.98,Japan,Organic,Shipped,40,Female
ORD-04987,2024-06-06,Laptop Pro 15,Electronics,1299.99,4,20,4159.97,Canada,Social Media,Shipped,38,Female
ORD-04988,2023-12-13,4K Monitor,Electronics,499.99,4,5,1899.96,Canada,Organic,Cancelled,33,Female
ORD-04989,2024-10-06,Python Crash Course,Books,34.99,1,0,34.99,Brazil,Direct,Delivered,25,Male
ORD-04990,2023-01-08,Office Chair,Furniture,299.99,4,10,1079.96,Brazil,Organic,Shipped,55,Male
ORD-04991,2023-11-23,Desk Lamp,Furniture,44.99,1,20,35.99,UK,Paid Ads,Delivered,62,Other
ORD-04992,2023-04-04,Standing Desk,Furniture,549.99,4,20,1759.97,Germany,Paid Ads,Delivered,41,Male
ORD-04993,2024-08-11,Yoga Mat,Sports,39.99,2,0,79.98,Australia,Social Media,Processing,36,Other
ORD-04994,2024-08-19,Instant Pot,Kitchen,99.99,3,0,299.97,Japan,Social Media,Shipped,21,Female
ORD-04995,2024-08-18,Water Bottle,Sports,24.99,2,0,49.98,UK,Direct,Processing,32,Male
ORD-04996,2023-06-01,Dumbbells Set,Sports,79.99,2,5,151.98,France,Email,Cancelled,51,Female
ORD-04997,2024-10-05,Blender Pro,Kitchen,74.99,3,15,191.22,UK,Referral,Delivered,27,Other
ORD-04998,2023-02-05,Water Bottle,Sports,24.99,1,20,19.99,UK,Social Media,Cancelled,37,Other
ORD-04999,2024-05-31,Wireless Mouse,Electronics,29.99,3,0,89.97,USA,Referral,Delivered,30,Female
ORD-05000,2024-02-05,Sunscreen SPF50,Beauty,22.99,3,15,58.62,Germany,Paid Ads,Shipped,30,Male
ORD-05001,2023-01-07,Protein Powder,Sports,54.99,4,15,186.97,Australia,Direct,Delivered,30,Female
ORD-05002,2024-12-18,Wireless Mouse,Electronics,29.99,1,10,26.99,France,Organic,Shipped,34,Male
ORD-05003,2024-04-06,Desk Lamp,Furniture,44.99,1,15,38.24,Canada,Organic,Returned,47,Male
ORD-05004,2023-10-04,Desk Lamp,Furniture,44.99,1,0,44.99,Canada,Social Media,Cancelled,62,Other
ORD-05005,2023-06-23,Atomic Habits,Books,16.99,2,20,27.18,Germany,Direct,Returned,54,Other
ORD-05006,2024-04-26,USB-C Hub,Electronics,49.99,4,15,169.97,Australia,Email,Processing,24,Female
ORD-05007,2024-01-23,Coffee Maker,Kitchen,89.99,4,0,359.96,USA,Social Media,Processing,24,Female
ORD-05008,2023-08-31,Instant Pot,Kitchen,99.99,5,0,499.95,USA,Direct,Delivered,21,Other
ORD-05009,2023-12-22,Skincare Set,Beauty,59.99,3,20,143.98,UK,Email,Processing,53,Male
ORD-05010,2023-09-11,Instant Pot,Kitchen,99.99,1,5,94.99,Germany,Email,Delivered,59,Female
ORD-05011,2023-01-29,The Lean Startup,Books,19.99,5,15,84.96,France,Direct,Delivered,20,Female
ORD-05012,2023-12-25,Instant Pot,Kitchen,99.99,3,20,239.98,Australia,Paid Ads,Cancelled,39,Other
ORD-05013,2023-07-27,Office Chair,Furniture,299.99,4,0,1199.96,Brazil,Email,Returned,41,Male
ORD-05014,2024-08-13,Dumbbells Set,Sports,79.99,4,0,319.96,USA,Email,Processing,59,Female
ORD-05015,2024-03-11,4K Monitor,Electronics,499.99,2,5,949.98,UK,Referral,Cancelled,28,Female
ORD-05016,2023-01-27,Sunscreen SPF50,Beauty,22.99,2,20,36.78,Japan,Direct,Returned,22,Male
ORD-05017,2024-07-28,Bookshelf,Furniture,189.99,5,20,759.96,USA,Direct,Delivered,19,Other
ORD-05018,2023-08-14,Bookshelf,Furniture,189.99,1,10,170.99,UK,Referral,Delivered,54,Male
ORD-05019,2024-07-23,USB-C Hub,Electronics,49.99,4,0,199.96,USA,Paid Ads,Delivered,49,Other
ORD-05020,2024-02-20,Blender Pro,Kitchen,74.99,2,10,134.98,USA,Social Media,Returned,60,Other
ORD-05021,2024-12-07,The Lean Startup,Books,19.99,4,5,75.96,Brazil,Email,Returned,21,Male
ORD-05022,2023-10-12,Blender Pro,Kitchen,74.99,5,5,356.2,Canada,Direct,Shipped,50,Male
ORD-05023,2023-04-13,Mechanical Keyboard,Electronics,149.99,5,0,749.95,Japan,Direct,Cancelled,65,Other
ORD-05024,2024-02-15,Water Bottle,Sports,24.99,4,0,99.96,Brazil,Email,Delivered,58,Female
ORD-05025,2024-08-31,Office Chair,Furniture,299.99,4,15,1019.97,UK,Referral,Returned,28,Male
ORD-05026,2023-02-07,Office Chair,Furniture,299.99,1,0,299.99,Australia,Email,Delivered,64,Other
ORD-05027,2024-11-09,Desk Lamp,Furniture,44.99,3,15,114.72,Canada,Social Media,Delivered,21,Female
ORD-05028,2024-01-01,Mechanical Keyboard,Electronics,149.99,4,5,569.96,France,Direct,Processing,44,Other
ORD-05029,2024-04-29,Running Shoes,Sports,119.99,3,10,323.97,UK,Referral,Delivered,64,Male
ORD-05030,2024-05-16,Skincare Set,Beauty,59.99,4,0,239.96,Brazil,Social Media,Shipped,46,Other
ORD-05031,2023-09-02,Office Chair,Furniture,299.99,5,10,1349.96,Australia,Direct,Processing,37,Male
ORD-05032,2024-07-03,Yoga Mat,Sports,39.99,3,5,113.97,Brazil,Organic,Delivered,40,Male
ORD-05033,2023-02-06,USB-C Hub,Electronics,49.99,5,0,249.95,USA,Direct,Shipped,34,Female
ORD-05034,2024-10-17,Deep Work,Books,18.99,1,0,18.99,Japan,Email,Delivered,54,Male
ORD-05035,2024-08-05,Bookshelf,Furniture,189.99,5,10,854.96,Germany,Paid Ads,Delivered,33,Other
ORD-05036,2023-02-08,Running Shoes,Sports,119.99,1,0,119.99,Brazil,Referral,Delivered,20,Female
ORD-05037,2024-10-18,Standing Desk,Furniture,549.99,5,0,2749.95,Brazil,Social Media,Delivered,33,Female
ORD-05038,2023-12-06,Webcam HD,Electronics,89.99,4,15,305.97,Canada,Organic,Delivered,56,Other
ORD-05039,2023-10-11,Sunscreen SPF50,Beauty,22.99,5,5,109.2,France,Email,Processing,25,Male
ORD-05040,2023-07-10,Atomic Habits,Books,16.99,2,5,32.28,Germany,Social Media,Cancelled,41,Male
ORD-05041,2024-04-07,Yoga Mat,Sports,39.99,5,0,199.95,Canada,Paid Ads,Processing,32,Male
ORD-05042,2024-03-27,Air Fryer,Kitchen,129.99,4,10,467.96,Japan,Social Media,Delivered,33,Other
ORD-05043,2024-10-28,Dumbbells Set,Sports,79.99,4,0,319.96,USA,Social Media,Delivered,48,Other
ORD-05044,2024-11-07,Python Crash Course,Books,34.99,4,20,111.97,UK,Email,Delivered,31,Male
ORD-05045,2023-05-09,Blender Pro,Kitchen,74.99,3,0,224.97,France,Direct,Delivered,31,Female
ORD-05046,2023-09-11,The Lean Startup,Books,19.99,1,0,19.99,Australia,Email,Delivered,20,Other
ORD-05047,2023-05-25,Desk Lamp,Furniture,44.99,2,0,89.98,France,Referral,Delivered,64,Male
ORD-05048,2024-01-25,Deep Work,Books,18.99,3,5,54.12,Australia,Email,Delivered,57,Female
ORD-05049,2023-07-21,Running Shoes,Sports,119.99,5,0,599.95,Japan,Referral,Shipped,47,Male
ORD-05050,2024-06-17,Atomic Habits,Books,16.99,3,0,50.97,USA,Email,Processing,35,Male
ORD-05051,2024-08-16,Air Fryer,Kitchen,129.99,3,0,389.97,UK,Organic,Returned,63,Male
ORD-05052,2023-01-17,Water Bottle,Sports,24.99,2,20,39.98,Brazil,Direct,Processing,48,Female
ORD-05053,2024-09-29,Running Shoes,Sports,119.99,3,0,359.97,Canada,Organic,Delivered,24,Other
ORD-05054,2023-03-14,The Lean Startup,Books,19.99,5,15,84.96,Japan,Referral,Processing,59,Male
ORD-05055,2023-08-08,4K Monitor,Electronics,499.99,5,0,2499.95,Australia,Email,Delivered,31,Other
ORD-05056,2023-11-11,The Lean Startup,Books,19.99,1,0,19.99,UK,Social Media,Cancelled,49,Male
ORD-05057,2023-07-13,Water Bottle,Sports,24.99,4,0,99.96,Japan,Organic,Cancelled,23,Female
ORD-05058,2023-10-21,Blender Pro,Kitchen,74.99,2,5,142.48,Canada,Social Media,Returned,39,Female
ORD-05059,2023-10-18,Bookshelf,Furniture,189.99,2,0,379.98,Canada,Organic,Returned,32,Female
ORD-05060,2024-12-27,Dumbbells Set,Sports,79.99,4,10,287.96,Canada,Paid Ads,Cancelled,33,Other
ORD-05061,2023-10-19,Laptop Pro 15,Electronics,1299.99,4,20,4159.97,UK,Email,Delivered,60,Female
ORD-05062,2023-08-23,Dumbbells Set,Sports,79.99,4,5,303.96,USA,Referral,Delivered,34,Female
ORD-05063,2024-12-02,Wireless Mouse,Electronics,29.99,1,5,28.49,USA,Paid Ads,Processing,51,Male
ORD-05064,2023-02-22,Desk Lamp,Furniture,44.99,5,20,179.96,Australia,Organic,Shipped,30,Female
ORD-05065,2023-05-17,USB-C Hub,Electronics,49.99,3,15,127.47,UK,Direct,Delivered,18,Male
ORD-05066,2023-06-19,Water Bottle,Sports,24.99,1,5,23.74,Australia,Email,Delivered,42,Other
ORD-05067,2023-02-12,Coffee Maker,Kitchen,89.99,3,5,256.47,France,Direct,Returned,23,Other
ORD-05068,2023-12-10,Dumbbells Set,Sports,79.99,1,0,79.99,Germany,Direct,Delivered,45,Female
ORD-05069,2024-01-04,Skincare Set,Beauty,59.99,1,0,59.99,Australia,Referral,Returned,22,Female
ORD-05070,2024-03-17,Instant Pot,Kitchen,99.99,3,10,269.97,UK,Email,Cancelled,57,Male
ORD-05071,2024-11-13,Office Chair,Furniture,299.99,4,10,1079.96,Canada,Referral,Delivered,63,Female
ORD-05072,2023-07-01,Skincare Set,Beauty,59.99,3,10,161.97,Canada,Paid Ads,Delivered,55,Male
ORD-05073,2024-10-20,Blender Pro,Kitchen,74.99,1,15,63.74,France,Paid Ads,Processing,55,Other
ORD-05074,2023-10-04,The Lean Startup,Books,19.99,1,0,19.99,UK,Social Media,Delivered,23,Male
ORD-05075,2024-06-09,Office Chair,Furniture,299.99,4,10,1079.96,Germany,Referral,Delivered,36,Male
ORD-05076,2024-02-27,Protein Powder,Sports,54.99,2,0,109.98,UK,Paid Ads,Returned,63,Male
ORD-05077,2023-04-21,Desk Lamp,Furniture,44.99,3,0,134.97,Canada,Organic,Processing,50,Other
ORD-05078,2023-11-06,Instant Pot,Kitchen,99.99,3,5,284.97,Japan,Email,Delivered,57,Female
ORD-05079,2024-07-10,USB-C Hub,Electronics,49.99,5,0,249.95,Brazil,Paid Ads,Returned,56,Male
ORD-05080,2023-09-11,Blender Pro,Kitchen,74.99,4,5,284.96,Australia,Referral,Delivered,44,Female
ORD-05081,2023-10-07,Instant Pot,Kitchen,99.99,5,0,499.95,Australia,Paid Ads,Returned,27,Other
ORD-05082,2023-04-27,Atomic Habits,Books,16.99,1,0,16.99,UK,Paid Ads,Delivered,51,Female
ORD-05083,2023-05-21,Running Shoes,Sports,119.99,1,0,119.99,Japan,Referral,Returned,28,Male
ORD-05084,2023-10-24,Webcam HD,Electronics,89.99,5,0,449.95,USA,Direct,Delivered,27,Other
ORD-05085,2023-09-15,Standing Desk,Furniture,549.99,2,5,1044.98,Brazil,Organic,Cancelled,33,Male
ORD-05086,2023-01-11,4K Monitor,Electronics,499.99,3,0,1499.97,France,Paid Ads,Delivered,52,Female
ORD-05087,2024-03-27,Wireless Mouse,Electronics,29.99,4,5,113.96,Japan,Organic,Delivered,26,Other
ORD-05088,2023-07-22,Air Fryer,Kitchen,129.99,5,20,519.96,Brazil,Direct,Cancelled,45,Other
ORD-05089,2024-02-09,Python Crash Course,Books,34.99,3,0,104.97,Brazil,Email,Returned,26,Male
ORD-05090,2023-02-10,Desk Lamp,Furniture,44.99,3,0,134.97,France,Direct,Delivered,19,Male
ORD-05091,2023-08-12,Instant Pot,Kitchen,99.99,1,20,79.99,Australia,Organic,Delivered,62,Other
ORD-05092,2024-09-04,Instant Pot,Kitchen,99.99,4,0,399.96,France,Email,Returned,26,Female
ORD-05093,2023-10-11,Webcam HD,Electronics,89.99,4,0,359.96,France,Organic,Shipped,65,Other
ORD-05094,2024-06-28,Deep Work,Books,18.99,2,10,34.18,Canada,Email,Returned,45,Other
ORD-05095,2024-12-27,Instant Pot,Kitchen,99.99,2,10,179.98,Australia,Direct,Delivered,32,Other
ORD-05096,2024-11-04,Mechanical Keyboard,Electronics,149.99,5,0,749.95,Germany,Email,Cancelled,30,Other
ORD-05097,2024-10-03,Webcam HD,Electronics,89.99,4,10,323.96,Japan,Referral,Delivered,48,Other
ORD-05098,2023-02-10,Dumbbells Set,Sports,79.99,2,15,135.98,Germany,Social Media,Shipped,59,Male
ORD-05099,2023-03-22,The Lean Startup,Books,19.99,5,10,89.95,Australia,Referral,Delivered,22,Male
ORD-05100,2024-03-12,Blender Pro,Kitchen,74.99,5,10,337.45,Canada,Direct,Delivered,59,Male
ORD-05101,2023-11-23,Yoga Mat,Sports,39.99,3,15,101.97,Brazil,Direct,Delivered,40,Male
ORD-05102,2024-04-25,Air Fryer,Kitchen,129.99,1,5,123.49,Brazil,Social Media,Delivered,64,Other
ORD-05103,2024-07-18,Sunscreen SPF50,Beauty,22.99,3,10,62.07,France,Direct,Processing,57,Other
ORD-05104,2024-02-14,Running Shoes,Sports,119.99,3,5,341.97,Japan,Referral,Shipped,63,Female
ORD-05105,2023-05-09,Sunscreen SPF50,Beauty,22.99,1,0,22.99,USA,Social Media,Processing,40,Male
ORD-05106,2024-09-17,Sunscreen SPF50,Beauty,22.99,3,10,62.07,France,Direct,Delivered,35,Other
ORD-05107,2023-06-25,Webcam HD,Electronics,89.99,3,10,242.97,Australia,Social Media,Delivered,30,Male
ORD-05108,2024-12-25,Wireless Mouse,Electronics,29.99,3,10,80.97,UK,Social Media,Delivered,24,Other
ORD-05109,2024-02-28,Running Shoes,Sports,119.99,3,0,359.97,UK,Organic,Processing,44,Female
ORD-05110,2023-11-13,Protein Powder,Sports,54.99,1,15,46.74,Germany,Email,Delivered,43,Female
ORD-05111,2024-09-11,Laptop Pro 15,Electronics,1299.99,3,15,3314.97,USA,Social Media,Delivered,49,Male
ORD-05112,2024-05-23,4K Monitor,Electronics,499.99,2,0,999.98,France,Paid Ads,Shipped,62,Female
ORD-05113,2024-05-29,Desk Lamp,Furniture,44.99,1,15,38.24,Germany,Direct,Delivered,31,Other
ORD-05114,2024-07-12,Mechanical Keyboard,Electronics,149.99,2,10,269.98,UK,Email,Delivered,51,Other
ORD-05115,2024-10-31,Skincare Set,Beauty,59.99,5,20,239.96,Germany,Social Media,Returned,37,Other
ORD-05116,2024-03-29,Skincare Set,Beauty,59.99,3,0,179.97,UK,Organic,Delivered,46,Other
ORD-05117,2023-11-21,Deep Work,Books,18.99,4,0,75.96,Brazil,Paid Ads,Delivered,23,Female
ORD-05118,2024-09-12,Running Shoes,Sports,119.99,2,0,239.98,USA,Referral,Processing,43,Male
ORD-05119,2023-09-04,Wireless Mouse,Electronics,29.99,4,15,101.97,Australia,Referral,Delivered,61,Male
ORD-05120,2023-01-28,Yoga Mat,Sports,39.99,5,0,199.95,USA,Paid Ads,Cancelled,44,Female
ORD-05121,2024-07-14,Office Chair,Furniture,299.99,1,15,254.99,USA,Organic,Delivered,22,Other
ORD-05122,2023-06-06,Water Bottle,Sports,24.99,1,15,21.24,France,Organic,Processing,23,Female
ORD-05123,2023-02-16,4K Monitor,Electronics,499.99,5,0,2499.95,Japan,Organic,Shipped,58,Other
ORD-05124,2024-04-26,Atomic Habits,Books,16.99,4,15,57.77,Germany,Paid Ads,Returned,22,Female
ORD-05125,2024-08-04,Coffee Maker,Kitchen,89.99,5,5,427.45,USA,Paid Ads,Cancelled,26,Male
ORD-05126,2023-10-14,Running Shoes,Sports,119.99,3,15,305.97,Brazil,Social Media,Delivered,64,Male
ORD-05127,2023-11-11,Water Bottle,Sports,24.99,2,0,49.98,USA,Email,Delivered,22,Male
ORD-05128,2023-01-22,Water Bottle,Sports,24.99,4,0,99.96,UK,Organic,Cancelled,36,Male
ORD-05129,2023-07-24,Mechanical Keyboard,Electronics,149.99,2,0,299.98,Australia,Social Media,Cancelled,47,Other
ORD-05130,2023-11-07,4K Monitor,Electronics,499.99,1,15,424.99,Brazil,Paid Ads,Cancelled,61,Male
ORD-05131,2024-11-26,Yoga Mat,Sports,39.99,5,0,199.95,Japan,Direct,Shipped,26,Other
ORD-05132,2023-03-29,Python Crash Course,Books,34.99,4,20,111.97,UK,Direct,Processing,56,Other
ORD-05133,2024-08-19,Atomic Habits,Books,16.99,4,15,57.77,Brazil,Email,Shipped,48,Other
ORD-05134,2024-03-24,Office Chair,Furniture,299.99,1,0,299.99,Brazil,Email,Cancelled,22,Male
ORD-05135,2023-08-07,Coffee Maker,Kitchen,89.99,5,0,449.95,Germany,Referral,Shipped,59,Other
ORD-05136,2023-06-14,Wireless Mouse,Electronics,29.99,3,10,80.97,Brazil,Paid Ads,Delivered,35,Female
ORD-05137,2023-04-30,Deep Work,Books,18.99,3,0,56.97,Australia,Direct,Processing,44,Other
ORD-05138,2023-03-28,Air Fryer,Kitchen,129.99,4,20,415.97,Germany,Social Media,Delivered,52,Other
ORD-05139,2024-12-03,Laptop Pro 15,Electronics,1299.99,4,10,4679.96,Japan,Social Media,Cancelled,61,Male
ORD-05140,2023-09-11,Air Fryer,Kitchen,129.99,1,0,129.99,Brazil,Social Media,Processing,39,Other
ORD-05141,2023-07-17,Deep Work,Books,18.99,1,20,15.19,Australia,Paid Ads,Cancelled,43,Other
ORD-05142,2023-05-24,Wireless Mouse,Electronics,29.99,3,0,89.97,France,Referral,Delivered,33,Other
ORD-05143,2023-07-07,Desk Lamp,Furniture,44.99,1,15,38.24,Australia,Social Media,Delivered,44,Male
ORD-05144,2024-06-12,Protein Powder,Sports,54.99,4,5,208.96,USA,Paid Ads,Delivered,65,Female
ORD-05145,2024-10-12,USB-C Hub,Electronics,49.99,3,0,149.97,Brazil,Referral,Cancelled,35,Male
ORD-05146,2023-02-26,Blender Pro,Kitchen,74.99,3,0,224.97,Australia,Direct,Delivered,32,Other
ORD-05147,2023-11-24,Dumbbells Set,Sports,79.99,3,20,191.98,USA,Email,Returned,51,Other
ORD-05148,2024-08-30,Blender Pro,Kitchen,74.99,4,5,284.96,Brazil,Direct,Processing,51,Other
ORD-05149,2024-08-24,Webcam HD,Electronics,89.99,2,20,143.98,UK,Organic,Cancelled,20,Female
ORD-05150,2023-05-24,Blender Pro,Kitchen,74.99,1,0,74.99,USA,Referral,Delivered,49,Male
ORD-05151,2023-05-08,Webcam HD,Electronics,89.99,3,5,256.47,UK,Direct,Shipped,41,Other
ORD-05152,2024-05-18,Atomic Habits,Books,16.99,1,0,16.99,UK,Organic,Cancelled,37,Other
ORD-05153,2024-03-13,Bookshelf,Furniture,189.99,4,0,759.96,Japan,Social Media,Delivered,27,Female
ORD-05154,2023-05-10,Sunscreen SPF50,Beauty,22.99,3,0,68.97,Brazil,Organic,Cancelled,34,Other
ORD-05155,2024-07-15,Bookshelf,Furniture,189.99,4,0,759.96,UK,Organic,Delivered,50,Female
ORD-05156,2024-04-22,Sunscreen SPF50,Beauty,22.99,1,0,22.99,Germany,Paid Ads,Delivered,47,Male
ORD-05157,2024-12-10,Water Bottle,Sports,24.99,3,0,74.97,USA,Email,Delivered,26,Female
ORD-05158,2024-01-21,Blender Pro,Kitchen,74.99,4,20,239.97,Brazil,Direct,Delivered,56,Other
ORD-05159,2023-03-03,Sunscreen SPF50,Beauty,22.99,2,15,39.08,USA,Social Media,Returned,32,Other
ORD-05160,2023-04-14,Desk Lamp,Furniture,44.99,4,10,161.96,Canada,Social Media,Shipped,54,Male
ORD-05161,2023-10-18,Desk Lamp,Furniture,44.99,1,0,44.99,UK,Organic,Cancelled,30,Male
ORD-05162,2023-04-06,The Lean Startup,Books,19.99,4,20,63.97,France,Paid Ads,Delivered,33,Male
ORD-05163,2023-09-28,Office Chair,Furniture,299.99,4,20,959.97,Australia,Organic,Processing,25,Male
ORD-05164,2024-04-19,Office Chair,Furniture,299.99,5,0,1499.95,Brazil,Organic,Delivered,33,Female
ORD-05165,2023-09-05,Sunscreen SPF50,Beauty,22.99,4,0,91.96,Germany,Direct,Returned,27,Female
ORD-05166,2024-01-26,Blender Pro,Kitchen,74.99,4,0,299.96,USA,Direct,Delivered,31,Female
ORD-05167,2023-05-22,Protein Powder,Sports,54.99,1,15,46.74,Canada,Paid Ads,Delivered,22,Female
ORD-05168,2023-09-22,Mechanical Keyboard,Electronics,149.99,1,0,149.99,USA,Direct,Delivered,19,Female
ORD-05169,2023-01-12,Python Crash Course,Books,34.99,1,0,34.99,Japan,Direct,Processing,31,Male
ORD-05170,2023-02-03,Office Chair,Furniture,299.99,2,0,599.98,UK,Direct,Delivered,34,Male
ORD-05171,2024-10-24,Bookshelf,Furniture,189.99,4,15,645.97,Germany,Direct,Returned,41,Male
ORD-05172,2024-07-27,Dumbbells Set,Sports,79.99,2,0,159.98,Japan,Organic,Delivered,44,Male
ORD-05173,2024-12-02,Protein Powder,Sports,54.99,5,10,247.45,France,Social Media,Cancelled,27,Female
ORD-05174,2024-12-19,USB-C Hub,Electronics,49.99,5,0,249.95,Australia,Social Media,Delivered,46,Female
ORD-05175,2024-07-02,4K Monitor,Electronics,499.99,4,10,1799.96,Canada,Direct,Cancelled,57,Female
ORD-05176,2023-03-03,Atomic Habits,Books,16.99,1,0,16.99,France,Organic,Delivered,30,Male
ORD-05177,2023-07-19,Office Chair,Furniture,299.99,5,0,1499.95,Germany,Social Media,Processing,21,Other
ORD-05178,2023-07-31,Blender Pro,Kitchen,74.99,3,15,191.22,Canada,Referral,Processing,19,Female
ORD-05179,2023-01-29,Python Crash Course,Books,34.99,3,0,104.97,Brazil,Direct,Cancelled,50,Male
ORD-05180,2024-08-22,Blender Pro,Kitchen,74.99,4,20,239.97,Germany,Social Media,Delivered,36,Male
ORD-05181,2024-01-02,Webcam HD,Electronics,89.99,3,15,229.47,Brazil,Email,Shipped,48,Female
ORD-05182,2023-10-20,Sunscreen SPF50,Beauty,22.99,3,10,62.07,Japan,Social Media,Returned,55,Male
ORD-05183,2023-02-04,Water Bottle,Sports,24.99,4,0,99.96,USA,Organic,Shipped,18,Female
ORD-05184,2024-08-04,Atomic Habits,Books,16.99,5,0,84.95,Japan,Social Media,Processing,45,Male
ORD-05185,2024-11-18,Desk Lamp,Furniture,44.99,3,20,107.98,Australia,Paid Ads,Shipped,47,Other
ORD-05186,2023-08-22,Atomic Habits,Books,16.99,3,15,43.32,France,Direct,Returned,42,Male
ORD-05187,2024-08-19,Mechanical Keyboard,Electronics,149.99,2,0,299.98,USA,Social Media,Delivered,47,Male
ORD-05188,2024-01-05,Dumbbells Set,Sports,79.99,3,15,203.97,Germany,Referral,Shipped,20,Male
ORD-05189,2024-03-20,Wireless Mouse,Electronics,29.99,5,20,119.96,Germany,Paid Ads,Returned,58,Other
ORD-05190,2023-09-16,Desk Lamp,Furniture,44.99,1,5,42.74,Canada,Email,Delivered,41,Other
ORD-05191,2023-04-17,Instant Pot,Kitchen,99.99,4,0,399.96,Germany,Organic,Cancelled,43,Male
ORD-05192,2023-08-11,4K Monitor,Electronics,499.99,3,0,1499.97,Germany,Direct,Cancelled,62,Other
ORD-05193,2023-11-01,Yoga Mat,Sports,39.99,5,10,179.96,France,Social Media,Delivered,47,Other
ORD-05194,2024-08-09,Office Chair,Furniture,299.99,2,15,509.98,Germany,Email,Delivered,49,Other
ORD-05195,2023-09-28,Deep Work,Books,18.99,4,15,64.57,France,Social Media,Returned,37,Other
ORD-05196,2024-12-16,Skincare Set,Beauty,59.99,3,15,152.97,Australia,Email,Cancelled,50,Male
ORD-05197,2023-06-27,Desk Lamp,Furniture,44.99,2,15,76.48,UK,Email,Cancelled,36,Other
ORD-05198,2024-11-05,4K Monitor,Electronics,499.99,4,15,1699.97,UK,Referral,Delivered,26,Male
ORD-05199,2024-11-30,Dumbbells Set,Sports,79.99,1,0,79.99,Germany,Referral,Delivered,43,Other
ORD-05200,2023-05-13,Python Crash Course,Books,34.99,4,0,139.96,Brazil,Email,Returned,35,Other
ORD-05201,2023-02-01,Sunscreen SPF50,Beauty,22.99,3,0,68.97,France,Direct,Shipped,39,Other
ORD-05202,2024-01-11,Mechanical Keyboard,Electronics,149.99,1,0,149.99,Japan,Paid Ads,Processing,23,Male
ORD-05203,2023-01-17,Office Chair,Furniture,299.99,1,0,299.99,Canada,Referral,Cancelled,56,Male
ORD-05204,2023-02-08,Python Crash Course,Books,34.99,3,15,89.22,Australia,Referral,Delivered,28,Other
ORD-05205,2023-05-19,Desk Lamp,Furniture,44.99,4,5,170.96,Brazil,Social Media,Delivered,31,Other
ORD-05206,2023-08-04,Protein Powder,Sports,54.99,3,0,164.97,Germany,Direct,Shipped,30,Other
ORD-05207,2023-05-17,Instant Pot,Kitchen,99.99,4,10,359.96,Germany,Referral,Shipped,65,Other
ORD-05208,2023-07-11,USB-C Hub,Electronics,49.99,3,0,149.97,USA,Organic,Delivered,42,Male
ORD-05209,2024-05-16,Desk Lamp,Furniture,44.99,2,0,89.98,France,Paid Ads,Cancelled,58,Female
ORD-05210,2024-12-14,The Lean Startup,Books,19.99,4,10,71.96,Japan,Social Media,Delivered,49,Male
ORD-05211,2024-01-05,Office Chair,Furniture,299.99,4,0,1199.96,UK,Organic,Delivered,29,Male
ORD-05212,2024-07-27,Deep Work,Books,18.99,5,0,94.95,UK,Referral,Shipped,32,Male
ORD-05213,2024-11-12,Deep Work,Books,18.99,3,0,56.97,Brazil,Referral,Delivered,32,Female
ORD-05214,2024-04-05,Yoga Mat,Sports,39.99,1,0,39.99,Brazil,Paid Ads,Delivered,23,Other
ORD-05215,2023-11-15,The Lean Startup,Books,19.99,3,0,59.97,Canada,Direct,Cancelled,47,Other
ORD-05216,2024-01-18,Coffee Maker,Kitchen,89.99,1,10,80.99,Canada,Email,Processing,63,Male
ORD-05217,2023-01-01,Coffee Maker,Kitchen,89.99,1,5,85.49,Canada,Paid Ads,Delivered,53,Other
ORD-05218,2024-10-05,Python Crash Course,Books,34.99,1,20,27.99,Canada,Organic,Processing,55,Female
ORD-05219,2023-12-22,Webcam HD,Electronics,89.99,2,10,161.98,Australia,Referral,Shipped,20,Male
ORD-05220,2023-08-29,Running Shoes,Sports,119.99,1,20,95.99,Australia,Referral,Returned,57,Other
ORD-05221,2024-04-20,Office Chair,Furniture,299.99,1,5,284.99,Australia,Email,Returned,57,Male
ORD-05222,2023-07-22,Webcam HD,Electronics,89.99,2,0,179.98,USA,Email,Returned,18,Other
ORD-05223,2023-10-17,USB-C Hub,Electronics,49.99,4,0,199.96,USA,Paid Ads,Returned,64,Female
ORD-05224,2023-05-05,Yoga Mat,Sports,39.99,1,0,39.99,Brazil,Referral,Cancelled,52,Female
ORD-05225,2024-05-20,Air Fryer,Kitchen,129.99,3,10,350.97,Brazil,Social Media,Delivered,61,Other
ORD-05226,2023-12-13,Laptop Pro 15,Electronics,1299.99,5,0,6499.95,UK,Social Media,Delivered,20,Female
ORD-05227,2024-09-25,Desk Lamp,Furniture,44.99,2,0,89.98,Japan,Email,Processing,36,Other
ORD-05228,2024-02-07,4K Monitor,Electronics,499.99,4,0,1999.96,Japan,Social Media,Delivered,52,Male
ORD-05229,2023-10-22,Sunscreen SPF50,Beauty,22.99,2,0,45.98,France,Paid Ads,Cancelled,53,Female
ORD-05230,2024-11-09,Protein Powder,Sports,54.99,1,15,46.74,France,Email,Delivered,24,Female
ORD-05231,2024-01-31,Dumbbells Set,Sports,79.99,2,0,159.98,Germany,Referral,Delivered,24,Female
ORD-05232,2024-01-22,Desk Lamp,Furniture,44.99,3,0,134.97,Brazil,Referral,Cancelled,53,Other
ORD-05233,2024-12-12,Bookshelf,Furniture,189.99,5,10,854.96,Australia,Referral,Delivered,46,Female
ORD-05234,2024-09-27,USB-C Hub,Electronics,49.99,1,0,49.99,Japan,Direct,Returned,45,Female
ORD-05235,2024-10-18,4K Monitor,Electronics,499.99,4,0,1999.96,UK,Referral,Shipped,57,Male
ORD-05236,2024-10-30,Deep Work,Books,18.99,4,10,68.36,Australia,Paid Ads,Shipped,48,Male
ORD-05237,2023-03-16,Webcam HD,Electronics,89.99,3,10,242.97,Germany,Organic,Shipped,65,Female
ORD-05238,2023-12-31,Blender Pro,Kitchen,74.99,5,10,337.45,Canada,Social Media,Delivered,46,Other
ORD-05239,2023-01-15,Dumbbells Set,Sports,79.99,4,0,319.96,France,Organic,Shipped,58,Other
ORD-05240,2023-07-25,Standing Desk,Furniture,549.99,3,0,1649.97,Brazil,Social Media,Shipped,55,Male
ORD-05241,2024-03-18,Instant Pot,Kitchen,99.99,5,0,499.95,USA,Paid Ads,Cancelled,64,Male
ORD-05242,2024-04-25,Running Shoes,Sports,119.99,3,20,287.98,Brazil,Organic,Delivered,41,Female
ORD-05243,2024-05-10,Webcam HD,Electronics,89.99,1,0,89.99,Germany,Organic,Delivered,53,Female
ORD-05244,2024-04-13,Blender Pro,Kitchen,74.99,5,20,299.96,Australia,Referral,Delivered,41,Male
ORD-05245,2023-05-26,Instant Pot,Kitchen,99.99,3,0,299.97,Australia,Email,Shipped,19,Male
ORD-05246,2024-08-17,Atomic Habits,Books,16.99,1,20,13.59,Australia,Email,Returned,52,Male
ORD-05247,2024-02-22,Air Fryer,Kitchen,129.99,5,0,649.95,Germany,Organic,Delivered,35,Male
ORD-05248,2023-09-09,Air Fryer,Kitchen,129.99,4,0,519.96,Germany,Paid Ads,Processing,50,Female
ORD-05249,2024-03-20,Skincare Set,Beauty,59.99,5,0,299.95,Brazil,Direct,Returned,46,Male
ORD-05250,2024-05-25,Wireless Mouse,Electronics,29.99,4,0,119.96,USA,Email,Delivered,42,Male
ORD-05251,2023-10-12,Yoga Mat,Sports,39.99,2,20,63.98,Brazil,Organic,Delivered,35,Other
ORD-05252,2024-08-28,USB-C Hub,Electronics,49.99,4,0,199.96,France,Paid Ads,Shipped,53,Female
ORD-05253,2023-03-26,Blender Pro,Kitchen,74.99,4,0,299.96,Brazil,Email,Delivered,23,Female
ORD-05254,2024-05-04,Instant Pot,Kitchen,99.99,4,20,319.97,France,Organic,Cancelled,38,Female
ORD-05255,2024-01-19,The Lean Startup,Books,19.99,4,5,75.96,UK,Referral,Delivered,36,Other
ORD-05256,2024-05-26,Water Bottle,Sports,24.99,1,0,24.99,Canada,Email,Processing,41,Male
ORD-05257,2024-10-04,USB-C Hub,Electronics,49.99,3,0,149.97,Brazil,Paid Ads,Shipped,31,Other
ORD-05258,2023-09-22,Blender Pro,Kitchen,74.99,5,0,374.95,UK,Direct,Delivered,26,Male
ORD-05259,2024-12-31,Yoga Mat,Sports,39.99,5,20,159.96,Canada,Organic,Delivered,54,Male
ORD-05260,2023-01-15,Desk Lamp,Furniture,44.99,1,0,44.99,Canada,Direct,Cancelled,18,Female
ORD-05261,2023-10-07,The Lean Startup,Books,19.99,3,20,47.98,Australia,Email,Shipped,48,Male
ORD-05262,2024-01-08,Blender Pro,Kitchen,74.99,3,0,224.97,Brazil,Direct,Cancelled,42,Female
ORD-05263,2023-01-08,Water Bottle,Sports,24.99,3,5,71.22,Germany,Referral,Delivered,24,Female
ORD-05264,2024-12-03,Skincare Set,Beauty,59.99,3,0,179.97,Brazil,Direct,Shipped,49,Other
ORD-05265,2024-04-05,Sunscreen SPF50,Beauty,22.99,4,0,91.96,Brazil,Direct,Shipped,42,Female
ORD-05266,2023-09-15,Python Crash Course,Books,34.99,4,0,139.96,Australia,Paid Ads,Delivered,50,Other
ORD-05267,2023-12-17,Air Fryer,Kitchen,129.99,2,10,233.98,Japan,Social Media,Delivered,38,Male
ORD-05268,2023-03-14,Python Crash Course,Books,34.99,3,0,104.97,France,Referral,Processing,52,Other
ORD-05269,2024-05-21,The Lean Startup,Books,19.99,2,10,35.98,Brazil,Paid Ads,Shipped,41,Female
ORD-05270,2023-10-10,4K Monitor,Electronics,499.99,2,0,999.98,Japan,Organic,Cancelled,62,Other
ORD-05271,2024-01-06,Instant Pot,Kitchen,99.99,1,5,94.99,Canada,Referral,Returned,52,Female
ORD-05272,2024-11-26,Yoga Mat,Sports,39.99,5,5,189.95,France,Organic,Delivered,42,Female
ORD-05273,2023-05-24,Water Bottle,Sports,24.99,4,20,79.97,Japan,Paid Ads,Processing,20,Male
ORD-05274,2023-06-16,USB-C Hub,Electronics,49.99,3,0,149.97,USA,Paid Ads,Delivered,52,Other
ORD-05275,2023-07-14,Deep Work,Books,18.99,2,0,37.98,USA,Organic,Delivered,25,Other
ORD-05276,2023-09-27,Blender Pro,Kitchen,74.99,1,5,71.24,Australia,Social Media,Processing,52,Female
ORD-05277,2023-12-18,The Lean Startup,Books,19.99,4,0,79.96,Australia,Paid Ads,Cancelled,36,Female
ORD-05278,2023-06-07,Deep Work,Books,18.99,4,0,75.96,Australia,Organic,Delivered,30,Female
ORD-05279,2024-09-15,Desk Lamp,Furniture,44.99,3,0,134.97,Brazil,Direct,Processing,31,Female
ORD-05280,2023-03-16,Desk Lamp,Furniture,44.99,5,10,202.46,Germany,Direct,Processing,47,Other
ORD-05281,2023-04-02,Blender Pro,Kitchen,74.99,2,0,149.98,Australia,Email,Shipped,57,Female
ORD-05282,2023-09-11,Blender Pro,Kitchen,74.99,2,20,119.98,Australia,Direct,Cancelled,52,Female
ORD-05283,2024-11-11,Dumbbells Set,Sports,79.99,1,5,75.99,Canada,Social Media,Cancelled,42,Male
ORD-05284,2024-12-10,Mechanical Keyboard,Electronics,149.99,5,10,674.96,UK,Direct,Shipped,26,Female
ORD-05285,2024-03-10,Coffee Maker,Kitchen,89.99,3,15,229.47,Brazil,Email,Cancelled,28,Other
ORD-05286,2023-07-20,Standing Desk,Furniture,549.99,5,0,2749.95,Canada,Email,Processing,41,Male
ORD-05287,2024-05-11,Deep Work,Books,18.99,4,0,75.96,Japan,Email,Processing,64,Other
ORD-05288,2023-02-19,USB-C Hub,Electronics,49.99,1,0,49.99,Brazil,Organic,Processing,21,Other
ORD-05289,2024-09-27,Protein Powder,Sports,54.99,2,20,87.98,USA,Paid Ads,Processing,60,Female
ORD-05290,2023-06-12,Mechanical Keyboard,Electronics,149.99,2,0,299.98,Australia,Direct,Delivered,54,Male
ORD-05291,2024-10-11,Dumbbells Set,Sports,79.99,3,15,203.97,Japan,Paid Ads,Returned,37,Other
ORD-05292,2023-10-05,Bookshelf,Furniture,189.99,2,0,379.98,USA,Organic,Shipped,39,Female
ORD-05293,2024-02-22,Running Shoes,Sports,119.99,2,10,215.98,Germany,Direct,Delivered,20,Other
ORD-05294,2023-06-09,Water Bottle,Sports,24.99,2,15,42.48,Canada,Email,Delivered,38,Male
ORD-05295,2024-11-20,Atomic Habits,Books,16.99,1,0,16.99,USA,Paid Ads,Delivered,59,Female
ORD-05296,2023-11-18,Protein Powder,Sports,54.99,5,20,219.96,France,Organic,Cancelled,35,Male
ORD-05297,2023-03-04,4K Monitor,Electronics,499.99,3,10,1349.97,France,Paid Ads,Returned,40,Male
ORD-05298,2024-05-14,Dumbbells Set,Sports,79.99,3,0,239.97,Germany,Direct,Returned,33,Male
ORD-05299,2024-06-11,Wireless Mouse,Electronics,29.99,5,15,127.46,Brazil,Organic,Delivered,34,Female
ORD-05300,2023-01-05,Water Bottle,Sports,24.99,2,0,49.98,USA,Referral,Delivered,47,Female
ORD-05301,2023-04-09,Blender Pro,Kitchen,74.99,5,0,374.95,Germany,Direct,Delivered,62,Other
ORD-05302,2023-09-05,4K Monitor,Electronics,499.99,4,5,1899.96,Germany,Email,Shipped,40,Female
ORD-05303,2023-09-21,Desk Lamp,Furniture,44.99,4,0,179.96,Brazil,Paid Ads,Shipped,40,Female
ORD-05304,2023-08-19,Protein Powder,Sports,54.99,3,0,164.97,UK,Social Media,Shipped,24,Male
ORD-05305,2024-02-03,Bookshelf,Furniture,189.99,4,0,759.96,Australia,Direct,Delivered,55,Male
ORD-05306,2024-08-13,Skincare Set,Beauty,59.99,2,10,107.98,France,Paid Ads,Shipped,63,Male
ORD-05307,2023-05-23,USB-C Hub,Electronics,49.99,3,0,149.97,UK,Paid Ads,Delivered,32,Other
ORD-05308,2023-09-13,Deep Work,Books,18.99,1,5,18.04,Canada,Email,Processing,65,Other
ORD-05309,2024-09-19,Air Fryer,Kitchen,129.99,3,10,350.97,Canada,Social Media,Returned,46,Female
ORD-05310,2023-07-13,Running Shoes,Sports,119.99,5,0,599.95,Canada,Referral,Returned,56,Male
ORD-05311,2023-08-15,Desk Lamp,Furniture,44.99,1,15,38.24,UK,Paid Ads,Shipped,40,Other
ORD-05312,2023-09-06,Deep Work,Books,18.99,3,0,56.97,Brazil,Direct,Delivered,36,Male
ORD-05313,2023-03-28,Skincare Set,Beauty,59.99,1,5,56.99,Canada,Paid Ads,Delivered,63,Female
ORD-05314,2024-10-31,Skincare Set,Beauty,59.99,3,10,161.97,UK,Organic,Delivered,63,Female
ORD-05315,2023-09-15,Running Shoes,Sports,119.99,4,0,479.96,Germany,Email,Delivered,36,Female
ORD-05316,2023-08-04,Webcam HD,Electronics,89.99,5,20,359.96,Japan,Referral,Delivered,34,Male
ORD-05317,2023-06-10,Instant Pot,Kitchen,99.99,1,15,84.99,USA,Email,Cancelled,27,Male
ORD-05318,2024-03-28,Standing Desk,Furniture,549.99,5,0,2749.95,Australia,Paid Ads,Shipped,50,Male
ORD-05319,2024-10-04,The Lean Startup,Books,19.99,4,10,71.96,Australia,Direct,Shipped,24,Male
ORD-05320,2024-09-08,Running Shoes,Sports,119.99,2,10,215.98,Australia,Paid Ads,Delivered,18,Male
ORD-05321,2024-08-25,Wireless Mouse,Electronics,29.99,1,15,25.49,Japan,Paid Ads,Cancelled,26,Female
ORD-05322,2024-06-10,Skincare Set,Beauty,59.99,4,15,203.97,Brazil,Email,Delivered,36,Female
ORD-05323,2024-01-14,Atomic Habits,Books,16.99,4,0,67.96,Brazil,Paid Ads,Processing,60,Female
ORD-05324,2024-04-18,Air Fryer,Kitchen,129.99,1,0,129.99,France,Social Media,Returned,44,Other
ORD-05325,2023-08-10,Yoga Mat,Sports,39.99,2,15,67.98,France,Email,Delivered,59,Other
ORD-05326,2024-02-28,The Lean Startup,Books,19.99,3,20,47.98,UK,Social Media,Delivered,65,Female
ORD-05327,2023-07-25,Protein Powder,Sports,54.99,1,5,52.24,Australia,Email,Delivered,38,Male
ORD-05328,2024-06-11,Office Chair,Furniture,299.99,1,20,239.99,Brazil,Email,Processing,61,Female
ORD-05329,2024-01-03,Instant Pot,Kitchen,99.99,5,0,499.95,Japan,Social Media,Returned,44,Male
ORD-05330,2023-02-12,Air Fryer,Kitchen,129.99,2,15,220.98,Germany,Email,Cancelled,38,Male
ORD-05331,2023-07-06,Deep Work,Books,18.99,4,15,64.57,France,Referral,Delivered,58,Male
ORD-05332,2023-04-01,Laptop Pro 15,Electronics,1299.99,5,0,6499.95,Canada,Paid Ads,Delivered,23,Other
ORD-05333,2023-09-29,Protein Powder,Sports,54.99,3,5,156.72,Australia,Direct,Delivered,47,Other
ORD-05334,2023-05-14,Yoga Mat,Sports,39.99,4,5,151.96,Japan,Organic,Delivered,22,Female
ORD-05335,2023-05-28,Bookshelf,Furniture,189.99,3,0,569.97,USA,Paid Ads,Processing,48,Male
ORD-05336,2024-07-12,USB-C Hub,Electronics,49.99,2,20,79.98,Brazil,Paid Ads,Delivered,55,Other
ORD-05337,2023-05-27,Mechanical Keyboard,Electronics,149.99,1,10,134.99,Germany,Social Media,Cancelled,27,Female
ORD-05338,2024-11-18,Running Shoes,Sports,119.99,5,0,599.95,Canada,Referral,Cancelled,41,Male
ORD-05339,2023-03-31,Instant Pot,Kitchen,99.99,3,10,269.97,Japan,Paid Ads,Processing,34,Male
ORD-05340,2024-04-16,Bookshelf,Furniture,189.99,5,20,759.96,Australia,Paid Ads,Processing,21,Other
ORD-05341,2024-04-24,Atomic Habits,Books,16.99,2,15,28.88,France,Email,Shipped,47,Other
ORD-05342,2024-09-30,Laptop Pro 15,Electronics,1299.99,1,5,1234.99,Canada,Social Media,Delivered,43,Female
ORD-05343,2024-02-06,Standing Desk,Furniture,549.99,5,0,2749.95,Germany,Email,Cancelled,18,Other
ORD-05344,2024-08-01,Air Fryer,Kitchen,129.99,3,0,389.97,Japan,Referral,Delivered,61,Other
ORD-05345,2023-12-31,Skincare Set,Beauty,59.99,1,10,53.99,Australia,Social Media,Processing,29,Female
ORD-05346,2024-10-10,Bookshelf,Furniture,189.99,2,10,341.98,Brazil,Paid Ads,Shipped,42,Other
ORD-05347,2023-05-30,Running Shoes,Sports,119.99,2,0,239.98,Brazil,Direct,Returned,28,Female
ORD-05348,2023-09-08,Air Fryer,Kitchen,129.99,3,15,331.47,Japan,Referral,Returned,63,Other
ORD-05349,2024-12-29,Webcam HD,Electronics,89.99,4,0,359.96,France,Email,Delivered,30,Other
ORD-05350,2024-11-27,Yoga Mat,Sports,39.99,3,15,101.97,France,Email,Shipped,43,Male
ORD-05351,2023-02-17,Office Chair,Furniture,299.99,1,0,299.99,Japan,Organic,Processing,21,Female
ORD-05352,2024-06-09,Standing Desk,Furniture,549.99,2,10,989.98,Japan,Direct,Cancelled,51,Other
ORD-05353,2024-06-18,Python Crash Course,Books,34.99,5,0,174.95,France,Social Media,Processing,34,Male
ORD-05354,2023-09-09,Blender Pro,Kitchen,74.99,5,0,374.95,UK,Referral,Shipped,57,Other
ORD-05355,2023-11-28,Bookshelf,Furniture,189.99,1,0,189.99,France,Social Media,Delivered,53,Other
ORD-05356,2023-08-22,Instant Pot,Kitchen,99.99,2,20,159.98,UK,Referral,Delivered,52,Male
ORD-05357,2023-05-05,Standing Desk,Furniture,549.99,5,15,2337.46,Germany,Social Media,Shipped,44,Other
ORD-05358,2023-03-11,4K Monitor,Electronics,499.99,2,5,949.98,Brazil,Referral,Returned,33,Other
ORD-05359,2024-09-16,Atomic Habits,Books,16.99,1,0,16.99,Canada,Paid Ads,Returned,19,Male
ORD-05360,2024-01-30,Running Shoes,Sports,119.99,1,10,107.99,Australia,Paid Ads,Delivered,18,Other
ORD-05361,2023-06-06,Yoga Mat,Sports,39.99,5,0,199.95,Australia,Paid Ads,Delivered,22,Male
ORD-05362,2023-09-06,Standing Desk,Furniture,549.99,2,15,934.98,UK,Social Media,Returned,18,Other
ORD-05363,2024-07-20,Webcam HD,Electronics,89.99,1,0,89.99,Brazil,Organic,Delivered,33,Male
ORD-05364,2024-07-16,Coffee Maker,Kitchen,89.99,4,5,341.96,Canada,Organic,Returned,25,Male
ORD-05365,2024-09-29,Office Chair,Furniture,299.99,5,0,1499.95,Germany,Organic,Cancelled,47,Female
ORD-05366,2024-10-12,Protein Powder,Sports,54.99,4,10,197.96,USA,Organic,Cancelled,18,Other
ORD-05367,2023-04-18,Air Fryer,Kitchen,129.99,5,15,552.46,UK,Email,Shipped,39,Male
ORD-05368,2023-06-28,Water Bottle,Sports,24.99,3,10,67.47,Germany,Social Media,Delivered,50,Female
ORD-05369,2023-04-27,Office Chair,Furniture,299.99,1,0,299.99,France,Direct,Shipped,37,Female
ORD-05370,2024-09-25,Mechanical Keyboard,Electronics,149.99,1,5,142.49,USA,Direct,Cancelled,53,Female
ORD-05371,2023-01-12,4K Monitor,Electronics,499.99,4,0,1999.96,Canada,Organic,Returned,34,Male
ORD-05372,2023-02-17,Coffee Maker,Kitchen,89.99,2,15,152.98,USA,Referral,Cancelled,30,Female
ORD-05373,2024-10-04,Instant Pot,Kitchen,99.99,5,15,424.96,UK,Paid Ads,Returned,31,Male
ORD-05374,2023-04-26,Standing Desk,Furniture,549.99,1,0,549.99,Australia,Referral,Returned,63,Male
ORD-05375,2023-07-02,Dumbbells Set,Sports,79.99,1,10,71.99,Germany,Paid Ads,Cancelled,65,Female
ORD-05376,2023-07-11,Instant Pot,Kitchen,99.99,4,5,379.96,Canada,Social Media,Delivered,59,Male
ORD-05377,2023-06-17,USB-C Hub,Electronics,49.99,2,0,99.98,UK,Email,Shipped,54,Female
ORD-05378,2023-10-25,Webcam HD,Electronics,89.99,5,15,382.46,Germany,Paid Ads,Shipped,49,Other
ORD-05379,2023-01-28,Mechanical Keyboard,Electronics,149.99,1,5,142.49,Brazil,Referral,Delivered,25,Female
ORD-05380,2024-04-24,Skincare Set,Beauty,59.99,5,5,284.95,Canada,Referral,Delivered,29,Female
ORD-05381,2023-04-09,Protein Powder,Sports,54.99,2,10,98.98,Japan,Social Media,Returned,28,Female
ORD-05382,2024-03-29,Yoga Mat,Sports,39.99,1,0,39.99,Canada,Organic,Processing,54,Female
ORD-05383,2023-03-27,Python Crash Course,Books,34.99,3,0,104.97,USA,Social Media,Cancelled,18,Female
ORD-05384,2023-07-22,USB-C Hub,Electronics,49.99,5,10,224.96,France,Organic,Delivered,60,Female
ORD-05385,2023-01-29,Desk Lamp,Furniture,44.99,3,20,107.98,Australia,Organic,Processing,34,Other
ORD-05386,2023-11-24,Webcam HD,Electronics,89.99,5,0,449.95,Japan,Email,Shipped,21,Male
ORD-05387,2024-05-23,The Lean Startup,Books,19.99,3,5,56.97,Brazil,Referral,Shipped,21,Other
ORD-05388,2023-01-08,Atomic Habits,Books,16.99,2,0,33.98,Brazil,Email,Delivered,60,Female
ORD-05389,2023-02-11,Protein Powder,Sports,54.99,5,0,274.95,Australia,Social Media,Cancelled,18,Male
ORD-05390,2024-05-24,Webcam HD,Electronics,89.99,4,0,359.96,Brazil,Direct,Processing,46,Male
ORD-05391,2023-05-21,Atomic Habits,Books,16.99,2,10,30.58,USA,Organic,Returned,62,Other
ORD-05392,2023-08-30,4K Monitor,Electronics,499.99,1,0,499.99,UK,Organic,Returned,28,Male
ORD-05393,2023-07-17,Dumbbells Set,Sports,79.99,1,5,75.99,Germany,Email,Processing,19,Male
ORD-05394,2024-09-24,Coffee Maker,Kitchen,89.99,1,0,89.99,USA,Paid Ads,Delivered,20,Female
ORD-05395,2023-11-19,USB-C Hub,Electronics,49.99,1,15,42.49,Brazil,Direct,Cancelled,35,Female
ORD-05396,2023-03-21,Skincare Set,Beauty,59.99,1,5,56.99,USA,Direct,Shipped,35,Other
ORD-05397,2023-12-27,Desk Lamp,Furniture,44.99,5,5,213.7,Japan,Paid Ads,Cancelled,60,Male
ORD-05398,2023-06-17,Dumbbells Set,Sports,79.99,1,5,75.99,USA,Social Media,Cancelled,37,Other
ORD-05399,2024-12-02,USB-C Hub,Electronics,49.99,2,10,89.98,UK,Referral,Delivered,25,Male
ORD-05400,2023-10-08,Protein Powder,Sports,54.99,4,5,208.96,Japan,Email,Shipped,44,Male
ORD-05401,2024-08-21,Protein Powder,Sports,54.99,2,0,109.98,Japan,Direct,Delivered,24,Female
ORD-05402,2023-02-09,Deep Work,Books,18.99,2,20,30.38,UK,Email,Shipped,37,Female
ORD-05403,2023-03-18,Python Crash Course,Books,34.99,4,20,111.97,USA,Paid Ads,Delivered,60,Male
ORD-05404,2024-07-22,Laptop Pro 15,Electronics,1299.99,3,15,3314.97,Australia,Paid Ads,Delivered,46,Other
ORD-05405,2023-06-16,Desk Lamp,Furniture,44.99,4,15,152.97,Canada,Social Media,Returned,30,Other
ORD-05406,2023-06-02,Wireless Mouse,Electronics,29.99,5,0,149.95,Canada,Referral,Delivered,51,Other
ORD-05407,2024-07-22,Python Crash Course,Books,34.99,2,0,69.98,Brazil,Paid Ads,Shipped,28,Other
ORD-05408,2024-09-14,Running Shoes,Sports,119.99,2,15,203.98,Australia,Direct,Shipped,61,Other
ORD-05409,2023-01-17,Webcam HD,Electronics,89.99,3,0,269.97,Germany,Referral,Processing,43,Other
ORD-05410,2024-03-09,Running Shoes,Sports,119.99,5,20,479.96,France,Email,Delivered,52,Female
ORD-05411,2023-09-30,4K Monitor,Electronics,499.99,4,0,1999.96,Germany,Social Media,Cancelled,43,Other
ORD-05412,2023-12-22,4K Monitor,Electronics,499.99,2,10,899.98,UK,Referral,Cancelled,53,Female
ORD-05413,2024-11-08,Desk Lamp,Furniture,44.99,4,0,179.96,Canada,Email,Delivered,39,Male
ORD-05414,2023-08-29,Water Bottle,Sports,24.99,1,5,23.74,Canada,Organic,Returned,24,Female
ORD-05415,2024-03-10,Running Shoes,Sports,119.99,2,0,239.98,USA,Organic,Delivered,62,Male
ORD-05416,2023-04-05,Office Chair,Furniture,299.99,4,15,1019.97,Germany,Social Media,Cancelled,39,Male
ORD-05417,2024-03-01,Running Shoes,Sports,119.99,4,0,479.96,Japan,Paid Ads,Delivered,30,Female
ORD-05418,2024-04-15,Wireless Mouse,Electronics,29.99,3,0,89.97,France,Social Media,Delivered,63,Male
ORD-05419,2024-10-30,Water Bottle,Sports,24.99,2,0,49.98,France,Paid Ads,Delivered,22,Male
ORD-05420,2024-04-23,Protein Powder,Sports,54.99,3,10,148.47,France,Social Media,Processing,39,Female
ORD-05421,2024-10-18,Water Bottle,Sports,24.99,2,20,39.98,UK,Direct,Processing,52,Other
ORD-05422,2023-11-03,Webcam HD,Electronics,89.99,3,5,256.47,Germany,Referral,Delivered,41,Male
ORD-05423,2023-06-15,Coffee Maker,Kitchen,89.99,1,0,89.99,Japan,Social Media,Returned,49,Other
ORD-05424,2024-09-17,Webcam HD,Electronics,89.99,3,15,229.47,Japan,Social Media,Delivered,55,Other
ORD-05425,2024-05-28,Desk Lamp,Furniture,44.99,2,0,89.98,Brazil,Direct,Delivered,38,Male
ORD-05426,2024-10-29,Coffee Maker,Kitchen,89.99,5,10,404.95,Brazil,Social Media,Returned,59,Other
ORD-05427,2023-05-02,Office Chair,Furniture,299.99,2,20,479.98,USA,Organic,Shipped,38,Male
ORD-05428,2023-09-25,Office Chair,Furniture,299.99,1,20,239.99,Germany,Social Media,Shipped,54,Male
ORD-05429,2024-12-04,Yoga Mat,Sports,39.99,1,0,39.99,Brazil,Referral,Delivered,34,Female
ORD-05430,2023-07-21,USB-C Hub,Electronics,49.99,1,15,42.49,UK,Paid Ads,Delivered,43,Female
ORD-05431,2023-09-02,Skincare Set,Beauty,59.99,4,10,215.96,Japan,Paid Ads,Delivered,31,Other
ORD-05432,2023-02-18,Air Fryer,Kitchen,129.99,1,0,129.99,Japan,Organic,Shipped,44,Other
ORD-05433,2024-08-27,Standing Desk,Furniture,549.99,1,15,467.49,USA,Email,Returned,56,Other
ORD-05434,2024-02-28,Yoga Mat,Sports,39.99,4,0,159.96,UK,Paid Ads,Returned,22,Other
ORD-05435,2024-05-17,Coffee Maker,Kitchen,89.99,1,5,85.49,Australia,Organic,Shipped,22,Female
ORD-05436,2024-03-24,USB-C Hub,Electronics,49.99,3,10,134.97,USA,Organic,Delivered,28,Female
ORD-05437,2023-01-03,4K Monitor,Electronics,499.99,2,0,999.98,Japan,Organic,Delivered,34,Male
ORD-05438,2023-07-11,Python Crash Course,Books,34.99,2,10,62.98,Japan,Referral,Delivered,58,Male
ORD-05439,2023-04-26,Webcam HD,Electronics,89.99,1,10,80.99,Japan,Organic,Delivered,65,Other
ORD-05440,2024-09-23,Atomic Habits,Books,16.99,3,0,50.97,Australia,Organic,Returned,47,Other
ORD-05441,2024-02-09,Sunscreen SPF50,Beauty,22.99,4,10,82.76,Brazil,Referral,Delivered,28,Male
ORD-05442,2023-03-05,Air Fryer,Kitchen,129.99,1,0,129.99,UK,Social Media,Returned,35,Male
ORD-05443,2023-09-21,Standing Desk,Furniture,549.99,1,15,467.49,Brazil,Paid Ads,Returned,49,Male
ORD-05444,2023-09-10,Instant Pot,Kitchen,99.99,5,5,474.95,UK,Direct,Delivered,55,Female
ORD-05445,2023-06-23,The Lean Startup,Books,19.99,3,15,50.97,France,Email,Delivered,60,Female
ORD-05446,2024-12-15,Bookshelf,Furniture,189.99,2,20,303.98,Brazil,Direct,Returned,56,Other
ORD-05447,2023-06-24,Deep Work,Books,18.99,2,0,37.98,Australia,Social Media,Shipped,48,Other
ORD-05448,2024-04-25,Blender Pro,Kitchen,74.99,5,15,318.71,Germany,Email,Shipped,45,Male
ORD-05449,2024-04-25,Water Bottle,Sports,24.99,1,0,24.99,Australia,Referral,Delivered,56,Female
ORD-05450,2024-11-19,Atomic Habits,Books,16.99,1,0,16.99,USA,Social Media,Returned,32,Other
ORD-05451,2023-02-27,Yoga Mat,Sports,39.99,3,20,95.98,Japan,Direct,Delivered,26,Other
ORD-05452,2023-12-31,Sunscreen SPF50,Beauty,22.99,5,15,97.71,Japan,Referral,Cancelled,42,Female
ORD-05453,2023-01-16,Coffee Maker,Kitchen,89.99,4,0,359.96,Australia,Social Media,Cancelled,47,Female
ORD-05454,2023-01-18,Python Crash Course,Books,34.99,3,20,83.98,UK,Paid Ads,Delivered,21,Male
ORD-05455,2024-05-27,Water Bottle,Sports,24.99,2,5,47.48,Canada,Direct,Delivered,42,Female
ORD-05456,2024-11-02,Water Bottle,Sports,24.99,1,10,22.49,USA,Paid Ads,Returned,35,Female
ORD-05457,2024-08-19,Water Bottle,Sports,24.99,1,10,22.49,Australia,Referral,Cancelled,32,Female
ORD-05458,2024-02-20,Office Chair,Furniture,299.99,2,0,599.98,Canada,Social Media,Cancelled,33,Female
ORD-05459,2024-04-09,Sunscreen SPF50,Beauty,22.99,5,0,114.95,USA,Email,Cancelled,44,Other
ORD-05460,2024-01-07,Sunscreen SPF50,Beauty,22.99,3,5,65.52,Germany,Email,Returned,34,Other
ORD-05461,2023-12-28,Skincare Set,Beauty,59.99,2,0,119.98,UK,Paid Ads,Delivered,39,Other
ORD-05462,2024-07-18,Water Bottle,Sports,24.99,4,5,94.96,USA,Organic,Cancelled,49,Female
ORD-05463,2023-06-23,Webcam HD,Electronics,89.99,4,10,323.96,Canada,Referral,Delivered,54,Other
ORD-05464,2024-03-14,Protein Powder,Sports,54.99,2,0,109.98,Japan,Email,Delivered,61,Other
ORD-05465,2024-07-31,Coffee Maker,Kitchen,89.99,1,0,89.99,USA,Paid Ads,Cancelled,51,Female
ORD-05466,2023-10-03,Wireless Mouse,Electronics,29.99,4,0,119.96,USA,Referral,Delivered,23,Female
ORD-05467,2024-08-07,Instant Pot,Kitchen,99.99,1,0,99.99,France,Paid Ads,Shipped,54,Other
ORD-05468,2023-11-24,Python Crash Course,Books,34.99,3,0,104.97,Australia,Organic,Cancelled,30,Other
ORD-05469,2024-09-14,Python Crash Course,Books,34.99,4,15,118.97,Germany,Social Media,Delivered,57,Female
ORD-05470,2024-03-03,USB-C Hub,Electronics,49.99,3,0,149.97,Japan,Direct,Delivered,19,Female
ORD-05471,2023-03-02,The Lean Startup,Books,19.99,3,0,59.97,USA,Email,Returned,33,Male
ORD-05472,2023-09-27,Bookshelf,Furniture,189.99,1,0,189.99,Brazil,Referral,Shipped,30,Female
ORD-05473,2023-05-28,The Lean Startup,Books,19.99,2,15,33.98,Japan,Social Media,Processing,30,Other
ORD-05474,2023-08-12,Instant Pot,Kitchen,99.99,5,0,499.95,France,Organic,Cancelled,57,Male
ORD-05475,2024-05-07,USB-C Hub,Electronics,49.99,4,0,199.96,Germany,Paid Ads,Returned,65,Other
ORD-05476,2023-08-25,Wireless Mouse,Electronics,29.99,5,20,119.96,Australia,Social Media,Delivered,23,Other
ORD-05477,2024-10-27,Water Bottle,Sports,24.99,2,5,47.48,Japan,Organic,Cancelled,29,Other
ORD-05478,2023-01-17,Air Fryer,Kitchen,129.99,5,0,649.95,UK,Paid Ads,Shipped,53,Other
ORD-05479,2023-02-19,Skincare Set,Beauty,59.99,2,15,101.98,UK,Organic,Processing,33,Female
ORD-05480,2024-05-12,Skincare Set,Beauty,59.99,4,5,227.96,Brazil,Email,Shipped,33,Female
ORD-05481,2023-12-17,Sunscreen SPF50,Beauty,22.99,4,5,87.36,France,Social Media,Delivered,37,Female
ORD-05482,2024-09-24,Wireless Mouse,Electronics,29.99,2,0,59.98,UK,Referral,Delivered,62,Female
ORD-05483,2023-07-26,Office Chair,Furniture,299.99,1,0,299.99,USA,Paid Ads,Shipped,57,Male
ORD-05484,2024-08-10,Protein Powder,Sports,54.99,3,0,164.97,Germany,Organic,Processing,57,Other
ORD-05485,2023-05-19,Running Shoes,Sports,119.99,2,0,239.98,UK,Paid Ads,Delivered,61,Other
ORD-05486,2023-03-13,Water Bottle,Sports,24.99,5,0,124.95,Australia,Direct,Returned,19,Female
ORD-05487,2023-01-24,4K Monitor,Electronics,499.99,4,0,1999.96,USA,Email,Delivered,45,Male
ORD-05488,2024-01-30,Desk Lamp,Furniture,44.99,3,15,114.72,UK,Social Media,Cancelled,25,Other
ORD-05489,2023-11-01,Water Bottle,Sports,24.99,5,5,118.7,Japan,Paid Ads,Delivered,44,Female
ORD-05490,2024-07-29,Yoga Mat,Sports,39.99,3,15,101.97,Canada,Email,Cancelled,55,Female
ORD-05491,2023-09-13,Wireless Mouse,Electronics,29.99,2,10,53.98,France,Organic,Shipped,54,Female
ORD-05492,2024-05-04,Webcam HD,Electronics,89.99,3,0,269.97,USA,Paid Ads,Delivered,65,Female
ORD-05493,2024-06-03,Coffee Maker,Kitchen,89.99,2,5,170.98,Brazil,Organic,Delivered,41,Other
ORD-05494,2023-07-05,Atomic Habits,Books,16.99,3,10,45.87,UK,Referral,Cancelled,63,Other
ORD-05495,2023-11-04,Coffee Maker,Kitchen,89.99,3,0,269.97,Japan,Direct,Cancelled,39,Other
ORD-05496,2024-08-19,USB-C Hub,Electronics,49.99,5,0,249.95,Australia,Email,Cancelled,36,Female
ORD-05497,2024-03-18,Dumbbells Set,Sports,79.99,3,0,239.97,Germany,Referral,Delivered,19,Female
ORD-05498,2023-03-16,Office Chair,Furniture,299.99,2,0,599.98,Canada,Direct,Processing,42,Female
ORD-05499,2024-07-05,Office Chair,Furniture,299.99,3,0,899.97,Brazil,Organic,Returned,22,Other
ORD-05500,2024-08-25,Python Crash Course,Books,34.99,4,10,125.96,Australia,Organic,Delivered,61,Female
ORD-05501,2024-01-20,Desk Lamp,Furniture,44.99,1,15,38.24,Germany,Email,Shipped,27,Other
ORD-05502,2023-12-18,Wireless Mouse,Electronics,29.99,2,10,53.98,USA,Organic,Returned,62,Female
ORD-05503,2024-11-13,USB-C Hub,Electronics,49.99,4,5,189.96,USA,Direct,Shipped,33,Female
ORD-05504,2024-12-18,Bookshelf,Furniture,189.99,1,15,161.49,Germany,Organic,Shipped,24,Male
ORD-05505,2024-11-10,Water Bottle,Sports,24.99,1,15,21.24,Brazil,Referral,Processing,26,Other
ORD-05506,2023-03-31,Standing Desk,Furniture,549.99,3,0,1649.97,Brazil,Social Media,Returned,29,Female
ORD-05507,2023-12-20,Water Bottle,Sports,24.99,2,15,42.48,Germany,Paid Ads,Returned,53,Female
ORD-05508,2024-05-16,Blender Pro,Kitchen,74.99,5,0,374.95,UK,Social Media,Cancelled,21,Female
ORD-05509,2024-02-05,The Lean Startup,Books,19.99,5,0,99.95,Australia,Social Media,Cancelled,47,Male
ORD-05510,2024-12-10,Protein Powder,Sports,54.99,3,20,131.98,Japan,Direct,Shipped,23,Female
ORD-05511,2024-02-29,Atomic Habits,Books,16.99,5,0,84.95,USA,Referral,Delivered,44,Other
ORD-05512,2023-09-02,Standing Desk,Furniture,549.99,3,5,1567.47,USA,Social Media,Processing,41,Female
ORD-05513,2023-05-03,Instant Pot,Kitchen,99.99,4,0,399.96,UK,Paid Ads,Delivered,55,Female
ORD-05514,2024-03-01,Running Shoes,Sports,119.99,2,0,239.98,France,Social Media,Delivered,50,Male
ORD-05515,2024-01-18,Standing Desk,Furniture,549.99,5,5,2612.45,UK,Referral,Delivered,23,Male
ORD-05516,2024-10-18,Instant Pot,Kitchen,99.99,4,10,359.96,Brazil,Direct,Delivered,53,Other
ORD-05517,2024-02-02,Deep Work,Books,18.99,4,10,68.36,France,Referral,Shipped,54,Other
ORD-05518,2024-10-04,Coffee Maker,Kitchen,89.99,4,15,305.97,Germany,Organic,Processing,45,Male
ORD-05519,2023-03-01,Office Chair,Furniture,299.99,2,5,569.98,USA,Social Media,Cancelled,31,Female
ORD-05520,2024-08-07,Webcam HD,Electronics,89.99,2,20,143.98,Australia,Referral,Cancelled,23,Female
ORD-05521,2023-09-14,4K Monitor,Electronics,499.99,2,0,999.98,UK,Paid Ads,Shipped,36,Female
ORD-05522,2024-08-23,Instant Pot,Kitchen,99.99,1,0,99.99,Brazil,Email,Delivered,24,Other
ORD-05523,2023-04-03,Deep Work,Books,18.99,5,20,75.96,Japan,Paid Ads,Shipped,61,Other
ORD-05524,2023-01-18,The Lean Startup,Books,19.99,3,15,50.97,Australia,Paid Ads,Returned,42,Male
ORD-05525,2024-03-06,4K Monitor,Electronics,499.99,2,0,999.98,USA,Email,Delivered,40,Female
ORD-05526,2024-04-26,Running Shoes,Sports,119.99,3,5,341.97,Brazil,Social Media,Shipped,57,Other
ORD-05527,2023-10-24,Webcam HD,Electronics,89.99,5,10,404.95,France,Organic,Delivered,37,Male
ORD-05528,2024-12-27,Wireless Mouse,Electronics,29.99,2,20,47.98,Canada,Email,Delivered,19,Male
ORD-05529,2023-05-11,Water Bottle,Sports,24.99,5,0,124.95,Brazil,Social Media,Returned,62,Female
ORD-05530,2023-07-31,Skincare Set,Beauty,59.99,3,0,179.97,Germany,Social Media,Returned,44,Male
ORD-05531,2023-04-29,Atomic Habits,Books,16.99,5,15,72.21,Canada,Organic,Delivered,52,Male
ORD-05532,2024-12-04,Bookshelf,Furniture,189.99,5,0,949.95,Japan,Paid Ads,Cancelled,22,Other
ORD-05533,2023-12-09,Running Shoes,Sports,119.99,1,15,101.99,UK,Organic,Cancelled,28,Other
ORD-05534,2023-03-22,Desk Lamp,Furniture,44.99,4,20,143.97,USA,Paid Ads,Cancelled,43,Female
ORD-05535,2024-01-30,Standing Desk,Furniture,549.99,2,5,1044.98,France,Email,Delivered,50,Male
ORD-05536,2024-10-27,Yoga Mat,Sports,39.99,2,5,75.98,Australia,Referral,Processing,35,Female
ORD-05537,2023-01-11,Running Shoes,Sports,119.99,2,15,203.98,Brazil,Referral,Delivered,63,Male
ORD-05538,2024-11-14,Blender Pro,Kitchen,74.99,5,0,374.95,USA,Paid Ads,Shipped,41,Male
ORD-05539,2023-12-20,Air Fryer,Kitchen,129.99,2,15,220.98,UK,Direct,Delivered,27,Other
ORD-05540,2023-09-14,Skincare Set,Beauty,59.99,3,0,179.97,Brazil,Direct,Delivered,44,Female
ORD-05541,2023-04-11,Deep Work,Books,18.99,3,0,56.97,Germany,Organic,Delivered,43,Other
ORD-05542,2024-04-10,Atomic Habits,Books,16.99,1,5,16.14,UK,Paid Ads,Cancelled,43,Female
ORD-05543,2023-06-05,Water Bottle,Sports,24.99,5,0,124.95,UK,Referral,Delivered,28,Other
ORD-05544,2024-09-05,The Lean Startup,Books,19.99,2,10,35.98,Canada,Organic,Cancelled,22,Female
ORD-05545,2023-05-04,Dumbbells Set,Sports,79.99,5,5,379.95,Brazil,Email,Shipped,35,Other
ORD-05546,2023-04-02,Yoga Mat,Sports,39.99,4,15,135.97,UK,Email,Returned,40,Female
ORD-05547,2024-02-28,Office Chair,Furniture,299.99,2,10,539.98,Canada,Paid Ads,Cancelled,42,Male
ORD-05548,2024-08-04,Air Fryer,Kitchen,129.99,3,15,331.47,France,Direct,Processing,60,Male
ORD-05549,2023-05-15,Deep Work,Books,18.99,3,10,51.27,France,Referral,Returned,36,Male
ORD-05550,2024-11-18,Skincare Set,Beauty,59.99,3,15,152.97,Australia,Email,Shipped,44,Female
ORD-05551,2023-03-20,Skincare Set,Beauty,59.99,2,10,107.98,Japan,Social Media,Cancelled,39,Male
ORD-05552,2023-02-04,Instant Pot,Kitchen,99.99,5,20,399.96,UK,Direct,Delivered,56,Female
ORD-05553,2024-02-14,Skincare Set,Beauty,59.99,4,10,215.96,Germany,Paid Ads,Delivered,54,Other
ORD-05554,2024-10-28,Skincare Set,Beauty,59.99,3,20,143.98,Germany,Email,Returned,18,Male
ORD-05555,2024-08-16,Sunscreen SPF50,Beauty,22.99,3,0,68.97,Canada,Direct,Shipped,19,Female
ORD-05556,2024-01-28,Mechanical Keyboard,Electronics,149.99,5,20,599.96,Australia,Direct,Delivered,44,Male
ORD-05557,2024-12-23,The Lean Startup,Books,19.99,4,10,71.96,USA,Email,Delivered,18,Other
ORD-05558,2023-05-24,Laptop Pro 15,Electronics,1299.99,2,15,2209.98,Germany,Referral,Processing,24,Male
ORD-05559,2023-06-11,Laptop Pro 15,Electronics,1299.99,5,10,5849.95,Japan,Email,Returned,48,Female
ORD-05560,2023-08-14,Desk Lamp,Furniture,44.99,2,0,89.98,Germany,Direct,Shipped,32,Female
ORD-05561,2023-09-14,The Lean Startup,Books,19.99,2,5,37.98,Australia,Email,Shipped,18,Female
ORD-05562,2024-10-17,Mechanical Keyboard,Electronics,149.99,5,15,637.46,USA,Social Media,Shipped,60,Female
ORD-05563,2024-05-17,Water Bottle,Sports,24.99,2,10,44.98,Japan,Email,Shipped,20,Female
ORD-05564,2023-09-24,Standing Desk,Furniture,549.99,4,0,2199.96,Germany,Organic,Shipped,34,Other
ORD-05565,2024-09-03,Laptop Pro 15,Electronics,1299.99,5,15,5524.96,Australia,Social Media,Shipped,53,Other
ORD-05566,2024-06-29,Python Crash Course,Books,34.99,2,15,59.48,USA,Social Media,Processing,50,Female
ORD-05567,2024-06-30,Mechanical Keyboard,Electronics,149.99,1,20,119.99,Canada,Social Media,Delivered,24,Male
ORD-05568,2024-08-26,Webcam HD,Electronics,89.99,4,20,287.97,Japan,Paid Ads,Delivered,35,Female
ORD-05569,2024-06-04,Wireless Mouse,Electronics,29.99,1,10,26.99,Australia,Referral,Delivered,37,Male
ORD-05570,2023-04-03,Sunscreen SPF50,Beauty,22.99,3,5,65.52,UK,Social Media,Processing,47,Other
ORD-05571,2023-01-14,Wireless Mouse,Electronics,29.99,1,0,29.99,USA,Organic,Shipped,31,Other
ORD-05572,2024-06-02,Protein Powder,Sports,54.99,3,5,156.72,Brazil,Direct,Delivered,58,Female
ORD-05573,2024-05-23,Water Bottle,Sports,24.99,2,20,39.98,Japan,Referral,Delivered,54,Other
ORD-05574,2023-02-03,Atomic Habits,Books,16.99,5,0,84.95,UK,Paid Ads,Delivered,54,Other
ORD-05575,2023-11-22,Deep Work,Books,18.99,4,5,72.16,UK,Referral,Delivered,27,Male
ORD-05576,2023-07-25,Laptop Pro 15,Electronics,1299.99,3,0,3899.97,Canada,Direct,Processing,58,Female
ORD-05577,2024-11-01,Instant Pot,Kitchen,99.99,2,0,199.98,UK,Organic,Delivered,55,Other
ORD-05578,2023-02-12,Running Shoes,Sports,119.99,3,10,323.97,France,Direct,Delivered,54,Female
ORD-05579,2023-06-20,Blender Pro,Kitchen,74.99,5,0,374.95,UK,Paid Ads,Delivered,54,Female
ORD-05580,2024-09-28,Coffee Maker,Kitchen,89.99,5,0,449.95,Germany,Paid Ads,Delivered,53,Other
ORD-05581,2024-12-27,Desk Lamp,Furniture,44.99,4,5,170.96,Japan,Email,Delivered,58,Female
ORD-05582,2023-06-19,Skincare Set,Beauty,59.99,5,10,269.95,Australia,Organic,Delivered,37,Male
ORD-05583,2024-10-25,Running Shoes,Sports,119.99,5,10,539.95,Brazil,Referral,Delivered,52,Female
ORD-05584,2023-10-21,Water Bottle,Sports,24.99,2,0,49.98,UK,Referral,Delivered,44,Male
ORD-05585,2023-06-14,Instant Pot,Kitchen,99.99,5,15,424.96,Germany,Direct,Processing,61,Female
ORD-05586,2024-12-23,Laptop Pro 15,Electronics,1299.99,2,5,2469.98,Japan,Paid Ads,Processing,28,Male
ORD-05587,2024-04-28,Mechanical Keyboard,Electronics,149.99,3,0,449.97,UK,Referral,Delivered,25,Male
ORD-05588,2023-08-17,Mechanical Keyboard,Electronics,149.99,1,20,119.99,Brazil,Referral,Shipped,21,Female
ORD-05589,2024-03-24,Desk Lamp,Furniture,44.99,4,20,143.97,Brazil,Email,Delivered,55,Male
ORD-05590,2024-12-22,Blender Pro,Kitchen,74.99,5,10,337.45,Canada,Organic,Returned,32,Male
ORD-05591,2023-06-09,The Lean Startup,Books,19.99,4,0,79.96,Brazil,Social Media,Delivered,40,Other
ORD-05592,2024-10-01,Sunscreen SPF50,Beauty,22.99,2,0,45.98,USA,Paid Ads,Shipped,18,Female
ORD-05593,2024-03-24,Python Crash Course,Books,34.99,5,5,166.2,UK,Referral,Returned,59,Male
ORD-05594,2023-09-30,Sunscreen SPF50,Beauty,22.99,5,5,109.2,Canada,Email,Delivered,39,Female
ORD-05595,2023-03-07,Running Shoes,Sports,119.99,4,0,479.96,Japan,Email,Delivered,62,Female
ORD-05596,2023-04-08,Instant Pot,Kitchen,99.99,3,0,299.97,Germany,Email,Delivered,29,Female
ORD-05597,2024-03-30,Skincare Set,Beauty,59.99,3,20,143.98,France,Direct,Returned,51,Other
ORD-05598,2023-05-30,Protein Powder,Sports,54.99,2,15,93.48,Japan,Direct,Returned,56,Other
ORD-05599,2023-02-19,Instant Pot,Kitchen,99.99,1,20,79.99,Australia,Organic,Returned,24,Male
ORD-05600,2023-11-19,Skincare Set,Beauty,59.99,4,5,227.96,Germany,Paid Ads,Processing,40,Male
ORD-05601,2023-11-24,Desk Lamp,Furniture,44.99,4,0,179.96,Japan,Email,Delivered,59,Female
ORD-05602,2023-03-03,Blender Pro,Kitchen,74.99,4,20,239.97,USA,Referral,Processing,30,Other
ORD-05603,2023-08-03,USB-C Hub,Electronics,49.99,5,0,249.95,France,Email,Delivered,62,Male
ORD-05604,2023-07-01,Sunscreen SPF50,Beauty,22.99,4,0,91.96,Japan,Organic,Delivered,58,Female
ORD-05605,2023-12-19,Standing Desk,Furniture,549.99,2,15,934.98,Germany,Paid Ads,Returned,52,Other
ORD-05606,2023-06-04,Yoga Mat,Sports,39.99,3,10,107.97,Australia,Paid Ads,Delivered,38,Female
ORD-05607,2023-02-24,Protein Powder,Sports,54.99,1,0,54.99,Australia,Direct,Shipped,51,Other
ORD-05608,2023-05-17,Standing Desk,Furniture,549.99,2,10,989.98,USA,Direct,Delivered,28,Female
ORD-05609,2024-11-24,Skincare Set,Beauty,59.99,2,5,113.98,UK,Email,Delivered,60,Other
ORD-05610,2024-11-18,Standing Desk,Furniture,549.99,2,15,934.98,Japan,Referral,Shipped,65,Female
ORD-05611,2024-05-07,Bookshelf,Furniture,189.99,2,0,379.98,Brazil,Organic,Delivered,61,Other
ORD-05612,2023-12-19,Air Fryer,Kitchen,129.99,3,5,370.47,Brazil,Direct,Delivered,44,Other
ORD-05613,2023-04-09,Deep Work,Books,18.99,2,0,37.98,Canada,Paid Ads,Cancelled,54,Female
ORD-05614,2023-04-03,Sunscreen SPF50,Beauty,22.99,2,15,39.08,Germany,Paid Ads,Processing,62,Male
ORD-05615,2024-02-06,Webcam HD,Electronics,89.99,3,0,269.97,France,Direct,Delivered,50,Female
ORD-05616,2023-10-09,Protein Powder,Sports,54.99,3,0,164.97,UK,Referral,Processing,28,Female
ORD-05617,2024-07-05,The Lean Startup,Books,19.99,2,0,39.98,France,Organic,Delivered,32,Female
ORD-05618,2024-02-16,Yoga Mat,Sports,39.99,1,0,39.99,Canada,Referral,Delivered,45,Female
ORD-05619,2023-07-15,Protein Powder,Sports,54.99,3,20,131.98,USA,Social Media,Shipped,55,Other
ORD-05620,2024-01-25,Office Chair,Furniture,299.99,4,0,1199.96,Japan,Referral,Processing,63,Female
ORD-05621,2024-10-31,4K Monitor,Electronics,499.99,1,0,499.99,Canada,Direct,Returned,41,Male
ORD-05622,2024-06-21,Bookshelf,Furniture,189.99,2,20,303.98,Japan,Referral,Delivered,42,Female
ORD-05623,2024-10-02,Running Shoes,Sports,119.99,3,5,341.97,Japan,Organic,Cancelled,61,Other
ORD-05624,2024-07-05,Webcam HD,Electronics,89.99,2,0,179.98,Canada,Social Media,Processing,46,Male
ORD-05625,2024-06-17,Coffee Maker,Kitchen,89.99,3,5,256.47,Brazil,Direct,Delivered,43,Male
ORD-05626,2023-03-21,Standing Desk,Furniture,549.99,2,0,1099.98,USA,Referral,Delivered,42,Male
ORD-05627,2023-04-16,Python Crash Course,Books,34.99,2,15,59.48,Japan,Paid Ads,Processing,18,Male
ORD-05628,2023-08-01,Instant Pot,Kitchen,99.99,4,0,399.96,USA,Referral,Returned,36,Other
ORD-05629,2024-05-26,Water Bottle,Sports,24.99,5,0,124.95,UK,Email,Returned,33,Female
ORD-05630,2024-10-29,Instant Pot,Kitchen,99.99,2,20,159.98,USA,Paid Ads,Delivered,21,Other
ORD-05631,2024-12-07,Mechanical Keyboard,Electronics,149.99,4,5,569.96,Germany,Email,Shipped,29,Male
ORD-05632,2024-06-20,Dumbbells Set,Sports,79.99,3,20,191.98,Australia,Social Media,Delivered,36,Male
ORD-05633,2024-06-30,Air Fryer,Kitchen,129.99,3,5,370.47,Japan,Paid Ads,Delivered,54,Female
ORD-05634,2023-03-19,Sunscreen SPF50,Beauty,22.99,1,15,19.54,USA,Referral,Delivered,51,Female
ORD-05635,2023-03-23,Wireless Mouse,Electronics,29.99,4,15,101.97,Japan,Direct,Delivered,65,Other
ORD-05636,2023-03-03,Webcam HD,Electronics,89.99,4,0,359.96,France,Email,Processing,19,Other
ORD-05637,2023-04-17,Desk Lamp,Furniture,44.99,3,10,121.47,Australia,Paid Ads,Processing,58,Other
ORD-05638,2023-04-19,Skincare Set,Beauty,59.99,4,20,191.97,Canada,Social Media,Delivered,22,Male
ORD-05639,2024-03-02,Standing Desk,Furniture,549.99,4,10,1979.96,France,Social Media,Shipped,32,Male
ORD-05640,2023-03-19,Bookshelf,Furniture,189.99,3,0,569.97,Canada,Direct,Delivered,27,Male
ORD-05641,2024-06-21,Deep Work,Books,18.99,2,0,37.98,France,Direct,Delivered,18,Female
ORD-05642,2023-03-20,USB-C Hub,Electronics,49.99,1,15,42.49,Brazil,Paid Ads,Processing,51,Female
ORD-05643,2023-01-25,Webcam HD,Electronics,89.99,2,15,152.98,USA,Social Media,Cancelled,65,Male
ORD-05644,2024-03-11,Bookshelf,Furniture,189.99,4,0,759.96,France,Referral,Delivered,32,Male
ORD-05645,2024-11-03,Running Shoes,Sports,119.99,1,5,113.99,UK,Social Media,Shipped,54,Female
ORD-05646,2024-01-01,Dumbbells Set,Sports,79.99,1,0,79.99,Canada,Social Media,Returned,55,Male
ORD-05647,2023-06-10,Laptop Pro 15,Electronics,1299.99,2,10,2339.98,UK,Social Media,Returned,59,Male
ORD-05648,2023-02-18,The Lean Startup,Books,19.99,5,20,79.96,Australia,Paid Ads,Delivered,46,Female
ORD-05649,2024-07-14,Laptop Pro 15,Electronics,1299.99,1,20,1039.99,Canada,Email,Processing,45,Male
ORD-05650,2023-12-09,Wireless Mouse,Electronics,29.99,3,20,71.98,USA,Email,Cancelled,32,Other
ORD-05651,2023-05-20,Dumbbells Set,Sports,79.99,5,0,399.95,Germany,Referral,Delivered,33,Male
ORD-05652,2023-09-10,Instant Pot,Kitchen,99.99,2,0,199.98,USA,Direct,Returned,28,Female
ORD-05653,2023-09-14,Coffee Maker,Kitchen,89.99,4,20,287.97,Canada,Paid Ads,Processing,32,Other
ORD-05654,2023-10-16,Water Bottle,Sports,24.99,1,20,19.99,Germany,Email,Cancelled,43,Female
ORD-05655,2023-09-21,Running Shoes,Sports,119.99,5,10,539.95,France,Paid Ads,Returned,64,Other
ORD-05656,2023-12-31,Skincare Set,Beauty,59.99,5,0,299.95,Germany,Paid Ads,Delivered,51,Female
ORD-05657,2024-10-17,Dumbbells Set,Sports,79.99,1,0,79.99,Japan,Direct,Delivered,26,Other
ORD-05658,2024-10-26,Wireless Mouse,Electronics,29.99,5,0,149.95,USA,Social Media,Delivered,35,Other
ORD-05659,2024-06-07,Python Crash Course,Books,34.99,1,0,34.99,USA,Social Media,Delivered,53,Male
ORD-05660,2023-08-05,Desk Lamp,Furniture,44.99,4,0,179.96,UK,Organic,Processing,21,Female
ORD-05661,2023-09-17,Water Bottle,Sports,24.99,3,5,71.22,Germany,Referral,Delivered,62,Male
ORD-05662,2024-04-27,Mechanical Keyboard,Electronics,149.99,4,0,599.96,USA,Organic,Delivered,63,Female
ORD-05663,2024-01-01,Standing Desk,Furniture,549.99,5,15,2337.46,France,Referral,Shipped,39,Other
ORD-05664,2024-05-13,Sunscreen SPF50,Beauty,22.99,2,5,43.68,France,Social Media,Processing,42,Female
ORD-05665,2024-01-22,Laptop Pro 15,Electronics,1299.99,4,0,5199.96,Germany,Email,Shipped,64,Male
ORD-05666,2023-10-27,Python Crash Course,Books,34.99,3,0,104.97,Canada,Organic,Processing,24,Other
ORD-05667,2023-01-02,Running Shoes,Sports,119.99,4,10,431.96,Germany,Referral,Cancelled,27,Female
ORD-05668,2023-05-16,Atomic Habits,Books,16.99,5,15,72.21,France,Organic,Delivered,31,Other
ORD-05669,2023-09-10,Sunscreen SPF50,Beauty,22.99,3,0,68.97,Japan,Organic,Delivered,43,Other
ORD-05670,2024-12-26,Protein Powder,Sports,54.99,4,5,208.96,Australia,Paid Ads,Cancelled,45,Female
ORD-05671,2024-07-28,Water Bottle,Sports,24.99,5,0,124.95,Germany,Direct,Cancelled,24,Female
ORD-05672,2023-07-21,Standing Desk,Furniture,549.99,4,10,1979.96,UK,Email,Delivered,27,Female
ORD-05673,2024-10-25,Atomic Habits,Books,16.99,1,0,16.99,Australia,Paid Ads,Shipped,42,Female
ORD-05674,2023-06-10,Coffee Maker,Kitchen,89.99,5,0,449.95,Germany,Organic,Delivered,57,Female
ORD-05675,2023-09-04,Coffee Maker,Kitchen,89.99,3,0,269.97,Japan,Organic,Processing,59,Other
ORD-05676,2023-12-21,Running Shoes,Sports,119.99,2,10,215.98,Brazil,Paid Ads,Delivered,63,Male
ORD-05677,2023-04-06,USB-C Hub,Electronics,49.99,3,10,134.97,Brazil,Direct,Delivered,47,Female
ORD-05678,2023-10-06,Skincare Set,Beauty,59.99,4,0,239.96,Brazil,Email,Delivered,35,Other
ORD-05679,2024-09-22,Wireless Mouse,Electronics,29.99,5,5,142.45,Brazil,Referral,Delivered,56,Female
ORD-05680,2024-01-09,Standing Desk,Furniture,549.99,3,10,1484.97,Brazil,Email,Delivered,57,Female
ORD-05681,2023-04-07,Sunscreen SPF50,Beauty,22.99,1,15,19.54,Germany,Direct,Delivered,19,Female
ORD-05682,2024-04-26,Running Shoes,Sports,119.99,4,10,431.96,UK,Organic,Processing,65,Male
ORD-05683,2023-10-28,Mechanical Keyboard,Electronics,149.99,4,0,599.96,Japan,Referral,Cancelled,35,Male
ORD-05684,2023-02-02,Python Crash Course,Books,34.99,2,20,55.98,UK,Direct,Processing,60,Other
ORD-05685,2024-04-12,Blender Pro,Kitchen,74.99,4,20,239.97,UK,Direct,Cancelled,45,Other
ORD-05686,2024-08-25,Mechanical Keyboard,Electronics,149.99,4,0,599.96,Brazil,Paid Ads,Delivered,44,Male
ORD-05687,2023-11-12,Sunscreen SPF50,Beauty,22.99,1,0,22.99,USA,Social Media,Processing,39,Female
ORD-05688,2024-07-23,Instant Pot,Kitchen,99.99,4,5,379.96,UK,Paid Ads,Shipped,38,Female
ORD-05689,2024-12-11,Webcam HD,Electronics,89.99,5,20,359.96,UK,Referral,Delivered,55,Male
ORD-05690,2023-06-20,Python Crash Course,Books,34.99,5,10,157.46,Australia,Direct,Delivered,34,Other
ORD-05691,2024-11-20,Deep Work,Books,18.99,1,10,17.09,Japan,Organic,Cancelled,51,Female
ORD-05692,2023-04-13,Skincare Set,Beauty,59.99,3,15,152.97,Australia,Social Media,Delivered,47,Other
ORD-05693,2023-08-21,Wireless Mouse,Electronics,29.99,3,0,89.97,Brazil,Email,Delivered,25,Other
ORD-05694,2023-11-25,Office Chair,Furniture,299.99,5,5,1424.95,Brazil,Organic,Shipped,25,Female
ORD-05695,2024-09-29,Dumbbells Set,Sports,79.99,3,10,215.97,UK,Social Media,Cancelled,37,Male
ORD-05696,2023-01-05,Wireless Mouse,Electronics,29.99,3,0,89.97,Brazil,Social Media,Shipped,20,Male
ORD-05697,2023-09-02,Sunscreen SPF50,Beauty,22.99,1,0,22.99,Japan,Social Media,Returned,20,Female
ORD-05698,2024-09-13,Python Crash Course,Books,34.99,2,10,62.98,Japan,Referral,Cancelled,28,Male
ORD-05699,2024-07-29,The Lean Startup,Books,19.99,3,15,50.97,France,Paid Ads,Shipped,31,Other
ORD-05700,2023-10-01,Dumbbells Set,Sports,79.99,5,15,339.96,Brazil,Referral,Returned,65,Other
ORD-05701,2023-06-02,Office Chair,Furniture,299.99,1,20,239.99,Brazil,Direct,Delivered,44,Female
ORD-05702,2024-10-08,Protein Powder,Sports,54.99,3,5,156.72,Australia,Referral,Returned,47,Other
ORD-05703,2024-12-20,Blender Pro,Kitchen,74.99,2,15,127.48,Brazil,Organic,Delivered,62,Female
ORD-05704,2023-07-12,Deep Work,Books,18.99,2,0,37.98,USA,Email,Cancelled,49,Female
ORD-05705,2023-05-04,Atomic Habits,Books,16.99,3,0,50.97,Japan,Organic,Returned,58,Male
ORD-05706,2024-05-01,Water Bottle,Sports,24.99,2,15,42.48,USA,Social Media,Delivered,28,Female
ORD-05707,2024-01-22,Wireless Mouse,Electronics,29.99,1,0,29.99,UK,Paid Ads,Delivered,44,Other
ORD-05708,2024-02-11,Python Crash Course,Books,34.99,4,0,139.96,Canada,Email,Returned,18,Female
ORD-05709,2023-04-24,4K Monitor,Electronics,499.99,4,10,1799.96,Brazil,Organic,Shipped,45,Male
ORD-05710,2023-11-30,Laptop Pro 15,Electronics,1299.99,4,20,4159.97,France,Paid Ads,Cancelled,47,Male
ORD-05711,2024-08-06,Skincare Set,Beauty,59.99,5,0,299.95,France,Paid Ads,Processing,53,Other
ORD-05712,2023-04-14,Python Crash Course,Books,34.99,4,5,132.96,Japan,Paid Ads,Returned,28,Female
ORD-05713,2023-02-05,4K Monitor,Electronics,499.99,3,0,1499.97,Germany,Organic,Shipped,58,Male
ORD-05714,2024-08-11,USB-C Hub,Electronics,49.99,3,10,134.97,France,Email,Delivered,48,Male
ORD-05715,2023-12-10,Bookshelf,Furniture,189.99,1,20,151.99,France,Email,Returned,47,Other
ORD-05716,2023-06-11,Air Fryer,Kitchen,129.99,1,15,110.49,Germany,Email,Processing,19,Female
ORD-05717,2024-12-11,Mechanical Keyboard,Electronics,149.99,3,15,382.47,Australia,Organic,Cancelled,29,Female
ORD-05718,2023-03-08,Yoga Mat,Sports,39.99,3,0,119.97,Brazil,Paid Ads,Delivered,26,Male
ORD-05719,2024-11-19,Wireless Mouse,Electronics,29.99,4,5,113.96,Brazil,Email,Shipped,38,Female
ORD-05720,2024-11-02,Laptop Pro 15,Electronics,1299.99,3,0,3899.97,Canada,Social Media,Delivered,58,Other
ORD-05721,2023-04-27,Instant Pot,Kitchen,99.99,4,10,359.96,France,Paid Ads,Delivered,32,Other
ORD-05722,2023-06-20,The Lean Startup,Books,19.99,4,0,79.96,Brazil,Referral,Cancelled,18,Female
ORD-05723,2024-07-21,USB-C Hub,Electronics,49.99,2,10,89.98,USA,Social Media,Shipped,32,Male
ORD-05724,2023-04-29,Yoga Mat,Sports,39.99,4,20,127.97,Brazil,Referral,Returned,59,Other
ORD-05725,2024-01-30,Water Bottle,Sports,24.99,3,0,74.97,Australia,Paid Ads,Shipped,25,Female
ORD-05726,2023-05-03,Laptop Pro 15,Electronics,1299.99,4,0,5199.96,Australia,Direct,Delivered,49,Male
ORD-05727,2024-01-08,Webcam HD,Electronics,89.99,5,0,449.95,USA,Referral,Shipped,52,Female
ORD-05728,2023-10-01,Water Bottle,Sports,24.99,1,0,24.99,Germany,Social Media,Cancelled,55,Other
ORD-05729,2024-12-16,Atomic Habits,Books,16.99,5,5,80.7,Canada,Social Media,Processing,43,Other
ORD-05730,2023-06-04,Standing Desk,Furniture,549.99,2,0,1099.98,Japan,Organic,Delivered,42,Other
ORD-05731,2023-07-11,Protein Powder,Sports,54.99,3,0,164.97,Australia,Organic,Shipped,55,Female
ORD-05732,2024-12-12,Office Chair,Furniture,299.99,1,20,239.99,Germany,Email,Processing,34,Other
ORD-05733,2023-12-09,Running Shoes,Sports,119.99,1,20,95.99,Canada,Email,Returned,30,Female
ORD-05734,2023-09-15,Protein Powder,Sports,54.99,5,15,233.71,USA,Direct,Delivered,57,Female
ORD-05735,2024-03-09,Instant Pot,Kitchen,99.99,2,0,199.98,Germany,Social Media,Shipped,23,Female
ORD-05736,2023-10-11,Blender Pro,Kitchen,74.99,4,0,299.96,Australia,Paid Ads,Cancelled,45,Female
ORD-05737,2023-09-12,4K Monitor,Electronics,499.99,2,0,999.98,France,Email,Delivered,65,Other
ORD-05738,2024-06-06,Mechanical Keyboard,Electronics,149.99,1,0,149.99,France,Referral,Cancelled,24,Male
ORD-05739,2024-08-19,Skincare Set,Beauty,59.99,4,0,239.96,France,Organic,Returned,53,Other
ORD-05740,2024-11-05,Dumbbells Set,Sports,79.99,2,5,151.98,France,Referral,Cancelled,59,Other
ORD-05741,2023-05-03,4K Monitor,Electronics,499.99,4,10,1799.96,UK,Email,Returned,56,Male
ORD-05742,2023-01-09,Skincare Set,Beauty,59.99,1,10,53.99,USA,Social Media,Processing,52,Other
ORD-05743,2024-09-14,Laptop Pro 15,Electronics,1299.99,3,20,3119.98,USA,Referral,Delivered,35,Male
ORD-05744,2023-07-17,Running Shoes,Sports,119.99,3,15,305.97,USA,Social Media,Delivered,53,Other
ORD-05745,2023-04-26,Instant Pot,Kitchen,99.99,1,0,99.99,Japan,Direct,Delivered,39,Other
ORD-05746,2024-06-14,Skincare Set,Beauty,59.99,4,20,191.97,USA,Direct,Delivered,24,Male
ORD-05747,2023-03-12,Mechanical Keyboard,Electronics,149.99,4,15,509.97,Japan,Referral,Delivered,44,Male
ORD-05748,2023-05-21,Air Fryer,Kitchen,129.99,1,0,129.99,France,Email,Shipped,45,Female
ORD-05749,2023-05-28,The Lean Startup,Books,19.99,1,0,19.99,Australia,Referral,Processing,30,Female
ORD-05750,2023-06-12,Wireless Mouse,Electronics,29.99,4,20,95.97,France,Referral,Processing,53,Female
ORD-05751,2024-08-21,Instant Pot,Kitchen,99.99,3,10,269.97,UK,Paid Ads,Shipped,18,Other
ORD-05752,2023-06-02,Laptop Pro 15,Electronics,1299.99,2,0,2599.98,UK,Direct,Returned,34,Other
ORD-05753,2024-03-19,Office Chair,Furniture,299.99,4,15,1019.97,Australia,Email,Cancelled,25,Female
ORD-05754,2024-02-05,Office Chair,Furniture,299.99,4,20,959.97,UK,Paid Ads,Delivered,36,Other
ORD-05755,2024-09-30,Office Chair,Furniture,299.99,1,0,299.99,Germany,Referral,Processing,61,Female
ORD-05756,2023-10-25,Air Fryer,Kitchen,129.99,1,5,123.49,France,Social Media,Delivered,51,Female
ORD-05757,2023-05-28,Skincare Set,Beauty,59.99,5,0,299.95,Germany,Paid Ads,Returned,26,Male
ORD-05758,2023-01-24,Python Crash Course,Books,34.99,2,0,69.98,Brazil,Email,Delivered,24,Male
ORD-05759,2024-02-28,Mechanical Keyboard,Electronics,149.99,2,15,254.98,Australia,Social Media,Shipped,34,Female
ORD-05760,2024-07-11,Standing Desk,Furniture,549.99,1,10,494.99,USA,Direct,Delivered,50,Male
ORD-05761,2024-08-13,Yoga Mat,Sports,39.99,3,0,119.97,Germany,Social Media,Delivered,58,Female
ORD-05762,2023-05-25,Blender Pro,Kitchen,74.99,4,10,269.96,Australia,Referral,Processing,50,Male
ORD-05763,2024-08-26,Webcam HD,Electronics,89.99,1,5,85.49,Japan,Social Media,Shipped,57,Male
ORD-05764,2023-07-02,Office Chair,Furniture,299.99,5,5,1424.95,Canada,Email,Shipped,62,Male
ORD-05765,2023-05-23,Yoga Mat,Sports,39.99,4,10,143.96,Germany,Organic,Returned,29,Female
ORD-05766,2023-12-15,Yoga Mat,Sports,39.99,3,0,119.97,Germany,Referral,Cancelled,56,Other
ORD-05767,2023-12-19,Protein Powder,Sports,54.99,4,20,175.97,USA,Paid Ads,Returned,26,Other
ORD-05768,2023-01-19,USB-C Hub,Electronics,49.99,4,5,189.96,UK,Direct,Delivered,44,Male
ORD-05769,2024-07-31,Water Bottle,Sports,24.99,3,20,59.98,USA,Paid Ads,Cancelled,42,Other
ORD-05770,2024-08-08,Water Bottle,Sports,24.99,3,5,71.22,Germany,Social Media,Cancelled,31,Female
ORD-05771,2023-04-08,Air Fryer,Kitchen,129.99,3,15,331.47,Germany,Referral,Delivered,19,Other
ORD-05772,2023-08-11,Webcam HD,Electronics,89.99,2,15,152.98,UK,Referral,Shipped,60,Other
ORD-05773,2024-03-13,Desk Lamp,Furniture,44.99,5,15,191.21,USA,Email,Shipped,58,Female
ORD-05774,2023-09-21,Python Crash Course,Books,34.99,4,15,118.97,Canada,Organic,Cancelled,24,Male
ORD-05775,2024-11-08,Wireless Mouse,Electronics,29.99,3,0,89.97,Germany,Referral,Delivered,33,Other
ORD-05776,2024-04-24,Atomic Habits,Books,16.99,2,5,32.28,USA,Organic,Cancelled,52,Female
ORD-05777,2024-04-25,Instant Pot,Kitchen,99.99,4,20,319.97,Australia,Direct,Delivered,30,Other
ORD-05778,2023-10-17,4K Monitor,Electronics,499.99,2,0,999.98,Germany,Referral,Delivered,57,Male
ORD-05779,2023-05-18,Dumbbells Set,Sports,79.99,2,0,159.98,Brazil,Email,Shipped,29,Female
ORD-05780,2024-04-12,Dumbbells Set,Sports,79.99,3,5,227.97,Australia,Organic,Delivered,24,Other
ORD-05781,2024-06-17,The Lean Startup,Books,19.99,3,0,59.97,UK,Organic,Delivered,51,Female
ORD-05782,2024-03-18,Wireless Mouse,Electronics,29.99,2,15,50.98,Japan,Paid Ads,Processing,32,Other
ORD-05783,2024-02-10,Instant Pot,Kitchen,99.99,5,5,474.95,France,Paid Ads,Returned,19,Other
ORD-05784,2024-11-14,Water Bottle,Sports,24.99,4,0,99.96,Germany,Social Media,Cancelled,50,Other
ORD-05785,2023-11-15,Desk Lamp,Furniture,44.99,4,0,179.96,Japan,Referral,Cancelled,64,Male
ORD-05786,2024-11-29,Deep Work,Books,18.99,2,10,34.18,Australia,Paid Ads,Delivered,59,Other
ORD-05787,2023-02-25,4K Monitor,Electronics,499.99,3,0,1499.97,Japan,Organic,Returned,44,Other
ORD-05788,2024-11-12,Instant Pot,Kitchen,99.99,4,10,359.96,France,Email,Cancelled,46,Other
ORD-05789,2024-04-08,The Lean Startup,Books,19.99,1,10,17.99,Japan,Paid Ads,Cancelled,44,Other
ORD-05790,2023-03-22,Yoga Mat,Sports,39.99,5,0,199.95,France,Direct,Delivered,55,Male
ORD-05791,2024-12-22,USB-C Hub,Electronics,49.99,1,15,42.49,Australia,Direct,Shipped,29,Male
ORD-05792,2024-10-09,Protein Powder,Sports,54.99,1,0,54.99,France,Email,Delivered,49,Female
ORD-05793,2024-08-07,Bookshelf,Furniture,189.99,2,5,360.98,Germany,Referral,Returned,55,Female
ORD-05794,2023-12-28,Water Bottle,Sports,24.99,5,10,112.45,Brazil,Direct,Shipped,54,Male
ORD-05795,2024-12-25,Python Crash Course,Books,34.99,5,15,148.71,Canada,Paid Ads,Delivered,20,Other
ORD-05796,2024-10-22,Mechanical Keyboard,Electronics,149.99,1,20,119.99,USA,Organic,Cancelled,34,Male
ORD-05797,2024-05-31,Bookshelf,Furniture,189.99,4,10,683.96,USA,Email,Delivered,38,Male
ORD-05798,2023-11-26,Python Crash Course,Books,34.99,3,10,94.47,Australia,Organic,Delivered,55,Male
ORD-05799,2024-08-01,Instant Pot,Kitchen,99.99,4,5,379.96,UK,Direct,Cancelled,60,Male
ORD-05800,2024-11-10,The Lean Startup,Books,19.99,1,0,19.99,France,Direct,Delivered,50,Other
ORD-05801,2024-05-10,Webcam HD,Electronics,89.99,3,0,269.97,Canada,Email,Returned,61,Other
ORD-05802,2023-10-28,Skincare Set,Beauty,59.99,5,5,284.95,Japan,Social Media,Cancelled,60,Male
ORD-05803,2024-09-26,Water Bottle,Sports,24.99,5,0,124.95,USA,Social Media,Delivered,47,Male
ORD-05804,2024-08-23,Desk Lamp,Furniture,44.99,2,15,76.48,Australia,Organic,Delivered,59,Male
ORD-05805,2023-09-20,Running Shoes,Sports,119.99,2,0,239.98,Germany,Email,Shipped,41,Other
ORD-05806,2024-04-03,Blender Pro,Kitchen,74.99,4,5,284.96,Brazil,Paid Ads,Delivered,64,Male
ORD-05807,2024-02-02,Sunscreen SPF50,Beauty,22.99,3,10,62.07,Brazil,Social Media,Delivered,31,Other
ORD-05808,2023-03-13,Laptop Pro 15,Electronics,1299.99,3,15,3314.97,Brazil,Referral,Delivered,34,Male
ORD-05809,2024-04-26,Python Crash Course,Books,34.99,1,15,29.74,Canada,Referral,Delivered,44,Male
ORD-05810,2024-11-07,Deep Work,Books,18.99,5,0,94.95,Brazil,Social Media,Shipped,43,Other
ORD-05811,2024-02-27,Coffee Maker,Kitchen,89.99,4,20,287.97,France,Email,Delivered,65,Male
ORD-05812,2024-04-15,Mechanical Keyboard,Electronics,149.99,2,0,299.98,Germany,Social Media,Shipped,45,Other
ORD-05813,2024-11-03,Yoga Mat,Sports,39.99,1,0,39.99,Canada,Social Media,Returned,30,Female
ORD-05814,2024-08-09,Office Chair,Furniture,299.99,2,0,599.98,Australia,Referral,Shipped,64,Other
ORD-05815,2024-01-24,Python Crash Course,Books,34.99,2,0,69.98,USA,Email,Processing,23,Other
ORD-05816,2023-02-26,Blender Pro,Kitchen,74.99,4,0,299.96,Germany,Direct,Processing,37,Female
ORD-05817,2024-01-31,Dumbbells Set,Sports,79.99,4,15,271.97,UK,Paid Ads,Cancelled,42,Male
ORD-05818,2023-09-24,Coffee Maker,Kitchen,89.99,5,0,449.95,Japan,Direct,Delivered,24,Other
ORD-05819,2024-02-09,Webcam HD,Electronics,89.99,4,0,359.96,Japan,Direct,Delivered,34,Male
ORD-05820,2024-08-17,Sunscreen SPF50,Beauty,22.99,1,10,20.69,Australia,Organic,Cancelled,56,Female
ORD-05821,2024-02-07,Standing Desk,Furniture,549.99,2,0,1099.98,USA,Direct,Shipped,30,Female
ORD-05822,2023-05-29,Instant Pot,Kitchen,99.99,1,20,79.99,USA,Social Media,Cancelled,22,Female
ORD-05823,2023-09-23,Wireless Mouse,Electronics,29.99,4,10,107.96,Brazil,Direct,Returned,63,Other
ORD-05824,2023-02-26,Water Bottle,Sports,24.99,5,0,124.95,UK,Paid Ads,Cancelled,59,Female
ORD-05825,2023-07-20,Instant Pot,Kitchen,99.99,4,15,339.97,Germany,Referral,Shipped,41,Male
ORD-05826,2024-05-09,Air Fryer,Kitchen,129.99,2,20,207.98,Australia,Referral,Cancelled,52,Female
ORD-05827,2024-03-27,Desk Lamp,Furniture,44.99,4,15,152.97,USA,Social Media,Delivered,37,Other
ORD-05828,2024-08-29,Deep Work,Books,18.99,1,5,18.04,UK,Paid Ads,Cancelled,55,Other
ORD-05829,2024-01-29,Coffee Maker,Kitchen,89.99,5,0,449.95,Australia,Social Media,Cancelled,53,Male
ORD-05830,2024-05-04,Laptop Pro 15,Electronics,1299.99,1,15,1104.99,Canada,Referral,Delivered,31,Other
ORD-05831,2023-04-18,Running Shoes,Sports,119.99,2,5,227.98,Germany,Email,Returned,34,Female
ORD-05832,2023-01-21,Webcam HD,Electronics,89.99,1,0,89.99,Japan,Referral,Returned,52,Female
ORD-05833,2023-03-19,Office Chair,Furniture,299.99,4,5,1139.96,UK,Direct,Delivered,65,Other
ORD-05834,2023-03-11,The Lean Startup,Books,19.99,3,0,59.97,Australia,Organic,Cancelled,55,Female
ORD-05835,2024-02-28,Sunscreen SPF50,Beauty,22.99,1,5,21.84,Japan,Direct,Delivered,39,Other
ORD-05836,2024-09-06,Webcam HD,Electronics,89.99,2,0,179.98,Australia,Social Media,Delivered,62,Other
ORD-05837,2023-11-27,Atomic Habits,Books,16.99,4,15,57.77,USA,Email,Delivered,18,Other
ORD-05838,2023-06-04,Sunscreen SPF50,Beauty,22.99,2,10,41.38,Canada,Referral,Delivered,33,Female
ORD-05839,2023-05-28,Atomic Habits,Books,16.99,4,10,61.16,Brazil,Organic,Delivered,64,Male
ORD-05840,2023-12-26,Coffee Maker,Kitchen,89.99,4,0,359.96,Brazil,Paid Ads,Shipped,51,Other
ORD-05841,2023-11-14,Skincare Set,Beauty,59.99,4,0,239.96,Japan,Social Media,Cancelled,41,Female
ORD-05842,2023-02-04,Desk Lamp,Furniture,44.99,2,10,80.98,Germany,Organic,Returned,18,Male
ORD-05843,2024-07-17,Office Chair,Furniture,299.99,1,10,269.99,USA,Referral,Shipped,38,Female
ORD-05844,2023-11-14,Office Chair,Furniture,299.99,1,15,254.99,Australia,Referral,Delivered,59,Male
ORD-05845,2023-11-24,The Lean Startup,Books,19.99,1,0,19.99,USA,Referral,Cancelled,53,Other
ORD-05846,2024-03-06,Python Crash Course,Books,34.99,5,5,166.2,France,Social Media,Shipped,45,Male
ORD-05847,2024-08-25,Running Shoes,Sports,119.99,4,10,431.96,Japan,Email,Delivered,42,Other
ORD-05848,2023-10-30,Standing Desk,Furniture,549.99,3,0,1649.97,Germany,Paid Ads,Delivered,46,Female
ORD-05849,2023-10-11,Skincare Set,Beauty,59.99,5,5,284.95,Germany,Paid Ads,Shipped,54,Male
ORD-05850,2023-06-09,Instant Pot,Kitchen,99.99,4,0,399.96,UK,Referral,Delivered,40,Male
ORD-05851,2023-07-05,Running Shoes,Sports,119.99,4,0,479.96,Germany,Referral,Cancelled,49,Male
ORD-05852,2023-10-23,Protein Powder,Sports,54.99,1,0,54.99,Canada,Organic,Processing,36,Male
ORD-05853,2023-11-24,Air Fryer,Kitchen,129.99,1,0,129.99,Brazil,Paid Ads,Returned,44,Male
ORD-05854,2024-10-01,Python Crash Course,Books,34.99,5,5,166.2,Canada,Referral,Delivered,35,Female
ORD-05855,2024-08-24,Python Crash Course,Books,34.99,4,0,139.96,Japan,Email,Delivered,54,Other
ORD-05856,2023-11-21,Deep Work,Books,18.99,1,10,17.09,UK,Email,Returned,37,Female
ORD-05857,2023-08-26,Standing Desk,Furniture,549.99,4,0,2199.96,Germany,Referral,Shipped,59,Other
ORD-05858,2024-06-23,Office Chair,Furniture,299.99,5,5,1424.95,France,Referral,Cancelled,56,Other
ORD-05859,2024-11-27,Office Chair,Furniture,299.99,3,5,854.97,UK,Paid Ads,Delivered,58,Other
ORD-05860,2024-07-02,Dumbbells Set,Sports,79.99,3,0,239.97,Japan,Organic,Shipped,33,Other
ORD-05861,2023-11-24,Webcam HD,Electronics,89.99,3,5,256.47,France,Email,Shipped,48,Female
ORD-05862,2023-08-31,Desk Lamp,Furniture,44.99,2,0,89.98,Canada,Paid Ads,Processing,35,Other
ORD-05863,2024-04-11,Desk Lamp,Furniture,44.99,3,5,128.22,UK,Referral,Delivered,53,Other
ORD-05864,2024-06-15,Python Crash Course,Books,34.99,3,0,104.97,Brazil,Referral,Returned,60,Other
ORD-05865,2023-08-15,4K Monitor,Electronics,499.99,2,20,799.98,USA,Direct,Returned,19,Male
ORD-05866,2023-11-28,Deep Work,Books,18.99,1,0,18.99,France,Social Media,Cancelled,25,Female
ORD-05867,2023-08-24,Standing Desk,Furniture,549.99,3,10,1484.97,Australia,Social Media,Delivered,38,Other
ORD-05868,2024-08-03,USB-C Hub,Electronics,49.99,5,0,249.95,France,Social Media,Delivered,36,Female
ORD-05869,2023-05-09,Blender Pro,Kitchen,74.99,4,0,299.96,Canada,Paid Ads,Processing,32,Male
ORD-05870,2023-02-26,Sunscreen SPF50,Beauty,22.99,4,0,91.96,Germany,Paid Ads,Delivered,30,Other
ORD-05871,2024-01-13,Coffee Maker,Kitchen,89.99,4,0,359.96,USA,Referral,Shipped,28,Other
ORD-05872,2023-07-10,Skincare Set,Beauty,59.99,1,10,53.99,Japan,Organic,Processing,49,Other
ORD-05873,2024-05-15,Sunscreen SPF50,Beauty,22.99,3,15,58.62,Brazil,Referral,Cancelled,53,Male
ORD-05874,2024-12-19,Python Crash Course,Books,34.99,2,5,66.48,Japan,Paid Ads,Delivered,55,Female
ORD-05875,2024-04-11,Yoga Mat,Sports,39.99,5,15,169.96,Germany,Email,Returned,42,Female
ORD-05876,2023-01-28,Deep Work,Books,18.99,4,15,64.57,Brazil,Referral,Returned,38,Female
ORD-05877,2023-01-12,Sunscreen SPF50,Beauty,22.99,1,15,19.54,France,Social Media,Delivered,60,Male
ORD-05878,2024-03-30,Instant Pot,Kitchen,99.99,2,10,179.98,Japan,Paid Ads,Processing,64,Other
ORD-05879,2023-01-28,Blender Pro,Kitchen,74.99,1,0,74.99,Brazil,Referral,Delivered,63,Male
ORD-05880,2024-12-07,4K Monitor,Electronics,499.99,4,0,1999.96,Canada,Email,Processing,28,Female
ORD-05881,2023-10-24,Standing Desk,Furniture,549.99,2,0,1099.98,Australia,Referral,Delivered,60,Male
ORD-05882,2023-12-26,Bookshelf,Furniture,189.99,4,0,759.96,UK,Email,Shipped,38,Male
ORD-05883,2024-08-21,Atomic Habits,Books,16.99,4,0,67.96,France,Direct,Delivered,53,Male
ORD-05884,2024-08-27,Atomic Habits,Books,16.99,4,15,57.77,USA,Referral,Cancelled,50,Female
ORD-05885,2023-01-08,Python Crash Course,Books,34.99,3,15,89.22,Australia,Paid Ads,Cancelled,53,Male
ORD-05886,2024-01-09,Running Shoes,Sports,119.99,4,0,479.96,Brazil,Paid Ads,Shipped,51,Male
ORD-05887,2024-09-26,Office Chair,Furniture,299.99,1,20,239.99,Brazil,Direct,Cancelled,19,Female
ORD-05888,2023-03-26,Running Shoes,Sports,119.99,1,5,113.99,Japan,Email,Delivered,22,Male
ORD-05889,2024-07-01,Mechanical Keyboard,Electronics,149.99,3,5,427.47,Germany,Referral,Shipped,19,Male
ORD-05890,2024-05-10,The Lean Startup,Books,19.99,3,0,59.97,Brazil,Referral,Returned,53,Male
ORD-05891,2023-04-25,Water Bottle,Sports,24.99,5,0,124.95,France,Organic,Delivered,48,Male
ORD-05892,2024-05-05,Yoga Mat,Sports,39.99,1,20,31.99,Japan,Direct,Delivered,54,Male
ORD-05893,2024-06-25,Office Chair,Furniture,299.99,5,0,1499.95,USA,Email,Processing,34,Other
ORD-05894,2024-05-28,Running Shoes,Sports,119.99,4,20,383.97,UK,Email,Shipped,28,Male
ORD-05895,2024-07-02,Standing Desk,Furniture,549.99,4,0,2199.96,Japan,Organic,Shipped,48,Female
ORD-05896,2024-01-16,Office Chair,Furniture,299.99,5,0,1499.95,Brazil,Paid Ads,Cancelled,38,Female
ORD-05897,2023-04-13,Laptop Pro 15,Electronics,1299.99,3,15,3314.97,Brazil,Email,Cancelled,26,Female
ORD-05898,2023-01-13,Water Bottle,Sports,24.99,1,0,24.99,Australia,Direct,Returned,65,Other
ORD-05899,2024-10-28,Coffee Maker,Kitchen,89.99,5,10,404.95,UK,Organic,Cancelled,52,Female
ORD-05900,2023-11-30,The Lean Startup,Books,19.99,4,0,79.96,Germany,Social Media,Shipped,50,Female
ORD-05901,2024-01-04,Python Crash Course,Books,34.99,2,0,69.98,USA,Paid Ads,Delivered,25,Male
ORD-05902,2023-10-21,USB-C Hub,Electronics,49.99,3,0,149.97,Brazil,Direct,Returned,37,Other
ORD-05903,2023-09-08,Mechanical Keyboard,Electronics,149.99,4,5,569.96,USA,Referral,Cancelled,25,Female
ORD-05904,2024-11-27,Mechanical Keyboard,Electronics,149.99,1,0,149.99,Australia,Direct,Shipped,45,Male
ORD-05905,2023-08-25,Air Fryer,Kitchen,129.99,3,0,389.97,France,Email,Cancelled,59,Female
ORD-05906,2023-02-16,Wireless Mouse,Electronics,29.99,1,20,23.99,France,Social Media,Processing,37,Male
ORD-05907,2024-10-18,Atomic Habits,Books,16.99,5,0,84.95,Canada,Direct,Shipped,19,Female
ORD-05908,2024-08-07,Coffee Maker,Kitchen,89.99,1,15,76.49,Japan,Social Media,Processing,37,Other
ORD-05909,2023-09-05,Protein Powder,Sports,54.99,4,15,186.97,Australia,Direct,Cancelled,59,Other
ORD-05910,2023-02-11,Blender Pro,Kitchen,74.99,2,20,119.98,Japan,Paid Ads,Processing,31,Female
ORD-05911,2023-10-27,Python Crash Course,Books,34.99,2,20,55.98,Canada,Social Media,Delivered,38,Other
ORD-05912,2023-04-10,Python Crash Course,Books,34.99,1,10,31.49,Germany,Paid Ads,Delivered,22,Female
ORD-05913,2024-10-20,Blender Pro,Kitchen,74.99,2,0,149.98,France,Direct,Cancelled,57,Other
ORD-05914,2024-12-28,Bookshelf,Furniture,189.99,4,15,645.97,Germany,Direct,Processing,20,Male
ORD-05915,2023-02-05,Dumbbells Set,Sports,79.99,3,0,239.97,USA,Social Media,Cancelled,64,Other
ORD-05916,2024-07-10,Skincare Set,Beauty,59.99,4,5,227.96,Canada,Social Media,Delivered,37,Male
ORD-05917,2024-12-04,Deep Work,Books,18.99,4,0,75.96,Brazil,Organic,Processing,55,Other
ORD-05918,2024-04-03,Running Shoes,Sports,119.99,1,5,113.99,USA,Referral,Processing,25,Female
ORD-05919,2024-02-21,Atomic Habits,Books,16.99,5,0,84.95,Germany,Organic,Delivered,58,Other
ORD-05920,2023-10-29,Standing Desk,Furniture,549.99,5,0,2749.95,Canada,Referral,Delivered,41,Male
ORD-05921,2023-04-14,Standing Desk,Furniture,549.99,3,0,1649.97,France,Email,Shipped,27,Female
ORD-05922,2024-03-25,Yoga Mat,Sports,39.99,1,0,39.99,Australia,Paid Ads,Shipped,24,Male
ORD-05923,2024-03-27,Standing Desk,Furniture,549.99,5,10,2474.95,Brazil,Email,Delivered,28,Other
ORD-05924,2023-12-30,Python Crash Course,Books,34.99,5,0,174.95,Brazil,Social Media,Delivered,20,Other
ORD-05925,2023-03-03,Air Fryer,Kitchen,129.99,5,15,552.46,Brazil,Organic,Shipped,32,Other
ORD-05926,2023-08-14,USB-C Hub,Electronics,49.99,3,20,119.98,Brazil,Organic,Shipped,20,Female
ORD-05927,2023-06-26,Standing Desk,Furniture,549.99,1,0,549.99,France,Email,Delivered,44,Female
ORD-05928,2023-02-07,Dumbbells Set,Sports,79.99,3,20,191.98,UK,Social Media,Delivered,45,Female
ORD-05929,2023-10-18,Office Chair,Furniture,299.99,5,15,1274.96,Canada,Referral,Returned,44,Other
ORD-05930,2024-09-02,Water Bottle,Sports,24.99,3,0,74.97,UK,Direct,Cancelled,54,Male
ORD-05931,2023-08-13,Skincare Set,Beauty,59.99,4,10,215.96,USA,Social Media,Processing,50,Female
ORD-05932,2024-03-14,4K Monitor,Electronics,499.99,1,10,449.99,Germany,Referral,Returned,30,Female
ORD-05933,2023-09-10,Coffee Maker,Kitchen,89.99,4,0,359.96,Canada,Social Media,Delivered,48,Other
ORD-05934,2024-03-02,Laptop Pro 15,Electronics,1299.99,4,0,5199.96,UK,Social Media,Shipped,34,Female
ORD-05935,2023-01-04,Webcam HD,Electronics,89.99,4,15,305.97,UK,Paid Ads,Delivered,30,Female
ORD-05936,2023-06-08,Protein Powder,Sports,54.99,3,0,164.97,Japan,Organic,Processing,30,Male
ORD-05937,2024-03-16,Skincare Set,Beauty,59.99,2,20,95.98,UK,Paid Ads,Processing,34,Male
ORD-05938,2024-12-05,Office Chair,Furniture,299.99,3,0,899.97,USA,Referral,Cancelled,40,Female
ORD-05939,2023-05-16,Air Fryer,Kitchen,129.99,3,20,311.98,Canada,Email,Delivered,18,Female
ORD-05940,2024-02-16,Atomic Habits,Books,16.99,5,15,72.21,USA,Referral,Delivered,59,Other
ORD-05941,2023-06-26,Instant Pot,Kitchen,99.99,1,5,94.99,Canada,Email,Delivered,27,Female
ORD-05942,2023-07-12,Running Shoes,Sports,119.99,3,0,359.97,Canada,Direct,Processing,31,Female
ORD-05943,2024-06-26,Mechanical Keyboard,Electronics,149.99,2,0,299.98,Japan,Email,Delivered,46,Male
ORD-05944,2023-09-07,4K Monitor,Electronics,499.99,4,0,1999.96,Brazil,Email,Cancelled,45,Female
ORD-05945,2023-10-26,Bookshelf,Furniture,189.99,5,0,949.95,UK,Referral,Cancelled,36,Female
ORD-05946,2024-07-04,Desk Lamp,Furniture,44.99,4,20,143.97,France,Referral,Cancelled,27,Other
ORD-05947,2023-10-24,Dumbbells Set,Sports,79.99,5,10,359.95,Germany,Organic,Delivered,44,Female
ORD-05948,2023-12-21,Air Fryer,Kitchen,129.99,4,0,519.96,Japan,Email,Processing,34,Other
ORD-05949,2024-09-10,Laptop Pro 15,Electronics,1299.99,3,0,3899.97,Japan,Direct,Shipped,46,Other
ORD-05950,2024-05-28,Running Shoes,Sports,119.99,2,0,239.98,Germany,Organic,Shipped,25,Other
ORD-05951,2024-12-29,Sunscreen SPF50,Beauty,22.99,2,20,36.78,UK,Email,Shipped,56,Male
ORD-05952,2023-12-16,Yoga Mat,Sports,39.99,3,0,119.97,Germany,Referral,Cancelled,52,Male
ORD-05953,2023-07-13,Running Shoes,Sports,119.99,1,15,101.99,Australia,Direct,Cancelled,24,Other
ORD-05954,2023-01-17,Mechanical Keyboard,Electronics,149.99,4,5,569.96,France,Referral,Returned,18,Male
ORD-05955,2023-09-13,Bookshelf,Furniture,189.99,2,10,341.98,USA,Organic,Returned,56,Male
ORD-05956,2024-05-27,The Lean Startup,Books,19.99,5,15,84.96,Australia,Paid Ads,Delivered,25,Female
ORD-05957,2023-10-10,Sunscreen SPF50,Beauty,22.99,2,10,41.38,Brazil,Referral,Delivered,41,Female
ORD-05958,2023-09-09,Dumbbells Set,Sports,79.99,1,20,63.99,Australia,Referral,Returned,23,Male
ORD-05959,2024-11-20,Standing Desk,Furniture,549.99,4,0,2199.96,Japan,Paid Ads,Delivered,63,Female
ORD-05960,2023-12-28,Wireless Mouse,Electronics,29.99,3,5,85.47,USA,Paid Ads,Shipped,59,Male
ORD-05961,2023-05-27,Water Bottle,Sports,24.99,4,10,89.96,Canada,Paid Ads,Delivered,24,Other
ORD-05962,2024-07-17,Instant Pot,Kitchen,99.99,2,20,159.98,Japan,Direct,Delivered,33,Female
ORD-05963,2023-02-14,Bookshelf,Furniture,189.99,2,0,379.98,USA,Referral,Delivered,20,Male
ORD-05964,2023-11-27,Python Crash Course,Books,34.99,5,10,157.46,Brazil,Direct,Delivered,43,Male
ORD-05965,2024-12-27,Coffee Maker,Kitchen,89.99,5,0,449.95,USA,Referral,Processing,48,Other
ORD-05966,2023-12-29,Webcam HD,Electronics,89.99,4,10,323.96,Japan,Email,Delivered,21,Other
ORD-05967,2023-08-08,Bookshelf,Furniture,189.99,5,0,949.95,Japan,Referral,Returned,61,Male
ORD-05968,2023-04-27,Water Bottle,Sports,24.99,1,5,23.74,Germany,Email,Delivered,21,Other
ORD-05969,2024-12-03,Desk Lamp,Furniture,44.99,1,0,44.99,Germany,Referral,Delivered,30,Other
ORD-05970,2023-01-11,Coffee Maker,Kitchen,89.99,2,0,179.98,USA,Social Media,Returned,65,Other
ORD-05971,2024-02-05,Webcam HD,Electronics,89.99,4,20,287.97,USA,Email,Delivered,58,Male
ORD-05972,2024-10-29,Water Bottle,Sports,24.99,4,0,99.96,Australia,Direct,Shipped,57,Other
ORD-05973,2024-07-01,The Lean Startup,Books,19.99,5,0,99.95,UK,Paid Ads,Delivered,47,Male
ORD-05974,2024-06-29,Mechanical Keyboard,Electronics,149.99,3,0,449.97,Canada,Referral,Returned,31,Male
ORD-05975,2023-05-19,Deep Work,Books,18.99,4,15,64.57,Canada,Social Media,Delivered,20,Male
ORD-05976,2023-10-31,Deep Work,Books,18.99,2,10,34.18,France,Email,Returned,41,Female
ORD-05977,2023-08-29,Air Fryer,Kitchen,129.99,1,10,116.99,Japan,Social Media,Delivered,56,Female
ORD-05978,2024-04-10,Atomic Habits,Books,16.99,1,0,16.99,Brazil,Direct,Returned,54,Male
ORD-05979,2023-10-04,Sunscreen SPF50,Beauty,22.99,4,0,91.96,Japan,Email,Processing,51,Male
ORD-05980,2024-05-04,Office Chair,Furniture,299.99,3,15,764.97,Australia,Direct,Delivered,35,Female
ORD-05981,2024-07-11,Yoga Mat,Sports,39.99,5,5,189.95,Australia,Organic,Delivered,65,Female
ORD-05982,2024-04-20,Wireless Mouse,Electronics,29.99,5,10,134.95,USA,Direct,Delivered,25,Female
ORD-05983,2023-05-29,Mechanical Keyboard,Electronics,149.99,1,20,119.99,Germany,Social Media,Processing,63,Other
ORD-05984,2023-01-03,Water Bottle,Sports,24.99,2,0,49.98,Germany,Organic,Returned,41,Other
ORD-05985,2024-03-06,Deep Work,Books,18.99,4,0,75.96,USA,Organic,Delivered,23,Female
ORD-05986,2024-02-20,Laptop Pro 15,Electronics,1299.99,1,10,1169.99,Germany,Paid Ads,Delivered,29,Male
ORD-05987,2024-03-21,Webcam HD,Electronics,89.99,2,20,143.98,Japan,Organic,Cancelled,54,Male
ORD-05988,2023-03-21,Standing Desk,Furniture,549.99,3,0,1649.97,Japan,Email,Returned,32,Male
ORD-05989,2023-04-30,Standing Desk,Furniture,549.99,1,0,549.99,USA,Referral,Delivered,30,Male
ORD-05990,2023-01-08,USB-C Hub,Electronics,49.99,4,0,199.96,Brazil,Organic,Processing,55,Female
ORD-05991,2023-11-21,Desk Lamp,Furniture,44.99,3,0,134.97,Australia,Organic,Processing,60,Other
ORD-05992,2024-08-09,Office Chair,Furniture,299.99,1,10,269.99,UK,Referral,Cancelled,18,Male
ORD-05993,2023-12-07,Bookshelf,Furniture,189.99,4,20,607.97,Germany,Direct,Delivered,28,Female
ORD-05994,2023-08-20,Office Chair,Furniture,299.99,5,0,1499.95,UK,Email,Returned,45,Male
ORD-05995,2024-01-06,Webcam HD,Electronics,89.99,3,0,269.97,Germany,Direct,Delivered,27,Other
ORD-05996,2023-07-10,The Lean Startup,Books,19.99,4,5,75.96,UK,Organic,Shipped,44,Female
ORD-05997,2024-03-09,Laptop Pro 15,Electronics,1299.99,2,0,2599.98,Canada,Paid Ads,Delivered,46,Female
ORD-05998,2024-03-30,Water Bottle,Sports,24.99,1,15,21.24,France,Referral,Delivered,41,Female
ORD-05999,2023-03-29,Python Crash Course,Books,34.99,3,0,104.97,Canada,Paid Ads,Cancelled,49,Other
ORD-06000,2024-10-01,Coffee Maker,Kitchen,89.99,4,15,305.97,Australia,Paid Ads,Shipped,25,Female
ORD-06001,2024-06-23,Desk Lamp,Furniture,44.99,5,10,202.46,UK,Email,Returned,64,Other
ORD-06002,2023-09-13,Mechanical Keyboard,Electronics,149.99,4,0,599.96,Australia,Organic,Delivered,22,Female
ORD-06003,2023-06-16,Skincare Set,Beauty,59.99,3,0,179.97,Canada,Social Media,Cancelled,50,Female
ORD-06004,2024-01-09,Water Bottle,Sports,24.99,4,5,94.96,Germany,Organic,Cancelled,31,Female
ORD-06005,2023-03-18,Skincare Set,Beauty,59.99,4,20,191.97,France,Organic,Processing,18,Other
ORD-06006,2024-02-24,Standing Desk,Furniture,549.99,5,0,2749.95,France,Social Media,Cancelled,21,Other
ORD-06007,2023-12-27,Python Crash Course,Books,34.99,1,0,34.99,France,Organic,Delivered,59,Male
ORD-06008,2024-05-19,Standing Desk,Furniture,549.99,1,5,522.49,USA,Email,Delivered,31,Other
ORD-06009,2023-02-07,Mechanical Keyboard,Electronics,149.99,1,15,127.49,Canada,Email,Delivered,52,Male
ORD-06010,2023-04-03,Blender Pro,Kitchen,74.99,5,15,318.71,UK,Email,Delivered,19,Male
ORD-06011,2023-11-22,Python Crash Course,Books,34.99,5,5,166.2,Australia,Email,Delivered,18,Male
ORD-06012,2023-03-07,Deep Work,Books,18.99,1,15,16.14,Australia,Social Media,Returned,26,Female
ORD-06013,2023-02-28,Instant Pot,Kitchen,99.99,4,10,359.96,Canada,Social Media,Delivered,25,Female
ORD-06014,2023-10-14,Running Shoes,Sports,119.99,3,20,287.98,Canada,Social Media,Cancelled,63,Male
ORD-06015,2023-05-06,Dumbbells Set,Sports,79.99,4,0,319.96,France,Direct,Shipped,45,Male
ORD-06016,2023-10-09,Sunscreen SPF50,Beauty,22.99,5,0,114.95,Canada,Paid Ads,Returned,21,Other
ORD-06017,2024-03-11,Water Bottle,Sports,24.99,2,15,42.48,UK,Organic,Shipped,50,Female
ORD-06018,2024-02-14,Wireless Mouse,Electronics,29.99,2,10,53.98,Australia,Organic,Cancelled,62,Female
ORD-06019,2024-09-20,4K Monitor,Electronics,499.99,2,0,999.98,Japan,Email,Delivered,27,Male
ORD-06020,2024-05-22,Water Bottle,Sports,24.99,4,0,99.96,Australia,Paid Ads,Returned,32,Male
ORD-06021,2024-03-19,Sunscreen SPF50,Beauty,22.99,3,10,62.07,Australia,Organic,Shipped,20,Female
ORD-06022,2024-10-23,Water Bottle,Sports,24.99,1,0,24.99,Germany,Email,Cancelled,24,Male
ORD-06023,2024-10-19,Blender Pro,Kitchen,74.99,3,15,191.22,Japan,Direct,Returned,33,Other
ORD-06024,2023-04-18,Sunscreen SPF50,Beauty,22.99,1,5,21.84,USA,Direct,Shipped,52,Female
ORD-06025,2024-08-13,Blender Pro,Kitchen,74.99,3,5,213.72,Japan,Organic,Delivered,53,Other
ORD-06026,2023-08-21,Laptop Pro 15,Electronics,1299.99,3,0,3899.97,Australia,Direct,Returned,35,Other
ORD-06027,2023-10-18,Python Crash Course,Books,34.99,3,20,83.98,Brazil,Paid Ads,Delivered,35,Other
ORD-06028,2023-08-17,Office Chair,Furniture,299.99,5,5,1424.95,Germany,Email,Returned,56,Female
ORD-06029,2023-02-05,Mechanical Keyboard,Electronics,149.99,4,10,539.96,Australia,Paid Ads,Returned,41,Male
ORD-06030,2023-03-20,Blender Pro,Kitchen,74.99,4,20,239.97,Australia,Organic,Delivered,18,Other
ORD-06031,2023-08-08,Python Crash Course,Books,34.99,1,0,34.99,UK,Referral,Delivered,57,Female
ORD-06032,2024-07-24,Deep Work,Books,18.99,4,0,75.96,USA,Direct,Processing,40,Male
ORD-06033,2024-08-01,Laptop Pro 15,Electronics,1299.99,3,15,3314.97,Australia,Organic,Processing,40,Female
ORD-06034,2024-08-07,4K Monitor,Electronics,499.99,5,0,2499.95,France,Email,Cancelled,27,Female
ORD-06035,2024-02-12,The Lean Startup,Books,19.99,1,5,18.99,Germany,Direct,Processing,56,Other
ORD-06036,2023-06-26,Water Bottle,Sports,24.99,1,5,23.74,UK,Organic,Processing,40,Female
ORD-06037,2023-02-06,Instant Pot,Kitchen,99.99,4,0,399.96,Brazil,Referral,Cancelled,57,Male
ORD-06038,2024-06-06,Atomic Habits,Books,16.99,1,5,16.14,Germany,Organic,Returned,25,Male
ORD-06039,2024-11-14,Mechanical Keyboard,Electronics,149.99,4,10,539.96,Australia,Referral,Delivered,53,Male
ORD-06040,2023-06-14,Running Shoes,Sports,119.99,2,0,239.98,Canada,Social Media,Shipped,49,Female
ORD-06041,2023-05-21,Office Chair,Furniture,299.99,1,20,239.99,Germany,Referral,Returned,40,Female
ORD-06042,2023-05-07,Bookshelf,Furniture,189.99,2,15,322.98,Brazil,Direct,Delivered,34,Male
ORD-06043,2023-07-14,Dumbbells Set,Sports,79.99,2,5,151.98,Brazil,Paid Ads,Delivered,30,Female
ORD-06044,2024-10-28,Python Crash Course,Books,34.99,2,15,59.48,Brazil,Social Media,Delivered,24,Other
ORD-06045,2023-11-13,Skincare Set,Beauty,59.99,2,0,119.98,France,Paid Ads,Delivered,46,Other
ORD-06046,2023-09-02,Python Crash Course,Books,34.99,3,0,104.97,Australia,Direct,Processing,47,Male
ORD-06047,2024-09-24,Instant Pot,Kitchen,99.99,5,0,499.95,Canada,Social Media,Delivered,60,Female
ORD-06048,2024-08-03,4K Monitor,Electronics,499.99,3,0,1499.97,USA,Referral,Delivered,40,Other
ORD-06049,2024-12-01,Atomic Habits,Books,16.99,4,5,64.56,Germany,Email,Delivered,60,Male
ORD-06050,2024-05-15,Running Shoes,Sports,119.99,4,10,431.96,Australia,Email,Delivered,32,Other
ORD-06051,2024-10-03,Mechanical Keyboard,Electronics,149.99,4,15,509.97,UK,Paid Ads,Processing,27,Male
ORD-06052,2023-09-03,Protein Powder,Sports,54.99,1,0,54.99,UK,Paid Ads,Cancelled,31,Male
ORD-06053,2023-04-20,Laptop Pro 15,Electronics,1299.99,4,0,5199.96,Germany,Social Media,Returned,61,Male
ORD-06054,2023-07-02,Dumbbells Set,Sports,79.99,4,10,287.96,France,Referral,Returned,36,Other
ORD-06055,2023-04-17,Webcam HD,Electronics,89.99,2,0,179.98,Canada,Paid Ads,Delivered,28,Male
ORD-06056,2024-07-25,Python Crash Course,Books,34.99,2,10,62.98,Australia,Direct,Returned,48,Male
ORD-06057,2024-08-12,Water Bottle,Sports,24.99,2,10,44.98,UK,Paid Ads,Shipped,18,Other
ORD-06058,2023-12-28,Atomic Habits,Books,16.99,4,10,61.16,Germany,Email,Processing,28,Male
ORD-06059,2023-08-19,Mechanical Keyboard,Electronics,149.99,4,20,479.97,Canada,Paid Ads,Shipped,59,Male
ORD-06060,2024-06-12,Laptop Pro 15,Electronics,1299.99,5,20,5199.96,Germany,Email,Delivered,41,Male
ORD-06061,2024-10-01,Yoga Mat,Sports,39.99,1,5,37.99,France,Social Media,Cancelled,56,Other
ORD-06062,2024-07-26,Sunscreen SPF50,Beauty,22.99,2,10,41.38,USA,Paid Ads,Shipped,58,Female
ORD-06063,2024-10-27,Desk Lamp,Furniture,44.99,2,10,80.98,UK,Organic,Delivered,31,Female
ORD-06064,2023-03-04,Blender Pro,Kitchen,74.99,3,10,202.47,France,Email,Delivered,37,Female
ORD-06065,2023-11-17,Water Bottle,Sports,24.99,1,5,23.74,Brazil,Organic,Delivered,38,Male
ORD-06066,2023-12-31,Protein Powder,Sports,54.99,5,10,247.45,Canada,Paid Ads,Delivered,53,Other
ORD-06067,2023-04-14,Blender Pro,Kitchen,74.99,1,20,59.99,USA,Direct,Processing,29,Other
ORD-06068,2024-10-29,Skincare Set,Beauty,59.99,2,10,107.98,Australia,Organic,Returned,26,Other
ORD-06069,2024-07-01,Dumbbells Set,Sports,79.99,4,5,303.96,Canada,Social Media,Processing,49,Other
ORD-06070,2023-12-29,Yoga Mat,Sports,39.99,4,0,159.96,Australia,Email,Returned,36,Male
ORD-06071,2023-11-25,Yoga Mat,Sports,39.99,2,15,67.98,USA,Email,Returned,19,Female
ORD-06072,2024-02-25,Bookshelf,Furniture,189.99,4,0,759.96,Japan,Paid Ads,Returned,32,Male
ORD-06073,2023-04-13,Deep Work,Books,18.99,1,15,16.14,Japan,Direct,Delivered,24,Other
ORD-06074,2023-12-07,Protein Powder,Sports,54.99,2,0,109.98,Germany,Email,Delivered,64,Male
ORD-06075,2023-07-14,Dumbbells Set,Sports,79.99,1,0,79.99,Brazil,Email,Processing,22,Female
ORD-06076,2023-01-09,Sunscreen SPF50,Beauty,22.99,2,5,43.68,Germany,Organic,Shipped,24,Other
ORD-06077,2024-08-17,4K Monitor,Electronics,499.99,1,0,499.99,France,Social Media,Processing,26,Male
ORD-06078,2024-05-03,4K Monitor,Electronics,499.99,1,5,474.99,Canada,Social Media,Shipped,62,Female
ORD-06079,2023-05-11,Water Bottle,Sports,24.99,4,10,89.96,France,Email,Delivered,27,Female
ORD-06080,2023-11-25,Wireless Mouse,Electronics,29.99,4,0,119.96,Canada,Referral,Cancelled,56,Male
ORD-06081,2023-12-10,Instant Pot,Kitchen,99.99,2,5,189.98,Brazil,Referral,Cancelled,25,Male
ORD-06082,2023-01-25,Desk Lamp,Furniture,44.99,2,15,76.48,USA,Referral,Delivered,48,Other
ORD-06083,2024-11-08,Coffee Maker,Kitchen,89.99,1,20,71.99,Germany,Social Media,Cancelled,62,Female
ORD-06084,2023-01-12,Atomic Habits,Books,16.99,1,10,15.29,Japan,Referral,Returned,65,Female
ORD-06085,2023-10-12,Protein Powder,Sports,54.99,4,0,219.96,Brazil,Direct,Cancelled,64,Other
ORD-06086,2023-03-23,Skincare Set,Beauty,59.99,4,0,239.96,France,Paid Ads,Delivered,38,Female
ORD-06087,2023-02-26,Air Fryer,Kitchen,129.99,3,0,389.97,Australia,Direct,Cancelled,38,Female
ORD-06088,2024-05-10,Dumbbells Set,Sports,79.99,1,10,71.99,Canada,Organic,Delivered,64,Female
ORD-06089,2024-10-23,Python Crash Course,Books,34.99,3,10,94.47,Germany,Organic,Delivered,22,Male
ORD-06090,2023-09-21,Air Fryer,Kitchen,129.99,1,0,129.99,USA,Social Media,Cancelled,58,Other
ORD-06091,2023-02-23,Standing Desk,Furniture,549.99,4,0,2199.96,UK,Social Media,Returned,35,Female
ORD-06092,2024-01-03,Water Bottle,Sports,24.99,5,0,124.95,USA,Organic,Delivered,20,Female
ORD-06093,2023-02-08,Laptop Pro 15,Electronics,1299.99,3,15,3314.97,Japan,Social Media,Returned,40,Female
ORD-06094,2024-09-30,Desk Lamp,Furniture,44.99,4,10,161.96,Germany,Social Media,Cancelled,52,Female
ORD-06095,2023-12-26,Webcam HD,Electronics,89.99,3,5,256.47,USA,Social Media,Processing,55,Other
ORD-06096,2023-05-26,Water Bottle,Sports,24.99,4,5,94.96,Canada,Social Media,Shipped,45,Male
ORD-06097,2023-03-27,Running Shoes,Sports,119.99,5,0,599.95,Brazil,Referral,Delivered,65,Male
ORD-06098,2023-04-02,The Lean Startup,Books,19.99,1,0,19.99,UK,Email,Delivered,29,Other
ORD-06099,2024-11-04,Office Chair,Furniture,299.99,1,10,269.99,UK,Social Media,Processing,39,Other
ORD-06100,2023-01-24,Water Bottle,Sports,24.99,2,0,49.98,Australia,Organic,Shipped,22,Female
ORD-06101,2023-09-20,USB-C Hub,Electronics,49.99,4,15,169.97,France,Email,Returned,48,Other
ORD-06102,2024-11-08,Standing Desk,Furniture,549.99,2,20,879.98,UK,Direct,Delivered,62,Male
ORD-06103,2023-06-10,Instant Pot,Kitchen,99.99,2,0,199.98,Brazil,Email,Shipped,21,Male
ORD-06104,2024-01-06,Water Bottle,Sports,24.99,4,0,99.96,Japan,Referral,Delivered,36,Female
ORD-06105,2024-01-24,Deep Work,Books,18.99,4,0,75.96,Australia,Direct,Processing,56,Male
ORD-06106,2023-09-15,Blender Pro,Kitchen,74.99,3,0,224.97,Germany,Paid Ads,Processing,22,Male
ORD-06107,2023-09-05,Desk Lamp,Furniture,44.99,2,0,89.98,France,Email,Cancelled,56,Other
ORD-06108,2023-06-10,Sunscreen SPF50,Beauty,22.99,5,5,109.2,Australia,Referral,Delivered,63,Female
ORD-06109,2023-11-03,The Lean Startup,Books,19.99,5,0,99.95,USA,Organic,Processing,60,Female
ORD-06110,2024-01-29,Protein Powder,Sports,54.99,5,0,274.95,Japan,Paid Ads,Returned,55,Male
ORD-06111,2024-10-21,Skincare Set,Beauty,59.99,3,10,161.97,Brazil,Referral,Delivered,59,Female
ORD-06112,2023-09-07,Python Crash Course,Books,34.99,4,15,118.97,Brazil,Email,Returned,34,Other
ORD-06113,2024-04-26,Running Shoes,Sports,119.99,4,10,431.96,USA,Social Media,Delivered,35,Male
ORD-06114,2023-12-26,Mechanical Keyboard,Electronics,149.99,5,0,749.95,Brazil,Organic,Shipped,26,Other
ORD-06115,2024-08-08,Desk Lamp,Furniture,44.99,3,5,128.22,Japan,Email,Shipped,45,Other
ORD-06116,2024-02-14,Sunscreen SPF50,Beauty,22.99,1,15,19.54,UK,Referral,Delivered,56,Male
ORD-06117,2024-01-09,Webcam HD,Electronics,89.99,4,20,287.97,France,Paid Ads,Delivered,54,Other
ORD-06118,2024-10-26,Coffee Maker,Kitchen,89.99,2,0,179.98,Brazil,Email,Returned,55,Female
ORD-06119,2023-01-16,The Lean Startup,Books,19.99,3,5,56.97,Brazil,Social Media,Processing,25,Male
ORD-06120,2024-10-05,Office Chair,Furniture,299.99,4,15,1019.97,Germany,Direct,Processing,59,Other
ORD-06121,2024-03-01,Python Crash Course,Books,34.99,1,15,29.74,France,Social Media,Returned,46,Female
ORD-06122,2024-05-07,Mechanical Keyboard,Electronics,149.99,3,0,449.97,Australia,Email,Returned,47,Male
ORD-06123,2023-05-19,Office Chair,Furniture,299.99,1,15,254.99,UK,Social Media,Delivered,36,Female
ORD-06124,2024-09-24,Water Bottle,Sports,24.99,1,15,21.24,Australia,Email,Returned,38,Male
ORD-06125,2024-01-15,Standing Desk,Furniture,549.99,2,5,1044.98,France,Social Media,Cancelled,53,Female
ORD-06126,2024-01-01,Protein Powder,Sports,54.99,3,15,140.22,Brazil,Email,Returned,61,Female
ORD-06127,2023-08-04,Yoga Mat,Sports,39.99,3,15,101.97,France,Paid Ads,Delivered,63,Female
ORD-06128,2023-01-28,Deep Work,Books,18.99,3,0,56.97,USA,Direct,Shipped,28,Female
ORD-06129,2024-04-26,4K Monitor,Electronics,499.99,5,15,2124.96,Canada,Email,Shipped,54,Female
ORD-06130,2024-11-19,The Lean Startup,Books,19.99,5,5,94.95,USA,Direct,Processing,55,Female
ORD-06131,2023-06-11,Skincare Set,Beauty,59.99,4,20,191.97,Japan,Organic,Delivered,44,Female
ORD-06132,2024-09-16,Atomic Habits,Books,16.99,1,20,13.59,Canada,Email,Shipped,61,Female
ORD-06133,2023-09-28,Atomic Habits,Books,16.99,2,15,28.88,France,Paid Ads,Cancelled,41,Male
ORD-06134,2023-02-27,Python Crash Course,Books,34.99,5,20,139.96,Japan,Organic,Shipped,40,Male
ORD-06135,2024-05-04,Python Crash Course,Books,34.99,4,15,118.97,France,Paid Ads,Delivered,49,Male
ORD-06136,2024-03-06,Water Bottle,Sports,24.99,5,0,124.95,UK,Email,Delivered,61,Female
ORD-06137,2024-08-18,Protein Powder,Sports,54.99,1,20,43.99,Brazil,Paid Ads,Delivered,56,Male
ORD-06138,2023-12-19,Wireless Mouse,Electronics,29.99,1,5,28.49,UK,Social Media,Shipped,57,Female
ORD-06139,2024-06-26,Wireless Mouse,Electronics,29.99,4,10,107.96,Canada,Paid Ads,Delivered,48,Other
ORD-06140,2023-02-17,Laptop Pro 15,Electronics,1299.99,5,0,6499.95,Germany,Paid Ads,Returned,65,Female
ORD-06141,2024-08-16,Laptop Pro 15,Electronics,1299.99,2,0,2599.98,Brazil,Social Media,Delivered,29,Female
ORD-06142,2024-08-10,Instant Pot,Kitchen,99.99,2,20,159.98,France,Referral,Delivered,24,Other
ORD-06143,2023-01-04,USB-C Hub,Electronics,49.99,4,15,169.97,Australia,Referral,Processing,25,Male
ORD-06144,2024-10-22,Instant Pot,Kitchen,99.99,2,10,179.98,France,Email,Delivered,20,Male
ORD-06145,2023-03-11,Mechanical Keyboard,Electronics,149.99,5,0,749.95,Brazil,Referral,Delivered,34,Female
ORD-06146,2024-01-01,Deep Work,Books,18.99,3,0,56.97,UK,Direct,Delivered,19,Male
ORD-06147,2023-08-25,Deep Work,Books,18.99,1,0,18.99,Japan,Email,Cancelled,45,Other
ORD-06148,2024-08-16,Dumbbells Set,Sports,79.99,2,0,159.98,France,Paid Ads,Processing,61,Male
ORD-06149,2024-05-08,Office Chair,Furniture,299.99,3,0,899.97,France,Email,Delivered,48,Other
ORD-06150,2024-05-05,Yoga Mat,Sports,39.99,3,15,101.97,Australia,Organic,Cancelled,33,Male
ORD-06151,2023-07-03,Desk Lamp,Furniture,44.99,4,20,143.97,Canada,Direct,Returned,23,Female
ORD-06152,2024-08-12,Running Shoes,Sports,119.99,1,5,113.99,Canada,Social Media,Delivered,39,Female
ORD-06153,2023-07-22,Webcam HD,Electronics,89.99,4,5,341.96,Canada,Social Media,Returned,59,Other
ORD-06154,2023-11-09,Blender Pro,Kitchen,74.99,5,0,374.95,Brazil,Paid Ads,Shipped,53,Other
ORD-06155,2024-04-17,Sunscreen SPF50,Beauty,22.99,4,10,82.76,Germany,Direct,Processing,60,Other
ORD-06156,2024-08-06,Dumbbells Set,Sports,79.99,5,0,399.95,Canada,Referral,Shipped,46,Male
ORD-06157,2024-06-02,Python Crash Course,Books,34.99,4,0,139.96,Brazil,Referral,Shipped,57,Male
ORD-06158,2023-02-23,Water Bottle,Sports,24.99,1,5,23.74,Japan,Direct,Returned,28,Other
ORD-06159,2024-01-22,Coffee Maker,Kitchen,89.99,4,0,359.96,Canada,Direct,Delivered,24,Other
ORD-06160,2023-11-21,Python Crash Course,Books,34.99,2,0,69.98,USA,Paid Ads,Delivered,36,Male
ORD-06161,2023-09-28,USB-C Hub,Electronics,49.99,1,5,47.49,UK,Referral,Delivered,26,Other
ORD-06162,2023-10-14,Yoga Mat,Sports,39.99,2,5,75.98,USA,Paid Ads,Shipped,41,Female
ORD-06163,2024-06-25,Mechanical Keyboard,Electronics,149.99,3,10,404.97,Japan,Paid Ads,Returned,40,Female
ORD-06164,2023-01-31,USB-C Hub,Electronics,49.99,5,0,249.95,Australia,Paid Ads,Delivered,60,Male
ORD-06165,2023-02-01,Mechanical Keyboard,Electronics,149.99,3,10,404.97,France,Social Media,Shipped,46,Male
ORD-06166,2023-04-04,Yoga Mat,Sports,39.99,4,0,159.96,USA,Direct,Cancelled,63,Male
ORD-06167,2024-11-11,Instant Pot,Kitchen,99.99,4,0,399.96,Germany,Organic,Shipped,41,Female
ORD-06168,2023-01-29,Python Crash Course,Books,34.99,2,0,69.98,Canada,Organic,Cancelled,62,Female
ORD-06169,2023-08-07,Desk Lamp,Furniture,44.99,2,0,89.98,Brazil,Direct,Cancelled,20,Male
ORD-06170,2023-01-06,Mechanical Keyboard,Electronics,149.99,3,10,404.97,Canada,Email,Delivered,22,Other
ORD-06171,2024-09-23,Webcam HD,Electronics,89.99,2,15,152.98,France,Organic,Delivered,44,Male
ORD-06172,2023-08-02,The Lean Startup,Books,19.99,4,0,79.96,France,Direct,Processing,45,Female
ORD-06173,2023-02-24,Webcam HD,Electronics,89.99,3,20,215.98,UK,Social Media,Delivered,39,Other
ORD-06174,2023-02-12,Dumbbells Set,Sports,79.99,4,0,319.96,UK,Referral,Cancelled,19,Male
ORD-06175,2023-11-07,Protein Powder,Sports,54.99,1,0,54.99,Australia,Direct,Delivered,22,Other
ORD-06176,2023-04-26,Deep Work,Books,18.99,3,10,51.27,Japan,Organic,Returned,27,Female
ORD-06177,2024-02-20,Coffee Maker,Kitchen,89.99,2,20,143.98,France,Email,Shipped,56,Female
ORD-06178,2024-03-03,Wireless Mouse,Electronics,29.99,3,0,89.97,Australia,Email,Delivered,38,Female
ORD-06179,2023-12-25,Laptop Pro 15,Electronics,1299.99,3,0,3899.97,Canada,Social Media,Shipped,34,Male
ORD-06180,2024-02-01,Deep Work,Books,18.99,3,15,48.42,Japan,Organic,Returned,64,Female
ORD-06181,2023-12-12,Dumbbells Set,Sports,79.99,1,15,67.99,Canada,Email,Returned,49,Male
ORD-06182,2023-04-29,Water Bottle,Sports,24.99,5,10,112.45,UK,Email,Delivered,41,Other
ORD-06183,2023-01-22,USB-C Hub,Electronics,49.99,5,5,237.45,Australia,Social Media,Shipped,20,Other
ORD-06184,2023-06-24,Standing Desk,Furniture,549.99,4,15,1869.97,Japan,Social Media,Delivered,34,Female
ORD-06185,2023-10-24,USB-C Hub,Electronics,49.99,3,0,149.97,Canada,Referral,Delivered,27,Other
ORD-06186,2024-02-19,Python Crash Course,Books,34.99,1,10,31.49,USA,Direct,Delivered,20,Male
ORD-06187,2023-12-03,Mechanical Keyboard,Electronics,149.99,2,5,284.98,Japan,Paid Ads,Shipped,50,Female
ORD-06188,2024-09-24,Desk Lamp,Furniture,44.99,1,0,44.99,Canada,Social Media,Delivered,44,Other
ORD-06189,2024-07-30,Blender Pro,Kitchen,74.99,5,0,374.95,France,Paid Ads,Returned,18,Female
ORD-06190,2024-01-27,Blender Pro,Kitchen,74.99,5,0,374.95,Brazil,Direct,Delivered,20,Female
ORD-06191,2024-07-01,USB-C Hub,Electronics,49.99,3,0,149.97,Japan,Social Media,Processing,48,Male
ORD-06192,2024-11-18,Yoga Mat,Sports,39.99,5,15,169.96,Brazil,Email,Shipped,65,Male
ORD-06193,2024-11-30,Wireless Mouse,Electronics,29.99,3,0,89.97,UK,Email,Returned,23,Female
ORD-06194,2023-02-08,Laptop Pro 15,Electronics,1299.99,4,5,4939.96,USA,Organic,Cancelled,47,Female
ORD-06195,2023-04-24,Instant Pot,Kitchen,99.99,5,0,499.95,USA,Email,Shipped,53,Female
ORD-06196,2023-07-03,The Lean Startup,Books,19.99,3,0,59.97,Australia,Email,Shipped,24,Other
ORD-06197,2024-10-02,Bookshelf,Furniture,189.99,4,5,721.96,USA,Email,Shipped,49,Male
ORD-06198,2024-12-05,USB-C Hub,Electronics,49.99,5,15,212.46,Canada,Paid Ads,Processing,32,Female
ORD-06199,2024-08-23,Mechanical Keyboard,Electronics,149.99,3,0,449.97,USA,Direct,Processing,27,Male
ORD-06200,2024-01-07,Webcam HD,Electronics,89.99,4,0,359.96,Australia,Referral,Shipped,52,Male
ORD-06201,2023-07-20,Bookshelf,Furniture,189.99,4,0,759.96,USA,Referral,Cancelled,54,Male
ORD-06202,2023-06-24,Blender Pro,Kitchen,74.99,1,0,74.99,France,Social Media,Cancelled,47,Other
ORD-06203,2024-02-05,Deep Work,Books,18.99,5,20,75.96,USA,Organic,Delivered,60,Male
ORD-06204,2023-12-17,Sunscreen SPF50,Beauty,22.99,4,20,73.57,Canada,Organic,Processing,31,Female
ORD-06205,2023-04-09,Skincare Set,Beauty,59.99,1,20,47.99,USA,Paid Ads,Delivered,49,Other
ORD-06206,2023-02-09,USB-C Hub,Electronics,49.99,4,20,159.97,Canada,Direct,Delivered,65,Other
ORD-06207,2024-02-12,Instant Pot,Kitchen,99.99,2,5,189.98,USA,Paid Ads,Delivered,39,Other
ORD-06208,2023-12-27,Coffee Maker,Kitchen,89.99,1,0,89.99,UK,Email,Shipped,42,Male
ORD-06209,2024-03-22,Instant Pot,Kitchen,99.99,4,0,399.96,Japan,Social Media,Processing,43,Other
ORD-06210,2023-07-17,Standing Desk,Furniture,549.99,1,0,549.99,Australia,Paid Ads,Returned,42,Other
ORD-06211,2024-05-14,Running Shoes,Sports,119.99,2,20,191.98,USA,Referral,Delivered,29,Female
ORD-06212,2023-10-10,Office Chair,Furniture,299.99,1,20,239.99,USA,Email,Processing,35,Male
ORD-06213,2024-09-19,Desk Lamp,Furniture,44.99,5,20,179.96,Brazil,Paid Ads,Returned,59,Other
ORD-06214,2024-05-24,Mechanical Keyboard,Electronics,149.99,5,0,749.95,France,Organic,Returned,21,Male
ORD-06215,2024-10-17,Laptop Pro 15,Electronics,1299.99,4,5,4939.96,Australia,Referral,Delivered,50,Female
ORD-06216,2023-09-04,Instant Pot,Kitchen,99.99,5,0,499.95,USA,Organic,Delivered,45,Male
ORD-06217,2023-08-19,Instant Pot,Kitchen,99.99,3,20,239.98,Japan,Organic,Cancelled,52,Other
ORD-06218,2024-12-14,Air Fryer,Kitchen,129.99,4,0,519.96,Japan,Social Media,Processing,61,Male
ORD-06219,2024-04-26,Office Chair,Furniture,299.99,5,20,1199.96,USA,Social Media,Delivered,47,Other
ORD-06220,2023-02-22,Air Fryer,Kitchen,129.99,3,15,331.47,Germany,Organic,Delivered,48,Male
ORD-06221,2023-05-10,Python Crash Course,Books,34.99,5,10,157.46,USA,Paid Ads,Returned,47,Female
ORD-06222,2023-09-27,Office Chair,Furniture,299.99,1,0,299.99,USA,Direct,Returned,21,Female
ORD-06223,2024-10-07,Wireless Mouse,Electronics,29.99,1,10,26.99,Australia,Email,Delivered,37,Female
ORD-06224,2023-08-03,Atomic Habits,Books,16.99,5,20,67.96,USA,Referral,Delivered,29,Female
ORD-06225,2023-11-11,Laptop Pro 15,Electronics,1299.99,4,0,5199.96,Canada,Referral,Delivered,18,Female
ORD-06226,2023-06-17,Office Chair,Furniture,299.99,3,0,899.97,Canada,Organic,Delivered,62,Male
ORD-06227,2024-07-03,Office Chair,Furniture,299.99,1,0,299.99,Australia,Organic,Delivered,30,Female
ORD-06228,2023-06-10,Dumbbells Set,Sports,79.99,4,0,319.96,UK,Email,Processing,50,Female
ORD-06229,2024-11-19,Sunscreen SPF50,Beauty,22.99,3,0,68.97,Australia,Organic,Delivered,57,Other
ORD-06230,2024-12-09,Mechanical Keyboard,Electronics,149.99,5,15,637.46,France,Organic,Processing,19,Female
ORD-06231,2023-04-05,Water Bottle,Sports,24.99,1,0,24.99,USA,Direct,Returned,18,Female
ORD-06232,2023-09-22,Air Fryer,Kitchen,129.99,1,0,129.99,Australia,Organic,Delivered,45,Other
ORD-06233,2024-09-10,Running Shoes,Sports,119.99,2,20,191.98,Canada,Email,Shipped,62,Other
ORD-06234,2023-05-29,Sunscreen SPF50,Beauty,22.99,4,10,82.76,France,Email,Delivered,50,Female
ORD-06235,2024-09-18,Running Shoes,Sports,119.99,1,10,107.99,Canada,Direct,Delivered,29,Male
ORD-06236,2024-09-09,Wireless Mouse,Electronics,29.99,4,0,119.96,Australia,Email,Delivered,44,Male
ORD-06237,2024-03-25,USB-C Hub,Electronics,49.99,2,0,99.98,UK,Paid Ads,Shipped,31,Other
ORD-06238,2023-11-01,Coffee Maker,Kitchen,89.99,1,0,89.99,Australia,Referral,Returned,22,Other
ORD-06239,2023-08-16,Bookshelf,Furniture,189.99,4,10,683.96,France,Paid Ads,Shipped,37,Male
ORD-06240,2024-03-13,Office Chair,Furniture,299.99,2,0,599.98,France,Direct,Delivered,62,Other
ORD-06241,2023-10-14,Office Chair,Furniture,299.99,4,10,1079.96,UK,Social Media,Delivered,52,Other
ORD-06242,2023-11-24,Mechanical Keyboard,Electronics,149.99,3,5,427.47,Germany,Direct,Delivered,52,Female
ORD-06243,2024-09-24,Atomic Habits,Books,16.99,5,5,80.7,Japan,Paid Ads,Delivered,61,Male
ORD-06244,2023-05-12,Running Shoes,Sports,119.99,1,0,119.99,Canada,Paid Ads,Delivered,32,Other
ORD-06245,2024-06-14,The Lean Startup,Books,19.99,2,0,39.98,Japan,Organic,Returned,27,Female
ORD-06246,2023-01-28,Coffee Maker,Kitchen,89.99,2,5,170.98,USA,Social Media,Delivered,19,Female
ORD-06247,2023-09-09,Sunscreen SPF50,Beauty,22.99,5,5,109.2,Japan,Email,Processing,37,Female
ORD-06248,2023-02-11,Python Crash Course,Books,34.99,2,5,66.48,USA,Direct,Delivered,47,Female
ORD-06249,2024-05-03,Skincare Set,Beauty,59.99,5,10,269.95,Japan,Email,Delivered,44,Other
ORD-06250,2023-01-30,Office Chair,Furniture,299.99,2,5,569.98,Germany,Referral,Delivered,53,Other
ORD-06251,2023-05-31,Running Shoes,Sports,119.99,2,20,191.98,USA,Referral,Shipped,19,Male
ORD-06252,2024-09-15,Deep Work,Books,18.99,5,0,94.95,France,Email,Shipped,21,Other
ORD-06253,2024-12-04,Desk Lamp,Furniture,44.99,3,0,134.97,Japan,Paid Ads,Delivered,18,Other
ORD-06254,2024-06-03,Blender Pro,Kitchen,74.99,4,20,239.97,Germany,Email,Shipped,51,Other
ORD-06255,2023-06-28,The Lean Startup,Books,19.99,1,5,18.99,Japan,Organic,Delivered,42,Female
ORD-06256,2024-05-31,Blender Pro,Kitchen,74.99,5,0,374.95,Canada,Email,Processing,21,Female
ORD-06257,2023-06-17,Office Chair,Furniture,299.99,2,10,539.98,France,Email,Delivered,50,Male
ORD-06258,2024-03-08,Atomic Habits,Books,16.99,1,15,14.44,Brazil,Referral,Delivered,28,Other
ORD-06259,2023-10-20,Mechanical Keyboard,Electronics,149.99,5,10,674.96,Brazil,Referral,Shipped,18,Male
ORD-06260,2023-05-07,Wireless Mouse,Electronics,29.99,5,0,149.95,Germany,Social Media,Processing,64,Male
ORD-06261,2024-09-24,Atomic Habits,Books,16.99,3,15,43.32,France,Social Media,Processing,47,Other
ORD-06262,2024-08-10,Wireless Mouse,Electronics,29.99,3,10,80.97,Germany,Paid Ads,Delivered,44,Female
ORD-06263,2024-07-06,Standing Desk,Furniture,549.99,4,15,1869.97,Canada,Email,Delivered,29,Male
ORD-06264,2023-08-10,USB-C Hub,Electronics,49.99,5,15,212.46,USA,Email,Cancelled,45,Other
ORD-06265,2024-02-29,Water Bottle,Sports,24.99,1,0,24.99,Brazil,Direct,Cancelled,37,Male
ORD-06266,2024-10-17,Laptop Pro 15,Electronics,1299.99,5,5,6174.95,USA,Direct,Delivered,46,Other
ORD-06267,2023-06-27,Air Fryer,Kitchen,129.99,3,15,331.47,Germany,Email,Delivered,26,Female
ORD-06268,2024-06-22,The Lean Startup,Books,19.99,4,0,79.96,France,Organic,Delivered,38,Female
ORD-06269,2024-07-07,Air Fryer,Kitchen,129.99,1,0,129.99,Brazil,Paid Ads,Cancelled,22,Female
ORD-06270,2023-06-21,Mechanical Keyboard,Electronics,149.99,4,15,509.97,Australia,Email,Delivered,35,Female
ORD-06271,2024-08-31,Coffee Maker,Kitchen,89.99,3,15,229.47,France,Paid Ads,Delivered,25,Female
ORD-06272,2024-07-11,Webcam HD,Electronics,89.99,4,0,359.96,USA,Social Media,Cancelled,57,Female
ORD-06273,2024-02-23,Bookshelf,Furniture,189.99,2,0,379.98,France,Organic,Shipped,51,Female
ORD-06274,2024-02-15,Dumbbells Set,Sports,79.99,1,20,63.99,UK,Social Media,Shipped,46,Female
ORD-06275,2024-02-21,Standing Desk,Furniture,549.99,2,0,1099.98,Brazil,Referral,Cancelled,38,Female
ORD-06276,2023-12-18,Air Fryer,Kitchen,129.99,2,0,259.98,Australia,Direct,Returned,37,Male
ORD-06277,2023-09-27,Protein Powder,Sports,54.99,5,20,219.96,Japan,Email,Shipped,29,Other
ORD-06278,2023-07-02,Deep Work,Books,18.99,5,0,94.95,Brazil,Paid Ads,Delivered,63,Female
ORD-06279,2024-04-28,Coffee Maker,Kitchen,89.99,3,0,269.97,Japan,Direct,Delivered,24,Female
ORD-06280,2023-09-24,Mechanical Keyboard,Electronics,149.99,2,10,269.98,Canada,Email,Cancelled,32,Other
ORD-06281,2024-02-21,Blender Pro,Kitchen,74.99,5,10,337.45,Germany,Paid Ads,Processing,26,Male
ORD-06282,2024-07-03,Blender Pro,Kitchen,74.99,5,10,337.45,Japan,Paid Ads,Delivered,40,Other
ORD-06283,2023-09-16,Bookshelf,Furniture,189.99,5,15,807.46,Japan,Paid Ads,Processing,44,Female
ORD-06284,2023-03-30,Wireless Mouse,Electronics,29.99,2,0,59.98,Japan,Social Media,Shipped,35,Other
ORD-06285,2024-07-21,Wireless Mouse,Electronics,29.99,5,0,149.95,Germany,Email,Cancelled,23,Other
ORD-06286,2023-11-09,Sunscreen SPF50,Beauty,22.99,5,0,114.95,Japan,Paid Ads,Shipped,32,Other
ORD-06287,2024-01-10,Laptop Pro 15,Electronics,1299.99,4,0,5199.96,USA,Direct,Delivered,27,Female
ORD-06288,2024-02-27,Water Bottle,Sports,24.99,4,15,84.97,USA,Referral,Returned,45,Male
ORD-06289,2023-10-19,Coffee Maker,Kitchen,89.99,1,10,80.99,UK,Organic,Delivered,56,Male
ORD-06290,2024-03-16,Standing Desk,Furniture,549.99,3,20,1319.98,Australia,Social Media,Delivered,37,Other
ORD-06291,2023-09-12,Wireless Mouse,Electronics,29.99,1,0,29.99,Brazil,Referral,Returned,35,Female
ORD-06292,2023-05-14,Air Fryer,Kitchen,129.99,4,15,441.97,France,Direct,Cancelled,28,Male
ORD-06293,2024-10-24,Protein Powder,Sports,54.99,2,20,87.98,Canada,Social Media,Cancelled,61,Other
ORD-06294,2024-08-07,The Lean Startup,Books,19.99,4,15,67.97,Germany,Organic,Shipped,30,Male
ORD-06295,2023-04-22,Bookshelf,Furniture,189.99,4,0,759.96,Japan,Referral,Delivered,20,Other
ORD-06296,2024-04-03,Wireless Mouse,Electronics,29.99,5,15,127.46,Japan,Organic,Returned,25,Female
ORD-06297,2023-04-06,Running Shoes,Sports,119.99,3,0,359.97,Canada,Social Media,Delivered,19,Female
ORD-06298,2023-10-04,Webcam HD,Electronics,89.99,2,5,170.98,Japan,Social Media,Delivered,37,Other
ORD-06299,2024-10-23,Water Bottle,Sports,24.99,4,0,99.96,Canada,Email,Cancelled,61,Female
ORD-06300,2023-03-04,Protein Powder,Sports,54.99,2,0,109.98,Brazil,Email,Cancelled,34,Male
ORD-06301,2023-03-25,Bookshelf,Furniture,189.99,1,0,189.99,Australia,Direct,Processing,40,Male
ORD-06302,2024-07-16,Atomic Habits,Books,16.99,4,0,67.96,Australia,Referral,Cancelled,53,Female
ORD-06303,2023-11-21,Deep Work,Books,18.99,2,0,37.98,France,Direct,Delivered,61,Female
ORD-06304,2023-11-27,Webcam HD,Electronics,89.99,5,15,382.46,Canada,Paid Ads,Delivered,24,Female
ORD-06305,2023-10-08,Skincare Set,Beauty,59.99,2,0,119.98,Germany,Direct,Delivered,56,Female
ORD-06306,2024-04-13,Instant Pot,Kitchen,99.99,3,0,299.97,France,Paid Ads,Delivered,63,Male
ORD-06307,2024-08-30,Instant Pot,Kitchen,99.99,3,0,299.97,Brazil,Referral,Shipped,49,Other
ORD-06308,2024-10-20,Skincare Set,Beauty,59.99,3,15,152.97,USA,Social Media,Returned,48,Female
ORD-06309,2023-05-13,Dumbbells Set,Sports,79.99,4,15,271.97,France,Referral,Shipped,27,Other
ORD-06310,2024-06-06,Running Shoes,Sports,119.99,3,0,359.97,USA,Email,Shipped,58,Other
ORD-06311,2023-03-18,Laptop Pro 15,Electronics,1299.99,1,10,1169.99,Brazil,Referral,Delivered,36,Male
ORD-06312,2024-09-20,The Lean Startup,Books,19.99,2,10,35.98,Germany,Organic,Shipped,58,Female
ORD-06313,2023-05-15,Mechanical Keyboard,Electronics,149.99,2,10,269.98,Canada,Email,Delivered,50,Female
ORD-06314,2024-09-10,Python Crash Course,Books,34.99,1,20,27.99,Canada,Social Media,Processing,55,Male
ORD-06315,2023-01-02,Protein Powder,Sports,54.99,3,5,156.72,UK,Social Media,Returned,51,Other
ORD-06316,2023-09-25,Yoga Mat,Sports,39.99,3,15,101.97,Australia,Email,Delivered,25,Other
ORD-06317,2023-05-31,Sunscreen SPF50,Beauty,22.99,2,0,45.98,Germany,Social Media,Delivered,21,Other
ORD-06318,2024-04-23,Instant Pot,Kitchen,99.99,1,10,89.99,USA,Email,Returned,59,Male
ORD-06319,2023-03-14,Skincare Set,Beauty,59.99,2,10,107.98,Australia,Referral,Cancelled,36,Male
ORD-06320,2023-11-27,Desk Lamp,Furniture,44.99,5,15,191.21,France,Social Media,Processing,19,Other
ORD-06321,2024-04-28,Running Shoes,Sports,119.99,1,0,119.99,Canada,Organic,Cancelled,24,Male
ORD-06322,2023-07-06,Standing Desk,Furniture,549.99,3,15,1402.47,Canada,Organic,Cancelled,50,Male
ORD-06323,2023-11-24,Dumbbells Set,Sports,79.99,3,20,191.98,Brazil,Referral,Processing,55,Male
ORD-06324,2024-04-20,Air Fryer,Kitchen,129.99,4,0,519.96,Brazil,Organic,Delivered,19,Female
ORD-06325,2023-01-26,Coffee Maker,Kitchen,89.99,3,15,229.47,USA,Direct,Shipped,26,Female
ORD-06326,2024-11-15,Running Shoes,Sports,119.99,2,5,227.98,Japan,Paid Ads,Delivered,63,Other
ORD-06327,2023-07-27,4K Monitor,Electronics,499.99,4,0,1999.96,Brazil,Paid Ads,Delivered,49,Other
ORD-06328,2024-06-21,Wireless Mouse,Electronics,29.99,3,15,76.47,Brazil,Organic,Shipped,50,Other
ORD-06329,2024-10-18,Yoga Mat,Sports,39.99,4,10,143.96,Brazil,Email,Cancelled,39,Male
ORD-06330,2024-12-18,Air Fryer,Kitchen,129.99,2,10,233.98,Japan,Paid Ads,Shipped,54,Male
ORD-06331,2024-06-15,Water Bottle,Sports,24.99,3,0,74.97,France,Organic,Returned,61,Other
ORD-06332,2024-07-12,Blender Pro,Kitchen,74.99,2,10,134.98,Australia,Email,Cancelled,54,Male
ORD-06333,2024-06-23,Webcam HD,Electronics,89.99,4,20,287.97,Canada,Direct,Processing,19,Male
ORD-06334,2024-03-05,Office Chair,Furniture,299.99,1,0,299.99,Australia,Paid Ads,Shipped,36,Female
ORD-06335,2024-07-10,Skincare Set,Beauty,59.99,4,0,239.96,Australia,Direct,Delivered,65,Male
ORD-06336,2023-07-17,Running Shoes,Sports,119.99,1,15,101.99,Brazil,Referral,Returned,32,Male
ORD-06337,2024-11-12,Running Shoes,Sports,119.99,3,20,287.98,Brazil,Social Media,Shipped,22,Other
ORD-06338,2024-03-09,Skincare Set,Beauty,59.99,1,20,47.99,Brazil,Email,Delivered,58,Male
ORD-06339,2023-05-26,Mechanical Keyboard,Electronics,149.99,1,20,119.99,USA,Organic,Delivered,49,Other
ORD-06340,2024-03-10,Water Bottle,Sports,24.99,5,20,99.96,Australia,Referral,Cancelled,47,Male
ORD-06341,2023-01-06,Office Chair,Furniture,299.99,1,15,254.99,Canada,Social Media,Delivered,50,Other
ORD-06342,2023-02-24,Air Fryer,Kitchen,129.99,4,0,519.96,UK,Referral,Cancelled,18,Female
ORD-06343,2023-08-09,Python Crash Course,Books,34.99,4,10,125.96,Germany,Paid Ads,Cancelled,53,Female
ORD-06344,2024-10-10,Deep Work,Books,18.99,2,15,32.28,Brazil,Social Media,Cancelled,42,Male
ORD-06345,2023-07-03,Standing Desk,Furniture,549.99,5,15,2337.46,Brazil,Social Media,Delivered,23,Male
ORD-06346,2023-12-23,Webcam HD,Electronics,89.99,3,20,215.98,Germany,Referral,Shipped,26,Other
ORD-06347,2023-01-27,Desk Lamp,Furniture,44.99,3,5,128.22,Germany,Direct,Delivered,37,Other
ORD-06348,2023-11-03,Dumbbells Set,Sports,79.99,5,0,399.95,UK,Referral,Cancelled,54,Female
ORD-06349,2024-11-06,Dumbbells Set,Sports,79.99,3,15,203.97,Japan,Paid Ads,Cancelled,34,Other
ORD-06350,2023-07-27,Atomic Habits,Books,16.99,3,0,50.97,Canada,Email,Shipped,60,Male
ORD-06351,2023-12-30,Desk Lamp,Furniture,44.99,2,15,76.48,Japan,Referral,Delivered,18,Other
ORD-06352,2024-03-31,Wireless Mouse,Electronics,29.99,3,15,76.47,UK,Referral,Delivered,40,Male
ORD-06353,2024-10-23,Mechanical Keyboard,Electronics,149.99,1,0,149.99,UK,Direct,Processing,45,Female
ORD-06354,2023-05-14,Laptop Pro 15,Electronics,1299.99,4,0,5199.96,UK,Social Media,Delivered,65,Female
ORD-06355,2024-02-29,Bookshelf,Furniture,189.99,1,10,170.99,Japan,Email,Cancelled,47,Other
ORD-06356,2024-01-21,Laptop Pro 15,Electronics,1299.99,1,15,1104.99,Australia,Organic,Cancelled,35,Male
ORD-06357,2023-10-06,Laptop Pro 15,Electronics,1299.99,1,0,1299.99,Canada,Email,Cancelled,41,Female
ORD-06358,2024-04-09,Standing Desk,Furniture,549.99,3,5,1567.47,Australia,Email,Returned,59,Female
ORD-06359,2024-01-07,Skincare Set,Beauty,59.99,4,0,239.96,Canada,Referral,Cancelled,48,Female
ORD-06360,2023-11-05,USB-C Hub,Electronics,49.99,1,0,49.99,USA,Email,Processing,38,Other
ORD-06361,2023-01-22,Sunscreen SPF50,Beauty,22.99,2,0,45.98,Germany,Organic,Processing,37,Female
ORD-06362,2024-12-20,Webcam HD,Electronics,89.99,1,0,89.99,Brazil,Direct,Delivered,44,Male
ORD-06363,2024-01-20,Protein Powder,Sports,54.99,2,20,87.98,Brazil,Paid Ads,Returned,18,Female
ORD-06364,2023-07-28,Sunscreen SPF50,Beauty,22.99,3,0,68.97,USA,Email,Cancelled,51,Male
ORD-06365,2024-10-12,Bookshelf,Furniture,189.99,2,10,341.98,Germany,Organic,Processing,59,Female
ORD-06366,2023-04-25,Office Chair,Furniture,299.99,1,5,284.99,UK,Organic,Shipped,43,Male
ORD-06367,2024-02-11,Coffee Maker,Kitchen,89.99,1,0,89.99,Japan,Email,Delivered,39,Other
ORD-06368,2023-03-02,Dumbbells Set,Sports,79.99,1,0,79.99,Brazil,Direct,Returned,54,Other
ORD-06369,2024-11-28,Python Crash Course,Books,34.99,4,10,125.96,Japan,Direct,Delivered,24,Other
ORD-06370,2024-08-12,Water Bottle,Sports,24.99,4,5,94.96,USA,Referral,Processing,42,Other
ORD-06371,2023-02-19,Atomic Habits,Books,16.99,4,0,67.96,Japan,Organic,Returned,27,Male
ORD-06372,2024-09-11,The Lean Startup,Books,19.99,2,0,39.98,Brazil,Referral,Processing,37,Other
ORD-06373,2024-04-25,Desk Lamp,Furniture,44.99,5,10,202.46,Canada,Social Media,Returned,31,Female
ORD-06374,2023-12-23,Coffee Maker,Kitchen,89.99,4,10,323.96,Japan,Referral,Cancelled,45,Male
ORD-06375,2024-04-02,Dumbbells Set,Sports,79.99,5,0,399.95,Germany,Organic,Returned,20,Other
ORD-06376,2024-12-31,Desk Lamp,Furniture,44.99,1,0,44.99,France,Email,Returned,39,Other
ORD-06377,2023-12-30,Laptop Pro 15,Electronics,1299.99,1,20,1039.99,Germany,Paid Ads,Shipped,46,Male
ORD-06378,2024-11-04,USB-C Hub,Electronics,49.99,1,20,39.99,Australia,Email,Shipped,64,Other
ORD-06379,2023-03-09,Dumbbells Set,Sports,79.99,1,10,71.99,Canada,Referral,Delivered,36,Female
ORD-06380,2023-11-12,Coffee Maker,Kitchen,89.99,1,15,76.49,Germany,Email,Delivered,44,Female
ORD-06381,2023-02-27,Deep Work,Books,18.99,3,15,48.42,Canada,Direct,Returned,31,Other
ORD-06382,2023-04-19,Office Chair,Furniture,299.99,5,5,1424.95,Germany,Email,Processing,23,Male
ORD-06383,2023-05-01,Air Fryer,Kitchen,129.99,5,0,649.95,Australia,Organic,Processing,64,Male
ORD-06384,2024-12-27,Yoga Mat,Sports,39.99,4,20,127.97,USA,Organic,Delivered,46,Other
ORD-06385,2023-02-19,Water Bottle,Sports,24.99,4,15,84.97,France,Social Media,Processing,34,Male
ORD-06386,2023-12-22,Blender Pro,Kitchen,74.99,5,0,374.95,Australia,Organic,Processing,32,Other
ORD-06387,2023-09-19,4K Monitor,Electronics,499.99,4,10,1799.96,UK,Direct,Cancelled,22,Other
ORD-06388,2024-12-03,Webcam HD,Electronics,89.99,4,20,287.97,USA,Organic,Processing,50,Female
ORD-06389,2024-11-25,Wireless Mouse,Electronics,29.99,4,20,95.97,UK,Social Media,Delivered,23,Female
ORD-06390,2024-10-16,Bookshelf,Furniture,189.99,4,0,759.96,UK,Email,Returned,47,Other
ORD-06391,2023-06-05,Coffee Maker,Kitchen,89.99,3,0,269.97,USA,Email,Returned,48,Male
ORD-06392,2024-07-24,Laptop Pro 15,Electronics,1299.99,3,15,3314.97,Australia,Referral,Delivered,35,Other
ORD-06393,2023-01-12,Dumbbells Set,Sports,79.99,5,15,339.96,Brazil,Email,Cancelled,61,Other
ORD-06394,2024-12-20,Protein Powder,Sports,54.99,4,0,219.96,France,Organic,Delivered,32,Male
ORD-06395,2023-07-22,USB-C Hub,Electronics,49.99,3,0,149.97,Japan,Organic,Shipped,40,Other
ORD-06396,2024-07-25,Coffee Maker,Kitchen,89.99,4,0,359.96,Canada,Direct,Delivered,57,Female
ORD-06397,2024-10-10,Desk Lamp,Furniture,44.99,4,0,179.96,UK,Referral,Delivered,55,Female
ORD-06398,2024-06-02,Running Shoes,Sports,119.99,2,0,239.98,UK,Referral,Processing,20,Male
ORD-06399,2023-01-11,4K Monitor,Electronics,499.99,4,0,1999.96,Germany,Social Media,Processing,26,Male
ORD-06400,2024-03-29,Sunscreen SPF50,Beauty,22.99,4,15,78.17,Brazil,Organic,Processing,38,Other
ORD-06401,2023-11-10,Blender Pro,Kitchen,74.99,2,5,142.48,Canada,Paid Ads,Processing,60,Other
ORD-06402,2024-01-05,Skincare Set,Beauty,59.99,3,0,179.97,Germany,Direct,Delivered,34,Other
ORD-06403,2023-07-06,USB-C Hub,Electronics,49.99,2,10,89.98,USA,Organic,Delivered,38,Other
ORD-06404,2023-12-14,Python Crash Course,Books,34.99,4,10,125.96,France,Organic,Cancelled,41,Male
ORD-06405,2023-08-04,Coffee Maker,Kitchen,89.99,5,20,359.96,Australia,Social Media,Returned,33,Male
ORD-06406,2023-07-29,Python Crash Course,Books,34.99,3,0,104.97,Germany,Referral,Shipped,33,Male
ORD-06407,2024-04-18,Protein Powder,Sports,54.99,2,20,87.98,Australia,Paid Ads,Cancelled,63,Male
ORD-06408,2023-05-31,Dumbbells Set,Sports,79.99,2,0,159.98,Canada,Organic,Cancelled,31,Other
ORD-06409,2023-12-24,Skincare Set,Beauty,59.99,4,20,191.97,Japan,Social Media,Shipped,28,Other
ORD-06410,2023-01-07,Python Crash Course,Books,34.99,2,0,69.98,Australia,Organic,Delivered,44,Other
ORD-06411,2023-09-23,Instant Pot,Kitchen,99.99,3,20,239.98,Australia,Direct,Processing,20,Female
ORD-06412,2024-06-14,Webcam HD,Electronics,89.99,5,0,449.95,USA,Email,Returned,61,Other
ORD-06413,2023-06-13,The Lean Startup,Books,19.99,4,0,79.96,Australia,Direct,Delivered,51,Female
ORD-06414,2023-07-04,Deep Work,Books,18.99,2,20,30.38,Brazil,Organic,Returned,45,Male
ORD-06415,2024-10-07,Air Fryer,Kitchen,129.99,3,20,311.98,Brazil,Direct,Delivered,42,Male
ORD-06416,2024-06-20,Wireless Mouse,Electronics,29.99,3,0,89.97,Canada,Direct,Delivered,44,Male
ORD-06417,2023-07-27,Instant Pot,Kitchen,99.99,1,5,94.99,Brazil,Social Media,Returned,19,Male
ORD-06418,2023-03-28,Office Chair,Furniture,299.99,2,20,479.98,Canada,Direct,Shipped,65,Male
ORD-06419,2023-08-09,Water Bottle,Sports,24.99,1,20,19.99,France,Email,Shipped,39,Female
ORD-06420,2024-12-15,Atomic Habits,Books,16.99,5,15,72.21,Japan,Paid Ads,Cancelled,49,Male
ORD-06421,2023-08-31,Desk Lamp,Furniture,44.99,5,10,202.46,Brazil,Organic,Processing,19,Other
ORD-06422,2023-12-07,Yoga Mat,Sports,39.99,5,0,199.95,UK,Paid Ads,Cancelled,27,Other
ORD-06423,2023-08-17,Blender Pro,Kitchen,74.99,5,5,356.2,Australia,Email,Cancelled,65,Female
ORD-06424,2023-07-19,Sunscreen SPF50,Beauty,22.99,4,20,73.57,Japan,Social Media,Returned,36,Female
ORD-06425,2023-04-27,Webcam HD,Electronics,89.99,3,5,256.47,Canada,Paid Ads,Delivered,18,Other
ORD-06426,2024-11-03,Running Shoes,Sports,119.99,3,20,287.98,Japan,Social Media,Cancelled,35,Male
ORD-06427,2024-08-25,Deep Work,Books,18.99,4,0,75.96,Germany,Referral,Delivered,46,Male
ORD-06428,2024-07-26,Blender Pro,Kitchen,74.99,4,0,299.96,Japan,Referral,Processing,59,Male
ORD-06429,2024-09-11,Coffee Maker,Kitchen,89.99,3,0,269.97,UK,Organic,Shipped,60,Other
ORD-06430,2023-07-24,The Lean Startup,Books,19.99,2,10,35.98,Canada,Organic,Shipped,27,Other
ORD-06431,2024-06-12,Skincare Set,Beauty,59.99,4,0,239.96,France,Direct,Delivered,49,Other
ORD-06432,2024-01-18,Instant Pot,Kitchen,99.99,4,20,319.97,UK,Organic,Delivered,44,Other
ORD-06433,2023-07-15,Air Fryer,Kitchen,129.99,1,0,129.99,Japan,Referral,Delivered,59,Other
ORD-06434,2024-03-01,Webcam HD,Electronics,89.99,3,15,229.47,USA,Direct,Processing,42,Other
ORD-06435,2023-11-04,USB-C Hub,Electronics,49.99,2,0,99.98,Australia,Paid Ads,Processing,51,Other
ORD-06436,2024-09-21,Deep Work,Books,18.99,1,15,16.14,Japan,Organic,Processing,22,Male
ORD-06437,2023-01-04,Desk Lamp,Furniture,44.99,1,0,44.99,Canada,Paid Ads,Cancelled,43,Male
ORD-06438,2023-09-08,Sunscreen SPF50,Beauty,22.99,4,10,82.76,USA,Referral,Cancelled,39,Other
ORD-06439,2024-11-09,The Lean Startup,Books,19.99,3,0,59.97,France,Paid Ads,Returned,49,Male
ORD-06440,2023-04-26,Running Shoes,Sports,119.99,2,5,227.98,Brazil,Email,Returned,44,Male
ORD-06441,2024-07-26,Yoga Mat,Sports,39.99,1,15,33.99,UK,Direct,Processing,21,Female
ORD-06442,2023-08-27,The Lean Startup,Books,19.99,3,15,50.97,Germany,Organic,Returned,55,Female
ORD-06443,2024-08-06,Python Crash Course,Books,34.99,3,20,83.98,Japan,Referral,Cancelled,34,Male
ORD-06444,2023-05-01,Atomic Habits,Books,16.99,1,10,15.29,USA,Organic,Returned,51,Other
ORD-06445,2024-04-28,Dumbbells Set,Sports,79.99,4,0,319.96,UK,Direct,Cancelled,32,Male
ORD-06446,2023-05-06,Webcam HD,Electronics,89.99,4,0,359.96,Brazil,Social Media,Shipped,18,Male
ORD-06447,2023-02-28,4K Monitor,Electronics,499.99,2,0,999.98,Canada,Organic,Shipped,51,Male
ORD-06448,2024-04-03,Sunscreen SPF50,Beauty,22.99,1,0,22.99,Canada,Direct,Delivered,26,Female
ORD-06449,2023-11-19,The Lean Startup,Books,19.99,5,10,89.95,UK,Organic,Processing,38,Other
ORD-06450,2023-06-20,Laptop Pro 15,Electronics,1299.99,4,0,5199.96,USA,Social Media,Delivered,42,Female
ORD-06451,2023-05-14,Desk Lamp,Furniture,44.99,2,5,85.48,UK,Referral,Processing,24,Male
ORD-06452,2024-08-11,Office Chair,Furniture,299.99,2,0,599.98,USA,Organic,Returned,22,Female
ORD-06453,2024-09-08,Blender Pro,Kitchen,74.99,2,20,119.98,Australia,Organic,Delivered,43,Other
ORD-06454,2023-06-23,4K Monitor,Electronics,499.99,2,10,899.98,USA,Organic,Delivered,60,Female
ORD-06455,2023-02-02,Webcam HD,Electronics,89.99,1,20,71.99,UK,Referral,Delivered,18,Male
ORD-06456,2023-10-11,Standing Desk,Furniture,549.99,5,5,2612.45,UK,Direct,Delivered,43,Male
ORD-06457,2024-04-21,Python Crash Course,Books,34.99,2,5,66.48,Canada,Organic,Cancelled,65,Female
ORD-06458,2024-01-09,Wireless Mouse,Electronics,29.99,5,10,134.95,USA,Email,Cancelled,31,Other
ORD-06459,2024-12-02,Office Chair,Furniture,299.99,2,0,599.98,Germany,Social Media,Delivered,25,Female
ORD-06460,2024-12-28,Webcam HD,Electronics,89.99,4,0,359.96,Australia,Organic,Delivered,37,Other
ORD-06461,2023-10-06,Standing Desk,Furniture,549.99,1,5,522.49,Germany,Organic,Delivered,60,Male
ORD-06462,2023-12-13,Mechanical Keyboard,Electronics,149.99,2,0,299.98,Canada,Organic,Processing,43,Female
ORD-06463,2023-07-27,Wireless Mouse,Electronics,29.99,5,20,119.96,Canada,Social Media,Delivered,48,Female
ORD-06464,2023-04-06,Air Fryer,Kitchen,129.99,2,0,259.98,Japan,Email,Delivered,33,Male
ORD-06465,2024-07-30,Wireless Mouse,Electronics,29.99,2,20,47.98,Japan,Paid Ads,Cancelled,51,Female
ORD-06466,2024-05-07,Dumbbells Set,Sports,79.99,2,0,159.98,UK,Referral,Delivered,50,Male
ORD-06467,2024-12-20,Laptop Pro 15,Electronics,1299.99,1,20,1039.99,France,Organic,Shipped,27,Other
ORD-06468,2024-01-22,Python Crash Course,Books,34.99,3,0,104.97,UK,Direct,Delivered,45,Other
ORD-06469,2023-09-04,Air Fryer,Kitchen,129.99,1,0,129.99,Japan,Social Media,Delivered,19,Male
ORD-06470,2024-08-14,Dumbbells Set,Sports,79.99,3,20,191.98,Australia,Referral,Cancelled,61,Other
ORD-06471,2023-10-25,Standing Desk,Furniture,549.99,3,15,1402.47,Canada,Organic,Delivered,50,Male
ORD-06472,2024-10-23,Coffee Maker,Kitchen,89.99,1,0,89.99,Germany,Paid Ads,Delivered,24,Female
ORD-06473,2023-12-23,Mechanical Keyboard,Electronics,149.99,5,10,674.96,USA,Email,Cancelled,19,Other
ORD-06474,2023-04-25,Python Crash Course,Books,34.99,3,0,104.97,Brazil,Social Media,Delivered,65,Other
ORD-06475,2023-06-15,Standing Desk,Furniture,549.99,4,5,2089.96,Australia,Organic,Delivered,43,Male
ORD-06476,2024-02-05,Air Fryer,Kitchen,129.99,2,15,220.98,Canada,Direct,Cancelled,50,Other
ORD-06477,2023-10-18,Running Shoes,Sports,119.99,5,15,509.96,Japan,Social Media,Shipped,52,Other
ORD-06478,2024-10-13,Atomic Habits,Books,16.99,4,20,54.37,Canada,Organic,Delivered,18,Female
ORD-06479,2024-07-23,Python Crash Course,Books,34.99,1,0,34.99,Germany,Email,Returned,61,Female
ORD-06480,2023-08-21,Water Bottle,Sports,24.99,4,5,94.96,France,Organic,Delivered,36,Male
ORD-06481,2024-12-28,Skincare Set,Beauty,59.99,4,0,239.96,Brazil,Social Media,Delivered,31,Male
ORD-06482,2023-10-31,Office Chair,Furniture,299.99,5,0,1499.95,Australia,Organic,Processing,21,Male
ORD-06483,2023-05-29,Air Fryer,Kitchen,129.99,5,0,649.95,Japan,Direct,Processing,40,Female
ORD-06484,2024-04-26,Running Shoes,Sports,119.99,3,5,341.97,France,Paid Ads,Returned,46,Other
ORD-06485,2023-05-23,Deep Work,Books,18.99,3,0,56.97,Japan,Direct,Delivered,20,Other
ORD-06486,2023-01-26,Deep Work,Books,18.99,5,0,94.95,France,Social Media,Delivered,59,Other
ORD-06487,2023-04-30,Dumbbells Set,Sports,79.99,4,15,271.97,France,Email,Delivered,27,Male
ORD-06488,2024-03-04,Laptop Pro 15,Electronics,1299.99,4,0,5199.96,UK,Email,Delivered,45,Male
ORD-06489,2023-06-21,Webcam HD,Electronics,89.99,3,0,269.97,Australia,Social Media,Delivered,60,Other
ORD-06490,2023-03-24,Running Shoes,Sports,119.99,3,15,305.97,UK,Email,Shipped,29,Male
ORD-06491,2024-07-13,Laptop Pro 15,Electronics,1299.99,5,0,6499.95,France,Organic,Shipped,41,Female
ORD-06492,2024-11-26,Wireless Mouse,Electronics,29.99,1,5,28.49,Germany,Email,Processing,20,Female
ORD-06493,2024-07-16,Dumbbells Set,Sports,79.99,5,0,399.95,UK,Email,Delivered,57,Male
ORD-06494,2023-08-05,Sunscreen SPF50,Beauty,22.99,5,15,97.71,Japan,Referral,Cancelled,24,Male
ORD-06495,2024-07-10,Webcam HD,Electronics,89.99,5,5,427.45,Australia,Email,Delivered,26,Male
ORD-06496,2024-01-27,Water Bottle,Sports,24.99,4,0,99.96,Japan,Email,Shipped,34,Female
ORD-06497,2024-07-22,Office Chair,Furniture,299.99,4,0,1199.96,Australia,Organic,Processing,34,Female
ORD-06498,2023-03-01,Skincare Set,Beauty,59.99,1,15,50.99,France,Paid Ads,Returned,54,Other
ORD-06499,2024-08-01,4K Monitor,Electronics,499.99,3,5,1424.97,USA,Referral,Processing,28,Other
ORD-06500,2024-03-18,Mechanical Keyboard,Electronics,149.99,1,0,149.99,Australia,Direct,Delivered,24,Female
ORD-06501,2023-09-02,The Lean Startup,Books,19.99,2,0,39.98,Australia,Paid Ads,Delivered,33,Male
ORD-06502,2024-11-19,Skincare Set,Beauty,59.99,5,20,239.96,Japan,Social Media,Returned,54,Male
ORD-06503,2024-07-03,Sunscreen SPF50,Beauty,22.99,1,20,18.39,USA,Social Media,Delivered,51,Male
ORD-06504,2024-09-11,Sunscreen SPF50,Beauty,22.99,1,20,18.39,Australia,Paid Ads,Delivered,45,Female
ORD-06505,2023-08-13,Laptop Pro 15,Electronics,1299.99,5,0,6499.95,USA,Paid Ads,Processing,51,Female
ORD-06506,2023-01-20,Mechanical Keyboard,Electronics,149.99,4,15,509.97,Brazil,Email,Returned,43,Other
ORD-06507,2023-05-26,Instant Pot,Kitchen,99.99,1,10,89.99,UK,Direct,Delivered,39,Male
ORD-06508,2024-05-16,Mechanical Keyboard,Electronics,149.99,5,5,712.45,USA,Referral,Delivered,49,Female
ORD-06509,2023-11-10,Office Chair,Furniture,299.99,3,0,899.97,Japan,Referral,Delivered,37,Male
ORD-06510,2024-06-06,Desk Lamp,Furniture,44.99,4,5,170.96,Germany,Referral,Cancelled,37,Male
ORD-06511,2023-04-30,Sunscreen SPF50,Beauty,22.99,3,15,58.62,Australia,Email,Shipped,45,Other
ORD-06512,2023-11-19,Coffee Maker,Kitchen,89.99,4,10,323.96,Canada,Referral,Shipped,29,Other
ORD-06513,2024-02-23,Yoga Mat,Sports,39.99,2,15,67.98,Brazil,Paid Ads,Delivered,34,Male
ORD-06514,2024-05-15,Sunscreen SPF50,Beauty,22.99,1,0,22.99,UK,Referral,Cancelled,20,Female
ORD-06515,2024-02-23,Standing Desk,Furniture,549.99,3,15,1402.47,UK,Social Media,Delivered,61,Male
ORD-06516,2023-11-12,Running Shoes,Sports,119.99,1,5,113.99,Japan,Referral,Cancelled,32,Male
ORD-06517,2024-08-14,Sunscreen SPF50,Beauty,22.99,5,5,109.2,Japan,Direct,Processing,23,Other
ORD-06518,2024-10-10,Skincare Set,Beauty,59.99,4,0,239.96,Australia,Direct,Cancelled,23,Other
ORD-06519,2023-04-16,Python Crash Course,Books,34.99,1,0,34.99,France,Paid Ads,Returned,33,Female
ORD-06520,2023-09-04,Desk Lamp,Furniture,44.99,3,15,114.72,Germany,Email,Delivered,52,Male
ORD-06521,2023-03-10,Running Shoes,Sports,119.99,1,10,107.99,France,Paid Ads,Delivered,22,Male
ORD-06522,2023-12-19,Blender Pro,Kitchen,74.99,4,15,254.97,UK,Email,Cancelled,53,Male
ORD-06523,2024-02-28,Mechanical Keyboard,Electronics,149.99,1,0,149.99,France,Email,Shipped,28,Male
ORD-06524,2024-03-31,Running Shoes,Sports,119.99,3,5,341.97,Brazil,Paid Ads,Cancelled,40,Female
ORD-06525,2023-05-04,Dumbbells Set,Sports,79.99,3,0,239.97,Japan,Social Media,Shipped,30,Male
ORD-06526,2024-10-29,Mechanical Keyboard,Electronics,149.99,4,10,539.96,Australia,Referral,Delivered,43,Female
ORD-06527,2023-08-25,Python Crash Course,Books,34.99,1,0,34.99,France,Paid Ads,Processing,30,Male
ORD-06528,2023-05-08,Water Bottle,Sports,24.99,5,15,106.21,Australia,Email,Processing,65,Male
ORD-06529,2024-02-19,Office Chair,Furniture,299.99,4,0,1199.96,USA,Direct,Returned,34,Male
ORD-06530,2024-06-04,Blender Pro,Kitchen,74.99,5,0,374.95,Canada,Social Media,Delivered,43,Other
ORD-06531,2023-07-09,Atomic Habits,Books,16.99,5,20,67.96,Canada,Email,Delivered,47,Male
ORD-06532,2023-09-26,Instant Pot,Kitchen,99.99,4,0,399.96,Brazil,Paid Ads,Returned,45,Male
ORD-06533,2023-03-22,Dumbbells Set,Sports,79.99,5,0,399.95,UK,Referral,Delivered,30,Female
ORD-06534,2023-05-17,Sunscreen SPF50,Beauty,22.99,2,10,41.38,Germany,Referral,Cancelled,18,Female
ORD-06535,2023-12-14,Laptop Pro 15,Electronics,1299.99,2,0,2599.98,Germany,Social Media,Processing,25,Other
ORD-06536,2023-03-24,Standing Desk,Furniture,549.99,3,5,1567.47,Japan,Social Media,Processing,29,Other
ORD-06537,2024-05-03,Running Shoes,Sports,119.99,5,15,509.96,Japan,Referral,Returned,24,Male
ORD-06538,2023-08-28,Skincare Set,Beauty,59.99,4,15,203.97,Canada,Direct,Delivered,58,Female
ORD-06539,2024-12-13,Sunscreen SPF50,Beauty,22.99,5,0,114.95,UK,Social Media,Delivered,31,Other
ORD-06540,2024-08-16,Webcam HD,Electronics,89.99,3,15,229.47,Germany,Organic,Delivered,23,Male
ORD-06541,2024-02-12,Python Crash Course,Books,34.99,1,5,33.24,USA,Direct,Delivered,33,Other
ORD-06542,2023-11-15,USB-C Hub,Electronics,49.99,4,20,159.97,Brazil,Email,Delivered,27,Other
ORD-06543,2024-05-19,Water Bottle,Sports,24.99,5,0,124.95,Brazil,Paid Ads,Shipped,62,Other
ORD-06544,2023-09-14,The Lean Startup,Books,19.99,5,0,99.95,USA,Social Media,Cancelled,19,Male
ORD-06545,2024-08-24,USB-C Hub,Electronics,49.99,4,5,189.96,UK,Paid Ads,Processing,50,Other
ORD-06546,2023-09-07,Desk Lamp,Furniture,44.99,5,15,191.21,Germany,Referral,Cancelled,52,Female
ORD-06547,2024-10-11,Deep Work,Books,18.99,2,20,30.38,USA,Referral,Delivered,29,Female
ORD-06548,2024-10-23,The Lean Startup,Books,19.99,1,0,19.99,Japan,Referral,Delivered,33,Other
ORD-06549,2023-11-21,Yoga Mat,Sports,39.99,4,10,143.96,Canada,Paid Ads,Returned,29,Male
ORD-06550,2024-03-25,Webcam HD,Electronics,89.99,3,20,215.98,Japan,Organic,Returned,61,Male
ORD-06551,2023-12-15,Bookshelf,Furniture,189.99,2,0,379.98,USA,Direct,Shipped,49,Other
ORD-06552,2023-01-31,USB-C Hub,Electronics,49.99,5,0,249.95,Japan,Email,Delivered,23,Female
ORD-06553,2024-12-21,USB-C Hub,Electronics,49.99,2,10,89.98,USA,Social Media,Delivered,46,Male
ORD-06554,2023-06-12,Wireless Mouse,Electronics,29.99,5,0,149.95,Japan,Paid Ads,Delivered,53,Female
ORD-06555,2023-11-11,The Lean Startup,Books,19.99,3,5,56.97,Canada,Paid Ads,Returned,46,Other
ORD-06556,2024-10-24,Atomic Habits,Books,16.99,4,15,57.77,UK,Email,Delivered,26,Female
ORD-06557,2024-04-15,Bookshelf,Furniture,189.99,1,15,161.49,Japan,Paid Ads,Processing,59,Other
ORD-06558,2023-12-06,Air Fryer,Kitchen,129.99,1,15,110.49,Germany,Email,Processing,54,Other
ORD-06559,2023-02-20,Bookshelf,Furniture,189.99,3,20,455.98,Brazil,Social Media,Delivered,62,Female
ORD-06560,2024-08-30,Atomic Habits,Books,16.99,3,15,43.32,Germany,Email,Shipped,63,Male
ORD-06561,2024-11-22,Yoga Mat,Sports,39.99,4,15,135.97,Australia,Email,Returned,23,Other
ORD-06562,2023-10-06,Office Chair,Furniture,299.99,2,0,599.98,Brazil,Email,Shipped,63,Female
ORD-06563,2024-06-21,Office Chair,Furniture,299.99,5,0,1499.95,France,Social Media,Processing,32,Female
ORD-06564,2023-03-17,Atomic Habits,Books,16.99,5,15,72.21,Germany,Email,Delivered,37,Other
ORD-06565,2024-08-02,Webcam HD,Electronics,89.99,2,20,143.98,Japan,Organic,Delivered,26,Female
ORD-06566,2023-10-01,Protein Powder,Sports,54.99,1,0,54.99,Australia,Email,Shipped,58,Male
ORD-06567,2023-06-09,Mechanical Keyboard,Electronics,149.99,4,20,479.97,Canada,Referral,Delivered,55,Other
ORD-06568,2024-07-13,USB-C Hub,Electronics,49.99,4,20,159.97,UK,Direct,Delivered,32,Female
ORD-06569,2024-02-25,Running Shoes,Sports,119.99,2,10,215.98,France,Organic,Delivered,50,Other
ORD-06570,2023-02-01,Water Bottle,Sports,24.99,2,5,47.48,France,Organic,Cancelled,28,Female
ORD-06571,2024-09-17,Atomic Habits,Books,16.99,1,10,15.29,Japan,Social Media,Delivered,25,Male
ORD-06572,2024-06-20,Bookshelf,Furniture,189.99,1,10,170.99,Brazil,Organic,Returned,49,Other
ORD-06573,2024-05-29,Running Shoes,Sports,119.99,5,20,479.96,Germany,Direct,Delivered,33,Male
ORD-06574,2024-09-29,Water Bottle,Sports,24.99,1,0,24.99,Brazil,Social Media,Processing,36,Male
ORD-06575,2024-01-03,Wireless Mouse,Electronics,29.99,1,5,28.49,Australia,Email,Delivered,41,Female
ORD-06576,2024-05-01,Water Bottle,Sports,24.99,5,5,118.7,Germany,Direct,Delivered,53,Male
ORD-06577,2023-01-12,Blender Pro,Kitchen,74.99,4,15,254.97,USA,Social Media,Shipped,21,Female
ORD-06578,2023-11-19,Python Crash Course,Books,34.99,2,10,62.98,France,Organic,Delivered,54,Female
ORD-06579,2023-01-07,Sunscreen SPF50,Beauty,22.99,1,15,19.54,Japan,Email,Returned,25,Female
ORD-06580,2024-11-21,USB-C Hub,Electronics,49.99,3,0,149.97,UK,Email,Shipped,43,Male
ORD-06581,2024-12-10,Webcam HD,Electronics,89.99,3,0,269.97,Australia,Email,Processing,47,Other
ORD-06582,2024-08-27,USB-C Hub,Electronics,49.99,5,0,249.95,France,Paid Ads,Delivered,62,Female
ORD-06583,2024-09-26,Desk Lamp,Furniture,44.99,3,5,128.22,Australia,Social Media,Delivered,43,Male
ORD-06584,2024-01-29,Atomic Habits,Books,16.99,2,0,33.98,Canada,Email,Delivered,41,Male
ORD-06585,2023-08-30,The Lean Startup,Books,19.99,5,0,99.95,France,Referral,Cancelled,55,Female
ORD-06586,2024-08-25,Standing Desk,Furniture,549.99,4,15,1869.97,USA,Referral,Cancelled,64,Other
ORD-06587,2023-04-29,The Lean Startup,Books,19.99,4,20,63.97,Australia,Referral,Processing,20,Female
ORD-06588,2023-04-21,Water Bottle,Sports,24.99,1,0,24.99,Japan,Paid Ads,Delivered,51,Female
ORD-06589,2023-09-24,Protein Powder,Sports,54.99,1,0,54.99,Japan,Organic,Processing,33,Female
ORD-06590,2024-09-19,Wireless Mouse,Electronics,29.99,2,0,59.98,Germany,Organic,Processing,59,Other
ORD-06591,2023-10-26,Water Bottle,Sports,24.99,2,0,49.98,Canada,Organic,Returned,30,Female
ORD-06592,2024-12-31,Protein Powder,Sports,54.99,3,20,131.98,Brazil,Referral,Processing,56,Male
ORD-06593,2023-02-11,Python Crash Course,Books,34.99,2,0,69.98,Japan,Email,Returned,53,Female
ORD-06594,2023-05-15,Yoga Mat,Sports,39.99,1,5,37.99,Germany,Email,Delivered,46,Other
ORD-06595,2023-07-22,Desk Lamp,Furniture,44.99,1,15,38.24,Australia,Organic,Returned,21,Female
ORD-06596,2023-04-12,Yoga Mat,Sports,39.99,4,5,151.96,Brazil,Email,Shipped,49,Other
ORD-06597,2024-01-05,Deep Work,Books,18.99,2,15,32.28,Canada,Direct,Delivered,35,Other
ORD-06598,2024-01-28,Python Crash Course,Books,34.99,2,5,66.48,UK,Referral,Shipped,48,Female
ORD-06599,2023-12-03,Sunscreen SPF50,Beauty,22.99,4,10,82.76,UK,Paid Ads,Delivered,56,Female
ORD-06600,2023-12-09,Dumbbells Set,Sports,79.99,1,0,79.99,France,Social Media,Delivered,53,Other
ORD-06601,2024-06-25,4K Monitor,Electronics,499.99,4,20,1599.97,Brazil,Email,Processing,35,Male
ORD-06602,2023-08-30,Blender Pro,Kitchen,74.99,4,5,284.96,Brazil,Social Media,Returned,52,Other
ORD-06603,2024-03-12,The Lean Startup,Books,19.99,5,10,89.95,Japan,Referral,Returned,18,Other
ORD-06604,2024-05-05,The Lean Startup,Books,19.99,4,0,79.96,UK,Social Media,Delivered,52,Other
ORD-06605,2023-09-03,Protein Powder,Sports,54.99,5,0,274.95,France,Referral,Delivered,61,Female
ORD-06606,2023-10-26,Dumbbells Set,Sports,79.99,4,0,319.96,Canada,Email,Delivered,46,Male
ORD-06607,2024-01-06,Water Bottle,Sports,24.99,3,0,74.97,Canada,Email,Processing,44,Male
ORD-06608,2023-03-04,Coffee Maker,Kitchen,89.99,3,0,269.97,Brazil,Direct,Delivered,53,Female
ORD-06609,2023-10-11,Wireless Mouse,Electronics,29.99,4,0,119.96,UK,Referral,Delivered,57,Male
ORD-06610,2023-09-16,Standing Desk,Furniture,549.99,1,0,549.99,Brazil,Referral,Delivered,53,Male
ORD-06611,2023-08-22,Protein Powder,Sports,54.99,4,10,197.96,UK,Direct,Delivered,53,Other
ORD-06612,2024-10-24,Office Chair,Furniture,299.99,5,5,1424.95,Brazil,Email,Delivered,64,Female
ORD-06613,2024-01-02,Laptop Pro 15,Electronics,1299.99,1,0,1299.99,Germany,Referral,Cancelled,29,Female
ORD-06614,2024-02-08,Desk Lamp,Furniture,44.99,5,5,213.7,France,Direct,Returned,43,Male
ORD-06615,2023-04-05,Sunscreen SPF50,Beauty,22.99,4,20,73.57,Brazil,Organic,Processing,43,Male
ORD-06616,2024-02-21,Bookshelf,Furniture,189.99,4,15,645.97,Japan,Organic,Shipped,32,Male
ORD-06617,2024-07-29,Standing Desk,Furniture,549.99,2,20,879.98,UK,Paid Ads,Delivered,30,Male
ORD-06618,2024-02-24,4K Monitor,Electronics,499.99,3,15,1274.97,Japan,Social Media,Delivered,57,Female
ORD-06619,2024-02-17,Standing Desk,Furniture,549.99,3,20,1319.98,France,Referral,Shipped,46,Male
ORD-06620,2023-11-17,Yoga Mat,Sports,39.99,4,0,159.96,France,Paid Ads,Returned,34,Other
ORD-06621,2024-10-27,Protein Powder,Sports,54.99,3,0,164.97,Canada,Organic,Cancelled,47,Female
ORD-06622,2023-06-24,Wireless Mouse,Electronics,29.99,5,15,127.46,USA,Organic,Cancelled,29,Other
ORD-06623,2024-09-22,Yoga Mat,Sports,39.99,3,10,107.97,Canada,Referral,Delivered,19,Other
ORD-06624,2024-08-26,Webcam HD,Electronics,89.99,1,0,89.99,Germany,Email,Delivered,19,Female
ORD-06625,2024-10-10,Office Chair,Furniture,299.99,4,10,1079.96,Japan,Referral,Shipped,56,Male
ORD-06626,2023-02-09,USB-C Hub,Electronics,49.99,5,0,249.95,Germany,Paid Ads,Delivered,38,Male
ORD-06627,2023-11-04,Laptop Pro 15,Electronics,1299.99,3,0,3899.97,Australia,Direct,Shipped,38,Other
ORD-06628,2024-12-07,Dumbbells Set,Sports,79.99,2,5,151.98,Japan,Referral,Shipped,23,Other
ORD-06629,2023-06-28,Python Crash Course,Books,34.99,4,20,111.97,Germany,Paid Ads,Delivered,33,Female
ORD-06630,2024-03-22,Coffee Maker,Kitchen,89.99,3,0,269.97,USA,Organic,Processing,35,Female
ORD-06631,2023-11-25,Desk Lamp,Furniture,44.99,4,5,170.96,UK,Email,Returned,63,Other
ORD-06632,2023-06-29,Deep Work,Books,18.99,3,0,56.97,Japan,Social Media,Delivered,18,Male
ORD-06633,2023-03-21,Atomic Habits,Books,16.99,3,0,50.97,Brazil,Paid Ads,Cancelled,29,Other
ORD-06634,2024-02-22,Office Chair,Furniture,299.99,2,0,599.98,France,Direct,Shipped,41,Other
ORD-06635,2024-01-06,Water Bottle,Sports,24.99,4,15,84.97,UK,Paid Ads,Returned,60,Male
ORD-06636,2023-08-14,Sunscreen SPF50,Beauty,22.99,5,0,114.95,Japan,Email,Cancelled,29,Female
ORD-06637,2023-09-24,Water Bottle,Sports,24.99,1,0,24.99,Canada,Direct,Processing,56,Male
ORD-06638,2023-11-04,Blender Pro,Kitchen,74.99,2,20,119.98,Australia,Paid Ads,Delivered,58,Female
ORD-06639,2023-07-04,Protein Powder,Sports,54.99,4,0,219.96,Japan,Direct,Cancelled,18,Female
ORD-06640,2024-12-11,The Lean Startup,Books,19.99,1,20,15.99,Germany,Referral,Delivered,63,Female
ORD-06641,2023-12-08,USB-C Hub,Electronics,49.99,2,15,84.98,France,Organic,Shipped,61,Female
ORD-06642,2024-09-25,USB-C Hub,Electronics,49.99,5,20,199.96,Australia,Organic,Delivered,62,Other
ORD-06643,2023-05-22,Blender Pro,Kitchen,74.99,3,0,224.97,Australia,Direct,Delivered,35,Female
ORD-06644,2024-12-30,Office Chair,Furniture,299.99,1,0,299.99,USA,Email,Processing,19,Other
ORD-06645,2024-10-04,Air Fryer,Kitchen,129.99,4,0,519.96,UK,Referral,Returned,64,Female
ORD-06646,2024-08-29,Desk Lamp,Furniture,44.99,2,15,76.48,Brazil,Paid Ads,Delivered,33,Male
ORD-06647,2023-08-26,Mechanical Keyboard,Electronics,149.99,3,10,404.97,France,Email,Delivered,32,Other
ORD-06648,2023-09-14,Dumbbells Set,Sports,79.99,2,10,143.98,USA,Direct,Delivered,34,Other
ORD-06649,2023-01-18,Wireless Mouse,Electronics,29.99,5,0,149.95,Germany,Organic,Processing,40,Male
ORD-06650,2024-04-28,Atomic Habits,Books,16.99,4,0,67.96,USA,Social Media,Cancelled,30,Other
ORD-06651,2023-01-28,Wireless Mouse,Electronics,29.99,2,20,47.98,France,Direct,Cancelled,58,Male
ORD-06652,2023-07-10,Skincare Set,Beauty,59.99,5,0,299.95,Japan,Paid Ads,Delivered,39,Other
ORD-06653,2024-01-09,Sunscreen SPF50,Beauty,22.99,3,15,58.62,Australia,Direct,Shipped,27,Other
ORD-06654,2023-11-05,Coffee Maker,Kitchen,89.99,4,0,359.96,Japan,Social Media,Cancelled,46,Other
ORD-06655,2024-12-09,Yoga Mat,Sports,39.99,2,10,71.98,Germany,Referral,Processing,36,Male
ORD-06656,2023-03-15,Laptop Pro 15,Electronics,1299.99,5,15,5524.96,Australia,Organic,Processing,50,Other
ORD-06657,2023-12-28,Sunscreen SPF50,Beauty,22.99,4,10,82.76,Brazil,Referral,Delivered,51,Male
ORD-06658,2024-11-26,Deep Work,Books,18.99,3,5,54.12,Canada,Direct,Returned,50,Male
ORD-06659,2024-09-10,Desk Lamp,Furniture,44.99,5,0,224.95,USA,Direct,Returned,22,Other
ORD-06660,2024-09-08,Atomic Habits,Books,16.99,4,20,54.37,Australia,Direct,Cancelled,55,Other
ORD-06661,2024-06-19,Water Bottle,Sports,24.99,4,20,79.97,USA,Email,Returned,36,Female
ORD-06662,2024-03-05,Webcam HD,Electronics,89.99,3,15,229.47,Japan,Direct,Shipped,18,Male
ORD-06663,2023-06-10,Desk Lamp,Furniture,44.99,1,10,40.49,Brazil,Social Media,Processing,46,Female
ORD-06664,2023-02-24,Deep Work,Books,18.99,5,20,75.96,USA,Direct,Delivered,20,Female
ORD-06665,2023-12-16,Blender Pro,Kitchen,74.99,2,0,149.98,France,Email,Returned,55,Male
ORD-06666,2024-04-18,Water Bottle,Sports,24.99,2,10,44.98,USA,Direct,Shipped,34,Other
ORD-06667,2023-09-15,Python Crash Course,Books,34.99,4,0,139.96,Canada,Organic,Delivered,37,Other
ORD-06668,2023-09-19,Sunscreen SPF50,Beauty,22.99,3,0,68.97,Brazil,Paid Ads,Cancelled,24,Other
ORD-06669,2024-05-10,USB-C Hub,Electronics,49.99,5,15,212.46,USA,Organic,Delivered,29,Male
ORD-06670,2023-07-20,Sunscreen SPF50,Beauty,22.99,4,5,87.36,Canada,Referral,Cancelled,59,Male
ORD-06671,2024-02-09,Coffee Maker,Kitchen,89.99,3,0,269.97,Japan,Organic,Cancelled,43,Female
ORD-06672,2024-11-09,Bookshelf,Furniture,189.99,3,5,541.47,UK,Organic,Shipped,62,Other
ORD-06673,2023-08-14,Office Chair,Furniture,299.99,2,5,569.98,Australia,Email,Delivered,26,Other
ORD-06674,2024-12-25,Laptop Pro 15,Electronics,1299.99,5,0,6499.95,UK,Direct,Returned,30,Male
ORD-06675,2024-10-29,Laptop Pro 15,Electronics,1299.99,1,15,1104.99,Japan,Organic,Cancelled,51,Male
ORD-06676,2023-07-02,USB-C Hub,Electronics,49.99,3,0,149.97,USA,Organic,Returned,49,Female
ORD-06677,2023-03-13,Skincare Set,Beauty,59.99,4,5,227.96,France,Paid Ads,Delivered,53,Female
ORD-06678,2023-01-25,Water Bottle,Sports,24.99,2,10,44.98,Germany,Organic,Shipped,49,Male
ORD-06679,2023-08-06,4K Monitor,Electronics,499.99,3,5,1424.97,France,Social Media,Shipped,25,Male
ORD-06680,2024-01-25,Wireless Mouse,Electronics,29.99,4,0,119.96,Japan,Email,Cancelled,33,Female
ORD-06681,2024-04-09,The Lean Startup,Books,19.99,5,10,89.95,Canada,Organic,Delivered,25,Other
ORD-06682,2023-05-01,Wireless Mouse,Electronics,29.99,1,5,28.49,Canada,Referral,Delivered,50,Other
ORD-06683,2023-09-21,Python Crash Course,Books,34.99,5,20,139.96,USA,Direct,Delivered,59,Male
ORD-06684,2024-04-12,Wireless Mouse,Electronics,29.99,3,20,71.98,Japan,Social Media,Shipped,58,Other
ORD-06685,2024-03-14,Skincare Set,Beauty,59.99,3,10,161.97,Australia,Email,Returned,41,Female
ORD-06686,2024-08-29,Laptop Pro 15,Electronics,1299.99,2,20,2079.98,Germany,Email,Cancelled,47,Other
ORD-06687,2023-11-24,Air Fryer,Kitchen,129.99,5,20,519.96,France,Email,Processing,23,Male
ORD-06688,2024-08-20,Sunscreen SPF50,Beauty,22.99,5,15,97.71,Germany,Direct,Returned,48,Other
ORD-06689,2023-10-17,Atomic Habits,Books,16.99,4,0,67.96,Canada,Paid Ads,Returned,20,Other
ORD-06690,2023-01-05,Water Bottle,Sports,24.99,3,20,59.98,Germany,Paid Ads,Delivered,31,Male
ORD-06691,2023-09-28,Coffee Maker,Kitchen,89.99,5,0,449.95,USA,Email,Returned,20,Male
ORD-06692,2023-01-25,4K Monitor,Electronics,499.99,4,20,1599.97,Brazil,Social Media,Delivered,34,Female
ORD-06693,2023-12-22,Running Shoes,Sports,119.99,5,5,569.95,France,Direct,Delivered,45,Male
ORD-06694,2024-06-25,4K Monitor,Electronics,499.99,3,0,1499.97,UK,Email,Returned,27,Other
ORD-06695,2023-07-27,Wireless Mouse,Electronics,29.99,2,20,47.98,Australia,Referral,Delivered,23,Female
ORD-06696,2023-06-29,Standing Desk,Furniture,549.99,2,15,934.98,Germany,Organic,Processing,21,Other
ORD-06697,2023-09-22,Atomic Habits,Books,16.99,1,10,15.29,Japan,Direct,Delivered,24,Male
ORD-06698,2024-01-12,The Lean Startup,Books,19.99,1,0,19.99,France,Direct,Delivered,21,Female
ORD-06699,2023-11-23,Blender Pro,Kitchen,74.99,4,5,284.96,Canada,Organic,Delivered,26,Female
ORD-06700,2023-04-20,Instant Pot,Kitchen,99.99,4,10,359.96,UK,Organic,Processing,51,Male
ORD-06701,2024-11-06,Desk Lamp,Furniture,44.99,4,5,170.96,Germany,Social Media,Delivered,23,Female
ORD-06702,2023-06-05,Bookshelf,Furniture,189.99,4,0,759.96,Brazil,Organic,Delivered,18,Female
ORD-06703,2023-01-07,Standing Desk,Furniture,549.99,5,5,2612.45,Japan,Social Media,Shipped,65,Female
ORD-06704,2023-04-14,Water Bottle,Sports,24.99,4,0,99.96,Australia,Referral,Returned,37,Female
ORD-06705,2024-07-16,Deep Work,Books,18.99,3,0,56.97,Brazil,Social Media,Delivered,39,Male
ORD-06706,2023-11-22,Desk Lamp,Furniture,44.99,4,5,170.96,Brazil,Direct,Shipped,32,Other
ORD-06707,2024-08-09,Office Chair,Furniture,299.99,1,5,284.99,Japan,Organic,Delivered,64,Male
ORD-06708,2024-11-15,Air Fryer,Kitchen,129.99,2,15,220.98,Brazil,Direct,Returned,19,Male
ORD-06709,2023-09-29,Blender Pro,Kitchen,74.99,1,10,67.49,Australia,Direct,Cancelled,21,Other
ORD-06710,2024-03-26,Air Fryer,Kitchen,129.99,1,0,129.99,UK,Referral,Processing,42,Other
ORD-06711,2024-11-14,Air Fryer,Kitchen,129.99,2,0,259.98,Germany,Organic,Cancelled,37,Female
ORD-06712,2024-05-18,4K Monitor,Electronics,499.99,3,15,1274.97,Japan,Organic,Cancelled,23,Female
ORD-06713,2024-10-15,Air Fryer,Kitchen,129.99,5,15,552.46,Australia,Direct,Cancelled,58,Male
ORD-06714,2023-08-24,Sunscreen SPF50,Beauty,22.99,5,20,91.96,France,Organic,Shipped,26,Other
ORD-06715,2024-08-16,Blender Pro,Kitchen,74.99,1,5,71.24,Canada,Referral,Cancelled,50,Male
ORD-06716,2023-11-25,Skincare Set,Beauty,59.99,4,5,227.96,USA,Direct,Returned,30,Male
ORD-06717,2024-08-12,Atomic Habits,Books,16.99,1,0,16.99,UK,Direct,Processing,31,Female
ORD-06718,2023-07-24,Dumbbells Set,Sports,79.99,5,0,399.95,Japan,Paid Ads,Delivered,45,Other
ORD-06719,2023-03-04,Instant Pot,Kitchen,99.99,5,5,474.95,Brazil,Referral,Cancelled,33,Female
ORD-06720,2024-05-13,4K Monitor,Electronics,499.99,3,15,1274.97,France,Organic,Cancelled,45,Female
ORD-06721,2024-02-01,4K Monitor,Electronics,499.99,1,20,399.99,Brazil,Direct,Delivered,33,Male
ORD-06722,2024-09-24,Bookshelf,Furniture,189.99,3,5,541.47,France,Paid Ads,Processing,58,Male
ORD-06723,2023-05-24,Standing Desk,Furniture,549.99,5,0,2749.95,France,Referral,Shipped,19,Other
ORD-06724,2024-10-15,Webcam HD,Electronics,89.99,5,20,359.96,Australia,Organic,Shipped,61,Male
ORD-06725,2024-07-27,Instant Pot,Kitchen,99.99,5,0,499.95,France,Social Media,Delivered,51,Male
ORD-06726,2024-01-22,4K Monitor,Electronics,499.99,4,5,1899.96,Germany,Paid Ads,Delivered,29,Female
ORD-06727,2024-06-17,Mechanical Keyboard,Electronics,149.99,2,15,254.98,Brazil,Email,Shipped,32,Female
ORD-06728,2023-01-08,Dumbbells Set,Sports,79.99,1,10,71.99,Brazil,Direct,Delivered,34,Female
ORD-06729,2024-03-11,Protein Powder,Sports,54.99,2,20,87.98,Canada,Social Media,Shipped,57,Female
ORD-06730,2024-06-12,Protein Powder,Sports,54.99,1,5,52.24,Canada,Organic,Shipped,41,Male
ORD-06731,2024-04-17,Mechanical Keyboard,Electronics,149.99,2,0,299.98,Canada,Direct,Processing,37,Female
ORD-06732,2023-09-24,Air Fryer,Kitchen,129.99,4,0,519.96,Australia,Organic,Cancelled,19,Female
ORD-06733,2024-03-26,Dumbbells Set,Sports,79.99,3,15,203.97,USA,Email,Shipped,44,Female
ORD-06734,2024-07-01,Desk Lamp,Furniture,44.99,5,0,224.95,UK,Paid Ads,Processing,60,Male
ORD-06735,2023-05-02,Webcam HD,Electronics,89.99,4,5,341.96,USA,Email,Processing,33,Male
ORD-06736,2023-12-25,Coffee Maker,Kitchen,89.99,3,10,242.97,Canada,Direct,Returned,26,Female
ORD-06737,2024-01-07,4K Monitor,Electronics,499.99,3,20,1199.98,UK,Email,Returned,18,Other
ORD-06738,2023-07-13,Office Chair,Furniture,299.99,2,0,599.98,UK,Email,Shipped,62,Female
ORD-06739,2023-11-15,Bookshelf,Furniture,189.99,1,20,151.99,France,Organic,Delivered,59,Other
ORD-06740,2024-11-02,Mechanical Keyboard,Electronics,149.99,1,15,127.49,UK,Social Media,Cancelled,47,Male
ORD-06741,2024-08-04,Air Fryer,Kitchen,129.99,1,15,110.49,Canada,Referral,Processing,59,Male
ORD-06742,2023-11-17,The Lean Startup,Books,19.99,3,0,59.97,USA,Direct,Delivered,26,Female
ORD-06743,2024-05-01,USB-C Hub,Electronics,49.99,2,5,94.98,Brazil,Direct,Delivered,38,Female
ORD-06744,2024-10-24,The Lean Startup,Books,19.99,3,0,59.97,USA,Referral,Delivered,61,Female
ORD-06745,2023-10-16,Dumbbells Set,Sports,79.99,4,10,287.96,France,Organic,Processing,18,Other
ORD-06746,2023-07-16,Laptop Pro 15,Electronics,1299.99,5,10,5849.95,Canada,Paid Ads,Processing,58,Male
ORD-06747,2024-02-17,Dumbbells Set,Sports,79.99,1,10,71.99,Japan,Social Media,Processing,65,Female
ORD-06748,2023-02-03,4K Monitor,Electronics,499.99,5,0,2499.95,Brazil,Email,Delivered,38,Male
ORD-06749,2024-03-01,Air Fryer,Kitchen,129.99,3,10,350.97,Brazil,Paid Ads,Processing,18,Male
ORD-06750,2023-09-01,Atomic Habits,Books,16.99,4,0,67.96,Japan,Paid Ads,Shipped,20,Male
ORD-06751,2024-07-21,Laptop Pro 15,Electronics,1299.99,3,10,3509.97,USA,Direct,Returned,25,Other
ORD-06752,2024-07-18,The Lean Startup,Books,19.99,1,0,19.99,Germany,Organic,Delivered,39,Male
ORD-06753,2024-04-12,Atomic Habits,Books,16.99,2,10,30.58,Japan,Referral,Cancelled,48,Other
ORD-06754,2023-06-14,Skincare Set,Beauty,59.99,2,0,119.98,Germany,Organic,Shipped,22,Male
ORD-06755,2024-07-09,USB-C Hub,Electronics,49.99,4,10,179.96,Canada,Paid Ads,Delivered,63,Other
ORD-06756,2024-04-23,Standing Desk,Furniture,549.99,4,0,2199.96,UK,Social Media,Delivered,22,Female
ORD-06757,2024-12-14,USB-C Hub,Electronics,49.99,5,10,224.96,USA,Email,Delivered,61,Male
ORD-06758,2024-04-10,Skincare Set,Beauty,59.99,2,10,107.98,Canada,Direct,Processing,37,Male
ORD-06759,2024-11-09,Atomic Habits,Books,16.99,4,0,67.96,Australia,Referral,Returned,33,Female
ORD-06760,2024-08-20,Webcam HD,Electronics,89.99,4,0,359.96,Brazil,Direct,Cancelled,35,Other
ORD-06761,2023-11-28,Office Chair,Furniture,299.99,5,0,1499.95,USA,Referral,Delivered,65,Male
ORD-06762,2023-09-03,Office Chair,Furniture,299.99,3,20,719.98,Australia,Email,Returned,27,Other
ORD-06763,2024-10-27,Yoga Mat,Sports,39.99,3,5,113.97,Germany,Direct,Processing,56,Male
ORD-06764,2024-03-21,USB-C Hub,Electronics,49.99,5,0,249.95,Australia,Social Media,Processing,49,Female
ORD-06765,2023-08-01,Laptop Pro 15,Electronics,1299.99,2,10,2339.98,Japan,Organic,Delivered,64,Other
ORD-06766,2024-09-07,Blender Pro,Kitchen,74.99,1,20,59.99,France,Organic,Shipped,47,Other
ORD-06767,2023-12-02,Air Fryer,Kitchen,129.99,2,15,220.98,USA,Paid Ads,Shipped,56,Other
ORD-06768,2024-09-21,Blender Pro,Kitchen,74.99,1,0,74.99,Australia,Social Media,Processing,23,Male
ORD-06769,2024-07-29,Coffee Maker,Kitchen,89.99,1,5,85.49,Canada,Referral,Delivered,39,Other
ORD-06770,2023-11-05,Atomic Habits,Books,16.99,4,0,67.96,France,Organic,Returned,20,Other
ORD-06771,2023-06-28,Bookshelf,Furniture,189.99,2,10,341.98,Japan,Social Media,Cancelled,52,Male
ORD-06772,2024-05-20,Blender Pro,Kitchen,74.99,2,0,149.98,USA,Referral,Cancelled,60,Male
ORD-06773,2023-12-31,Desk Lamp,Furniture,44.99,1,0,44.99,Brazil,Social Media,Returned,31,Other
ORD-06774,2024-11-11,Protein Powder,Sports,54.99,4,0,219.96,Canada,Direct,Processing,26,Female
ORD-06775,2023-12-19,Instant Pot,Kitchen,99.99,3,20,239.98,Japan,Referral,Delivered,62,Other
ORD-06776,2024-07-14,Dumbbells Set,Sports,79.99,4,20,255.97,USA,Organic,Delivered,39,Other
ORD-06777,2024-10-30,Atomic Habits,Books,16.99,1,0,16.99,Germany,Email,Returned,27,Female
ORD-06778,2024-12-21,Webcam HD,Electronics,89.99,3,10,242.97,France,Email,Cancelled,20,Male
ORD-06779,2023-05-19,Office Chair,Furniture,299.99,1,10,269.99,USA,Email,Cancelled,46,Male
ORD-06780,2023-11-12,Instant Pot,Kitchen,99.99,3,20,239.98,Japan,Organic,Processing,41,Female
ORD-06781,2024-12-06,Python Crash Course,Books,34.99,2,20,55.98,France,Referral,Shipped,49,Female
ORD-06782,2024-04-14,Standing Desk,Furniture,549.99,2,0,1099.98,Germany,Social Media,Shipped,26,Other
ORD-06783,2024-07-03,Coffee Maker,Kitchen,89.99,1,10,80.99,UK,Direct,Delivered,20,Other
ORD-06784,2024-12-08,Bookshelf,Furniture,189.99,2,0,379.98,Brazil,Social Media,Cancelled,61,Male
ORD-06785,2024-06-01,Laptop Pro 15,Electronics,1299.99,3,20,3119.98,Canada,Organic,Cancelled,27,Male
ORD-06786,2023-07-19,Laptop Pro 15,Electronics,1299.99,3,20,3119.98,Brazil,Social Media,Shipped,33,Male
ORD-06787,2024-03-19,Atomic Habits,Books,16.99,2,10,30.58,Brazil,Email,Delivered,46,Female
ORD-06788,2024-01-01,Office Chair,Furniture,299.99,2,0,599.98,Japan,Referral,Delivered,42,Other
ORD-06789,2024-01-04,Laptop Pro 15,Electronics,1299.99,4,20,4159.97,Japan,Social Media,Processing,48,Other
ORD-06790,2023-06-21,Blender Pro,Kitchen,74.99,4,0,299.96,Brazil,Organic,Delivered,20,Male
ORD-06791,2023-02-25,Webcam HD,Electronics,89.99,3,0,269.97,France,Email,Cancelled,34,Female
ORD-06792,2023-09-13,Yoga Mat,Sports,39.99,3,5,113.97,Australia,Paid Ads,Processing,34,Other
ORD-06793,2024-10-03,The Lean Startup,Books,19.99,3,0,59.97,Brazil,Organic,Delivered,25,Other
ORD-06794,2024-12-16,Water Bottle,Sports,24.99,3,0,74.97,Australia,Direct,Cancelled,42,Male
ORD-06795,2023-07-20,Python Crash Course,Books,34.99,1,5,33.24,Australia,Direct,Delivered,22,Other
ORD-06796,2023-04-17,Deep Work,Books,18.99,4,15,64.57,UK,Paid Ads,Processing,59,Female
ORD-06797,2024-01-08,Air Fryer,Kitchen,129.99,5,0,649.95,Australia,Referral,Delivered,28,Male
ORD-06798,2024-08-11,The Lean Startup,Books,19.99,1,15,16.99,Germany,Paid Ads,Cancelled,27,Female
ORD-06799,2023-03-20,Coffee Maker,Kitchen,89.99,5,5,427.45,Brazil,Direct,Delivered,23,Other
ORD-06800,2023-01-06,Mechanical Keyboard,Electronics,149.99,4,5,569.96,Brazil,Social Media,Returned,30,Female
ORD-06801,2023-02-22,Dumbbells Set,Sports,79.99,5,10,359.95,USA,Referral,Processing,39,Other
ORD-06802,2023-06-08,Desk Lamp,Furniture,44.99,1,0,44.99,Germany,Direct,Shipped,54,Female
ORD-06803,2024-04-26,Dumbbells Set,Sports,79.99,5,0,399.95,France,Email,Shipped,62,Other
ORD-06804,2024-06-30,Deep Work,Books,18.99,2,15,32.28,Japan,Organic,Shipped,58,Other
ORD-06805,2023-04-03,Instant Pot,Kitchen,99.99,5,15,424.96,Brazil,Email,Shipped,37,Other
ORD-06806,2023-11-20,The Lean Startup,Books,19.99,1,10,17.99,France,Paid Ads,Delivered,57,Female
ORD-06807,2024-10-11,Protein Powder,Sports,54.99,2,15,93.48,UK,Direct,Shipped,54,Other
ORD-06808,2023-02-07,Air Fryer,Kitchen,129.99,1,20,103.99,Australia,Paid Ads,Cancelled,22,Male
ORD-06809,2024-03-05,Laptop Pro 15,Electronics,1299.99,3,0,3899.97,Brazil,Social Media,Delivered,26,Other
ORD-06810,2024-06-28,Sunscreen SPF50,Beauty,22.99,3,0,68.97,Australia,Referral,Returned,46,Female
ORD-06811,2024-08-09,Protein Powder,Sports,54.99,3,10,148.47,UK,Direct,Delivered,44,Other
ORD-06812,2023-04-03,Yoga Mat,Sports,39.99,1,5,37.99,Germany,Email,Returned,31,Male
ORD-06813,2024-06-16,Instant Pot,Kitchen,99.99,2,0,199.98,France,Organic,Delivered,65,Male
ORD-06814,2023-09-25,Protein Powder,Sports,54.99,5,15,233.71,Canada,Paid Ads,Delivered,41,Other
ORD-06815,2024-06-12,Wireless Mouse,Electronics,29.99,2,0,59.98,Australia,Social Media,Returned,49,Male
ORD-06816,2023-04-15,Sunscreen SPF50,Beauty,22.99,4,0,91.96,Brazil,Social Media,Returned,31,Female
ORD-06817,2023-04-16,Water Bottle,Sports,24.99,5,0,124.95,Japan,Paid Ads,Delivered,49,Other
ORD-06818,2023-02-26,4K Monitor,Electronics,499.99,2,0,999.98,Brazil,Social Media,Cancelled,20,Male
ORD-06819,2024-06-21,Skincare Set,Beauty,59.99,1,0,59.99,Japan,Organic,Returned,58,Female
ORD-06820,2024-02-02,Yoga Mat,Sports,39.99,3,0,119.97,Germany,Paid Ads,Delivered,61,Female
ORD-06821,2023-01-03,Webcam HD,Electronics,89.99,4,0,359.96,Germany,Direct,Delivered,43,Female
ORD-06822,2023-03-17,Instant Pot,Kitchen,99.99,4,15,339.97,Canada,Referral,Returned,53,Other
ORD-06823,2024-05-22,Wireless Mouse,Electronics,29.99,2,0,59.98,Canada,Organic,Delivered,64,Other
ORD-06824,2023-04-01,Dumbbells Set,Sports,79.99,2,0,159.98,UK,Email,Delivered,59,Male
ORD-06825,2024-11-15,Standing Desk,Furniture,549.99,5,0,2749.95,USA,Social Media,Cancelled,65,Other
ORD-06826,2023-11-16,Atomic Habits,Books,16.99,3,0,50.97,Japan,Organic,Cancelled,27,Other
ORD-06827,2023-09-09,Protein Powder,Sports,54.99,3,15,140.22,Brazil,Paid Ads,Delivered,34,Male
ORD-06828,2023-11-24,Skincare Set,Beauty,59.99,3,20,143.98,Germany,Organic,Returned,43,Male
ORD-06829,2023-04-29,Yoga Mat,Sports,39.99,5,0,199.95,USA,Social Media,Delivered,59,Other
ORD-06830,2024-09-10,4K Monitor,Electronics,499.99,4,0,1999.96,Canada,Paid Ads,Delivered,21,Other
ORD-06831,2024-05-18,Wireless Mouse,Electronics,29.99,3,5,85.47,Germany,Paid Ads,Delivered,41,Female
ORD-06832,2024-02-16,Yoga Mat,Sports,39.99,5,0,199.95,UK,Referral,Returned,27,Other
ORD-06833,2023-09-24,Running Shoes,Sports,119.99,5,10,539.95,Brazil,Social Media,Processing,42,Other
ORD-06834,2024-07-27,Wireless Mouse,Electronics,29.99,1,20,23.99,Australia,Direct,Delivered,49,Other
ORD-06835,2023-08-02,Running Shoes,Sports,119.99,5,0,599.95,Brazil,Referral,Cancelled,26,Female
ORD-06836,2024-10-06,Standing Desk,Furniture,549.99,1,10,494.99,France,Organic,Delivered,34,Female
ORD-06837,2024-01-15,Laptop Pro 15,Electronics,1299.99,1,5,1234.99,Australia,Organic,Delivered,44,Other
ORD-06838,2024-02-06,Office Chair,Furniture,299.99,3,10,809.97,USA,Direct,Shipped,38,Other
ORD-06839,2024-02-11,Deep Work,Books,18.99,4,20,60.77,Canada,Paid Ads,Delivered,28,Female
ORD-06840,2023-07-06,Wireless Mouse,Electronics,29.99,3,0,89.97,USA,Organic,Shipped,33,Other
ORD-06841,2023-03-07,Deep Work,Books,18.99,1,20,15.19,USA,Email,Returned,54,Female
ORD-06842,2023-04-14,Skincare Set,Beauty,59.99,2,5,113.98,Germany,Social Media,Processing,23,Other
ORD-06843,2023-04-04,Water Bottle,Sports,24.99,2,20,39.98,USA,Paid Ads,Processing,43,Male
ORD-06844,2023-05-17,4K Monitor,Electronics,499.99,2,0,999.98,Japan,Direct,Returned,25,Female
ORD-06845,2023-01-03,Instant Pot,Kitchen,99.99,2,15,169.98,France,Social Media,Delivered,26,Male
ORD-06846,2023-09-25,Skincare Set,Beauty,59.99,5,0,299.95,Canada,Social Media,Delivered,19,Male
ORD-06847,2023-08-25,Instant Pot,Kitchen,99.99,2,20,159.98,USA,Organic,Delivered,24,Male
ORD-06848,2023-05-13,Desk Lamp,Furniture,44.99,5,10,202.46,Canada,Referral,Cancelled,61,Male
ORD-06849,2023-09-29,Blender Pro,Kitchen,74.99,2,0,149.98,USA,Direct,Processing,49,Other
ORD-06850,2023-04-09,Instant Pot,Kitchen,99.99,2,0,199.98,Germany,Paid Ads,Processing,38,Female
ORD-06851,2023-04-30,Air Fryer,Kitchen,129.99,4,5,493.96,Canada,Referral,Delivered,65,Other
ORD-06852,2024-06-15,Dumbbells Set,Sports,79.99,4,15,271.97,Brazil,Email,Delivered,21,Other
ORD-06853,2024-09-02,Desk Lamp,Furniture,44.99,4,10,161.96,Australia,Paid Ads,Shipped,22,Female
ORD-06854,2023-01-04,Atomic Habits,Books,16.99,2,0,33.98,Brazil,Organic,Processing,21,Female
ORD-06855,2023-09-09,Yoga Mat,Sports,39.99,4,0,159.96,Canada,Email,Delivered,25,Other
ORD-06856,2023-12-09,Bookshelf,Furniture,189.99,4,20,607.97,Canada,Email,Delivered,49,Other
ORD-06857,2023-07-22,Bookshelf,Furniture,189.99,2,10,341.98,Canada,Social Media,Delivered,56,Other
ORD-06858,2024-07-12,Deep Work,Books,18.99,4,15,64.57,Brazil,Email,Delivered,52,Other
ORD-06859,2023-07-06,Instant Pot,Kitchen,99.99,3,0,299.97,Canada,Organic,Delivered,45,Male
ORD-06860,2024-08-31,Webcam HD,Electronics,89.99,2,0,179.98,Canada,Referral,Returned,32,Male
ORD-06861,2024-06-18,Skincare Set,Beauty,59.99,1,0,59.99,Australia,Paid Ads,Cancelled,28,Male
ORD-06862,2023-12-12,Coffee Maker,Kitchen,89.99,1,5,85.49,Canada,Email,Cancelled,19,Other
ORD-06863,2024-12-23,Water Bottle,Sports,24.99,1,15,21.24,UK,Social Media,Delivered,22,Male
ORD-06864,2023-11-15,Protein Powder,Sports,54.99,2,0,109.98,Canada,Social Media,Returned,41,Female
ORD-06865,2024-03-29,Blender Pro,Kitchen,74.99,1,10,67.49,Germany,Referral,Cancelled,32,Other
ORD-06866,2024-10-21,Office Chair,Furniture,299.99,1,0,299.99,Japan,Paid Ads,Cancelled,57,Other
ORD-06867,2023-07-13,Running Shoes,Sports,119.99,4,0,479.96,UK,Social Media,Delivered,39,Other
ORD-06868,2023-08-28,Running Shoes,Sports,119.99,5,5,569.95,Australia,Referral,Delivered,64,Other
ORD-06869,2023-01-23,Protein Powder,Sports,54.99,2,20,87.98,USA,Referral,Cancelled,65,Female
ORD-06870,2023-12-15,Atomic Habits,Books,16.99,4,0,67.96,Australia,Organic,Processing,62,Male
ORD-06871,2023-12-20,Python Crash Course,Books,34.99,2,0,69.98,Canada,Direct,Cancelled,61,Male
ORD-06872,2023-01-15,Laptop Pro 15,Electronics,1299.99,4,0,5199.96,Japan,Organic,Processing,45,Other
ORD-06873,2023-11-07,The Lean Startup,Books,19.99,3,5,56.97,Brazil,Social Media,Shipped,64,Other
ORD-06874,2023-12-25,Webcam HD,Electronics,89.99,5,0,449.95,France,Referral,Delivered,65,Female
ORD-06875,2024-10-23,Standing Desk,Furniture,549.99,3,0,1649.97,Japan,Referral,Delivered,60,Male
ORD-06876,2024-04-14,Blender Pro,Kitchen,74.99,1,15,63.74,Canada,Social Media,Returned,26,Other
ORD-06877,2024-11-30,Office Chair,Furniture,299.99,3,15,764.97,UK,Organic,Cancelled,60,Male
ORD-06878,2024-01-12,Office Chair,Furniture,299.99,4,0,1199.96,France,Organic,Delivered,45,Other
ORD-06879,2024-02-22,Desk Lamp,Furniture,44.99,4,15,152.97,USA,Direct,Processing,34,Male
ORD-06880,2023-11-17,Deep Work,Books,18.99,4,0,75.96,Brazil,Organic,Delivered,30,Female
ORD-06881,2023-10-01,Webcam HD,Electronics,89.99,3,20,215.98,Australia,Paid Ads,Cancelled,27,Male
ORD-06882,2024-03-16,Protein Powder,Sports,54.99,3,20,131.98,Germany,Paid Ads,Shipped,58,Male
ORD-06883,2023-10-30,Yoga Mat,Sports,39.99,3,20,95.98,USA,Direct,Cancelled,31,Female
ORD-06884,2023-03-14,Office Chair,Furniture,299.99,2,20,479.98,France,Paid Ads,Returned,25,Male
ORD-06885,2024-09-15,USB-C Hub,Electronics,49.99,3,15,127.47,Japan,Referral,Delivered,59,Male
ORD-06886,2024-09-25,Skincare Set,Beauty,59.99,3,0,179.97,UK,Direct,Delivered,28,Female
ORD-06887,2023-06-17,Skincare Set,Beauty,59.99,4,0,239.96,Brazil,Social Media,Shipped,53,Female
ORD-06888,2023-03-05,Bookshelf,Furniture,189.99,4,15,645.97,Japan,Social Media,Delivered,28,Other
ORD-06889,2024-02-28,Air Fryer,Kitchen,129.99,2,0,259.98,Brazil,Direct,Cancelled,19,Female
ORD-06890,2024-06-20,USB-C Hub,Electronics,49.99,1,15,42.49,UK,Direct,Delivered,24,Male
ORD-06891,2023-10-29,Water Bottle,Sports,24.99,5,20,99.96,USA,Social Media,Shipped,56,Other
ORD-06892,2023-11-01,4K Monitor,Electronics,499.99,1,0,499.99,Brazil,Social Media,Cancelled,55,Other
ORD-06893,2023-01-21,Laptop Pro 15,Electronics,1299.99,3,0,3899.97,UK,Organic,Cancelled,64,Male
ORD-06894,2024-03-25,Webcam HD,Electronics,89.99,2,15,152.98,UK,Direct,Returned,36,Other
ORD-06895,2023-06-27,Laptop Pro 15,Electronics,1299.99,3,10,3509.97,Germany,Organic,Cancelled,44,Female
ORD-06896,2023-02-27,Dumbbells Set,Sports,79.99,1,0,79.99,UK,Organic,Shipped,20,Other
ORD-06897,2023-10-09,Blender Pro,Kitchen,74.99,2,0,149.98,USA,Social Media,Delivered,18,Male
ORD-06898,2023-04-01,Office Chair,Furniture,299.99,5,10,1349.96,Brazil,Referral,Delivered,20,Female
ORD-06899,2024-03-01,Laptop Pro 15,Electronics,1299.99,4,5,4939.96,Australia,Direct,Delivered,35,Male
ORD-06900,2023-09-29,The Lean Startup,Books,19.99,2,0,39.98,UK,Social Media,Shipped,19,Other
ORD-06901,2023-12-26,Mechanical Keyboard,Electronics,149.99,3,15,382.47,Canada,Email,Shipped,21,Other
ORD-06902,2023-06-09,USB-C Hub,Electronics,49.99,3,20,119.98,Germany,Referral,Shipped,25,Male
ORD-06903,2023-12-09,Mechanical Keyboard,Electronics,149.99,1,0,149.99,Japan,Paid Ads,Returned,64,Female
ORD-06904,2023-04-09,Dumbbells Set,Sports,79.99,2,20,127.98,Australia,Referral,Delivered,34,Male
ORD-06905,2023-02-06,Standing Desk,Furniture,549.99,1,15,467.49,Japan,Social Media,Delivered,58,Female
ORD-06906,2024-12-15,Python Crash Course,Books,34.99,2,0,69.98,Australia,Paid Ads,Delivered,62,Male
ORD-06907,2024-05-23,Running Shoes,Sports,119.99,4,0,479.96,Canada,Paid Ads,Delivered,46,Male
ORD-06908,2023-11-26,Skincare Set,Beauty,59.99,1,10,53.99,France,Social Media,Returned,64,Other
ORD-06909,2023-07-01,Water Bottle,Sports,24.99,1,10,22.49,Japan,Direct,Returned,20,Other
ORD-06910,2024-09-16,Bookshelf,Furniture,189.99,5,0,949.95,Australia,Paid Ads,Returned,33,Female
ORD-06911,2023-02-09,Mechanical Keyboard,Electronics,149.99,1,10,134.99,Germany,Organic,Returned,55,Male
ORD-06912,2024-12-23,Dumbbells Set,Sports,79.99,1,0,79.99,UK,Paid Ads,Returned,64,Other
ORD-06913,2024-04-07,Instant Pot,Kitchen,99.99,1,20,79.99,Canada,Direct,Cancelled,59,Male
ORD-06914,2024-06-12,The Lean Startup,Books,19.99,4,20,63.97,France,Direct,Delivered,39,Other
ORD-06915,2024-08-28,Dumbbells Set,Sports,79.99,5,0,399.95,Australia,Social Media,Cancelled,30,Female
ORD-06916,2024-12-25,Protein Powder,Sports,54.99,1,0,54.99,Japan,Email,Delivered,59,Male
ORD-06917,2024-05-05,Yoga Mat,Sports,39.99,5,15,169.96,Japan,Direct,Processing,43,Female
ORD-06918,2023-10-13,Atomic Habits,Books,16.99,1,0,16.99,USA,Social Media,Delivered,28,Other
ORD-06919,2024-10-17,Skincare Set,Beauty,59.99,2,15,101.98,Brazil,Paid Ads,Returned,35,Male
ORD-06920,2023-01-20,Skincare Set,Beauty,59.99,4,5,227.96,Brazil,Email,Processing,51,Male
ORD-06921,2024-11-10,Standing Desk,Furniture,549.99,4,5,2089.96,UK,Organic,Shipped,18,Other
ORD-06922,2024-12-08,4K Monitor,Electronics,499.99,3,0,1499.97,Germany,Direct,Delivered,23,Other
ORD-06923,2024-12-12,Yoga Mat,Sports,39.99,2,15,67.98,UK,Social Media,Shipped,54,Male
ORD-06924,2023-02-26,Atomic Habits,Books,16.99,2,15,28.88,Germany,Email,Shipped,23,Other
ORD-06925,2024-02-01,Air Fryer,Kitchen,129.99,2,0,259.98,UK,Email,Returned,27,Other
ORD-06926,2023-11-30,Skincare Set,Beauty,59.99,1,15,50.99,Canada,Email,Cancelled,43,Male
ORD-06927,2024-11-29,Atomic Habits,Books,16.99,4,10,61.16,Japan,Organic,Delivered,19,Other
ORD-06928,2023-10-05,Laptop Pro 15,Electronics,1299.99,2,10,2339.98,USA,Direct,Processing,29,Other
ORD-06929,2024-11-01,Blender Pro,Kitchen,74.99,4,5,284.96,Brazil,Paid Ads,Returned,44,Male
ORD-06930,2024-06-25,Bookshelf,Furniture,189.99,2,20,303.98,Germany,Paid Ads,Returned,55,Other
ORD-06931,2024-10-25,Office Chair,Furniture,299.99,1,5,284.99,Japan,Direct,Shipped,59,Female
ORD-06932,2024-03-14,Laptop Pro 15,Electronics,1299.99,3,0,3899.97,USA,Referral,Cancelled,19,Other
ORD-06933,2023-02-07,Protein Powder,Sports,54.99,1,15,46.74,USA,Referral,Delivered,20,Female
ORD-06934,2024-10-02,Coffee Maker,Kitchen,89.99,2,0,179.98,USA,Direct,Cancelled,55,Other
ORD-06935,2023-02-06,Office Chair,Furniture,299.99,3,5,854.97,France,Social Media,Returned,22,Other
ORD-06936,2024-08-10,Skincare Set,Beauty,59.99,3,20,143.98,UK,Paid Ads,Delivered,31,Female
ORD-06937,2023-03-09,Standing Desk,Furniture,549.99,1,0,549.99,USA,Direct,Delivered,56,Other
ORD-06938,2024-08-21,Coffee Maker,Kitchen,89.99,1,5,85.49,Japan,Organic,Processing,25,Other
ORD-06939,2024-05-31,Mechanical Keyboard,Electronics,149.99,3,10,404.97,Germany,Email,Shipped,51,Female
ORD-06940,2024-09-16,Laptop Pro 15,Electronics,1299.99,2,0,2599.98,UK,Email,Shipped,35,Other
ORD-06941,2024-12-13,USB-C Hub,Electronics,49.99,1,20,39.99,Brazil,Email,Shipped,39,Female
ORD-06942,2023-01-24,Instant Pot,Kitchen,99.99,1,0,99.99,Germany,Email,Delivered,59,Male
ORD-06943,2023-04-18,Protein Powder,Sports,54.99,4,0,219.96,Canada,Paid Ads,Processing,38,Male
ORD-06944,2024-07-05,Yoga Mat,Sports,39.99,5,5,189.95,USA,Paid Ads,Processing,21,Male
ORD-06945,2024-03-10,Python Crash Course,Books,34.99,3,10,94.47,Japan,Email,Returned,41,Female
ORD-06946,2024-04-28,Office Chair,Furniture,299.99,2,20,479.98,Australia,Organic,Delivered,33,Female
ORD-06947,2024-11-08,Instant Pot,Kitchen,99.99,4,0,399.96,Germany,Referral,Delivered,49,Male
ORD-06948,2024-06-14,Mechanical Keyboard,Electronics,149.99,2,0,299.98,Brazil,Referral,Delivered,63,Male
ORD-06949,2023-08-01,Python Crash Course,Books,34.99,5,0,174.95,USA,Organic,Delivered,33,Other
ORD-06950,2023-05-27,Laptop Pro 15,Electronics,1299.99,5,0,6499.95,Germany,Social Media,Delivered,43,Male
ORD-06951,2024-09-03,Blender Pro,Kitchen,74.99,5,0,374.95,Brazil,Social Media,Shipped,63,Other
ORD-06952,2024-07-01,Office Chair,Furniture,299.99,1,5,284.99,Japan,Organic,Processing,19,Female
ORD-06953,2024-02-10,Dumbbells Set,Sports,79.99,3,0,239.97,USA,Social Media,Delivered,55,Female
ORD-06954,2024-11-18,Instant Pot,Kitchen,99.99,4,15,339.97,UK,Email,Cancelled,27,Male
ORD-06955,2024-12-07,Webcam HD,Electronics,89.99,4,15,305.97,Brazil,Paid Ads,Shipped,24,Male
ORD-06956,2023-12-15,Dumbbells Set,Sports,79.99,1,0,79.99,Japan,Organic,Cancelled,29,Other
ORD-06957,2024-10-27,Water Bottle,Sports,24.99,4,0,99.96,Australia,Referral,Delivered,23,Other
ORD-06958,2024-06-27,Deep Work,Books,18.99,3,5,54.12,Japan,Social Media,Returned,57,Other
ORD-06959,2023-08-11,Running Shoes,Sports,119.99,5,5,569.95,France,Social Media,Delivered,56,Male
ORD-06960,2024-06-29,Wireless Mouse,Electronics,29.99,2,0,59.98,France,Referral,Shipped,44,Male
ORD-06961,2024-10-16,Water Bottle,Sports,24.99,3,0,74.97,Germany,Direct,Cancelled,32,Other
ORD-06962,2024-11-23,Sunscreen SPF50,Beauty,22.99,4,0,91.96,Japan,Direct,Cancelled,20,Other
ORD-06963,2023-03-05,The Lean Startup,Books,19.99,3,5,56.97,Australia,Paid Ads,Returned,65,Female
ORD-06964,2024-09-09,Water Bottle,Sports,24.99,4,5,94.96,Germany,Organic,Processing,63,Male
ORD-06965,2024-10-31,Dumbbells Set,Sports,79.99,2,15,135.98,USA,Organic,Delivered,36,Other
ORD-06966,2023-06-19,Air Fryer,Kitchen,129.99,4,10,467.96,Australia,Paid Ads,Returned,30,Female
ORD-06967,2024-02-14,Skincare Set,Beauty,59.99,1,0,59.99,UK,Paid Ads,Delivered,45,Female
ORD-06968,2024-02-17,Skincare Set,Beauty,59.99,1,20,47.99,Japan,Organic,Delivered,19,Female
ORD-06969,2024-03-13,Protein Powder,Sports,54.99,5,10,247.45,Brazil,Referral,Cancelled,28,Other
ORD-06970,2023-11-14,4K Monitor,Electronics,499.99,3,20,1199.98,Japan,Social Media,Processing,26,Other
ORD-06971,2023-08-12,Atomic Habits,Books,16.99,3,0,50.97,USA,Direct,Cancelled,37,Other
ORD-06972,2023-10-29,Air Fryer,Kitchen,129.99,3,0,389.97,Germany,Referral,Processing,43,Male
ORD-06973,2024-06-23,Running Shoes,Sports,119.99,3,5,341.97,Japan,Referral,Returned,19,Other
ORD-06974,2023-05-03,Dumbbells Set,Sports,79.99,3,10,215.97,Japan,Organic,Delivered,56,Other
ORD-06975,2024-02-19,Protein Powder,Sports,54.99,2,0,109.98,Germany,Organic,Delivered,60,Male
ORD-06976,2023-01-23,Python Crash Course,Books,34.99,1,5,33.24,UK,Referral,Delivered,36,Other
ORD-06977,2024-06-23,Instant Pot,Kitchen,99.99,4,10,359.96,Japan,Organic,Delivered,40,Male
ORD-06978,2024-06-11,Instant Pot,Kitchen,99.99,2,0,199.98,France,Social Media,Delivered,29,Other
ORD-06979,2024-06-24,4K Monitor,Electronics,499.99,5,15,2124.96,France,Social Media,Delivered,23,Other
ORD-06980,2023-08-02,Running Shoes,Sports,119.99,4,10,431.96,UK,Social Media,Cancelled,49,Other
ORD-06981,2023-11-11,4K Monitor,Electronics,499.99,3,0,1499.97,Brazil,Social Media,Delivered,51,Male
ORD-06982,2023-02-16,Running Shoes,Sports,119.99,5,0,599.95,USA,Direct,Cancelled,21,Female
ORD-06983,2024-06-04,Bookshelf,Furniture,189.99,4,5,721.96,Australia,Social Media,Delivered,20,Female
ORD-06984,2023-07-14,Skincare Set,Beauty,59.99,3,5,170.97,Japan,Direct,Delivered,59,Male
ORD-06985,2024-02-06,Desk Lamp,Furniture,44.99,2,0,89.98,Japan,Organic,Delivered,29,Female
ORD-06986,2024-04-28,Dumbbells Set,Sports,79.99,1,0,79.99,UK,Email,Cancelled,32,Male
ORD-06987,2024-09-22,Protein Powder,Sports,54.99,4,5,208.96,UK,Direct,Delivered,50,Other
ORD-06988,2023-06-10,Instant Pot,Kitchen,99.99,3,15,254.97,Germany,Email,Delivered,52,Female
ORD-06989,2023-03-18,Desk Lamp,Furniture,44.99,5,0,224.95,Brazil,Direct,Delivered,65,Female
ORD-06990,2024-04-30,Running Shoes,Sports,119.99,1,20,95.99,Japan,Organic,Delivered,43,Male
ORD-06991,2023-03-23,Python Crash Course,Books,34.99,3,20,83.98,UK,Referral,Shipped,37,Male
ORD-06992,2023-03-03,Wireless Mouse,Electronics,29.99,5,0,149.95,Australia,Email,Cancelled,50,Male
ORD-06993,2024-11-24,Protein Powder,Sports,54.99,5,15,233.71,Japan,Paid Ads,Shipped,51,Male
ORD-06994,2024-10-02,Atomic Habits,Books,16.99,4,5,64.56,Brazil,Email,Delivered,34,Male
ORD-06995,2023-05-18,Yoga Mat,Sports,39.99,3,5,113.97,UK,Social Media,Delivered,25,Male
ORD-06996,2024-04-07,Dumbbells Set,Sports,79.99,1,20,63.99,Canada,Referral,Cancelled,28,Female
ORD-06997,2023-12-31,Air Fryer,Kitchen,129.99,4,0,519.96,Canada,Referral,Delivered,60,Female
ORD-06998,2024-05-05,Office Chair,Furniture,299.99,4,0,1199.96,Brazil,Social Media,Returned,34,Female
ORD-06999,2024-11-21,Dumbbells Set,Sports,79.99,1,0,79.99,France,Referral,Cancelled,50,Other
ORD-07000,2023-09-10,Coffee Maker,Kitchen,89.99,4,0,359.96,Australia,Social Media,Delivered,43,Other
ORD-07001,2023-11-02,Air Fryer,Kitchen,129.99,2,0,259.98,USA,Referral,Delivered,46,Male
ORD-07002,2023-12-06,Dumbbells Set,Sports,79.99,3,5,227.97,Japan,Social Media,Processing,63,Other
ORD-07003,2023-07-25,Coffee Maker,Kitchen,89.99,1,0,89.99,Brazil,Email,Returned,62,Other
ORD-07004,2023-06-18,Desk Lamp,Furniture,44.99,1,0,44.99,Germany,Referral,Processing,39,Other
ORD-07005,2023-05-31,The Lean Startup,Books,19.99,4,0,79.96,Australia,Direct,Processing,32,Female
ORD-07006,2024-10-29,Air Fryer,Kitchen,129.99,3,0,389.97,USA,Paid Ads,Returned,55,Other
ORD-07007,2024-12-06,Blender Pro,Kitchen,74.99,4,15,254.97,Germany,Referral,Delivered,37,Female
ORD-07008,2023-06-30,Dumbbells Set,Sports,79.99,1,0,79.99,France,Referral,Returned,18,Female
ORD-07009,2024-12-16,Bookshelf,Furniture,189.99,5,10,854.96,Japan,Direct,Cancelled,58,Other
ORD-07010,2024-12-29,Atomic Habits,Books,16.99,5,0,84.95,Brazil,Email,Delivered,34,Other
ORD-07011,2023-06-28,Python Crash Course,Books,34.99,2,0,69.98,Brazil,Email,Delivered,25,Female
ORD-07012,2024-04-01,Atomic Habits,Books,16.99,4,0,67.96,Brazil,Referral,Delivered,39,Female
ORD-07013,2023-05-06,Standing Desk,Furniture,549.99,2,0,1099.98,Brazil,Paid Ads,Shipped,48,Male
ORD-07014,2023-08-29,Skincare Set,Beauty,59.99,5,15,254.96,Brazil,Paid Ads,Delivered,36,Male
ORD-07015,2024-12-16,Air Fryer,Kitchen,129.99,2,0,259.98,UK,Email,Shipped,44,Other
ORD-07016,2023-05-04,Bookshelf,Furniture,189.99,2,0,379.98,Japan,Referral,Cancelled,52,Other
ORD-07017,2024-08-14,Air Fryer,Kitchen,129.99,4,5,493.96,Japan,Paid Ads,Cancelled,22,Other
ORD-07018,2023-05-22,Webcam HD,Electronics,89.99,3,5,256.47,Canada,Paid Ads,Delivered,49,Female
ORD-07019,2024-10-29,Atomic Habits,Books,16.99,4,5,64.56,USA,Direct,Shipped,24,Female
ORD-07020,2024-03-29,USB-C Hub,Electronics,49.99,3,10,134.97,Australia,Email,Processing,27,Female
ORD-07021,2024-04-12,Atomic Habits,Books,16.99,3,15,43.32,Canada,Paid Ads,Delivered,27,Other
ORD-07022,2024-05-29,Wireless Mouse,Electronics,29.99,1,20,23.99,Germany,Social Media,Returned,22,Male
ORD-07023,2024-03-28,Yoga Mat,Sports,39.99,3,0,119.97,France,Paid Ads,Delivered,48,Male
ORD-07024,2023-03-09,Office Chair,Furniture,299.99,3,10,809.97,Canada,Paid Ads,Delivered,53,Male
ORD-07025,2024-08-02,Protein Powder,Sports,54.99,1,5,52.24,UK,Referral,Delivered,46,Male
ORD-07026,2024-03-21,Desk Lamp,Furniture,44.99,4,15,152.97,Japan,Direct,Processing,30,Male
ORD-07027,2023-08-03,Mechanical Keyboard,Electronics,149.99,4,20,479.97,France,Social Media,Delivered,53,Male
ORD-07028,2023-07-17,Standing Desk,Furniture,549.99,3,0,1649.97,Australia,Social Media,Delivered,32,Female
ORD-07029,2023-09-08,Yoga Mat,Sports,39.99,2,20,63.98,UK,Organic,Delivered,28,Female
ORD-07030,2023-11-04,Instant Pot,Kitchen,99.99,4,5,379.96,Australia,Referral,Delivered,36,Other
ORD-07031,2024-08-25,Blender Pro,Kitchen,74.99,5,0,374.95,Brazil,Email,Delivered,32,Male
ORD-07032,2024-12-20,Python Crash Course,Books,34.99,1,0,34.99,Japan,Referral,Cancelled,64,Male
ORD-07033,2024-01-14,Atomic Habits,Books,16.99,2,0,33.98,USA,Organic,Delivered,31,Female
ORD-07034,2023-11-10,Office Chair,Furniture,299.99,4,20,959.97,Germany,Email,Returned,48,Other
ORD-07035,2024-06-06,The Lean Startup,Books,19.99,2,5,37.98,Japan,Paid Ads,Shipped,58,Female
ORD-07036,2024-11-16,Water Bottle,Sports,24.99,3,10,67.47,UK,Organic,Cancelled,43,Male
ORD-07037,2023-05-16,Bookshelf,Furniture,189.99,4,20,607.97,Germany,Referral,Delivered,58,Male
ORD-07038,2024-01-22,Instant Pot,Kitchen,99.99,1,0,99.99,Canada,Referral,Delivered,27,Other
ORD-07039,2024-09-16,4K Monitor,Electronics,499.99,1,0,499.99,Canada,Social Media,Shipped,34,Male
ORD-07040,2024-10-19,Sunscreen SPF50,Beauty,22.99,3,0,68.97,Japan,Referral,Cancelled,48,Other
ORD-07041,2023-06-23,Wireless Mouse,Electronics,29.99,5,10,134.95,Germany,Referral,Shipped,26,Male
ORD-07042,2023-04-07,4K Monitor,Electronics,499.99,1,0,499.99,Canada,Direct,Processing,57,Other
ORD-07043,2023-07-16,Deep Work,Books,18.99,5,20,75.96,USA,Organic,Delivered,18,Other
ORD-07044,2024-11-24,Office Chair,Furniture,299.99,5,0,1499.95,France,Email,Shipped,23,Female
ORD-07045,2024-07-26,Sunscreen SPF50,Beauty,22.99,1,15,19.54,Japan,Referral,Delivered,33,Male
ORD-07046,2023-11-14,Skincare Set,Beauty,59.99,1,0,59.99,Australia,Direct,Cancelled,35,Female
ORD-07047,2024-06-17,Laptop Pro 15,Electronics,1299.99,1,20,1039.99,Germany,Organic,Returned,35,Male
ORD-07048,2023-09-04,Bookshelf,Furniture,189.99,1,0,189.99,Brazil,Social Media,Delivered,29,Male
ORD-07049,2023-04-21,Mechanical Keyboard,Electronics,149.99,3,0,449.97,Australia,Referral,Cancelled,65,Other
ORD-07050,2024-10-24,Coffee Maker,Kitchen,89.99,2,10,161.98,UK,Direct,Shipped,56,Other
ORD-07051,2023-04-21,Coffee Maker,Kitchen,89.99,4,20,287.97,USA,Referral,Returned,22,Male
ORD-07052,2024-01-24,Water Bottle,Sports,24.99,1,5,23.74,Japan,Social Media,Cancelled,54,Male
ORD-07053,2023-01-19,Office Chair,Furniture,299.99,5,0,1499.95,Germany,Email,Delivered,54,Male
ORD-07054,2023-03-18,Bookshelf,Furniture,189.99,5,0,949.95,UK,Organic,Delivered,60,Male
ORD-07055,2024-03-02,Laptop Pro 15,Electronics,1299.99,5,5,6174.95,France,Paid Ads,Processing,37,Female
ORD-07056,2024-10-08,Running Shoes,Sports,119.99,3,10,323.97,Brazil,Paid Ads,Delivered,21,Male
ORD-07057,2024-08-20,Bookshelf,Furniture,189.99,1,0,189.99,Australia,Paid Ads,Delivered,30,Other
ORD-07058,2023-01-30,Office Chair,Furniture,299.99,2,0,599.98,Australia,Email,Cancelled,29,Female
ORD-07059,2024-11-24,Atomic Habits,Books,16.99,5,15,72.21,USA,Social Media,Processing,49,Male
ORD-07060,2023-09-29,Bookshelf,Furniture,189.99,3,10,512.97,Australia,Social Media,Delivered,24,Other
ORD-07061,2024-02-19,Deep Work,Books,18.99,2,0,37.98,France,Organic,Returned,39,Other
ORD-07062,2024-04-06,Sunscreen SPF50,Beauty,22.99,3,0,68.97,UK,Direct,Processing,31,Female
ORD-07063,2023-07-23,Deep Work,Books,18.99,1,15,16.14,USA,Paid Ads,Processing,59,Other
ORD-07064,2023-03-17,Instant Pot,Kitchen,99.99,4,20,319.97,Japan,Email,Shipped,61,Male
ORD-07065,2024-10-01,Blender Pro,Kitchen,74.99,3,0,224.97,UK,Referral,Returned,39,Other
ORD-07066,2024-05-31,Standing Desk,Furniture,549.99,5,15,2337.46,USA,Social Media,Cancelled,30,Other
ORD-07067,2023-09-24,4K Monitor,Electronics,499.99,5,0,2499.95,USA,Referral,Cancelled,60,Other
ORD-07068,2024-08-24,4K Monitor,Electronics,499.99,3,20,1199.98,Australia,Email,Processing,30,Other
ORD-07069,2024-07-11,Wireless Mouse,Electronics,29.99,2,5,56.98,USA,Paid Ads,Shipped,48,Male
ORD-07070,2023-03-26,4K Monitor,Electronics,499.99,1,0,499.99,Japan,Referral,Cancelled,62,Female
ORD-07071,2024-06-15,Office Chair,Furniture,299.99,2,15,509.98,USA,Email,Delivered,51,Female
ORD-07072,2024-07-18,USB-C Hub,Electronics,49.99,2,0,99.98,USA,Direct,Processing,40,Other
ORD-07073,2024-10-31,Mechanical Keyboard,Electronics,149.99,3,0,449.97,Australia,Organic,Cancelled,22,Other
ORD-07074,2023-04-14,Yoga Mat,Sports,39.99,4,0,159.96,Brazil,Organic,Delivered,20,Female
ORD-07075,2024-06-11,Office Chair,Furniture,299.99,3,15,764.97,UK,Direct,Returned,65,Male
ORD-07076,2024-11-29,Running Shoes,Sports,119.99,3,10,323.97,UK,Organic,Returned,64,Other
ORD-07077,2023-10-19,Blender Pro,Kitchen,74.99,3,0,224.97,Australia,Social Media,Delivered,62,Other
ORD-07078,2024-01-30,4K Monitor,Electronics,499.99,3,20,1199.98,Australia,Email,Delivered,35,Female
ORD-07079,2023-04-14,4K Monitor,Electronics,499.99,5,10,2249.95,Brazil,Organic,Delivered,21,Other
ORD-07080,2023-07-15,Blender Pro,Kitchen,74.99,2,0,149.98,Australia,Paid Ads,Processing,34,Male
ORD-07081,2024-05-23,Bookshelf,Furniture,189.99,1,0,189.99,UK,Social Media,Processing,32,Male
ORD-07082,2023-09-14,Sunscreen SPF50,Beauty,22.99,1,10,20.69,Japan,Direct,Delivered,26,Other
ORD-07083,2024-02-26,USB-C Hub,Electronics,49.99,2,0,99.98,Japan,Email,Cancelled,54,Female
ORD-07084,2024-06-12,USB-C Hub,Electronics,49.99,1,0,49.99,UK,Organic,Delivered,63,Male
ORD-07085,2023-08-13,Instant Pot,Kitchen,99.99,1,0,99.99,Japan,Email,Processing,42,Female
ORD-07086,2024-01-13,Air Fryer,Kitchen,129.99,4,15,441.97,Brazil,Paid Ads,Delivered,32,Other
ORD-07087,2024-10-24,Running Shoes,Sports,119.99,4,10,431.96,France,Organic,Delivered,33,Female
ORD-07088,2023-10-16,Standing Desk,Furniture,549.99,2,0,1099.98,USA,Direct,Shipped,34,Other
ORD-07089,2024-09-09,Air Fryer,Kitchen,129.99,1,0,129.99,Germany,Referral,Cancelled,64,Other
ORD-07090,2024-10-18,Laptop Pro 15,Electronics,1299.99,3,15,3314.97,Australia,Organic,Processing,64,Female
ORD-07091,2023-06-15,The Lean Startup,Books,19.99,1,5,18.99,Germany,Email,Delivered,39,Female
ORD-07092,2024-05-18,Webcam HD,Electronics,89.99,1,0,89.99,Brazil,Paid Ads,Shipped,36,Male
ORD-07093,2023-02-21,Office Chair,Furniture,299.99,5,0,1499.95,Australia,Direct,Shipped,54,Other
ORD-07094,2023-03-28,Office Chair,Furniture,299.99,3,0,899.97,UK,Referral,Delivered,55,Female
ORD-07095,2024-01-12,Webcam HD,Electronics,89.99,5,5,427.45,France,Paid Ads,Cancelled,38,Male
ORD-07096,2023-05-22,Mechanical Keyboard,Electronics,149.99,4,0,599.96,Canada,Referral,Delivered,27,Female
ORD-07097,2024-06-21,Python Crash Course,Books,34.99,2,10,62.98,USA,Direct,Delivered,19,Male
ORD-07098,2024-09-24,USB-C Hub,Electronics,49.99,4,0,199.96,Japan,Social Media,Returned,24,Other
ORD-07099,2024-10-25,Yoga Mat,Sports,39.99,3,0,119.97,USA,Social Media,Cancelled,39,Female
ORD-07100,2024-06-12,Sunscreen SPF50,Beauty,22.99,1,0,22.99,UK,Social Media,Delivered,42,Male
ORD-07101,2024-01-17,Yoga Mat,Sports,39.99,1,0,39.99,USA,Paid Ads,Delivered,22,Male
ORD-07102,2023-01-17,Laptop Pro 15,Electronics,1299.99,1,0,1299.99,Germany,Organic,Delivered,45,Female
ORD-07103,2023-11-11,Webcam HD,Electronics,89.99,1,0,89.99,Germany,Email,Cancelled,48,Other
ORD-07104,2024-11-25,Blender Pro,Kitchen,74.99,1,20,59.99,Australia,Social Media,Cancelled,57,Male
ORD-07105,2023-05-17,Python Crash Course,Books,34.99,4,0,139.96,Canada,Email,Delivered,65,Female
ORD-07106,2024-07-30,Desk Lamp,Furniture,44.99,4,10,161.96,Brazil,Referral,Processing,65,Other
ORD-07107,2024-04-05,Instant Pot,Kitchen,99.99,2,0,199.98,Japan,Direct,Processing,45,Other
ORD-07108,2023-11-10,USB-C Hub,Electronics,49.99,1,0,49.99,Australia,Organic,Returned,46,Other
ORD-07109,2024-03-20,Water Bottle,Sports,24.99,5,10,112.45,Japan,Email,Delivered,62,Female
ORD-07110,2024-12-24,Standing Desk,Furniture,549.99,2,0,1099.98,Japan,Referral,Delivered,20,Female
ORD-07111,2023-04-26,Mechanical Keyboard,Electronics,149.99,5,20,599.96,France,Email,Delivered,21,Other
ORD-07112,2023-12-31,Air Fryer,Kitchen,129.99,2,0,259.98,USA,Organic,Delivered,27,Female
ORD-07113,2023-01-09,Skincare Set,Beauty,59.99,3,0,179.97,Canada,Direct,Delivered,54,Other
ORD-07114,2023-08-17,Yoga Mat,Sports,39.99,2,0,79.98,UK,Social Media,Delivered,31,Male
ORD-07115,2024-02-21,USB-C Hub,Electronics,49.99,4,5,189.96,Brazil,Social Media,Cancelled,37,Female
ORD-07116,2024-08-19,Python Crash Course,Books,34.99,1,5,33.24,UK,Organic,Processing,51,Other
ORD-07117,2024-08-16,Protein Powder,Sports,54.99,1,20,43.99,UK,Organic,Delivered,49,Other
ORD-07118,2024-04-09,4K Monitor,Electronics,499.99,2,10,899.98,USA,Paid Ads,Shipped,25,Female
ORD-07119,2024-10-24,Office Chair,Furniture,299.99,5,5,1424.95,USA,Paid Ads,Shipped,37,Male
ORD-07120,2023-08-04,Standing Desk,Furniture,549.99,2,15,934.98,France,Social Media,Returned,50,Other
ORD-07121,2023-10-20,Instant Pot,Kitchen,99.99,4,15,339.97,Germany,Email,Delivered,35,Female
ORD-07122,2024-10-24,Atomic Habits,Books,16.99,4,0,67.96,USA,Referral,Cancelled,19,Female
ORD-07123,2024-10-23,Instant Pot,Kitchen,99.99,4,15,339.97,UK,Organic,Returned,49,Other
ORD-07124,2023-09-22,Air Fryer,Kitchen,129.99,3,0,389.97,USA,Organic,Delivered,64,Female
ORD-07125,2023-09-24,Sunscreen SPF50,Beauty,22.99,5,10,103.45,France,Paid Ads,Delivered,37,Male
ORD-07126,2024-03-28,Coffee Maker,Kitchen,89.99,2,5,170.98,Japan,Email,Delivered,36,Female
ORD-07127,2024-07-05,Sunscreen SPF50,Beauty,22.99,4,20,73.57,Brazil,Organic,Delivered,52,Other
ORD-07128,2023-03-19,Bookshelf,Furniture,189.99,1,10,170.99,Canada,Direct,Shipped,63,Female
ORD-07129,2024-10-22,Yoga Mat,Sports,39.99,3,20,95.98,Brazil,Email,Delivered,55,Female
ORD-07130,2024-03-24,The Lean Startup,Books,19.99,3,0,59.97,Canada,Email,Delivered,62,Male
ORD-07131,2024-10-19,Air Fryer,Kitchen,129.99,1,15,110.49,UK,Social Media,Shipped,49,Female
ORD-07132,2023-10-19,Mechanical Keyboard,Electronics,149.99,2,20,239.98,Australia,Social Media,Cancelled,58,Female
ORD-07133,2023-12-18,Blender Pro,Kitchen,74.99,4,10,269.96,Brazil,Direct,Returned,19,Other
ORD-07134,2024-04-16,Coffee Maker,Kitchen,89.99,1,5,85.49,Brazil,Direct,Delivered,37,Other
ORD-07135,2024-10-17,Office Chair,Furniture,299.99,3,0,899.97,USA,Organic,Delivered,49,Male
ORD-07136,2023-04-17,Sunscreen SPF50,Beauty,22.99,3,0,68.97,Canada,Email,Delivered,40,Other
ORD-07137,2023-06-29,Mechanical Keyboard,Electronics,149.99,2,10,269.98,Australia,Email,Shipped,62,Male
ORD-07138,2023-09-22,Wireless Mouse,Electronics,29.99,3,0,89.97,Australia,Direct,Cancelled,28,Female
ORD-07139,2023-04-18,Python Crash Course,Books,34.99,4,0,139.96,Australia,Email,Delivered,27,Other
ORD-07140,2024-02-18,Water Bottle,Sports,24.99,2,20,39.98,France,Paid Ads,Shipped,37,Male
ORD-07141,2024-06-01,Skincare Set,Beauty,59.99,2,20,95.98,Canada,Organic,Delivered,26,Male
ORD-07142,2023-10-09,USB-C Hub,Electronics,49.99,1,5,47.49,France,Referral,Shipped,20,Female
ORD-07143,2023-06-15,Standing Desk,Furniture,549.99,3,0,1649.97,USA,Direct,Delivered,64,Female
ORD-07144,2024-06-09,Desk Lamp,Furniture,44.99,4,0,179.96,Japan,Email,Delivered,46,Male
ORD-07145,2024-01-18,Wireless Mouse,Electronics,29.99,1,10,26.99,Germany,Paid Ads,Delivered,65,Other
ORD-07146,2023-12-17,Standing Desk,Furniture,549.99,5,0,2749.95,Canada,Organic,Delivered,64,Male
ORD-07147,2024-03-08,Skincare Set,Beauty,59.99,3,0,179.97,Japan,Referral,Shipped,58,Male
ORD-07148,2024-11-20,Skincare Set,Beauty,59.99,3,10,161.97,France,Social Media,Cancelled,40,Male
ORD-07149,2023-08-11,Standing Desk,Furniture,549.99,3,10,1484.97,France,Organic,Delivered,65,Male
ORD-07150,2023-02-04,Blender Pro,Kitchen,74.99,2,0,149.98,Japan,Email,Shipped,65,Male
ORD-07151,2023-11-01,Wireless Mouse,Electronics,29.99,4,0,119.96,Germany,Paid Ads,Delivered,41,Male
ORD-07152,2024-12-14,Desk Lamp,Furniture,44.99,3,0,134.97,Japan,Email,Processing,29,Other
ORD-07153,2024-02-22,Laptop Pro 15,Electronics,1299.99,3,10,3509.97,Japan,Social Media,Delivered,23,Female
ORD-07154,2024-11-26,Running Shoes,Sports,119.99,3,0,359.97,Canada,Organic,Shipped,20,Female
ORD-07155,2023-08-11,USB-C Hub,Electronics,49.99,1,5,47.49,Brazil,Paid Ads,Delivered,27,Other
ORD-07156,2024-04-22,Dumbbells Set,Sports,79.99,5,10,359.95,Australia,Referral,Processing,30,Other
ORD-07157,2024-02-14,Python Crash Course,Books,34.99,3,0,104.97,Japan,Organic,Delivered,49,Female
ORD-07158,2024-12-08,Air Fryer,Kitchen,129.99,4,15,441.97,Brazil,Paid Ads,Processing,51,Male
ORD-07159,2023-05-01,Mechanical Keyboard,Electronics,149.99,1,20,119.99,Germany,Organic,Cancelled,40,Male
ORD-07160,2024-12-04,Deep Work,Books,18.99,2,0,37.98,Germany,Social Media,Delivered,27,Male
ORD-07161,2024-04-21,Python Crash Course,Books,34.99,3,0,104.97,France,Social Media,Returned,51,Male
ORD-07162,2024-02-12,Air Fryer,Kitchen,129.99,2,15,220.98,Canada,Social Media,Delivered,53,Other
ORD-07163,2024-09-16,Standing Desk,Furniture,549.99,5,0,2749.95,Japan,Organic,Delivered,25,Other
ORD-07164,2023-06-23,Bookshelf,Furniture,189.99,1,5,180.49,Australia,Social Media,Cancelled,37,Male
ORD-07165,2024-04-23,Deep Work,Books,18.99,2,0,37.98,Brazil,Organic,Delivered,25,Female
ORD-07166,2024-11-17,Standing Desk,Furniture,549.99,1,15,467.49,Japan,Referral,Returned,65,Male
ORD-07167,2023-11-16,Python Crash Course,Books,34.99,4,0,139.96,USA,Paid Ads,Processing,45,Other
ORD-07168,2024-10-26,Air Fryer,Kitchen,129.99,3,0,389.97,France,Organic,Processing,65,Male
ORD-07169,2023-09-29,Running Shoes,Sports,119.99,4,5,455.96,USA,Paid Ads,Processing,60,Female
ORD-07170,2024-04-14,Wireless Mouse,Electronics,29.99,3,0,89.97,Germany,Social Media,Shipped,28,Male
ORD-07171,2024-04-06,Webcam HD,Electronics,89.99,3,5,256.47,France,Social Media,Returned,43,Male
ORD-07172,2023-10-29,Atomic Habits,Books,16.99,3,20,40.78,UK,Organic,Processing,55,Male
ORD-07173,2024-02-19,Protein Powder,Sports,54.99,4,15,186.97,Germany,Paid Ads,Returned,29,Other
ORD-07174,2024-02-18,Python Crash Course,Books,34.99,5,0,174.95,UK,Organic,Returned,49,Other
ORD-07175,2023-12-11,Mechanical Keyboard,Electronics,149.99,2,0,299.98,Canada,Direct,Shipped,29,Other
ORD-07176,2023-03-21,Standing Desk,Furniture,549.99,5,0,2749.95,Canada,Paid Ads,Delivered,56,Male
ORD-07177,2023-12-23,Yoga Mat,Sports,39.99,5,0,199.95,UK,Referral,Shipped,39,Female
ORD-07178,2024-02-04,USB-C Hub,Electronics,49.99,4,5,189.96,Australia,Direct,Shipped,28,Male
ORD-07179,2024-11-16,Dumbbells Set,Sports,79.99,3,20,191.98,Germany,Email,Shipped,18,Female
ORD-07180,2024-08-22,Atomic Habits,Books,16.99,2,0,33.98,France,Organic,Processing,30,Other
ORD-07181,2023-07-19,Python Crash Course,Books,34.99,5,0,174.95,Japan,Direct,Delivered,40,Other
ORD-07182,2024-08-13,Webcam HD,Electronics,89.99,4,5,341.96,Japan,Email,Cancelled,51,Male
ORD-07183,2024-07-09,Laptop Pro 15,Electronics,1299.99,4,10,4679.96,Australia,Email,Delivered,33,Male
ORD-07184,2023-01-26,Wireless Mouse,Electronics,29.99,2,20,47.98,Canada,Email,Delivered,18,Other
ORD-07185,2023-07-26,Instant Pot,Kitchen,99.99,4,15,339.97,USA,Social Media,Shipped,18,Other
ORD-07186,2023-06-09,Atomic Habits,Books,16.99,1,0,16.99,Germany,Email,Returned,23,Female
ORD-07187,2023-05-26,Blender Pro,Kitchen,74.99,1,0,74.99,Brazil,Social Media,Shipped,29,Female
ORD-07188,2024-08-05,Yoga Mat,Sports,39.99,5,0,199.95,Canada,Direct,Shipped,64,Other
ORD-07189,2024-05-30,Coffee Maker,Kitchen,89.99,3,20,215.98,Australia,Social Media,Delivered,49,Female
ORD-07190,2023-05-09,Coffee Maker,Kitchen,89.99,2,15,152.98,Germany,Email,Cancelled,54,Other
ORD-07191,2023-08-08,4K Monitor,Electronics,499.99,3,0,1499.97,Brazil,Paid Ads,Returned,50,Male
ORD-07192,2024-09-23,Office Chair,Furniture,299.99,5,10,1349.96,UK,Direct,Cancelled,44,Male
ORD-07193,2024-11-11,The Lean Startup,Books,19.99,1,10,17.99,USA,Referral,Processing,53,Other
ORD-07194,2023-03-05,Dumbbells Set,Sports,79.99,1,10,71.99,Germany,Paid Ads,Shipped,64,Male
ORD-07195,2024-03-24,4K Monitor,Electronics,499.99,3,20,1199.98,France,Social Media,Returned,26,Male
ORD-07196,2024-05-10,Office Chair,Furniture,299.99,5,0,1499.95,Canada,Email,Shipped,32,Male
ORD-07197,2024-12-07,Instant Pot,Kitchen,99.99,4,0,399.96,Canada,Paid Ads,Delivered,38,Female
ORD-07198,2023-09-01,4K Monitor,Electronics,499.99,3,0,1499.97,UK,Email,Processing,55,Male
ORD-07199,2023-07-10,Deep Work,Books,18.99,4,0,75.96,Australia,Organic,Delivered,63,Other
ORD-07200,2024-02-09,Protein Powder,Sports,54.99,1,5,52.24,USA,Referral,Shipped,29,Female
ORD-07201,2024-08-30,Protein Powder,Sports,54.99,1,0,54.99,Germany,Referral,Shipped,45,Other
ORD-07202,2023-01-05,Skincare Set,Beauty,59.99,3,20,143.98,Brazil,Social Media,Returned,27,Other
ORD-07203,2024-08-11,Standing Desk,Furniture,549.99,4,15,1869.97,France,Email,Delivered,61,Male
ORD-07204,2024-06-08,USB-C Hub,Electronics,49.99,2,0,99.98,USA,Email,Delivered,30,Other
ORD-07205,2024-08-10,Mechanical Keyboard,Electronics,149.99,5,15,637.46,UK,Referral,Delivered,43,Female
ORD-07206,2024-01-09,Wireless Mouse,Electronics,29.99,4,0,119.96,Japan,Referral,Cancelled,60,Other
ORD-07207,2023-12-15,USB-C Hub,Electronics,49.99,4,5,189.96,Japan,Direct,Returned,41,Female
ORD-07208,2024-09-26,Coffee Maker,Kitchen,89.99,5,0,449.95,Japan,Email,Processing,46,Female
ORD-07209,2023-03-04,Skincare Set,Beauty,59.99,2,0,119.98,Germany,Email,Delivered,37,Other
ORD-07210,2024-12-27,Deep Work,Books,18.99,3,15,48.42,UK,Social Media,Delivered,46,Other
ORD-07211,2023-01-05,Skincare Set,Beauty,59.99,3,0,179.97,France,Paid Ads,Delivered,56,Male
ORD-07212,2024-03-04,4K Monitor,Electronics,499.99,4,0,1999.96,UK,Email,Shipped,48,Female
ORD-07213,2024-12-26,Dumbbells Set,Sports,79.99,2,0,159.98,Canada,Organic,Returned,29,Other
ORD-07214,2023-11-05,4K Monitor,Electronics,499.99,1,20,399.99,Brazil,Paid Ads,Processing,23,Other
ORD-07215,2024-11-29,Deep Work,Books,18.99,1,0,18.99,France,Email,Delivered,24,Female
ORD-07216,2023-12-01,Mechanical Keyboard,Electronics,149.99,1,15,127.49,Canada,Referral,Delivered,52,Male
ORD-07217,2024-07-26,Protein Powder,Sports,54.99,1,10,49.49,Germany,Paid Ads,Delivered,48,Male
ORD-07218,2023-01-25,Water Bottle,Sports,24.99,3,0,74.97,Australia,Organic,Delivered,38,Other
ORD-07219,2024-03-12,Skincare Set,Beauty,59.99,2,15,101.98,France,Paid Ads,Delivered,62,Female
ORD-07220,2023-03-21,Coffee Maker,Kitchen,89.99,1,5,85.49,Germany,Paid Ads,Returned,40,Female
ORD-07221,2024-04-01,Air Fryer,Kitchen,129.99,1,15,110.49,Australia,Social Media,Returned,31,Male
ORD-07222,2024-10-16,Air Fryer,Kitchen,129.99,5,0,649.95,Australia,Social Media,Delivered,49,Female
ORD-07223,2024-07-11,Deep Work,Books,18.99,2,15,32.28,Canada,Organic,Shipped,52,Male
ORD-07224,2024-08-06,Air Fryer,Kitchen,129.99,5,15,552.46,France,Social Media,Returned,53,Other
ORD-07225,2023-02-12,Webcam HD,Electronics,89.99,5,0,449.95,Australia,Email,Delivered,61,Other
ORD-07226,2024-03-03,Deep Work,Books,18.99,1,20,15.19,UK,Email,Cancelled,29,Female
ORD-07227,2023-10-28,Coffee Maker,Kitchen,89.99,5,0,449.95,UK,Social Media,Delivered,33,Other
ORD-07228,2024-03-04,Protein Powder,Sports,54.99,1,0,54.99,Germany,Referral,Shipped,25,Male
ORD-07229,2024-02-29,Desk Lamp,Furniture,44.99,3,20,107.98,Japan,Organic,Shipped,24,Female
ORD-07230,2023-01-12,Protein Powder,Sports,54.99,3,0,164.97,Germany,Email,Cancelled,19,Female
ORD-07231,2024-11-15,Instant Pot,Kitchen,99.99,2,5,189.98,Brazil,Organic,Delivered,49,Other
ORD-07232,2023-09-23,Python Crash Course,Books,34.99,1,5,33.24,Australia,Paid Ads,Returned,22,Male
ORD-07233,2023-04-21,Desk Lamp,Furniture,44.99,5,20,179.96,France,Organic,Cancelled,61,Female
ORD-07234,2024-09-28,Sunscreen SPF50,Beauty,22.99,4,0,91.96,Japan,Email,Delivered,21,Female
ORD-07235,2023-04-02,Atomic Habits,Books,16.99,4,0,67.96,Germany,Organic,Processing,24,Other
ORD-07236,2024-01-22,Desk Lamp,Furniture,44.99,5,15,191.21,Brazil,Social Media,Cancelled,62,Other
ORD-07237,2024-01-30,Instant Pot,Kitchen,99.99,3,5,284.97,France,Organic,Returned,25,Other
ORD-07238,2023-05-28,Air Fryer,Kitchen,129.99,3,0,389.97,Germany,Organic,Shipped,39,Female
ORD-07239,2023-01-02,Dumbbells Set,Sports,79.99,4,20,255.97,UK,Email,Delivered,36,Other
ORD-07240,2023-08-28,Atomic Habits,Books,16.99,3,0,50.97,Germany,Referral,Returned,47,Male
ORD-07241,2024-01-23,Python Crash Course,Books,34.99,3,0,104.97,Australia,Email,Shipped,55,Other
ORD-07242,2023-02-28,Deep Work,Books,18.99,3,0,56.97,France,Paid Ads,Delivered,60,Male
ORD-07243,2024-09-23,Office Chair,Furniture,299.99,4,0,1199.96,Japan,Direct,Cancelled,21,Male
ORD-07244,2024-06-05,Protein Powder,Sports,54.99,3,0,164.97,Canada,Paid Ads,Delivered,31,Male
ORD-07245,2024-09-24,Coffee Maker,Kitchen,89.99,4,5,341.96,Germany,Social Media,Delivered,40,Other
ORD-07246,2024-12-17,Blender Pro,Kitchen,74.99,3,10,202.47,UK,Referral,Shipped,47,Female
ORD-07247,2023-09-11,The Lean Startup,Books,19.99,3,10,53.97,Japan,Direct,Returned,60,Other
ORD-07248,2023-06-01,4K Monitor,Electronics,499.99,3,15,1274.97,France,Paid Ads,Shipped,62,Female
ORD-07249,2023-07-20,Bookshelf,Furniture,189.99,4,0,759.96,Brazil,Organic,Delivered,47,Male
ORD-07250,2024-03-23,Office Chair,Furniture,299.99,2,15,509.98,Australia,Referral,Returned,39,Female
ORD-07251,2023-07-19,Coffee Maker,Kitchen,89.99,3,0,269.97,USA,Email,Cancelled,54,Other
ORD-07252,2024-09-22,Protein Powder,Sports,54.99,5,20,219.96,Canada,Referral,Delivered,52,Female
ORD-07253,2023-08-30,Wireless Mouse,Electronics,29.99,5,10,134.95,Brazil,Direct,Delivered,51,Female
ORD-07254,2023-11-30,Instant Pot,Kitchen,99.99,3,0,299.97,Brazil,Referral,Delivered,62,Other
ORD-07255,2023-11-03,Yoga Mat,Sports,39.99,1,0,39.99,UK,Social Media,Delivered,22,Female
ORD-07256,2023-09-16,Water Bottle,Sports,24.99,1,10,22.49,Japan,Email,Returned,42,Male
ORD-07257,2023-11-15,4K Monitor,Electronics,499.99,5,0,2499.95,Brazil,Social Media,Delivered,37,Male
ORD-07258,2024-01-14,Webcam HD,Electronics,89.99,4,15,305.97,Brazil,Organic,Delivered,41,Female
ORD-07259,2024-04-17,Bookshelf,Furniture,189.99,4,20,607.97,Germany,Organic,Shipped,60,Female
ORD-07260,2024-08-07,Coffee Maker,Kitchen,89.99,4,0,359.96,UK,Direct,Cancelled,18,Other
ORD-07261,2023-01-29,Standing Desk,Furniture,549.99,3,20,1319.98,UK,Referral,Returned,36,Male
ORD-07262,2024-05-14,Webcam HD,Electronics,89.99,2,0,179.98,Japan,Organic,Delivered,64,Male
ORD-07263,2023-10-06,Mechanical Keyboard,Electronics,149.99,1,5,142.49,USA,Referral,Delivered,54,Male
ORD-07264,2023-05-23,Wireless Mouse,Electronics,29.99,5,0,149.95,Australia,Organic,Returned,62,Male
ORD-07265,2024-09-25,Laptop Pro 15,Electronics,1299.99,1,0,1299.99,Australia,Organic,Delivered,65,Male
ORD-07266,2023-11-08,Desk Lamp,Furniture,44.99,3,15,114.72,Brazil,Paid Ads,Processing,54,Male
ORD-07267,2024-12-26,Office Chair,Furniture,299.99,3,0,899.97,Canada,Paid Ads,Shipped,50,Male
ORD-07268,2024-12-11,Coffee Maker,Kitchen,89.99,1,0,89.99,Brazil,Social Media,Shipped,62,Female
ORD-07269,2023-11-17,Standing Desk,Furniture,549.99,5,0,2749.95,France,Paid Ads,Returned,42,Male
ORD-07270,2023-07-20,Running Shoes,Sports,119.99,2,20,191.98,France,Direct,Returned,44,Female
ORD-07271,2023-03-09,Deep Work,Books,18.99,1,0,18.99,France,Referral,Delivered,21,Other
ORD-07272,2023-05-22,Water Bottle,Sports,24.99,1,0,24.99,USA,Organic,Shipped,21,Female
ORD-07273,2024-11-08,Sunscreen SPF50,Beauty,22.99,3,15,58.62,France,Referral,Delivered,30,Female
ORD-07274,2024-10-16,Skincare Set,Beauty,59.99,5,0,299.95,France,Organic,Shipped,61,Female
ORD-07275,2024-10-02,Running Shoes,Sports,119.99,2,0,239.98,Germany,Direct,Cancelled,20,Other
ORD-07276,2024-04-09,Mechanical Keyboard,Electronics,149.99,5,15,637.46,Canada,Organic,Cancelled,52,Male
ORD-07277,2023-04-05,Standing Desk,Furniture,549.99,1,5,522.49,Germany,Referral,Delivered,32,Male
ORD-07278,2024-06-24,Standing Desk,Furniture,549.99,4,15,1869.97,UK,Direct,Delivered,60,Male
ORD-07279,2024-07-11,Wireless Mouse,Electronics,29.99,2,20,47.98,Germany,Referral,Processing,33,Female
ORD-07280,2024-08-14,Blender Pro,Kitchen,74.99,4,0,299.96,Canada,Direct,Returned,40,Female
ORD-07281,2024-09-14,Protein Powder,Sports,54.99,2,20,87.98,Australia,Email,Delivered,35,Other
ORD-07282,2023-03-07,USB-C Hub,Electronics,49.99,5,15,212.46,Germany,Social Media,Delivered,46,Other
ORD-07283,2023-07-09,The Lean Startup,Books,19.99,4,0,79.96,Japan,Paid Ads,Delivered,19,Other
ORD-07284,2023-06-10,Yoga Mat,Sports,39.99,5,15,169.96,France,Referral,Delivered,21,Male
ORD-07285,2023-03-14,Python Crash Course,Books,34.99,3,10,94.47,UK,Social Media,Delivered,18,Other
ORD-07286,2023-02-15,Coffee Maker,Kitchen,89.99,1,15,76.49,Germany,Referral,Cancelled,41,Female
ORD-07287,2023-05-22,The Lean Startup,Books,19.99,4,10,71.96,Germany,Referral,Delivered,33,Other
ORD-07288,2024-10-16,USB-C Hub,Electronics,49.99,1,5,47.49,Brazil,Paid Ads,Delivered,31,Other
ORD-07289,2023-07-08,Desk Lamp,Furniture,44.99,4,0,179.96,Germany,Social Media,Processing,60,Male
ORD-07290,2023-07-02,Instant Pot,Kitchen,99.99,3,10,269.97,Japan,Email,Processing,57,Other
ORD-07291,2024-12-22,Webcam HD,Electronics,89.99,2,10,161.98,Australia,Referral,Delivered,64,Female
ORD-07292,2023-07-06,Laptop Pro 15,Electronics,1299.99,1,0,1299.99,UK,Direct,Cancelled,62,Other
ORD-07293,2024-01-08,Blender Pro,Kitchen,74.99,3,0,224.97,France,Referral,Returned,37,Female
ORD-07294,2024-08-31,4K Monitor,Electronics,499.99,1,5,474.99,France,Organic,Delivered,24,Other
ORD-07295,2024-12-08,Atomic Habits,Books,16.99,4,0,67.96,Germany,Direct,Delivered,28,Male
ORD-07296,2024-10-29,Desk Lamp,Furniture,44.99,4,0,179.96,USA,Paid Ads,Delivered,34,Other
ORD-07297,2024-10-04,Coffee Maker,Kitchen,89.99,5,0,449.95,UK,Organic,Delivered,29,Male
ORD-07298,2024-12-08,Dumbbells Set,Sports,79.99,1,15,67.99,USA,Paid Ads,Cancelled,49,Male
ORD-07299,2024-06-04,Sunscreen SPF50,Beauty,22.99,1,0,22.99,Canada,Referral,Shipped,29,Other
ORD-07300,2023-12-16,Desk Lamp,Furniture,44.99,3,0,134.97,UK,Paid Ads,Shipped,31,Female
ORD-07301,2023-02-27,Air Fryer,Kitchen,129.99,1,5,123.49,Japan,Direct,Cancelled,31,Male
ORD-07302,2024-12-19,Laptop Pro 15,Electronics,1299.99,2,0,2599.98,Australia,Organic,Shipped,42,Female
ORD-07303,2024-03-23,Atomic Habits,Books,16.99,5,10,76.45,Canada,Organic,Delivered,49,Female
ORD-07304,2024-03-03,Webcam HD,Electronics,89.99,1,20,71.99,Germany,Paid Ads,Delivered,41,Other
ORD-07305,2023-12-22,Atomic Habits,Books,16.99,2,15,28.88,Australia,Email,Delivered,43,Male
ORD-07306,2023-03-07,Deep Work,Books,18.99,2,10,34.18,Australia,Referral,Delivered,55,Other
ORD-07307,2024-08-03,Water Bottle,Sports,24.99,3,0,74.97,France,Email,Delivered,31,Female
ORD-07308,2024-03-13,Running Shoes,Sports,119.99,4,20,383.97,Canada,Social Media,Shipped,36,Other
ORD-07309,2023-12-29,Atomic Habits,Books,16.99,4,0,67.96,Brazil,Email,Shipped,55,Female
ORD-07310,2024-11-10,Protein Powder,Sports,54.99,4,5,208.96,USA,Social Media,Delivered,53,Female
ORD-07311,2024-01-10,Wireless Mouse,Electronics,29.99,4,5,113.96,Japan,Social Media,Returned,39,Male
ORD-07312,2023-04-12,Office Chair,Furniture,299.99,5,15,1274.96,USA,Social Media,Processing,26,Female
ORD-07313,2024-02-27,The Lean Startup,Books,19.99,4,0,79.96,France,Paid Ads,Shipped,34,Female
ORD-07314,2024-09-17,Python Crash Course,Books,34.99,5,0,174.95,USA,Direct,Processing,21,Female
ORD-07315,2024-12-06,Standing Desk,Furniture,549.99,4,20,1759.97,USA,Direct,Cancelled,42,Male
ORD-07316,2024-06-03,Instant Pot,Kitchen,99.99,2,10,179.98,Australia,Organic,Cancelled,36,Male
ORD-07317,2024-03-03,4K Monitor,Electronics,499.99,4,0,1999.96,USA,Direct,Cancelled,28,Male
ORD-07318,2024-10-16,Coffee Maker,Kitchen,89.99,2,0,179.98,Australia,Paid Ads,Delivered,29,Male
ORD-07319,2024-07-28,Laptop Pro 15,Electronics,1299.99,2,10,2339.98,France,Social Media,Cancelled,42,Male
ORD-07320,2024-05-19,Standing Desk,Furniture,549.99,2,0,1099.98,UK,Social Media,Processing,47,Female
ORD-07321,2024-08-27,Python Crash Course,Books,34.99,1,0,34.99,UK,Paid Ads,Cancelled,56,Female
ORD-07322,2023-10-10,Office Chair,Furniture,299.99,5,10,1349.96,Germany,Direct,Processing,38,Male
ORD-07323,2024-10-09,Yoga Mat,Sports,39.99,3,10,107.97,France,Referral,Processing,58,Other
ORD-07324,2024-11-29,Coffee Maker,Kitchen,89.99,1,5,85.49,Australia,Paid Ads,Delivered,59,Other
ORD-07325,2024-09-06,Instant Pot,Kitchen,99.99,3,0,299.97,Canada,Referral,Cancelled,48,Other
ORD-07326,2024-11-26,Protein Powder,Sports,54.99,1,0,54.99,USA,Referral,Cancelled,20,Male
ORD-07327,2024-07-15,USB-C Hub,Electronics,49.99,4,15,169.97,France,Referral,Shipped,33,Male
ORD-07328,2023-05-06,USB-C Hub,Electronics,49.99,3,10,134.97,Japan,Paid Ads,Delivered,45,Male
ORD-07329,2024-08-01,Atomic Habits,Books,16.99,5,15,72.21,UK,Organic,Delivered,60,Male
ORD-07330,2023-10-16,Blender Pro,Kitchen,74.99,3,10,202.47,Japan,Direct,Returned,24,Other
ORD-07331,2024-11-01,Desk Lamp,Furniture,44.99,3,0,134.97,USA,Direct,Delivered,57,Female
ORD-07332,2024-01-11,Sunscreen SPF50,Beauty,22.99,5,0,114.95,France,Direct,Delivered,40,Other
ORD-07333,2023-10-07,Webcam HD,Electronics,89.99,1,0,89.99,France,Paid Ads,Delivered,61,Other
ORD-07334,2023-10-29,USB-C Hub,Electronics,49.99,5,0,249.95,Japan,Social Media,Delivered,54,Male
ORD-07335,2024-04-21,Atomic Habits,Books,16.99,4,0,67.96,Australia,Social Media,Delivered,63,Female
ORD-07336,2023-11-15,Mechanical Keyboard,Electronics,149.99,3,0,449.97,USA,Referral,Delivered,47,Female
ORD-07337,2024-04-03,Sunscreen SPF50,Beauty,22.99,4,0,91.96,Brazil,Referral,Shipped,60,Male
ORD-07338,2024-11-29,Standing Desk,Furniture,549.99,1,15,467.49,Japan,Referral,Delivered,25,Male
ORD-07339,2024-01-09,Mechanical Keyboard,Electronics,149.99,2,20,239.98,France,Referral,Delivered,42,Other
ORD-07340,2023-11-17,Sunscreen SPF50,Beauty,22.99,3,10,62.07,Australia,Referral,Delivered,49,Female
ORD-07341,2023-03-05,Instant Pot,Kitchen,99.99,4,10,359.96,Canada,Paid Ads,Shipped,56,Other
ORD-07342,2023-04-24,Office Chair,Furniture,299.99,4,10,1079.96,France,Referral,Delivered,45,Male
ORD-07343,2024-06-20,Air Fryer,Kitchen,129.99,2,5,246.98,Japan,Organic,Delivered,18,Male
ORD-07344,2024-12-29,Yoga Mat,Sports,39.99,3,20,95.98,UK,Direct,Delivered,19,Other
ORD-07345,2023-09-23,Office Chair,Furniture,299.99,5,15,1274.96,Japan,Referral,Delivered,39,Female
ORD-07346,2023-07-30,Instant Pot,Kitchen,99.99,3,10,269.97,France,Paid Ads,Processing,40,Other
ORD-07347,2024-11-07,Bookshelf,Furniture,189.99,2,0,379.98,Brazil,Social Media,Processing,50,Other
ORD-07348,2023-10-03,Deep Work,Books,18.99,1,0,18.99,Brazil,Direct,Processing,49,Male
ORD-07349,2023-04-26,Atomic Habits,Books,16.99,5,0,84.95,UK,Organic,Cancelled,32,Male
ORD-07350,2024-04-29,Coffee Maker,Kitchen,89.99,3,15,229.47,Canada,Paid Ads,Delivered,24,Female
ORD-07351,2023-08-29,Webcam HD,Electronics,89.99,3,0,269.97,Brazil,Organic,Cancelled,47,Male
ORD-07352,2023-05-29,Python Crash Course,Books,34.99,5,5,166.2,Japan,Paid Ads,Delivered,65,Other
ORD-07353,2024-05-11,Sunscreen SPF50,Beauty,22.99,5,15,97.71,USA,Referral,Cancelled,22,Male
ORD-07354,2024-11-22,Webcam HD,Electronics,89.99,2,15,152.98,USA,Referral,Delivered,29,Male
ORD-07355,2023-11-09,Water Bottle,Sports,24.99,5,0,124.95,Germany,Social Media,Delivered,56,Female
ORD-07356,2024-06-11,Sunscreen SPF50,Beauty,22.99,5,0,114.95,Japan,Social Media,Processing,40,Female
ORD-07357,2023-04-25,Sunscreen SPF50,Beauty,22.99,1,20,18.39,France,Paid Ads,Cancelled,39,Other
ORD-07358,2024-08-28,Laptop Pro 15,Electronics,1299.99,1,15,1104.99,Canada,Referral,Delivered,28,Male
ORD-07359,2023-10-09,Sunscreen SPF50,Beauty,22.99,1,5,21.84,USA,Direct,Delivered,52,Other
ORD-07360,2023-08-17,Air Fryer,Kitchen,129.99,1,0,129.99,Brazil,Email,Cancelled,35,Male
ORD-07361,2023-09-21,Wireless Mouse,Electronics,29.99,2,0,59.98,Australia,Direct,Cancelled,48,Other
ORD-07362,2023-06-24,Protein Powder,Sports,54.99,1,5,52.24,Germany,Paid Ads,Delivered,40,Other
ORD-07363,2023-04-28,Yoga Mat,Sports,39.99,4,10,143.96,Canada,Paid Ads,Delivered,23,Other
ORD-07364,2023-12-09,4K Monitor,Electronics,499.99,5,15,2124.96,Brazil,Referral,Shipped,53,Female
ORD-07365,2023-10-22,Standing Desk,Furniture,549.99,2,0,1099.98,UK,Email,Shipped,18,Other
ORD-07366,2023-02-24,Bookshelf,Furniture,189.99,2,0,379.98,Canada,Organic,Returned,26,Female
ORD-07367,2023-01-11,Desk Lamp,Furniture,44.99,4,5,170.96,France,Direct,Cancelled,58,Female
ORD-07368,2024-11-14,Running Shoes,Sports,119.99,4,0,479.96,Canada,Organic,Returned,62,Male
ORD-07369,2023-12-07,Wireless Mouse,Electronics,29.99,1,0,29.99,Germany,Social Media,Delivered,56,Female
ORD-07370,2024-07-08,Instant Pot,Kitchen,99.99,5,0,499.95,USA,Referral,Delivered,54,Male
ORD-07371,2024-06-23,Water Bottle,Sports,24.99,5,10,112.45,France,Social Media,Delivered,60,Other
ORD-07372,2024-08-20,Dumbbells Set,Sports,79.99,5,5,379.95,Canada,Social Media,Delivered,47,Male
ORD-07373,2024-11-05,Sunscreen SPF50,Beauty,22.99,1,0,22.99,Brazil,Social Media,Returned,37,Male
ORD-07374,2024-11-26,Mechanical Keyboard,Electronics,149.99,4,20,479.97,Australia,Email,Delivered,54,Female
ORD-07375,2024-08-23,Laptop Pro 15,Electronics,1299.99,3,20,3119.98,Japan,Social Media,Delivered,36,Female
ORD-07376,2023-09-22,Water Bottle,Sports,24.99,4,15,84.97,Australia,Email,Delivered,51,Male
ORD-07377,2023-10-27,Skincare Set,Beauty,59.99,3,0,179.97,Australia,Paid Ads,Cancelled,50,Other
ORD-07378,2024-06-30,Blender Pro,Kitchen,74.99,4,0,299.96,Japan,Social Media,Returned,19,Other
ORD-07379,2024-09-17,Yoga Mat,Sports,39.99,1,0,39.99,Germany,Organic,Shipped,53,Female
ORD-07380,2023-06-08,USB-C Hub,Electronics,49.99,2,10,89.98,UK,Paid Ads,Returned,45,Other
ORD-07381,2024-09-15,Coffee Maker,Kitchen,89.99,4,0,359.96,France,Referral,Delivered,57,Male
ORD-07382,2024-05-14,Python Crash Course,Books,34.99,4,0,139.96,Brazil,Direct,Delivered,41,Female
ORD-07383,2023-06-05,Webcam HD,Electronics,89.99,3,0,269.97,Canada,Social Media,Returned,18,Other
ORD-07384,2023-07-28,The Lean Startup,Books,19.99,2,0,39.98,UK,Paid Ads,Delivered,48,Male
ORD-07385,2023-07-04,Yoga Mat,Sports,39.99,4,0,159.96,USA,Email,Delivered,22,Other
ORD-07386,2024-05-09,Office Chair,Furniture,299.99,2,20,479.98,Brazil,Organic,Cancelled,21,Female
ORD-07387,2023-08-30,Webcam HD,Electronics,89.99,2,10,161.98,Brazil,Email,Delivered,32,Female
ORD-07388,2023-06-13,Mechanical Keyboard,Electronics,149.99,1,10,134.99,Australia,Referral,Delivered,58,Female
ORD-07389,2024-01-10,Office Chair,Furniture,299.99,5,20,1199.96,Canada,Email,Delivered,28,Male
ORD-07390,2024-06-24,Coffee Maker,Kitchen,89.99,3,20,215.98,Australia,Organic,Cancelled,21,Other
ORD-07391,2024-06-19,Office Chair,Furniture,299.99,5,10,1349.96,UK,Referral,Delivered,24,Other
ORD-07392,2024-09-27,Dumbbells Set,Sports,79.99,2,10,143.98,UK,Email,Returned,63,Other
ORD-07393,2023-08-29,Water Bottle,Sports,24.99,2,20,39.98,USA,Email,Delivered,30,Male
ORD-07394,2024-11-04,Deep Work,Books,18.99,3,0,56.97,Germany,Social Media,Delivered,30,Female
ORD-07395,2024-07-31,Blender Pro,Kitchen,74.99,4,15,254.97,UK,Referral,Shipped,26,Other
ORD-07396,2023-01-13,Dumbbells Set,Sports,79.99,1,20,63.99,Germany,Paid Ads,Delivered,27,Female
ORD-07397,2023-07-20,Air Fryer,Kitchen,129.99,1,20,103.99,USA,Referral,Cancelled,23,Other
ORD-07398,2024-04-15,Yoga Mat,Sports,39.99,1,5,37.99,Germany,Paid Ads,Delivered,36,Other
ORD-07399,2023-08-21,Laptop Pro 15,Electronics,1299.99,5,15,5524.96,Brazil,Paid Ads,Delivered,34,Female
ORD-07400,2024-05-29,Yoga Mat,Sports,39.99,5,15,169.96,USA,Email,Delivered,26,Male
ORD-07401,2023-06-21,Office Chair,Furniture,299.99,4,10,1079.96,Japan,Referral,Delivered,21,Male
ORD-07402,2023-11-07,Mechanical Keyboard,Electronics,149.99,5,10,674.96,Canada,Email,Returned,28,Female
ORD-07403,2023-10-25,Air Fryer,Kitchen,129.99,5,0,649.95,Canada,Organic,Shipped,42,Other
ORD-07404,2024-08-19,Air Fryer,Kitchen,129.99,1,0,129.99,Canada,Referral,Delivered,23,Male
ORD-07405,2024-08-02,Desk Lamp,Furniture,44.99,4,10,161.96,Australia,Organic,Shipped,43,Female
ORD-07406,2023-02-27,Mechanical Keyboard,Electronics,149.99,5,0,749.95,USA,Social Media,Delivered,36,Male
ORD-07407,2023-05-28,Desk Lamp,Furniture,44.99,4,5,170.96,USA,Organic,Cancelled,26,Male
ORD-07408,2023-04-10,Standing Desk,Furniture,549.99,2,0,1099.98,Brazil,Social Media,Delivered,19,Male
ORD-07409,2023-01-20,Running Shoes,Sports,119.99,4,20,383.97,Japan,Referral,Delivered,48,Female
ORD-07410,2023-09-02,Deep Work,Books,18.99,4,15,64.57,Germany,Referral,Delivered,46,Other
ORD-07411,2023-04-04,Skincare Set,Beauty,59.99,5,0,299.95,Australia,Referral,Delivered,42,Male
ORD-07412,2023-02-18,Webcam HD,Electronics,89.99,1,0,89.99,UK,Referral,Delivered,30,Female
ORD-07413,2023-07-18,Python Crash Course,Books,34.99,2,0,69.98,UK,Organic,Delivered,56,Other
ORD-07414,2024-06-17,Wireless Mouse,Electronics,29.99,2,20,47.98,UK,Organic,Delivered,42,Male
ORD-07415,2023-08-27,Desk Lamp,Furniture,44.99,1,0,44.99,USA,Email,Returned,47,Other
ORD-07416,2023-10-29,Atomic Habits,Books,16.99,2,15,28.88,Australia,Paid Ads,Returned,27,Other
ORD-07417,2023-06-13,Protein Powder,Sports,54.99,3,20,131.98,Japan,Social Media,Returned,63,Other
ORD-07418,2023-10-13,Python Crash Course,Books,34.99,4,0,139.96,UK,Email,Processing,23,Female
ORD-07419,2024-01-15,Office Chair,Furniture,299.99,5,20,1199.96,USA,Paid Ads,Shipped,39,Male
ORD-07420,2023-12-30,Skincare Set,Beauty,59.99,3,0,179.97,Germany,Email,Delivered,34,Female
ORD-07421,2024-03-10,Desk Lamp,Furniture,44.99,4,15,152.97,Canada,Paid Ads,Shipped,62,Female
ORD-07422,2024-02-04,USB-C Hub,Electronics,49.99,4,0,199.96,Brazil,Referral,Delivered,35,Female
ORD-07423,2023-12-10,Webcam HD,Electronics,89.99,2,0,179.98,Canada,Direct,Delivered,41,Other
ORD-07424,2024-03-13,Dumbbells Set,Sports,79.99,2,0,159.98,France,Referral,Shipped,52,Male
ORD-07425,2024-01-20,Dumbbells Set,Sports,79.99,2,5,151.98,UK,Referral,Returned,59,Female
ORD-07426,2023-02-10,Instant Pot,Kitchen,99.99,2,0,199.98,Brazil,Paid Ads,Delivered,24,Female
ORD-07427,2023-02-17,Mechanical Keyboard,Electronics,149.99,3,5,427.47,Australia,Paid Ads,Processing,56,Female
ORD-07428,2023-07-09,USB-C Hub,Electronics,49.99,1,20,39.99,Australia,Social Media,Returned,29,Female
ORD-07429,2023-01-05,USB-C Hub,Electronics,49.99,3,0,149.97,France,Paid Ads,Returned,58,Female
ORD-07430,2024-09-17,Wireless Mouse,Electronics,29.99,5,5,142.45,USA,Referral,Returned,50,Male
ORD-07431,2023-12-13,The Lean Startup,Books,19.99,3,0,59.97,Germany,Email,Delivered,38,Female
ORD-07432,2024-10-10,Atomic Habits,Books,16.99,4,0,67.96,Brazil,Referral,Processing,63,Female
ORD-07433,2023-09-24,4K Monitor,Electronics,499.99,3,15,1274.97,France,Paid Ads,Cancelled,55,Other
ORD-07434,2023-03-01,Skincare Set,Beauty,59.99,3,0,179.97,Japan,Referral,Delivered,48,Female
ORD-07435,2024-02-18,The Lean Startup,Books,19.99,3,10,53.97,Brazil,Direct,Processing,38,Male
ORD-07436,2024-12-10,Desk Lamp,Furniture,44.99,5,20,179.96,Japan,Email,Delivered,38,Male
ORD-07437,2023-02-28,Sunscreen SPF50,Beauty,22.99,5,0,114.95,Australia,Referral,Delivered,52,Female
ORD-07438,2024-03-25,The Lean Startup,Books,19.99,5,0,99.95,Australia,Organic,Delivered,56,Male
ORD-07439,2024-11-26,Webcam HD,Electronics,89.99,3,5,256.47,Brazil,Organic,Cancelled,63,Other
ORD-07440,2024-07-30,Coffee Maker,Kitchen,89.99,5,0,449.95,Brazil,Social Media,Delivered,31,Female
ORD-07441,2023-04-19,Laptop Pro 15,Electronics,1299.99,1,15,1104.99,Canada,Direct,Returned,57,Female
ORD-07442,2024-09-19,Air Fryer,Kitchen,129.99,4,0,519.96,Australia,Organic,Returned,53,Female
ORD-07443,2023-12-26,Desk Lamp,Furniture,44.99,1,0,44.99,Germany,Paid Ads,Delivered,54,Other
ORD-07444,2023-09-09,Standing Desk,Furniture,549.99,1,0,549.99,USA,Organic,Delivered,37,Female
ORD-07445,2023-10-08,Mechanical Keyboard,Electronics,149.99,5,5,712.45,Canada,Direct,Processing,60,Female
ORD-07446,2023-03-14,Blender Pro,Kitchen,74.99,1,0,74.99,Japan,Email,Delivered,51,Male
ORD-07447,2024-02-01,Deep Work,Books,18.99,2,0,37.98,France,Organic,Delivered,23,Female
ORD-07448,2023-03-21,Running Shoes,Sports,119.99,1,20,95.99,Germany,Direct,Shipped,19,Other
ORD-07449,2024-04-15,Mechanical Keyboard,Electronics,149.99,5,0,749.95,Japan,Email,Processing,21,Other
ORD-07450,2024-04-21,Python Crash Course,Books,34.99,2,5,66.48,Germany,Direct,Delivered,44,Other
ORD-07451,2023-05-27,Desk Lamp,Furniture,44.99,3,10,121.47,Canada,Email,Delivered,44,Male
ORD-07452,2023-03-28,Wireless Mouse,Electronics,29.99,1,5,28.49,Brazil,Email,Delivered,21,Male
ORD-07453,2024-08-31,Instant Pot,Kitchen,99.99,4,0,399.96,UK,Referral,Delivered,26,Female
ORD-07454,2024-10-06,Blender Pro,Kitchen,74.99,4,5,284.96,UK,Referral,Delivered,42,Male
ORD-07455,2023-01-04,The Lean Startup,Books,19.99,3,20,47.98,Germany,Email,Delivered,18,Female
ORD-07456,2023-03-05,Laptop Pro 15,Electronics,1299.99,1,0,1299.99,Canada,Paid Ads,Delivered,64,Male
ORD-07457,2023-06-23,Instant Pot,Kitchen,99.99,4,10,359.96,Germany,Referral,Delivered,38,Male
ORD-07458,2023-02-06,Mechanical Keyboard,Electronics,149.99,1,20,119.99,UK,Direct,Shipped,54,Male
ORD-07459,2023-10-03,Skincare Set,Beauty,59.99,5,0,299.95,USA,Email,Shipped,45,Other
ORD-07460,2024-06-14,Python Crash Course,Books,34.99,1,0,34.99,UK,Social Media,Processing,37,Male
ORD-07461,2023-03-25,Sunscreen SPF50,Beauty,22.99,4,0,91.96,Canada,Referral,Delivered,65,Male
ORD-07462,2024-01-07,Mechanical Keyboard,Electronics,149.99,5,5,712.45,France,Paid Ads,Processing,39,Other
ORD-07463,2024-10-08,Standing Desk,Furniture,549.99,1,5,522.49,Brazil,Paid Ads,Delivered,22,Female
ORD-07464,2023-01-21,4K Monitor,Electronics,499.99,3,0,1499.97,France,Referral,Shipped,38,Female
ORD-07465,2023-02-06,Webcam HD,Electronics,89.99,3,15,229.47,Canada,Direct,Delivered,51,Other
ORD-07466,2023-05-26,Protein Powder,Sports,54.99,3,15,140.22,USA,Social Media,Cancelled,47,Female
ORD-07467,2024-09-24,Protein Powder,Sports,54.99,1,0,54.99,France,Paid Ads,Delivered,59,Male
ORD-07468,2024-03-04,Running Shoes,Sports,119.99,2,0,239.98,Canada,Paid Ads,Delivered,60,Female
ORD-07469,2024-10-06,Protein Powder,Sports,54.99,3,10,148.47,Brazil,Email,Delivered,61,Male
ORD-07470,2023-06-07,Laptop Pro 15,Electronics,1299.99,2,0,2599.98,Japan,Organic,Cancelled,31,Other
ORD-07471,2024-10-14,4K Monitor,Electronics,499.99,1,0,499.99,UK,Referral,Shipped,46,Female
ORD-07472,2024-04-18,Dumbbells Set,Sports,79.99,3,10,215.97,Canada,Paid Ads,Processing,65,Female
ORD-07473,2024-07-21,Laptop Pro 15,Electronics,1299.99,4,0,5199.96,USA,Organic,Returned,37,Other
ORD-07474,2024-03-18,Yoga Mat,Sports,39.99,1,15,33.99,Japan,Email,Shipped,46,Female
ORD-07475,2023-06-28,Deep Work,Books,18.99,4,0,75.96,Canada,Direct,Processing,45,Other
ORD-07476,2023-11-16,Coffee Maker,Kitchen,89.99,5,0,449.95,USA,Social Media,Returned,63,Female
ORD-07477,2023-05-06,Bookshelf,Furniture,189.99,3,20,455.98,Australia,Social Media,Returned,38,Other
ORD-07478,2024-05-29,Dumbbells Set,Sports,79.99,3,5,227.97,Australia,Email,Shipped,63,Male
ORD-07479,2023-09-09,Instant Pot,Kitchen,99.99,4,0,399.96,Australia,Paid Ads,Delivered,28,Female
ORD-07480,2024-05-29,Skincare Set,Beauty,59.99,5,0,299.95,Canada,Referral,Returned,47,Male
ORD-07481,2023-05-30,Sunscreen SPF50,Beauty,22.99,2,20,36.78,Brazil,Email,Shipped,38,Female
ORD-07482,2024-07-01,Air Fryer,Kitchen,129.99,3,0,389.97,Brazil,Social Media,Returned,56,Female
ORD-07483,2024-03-14,Instant Pot,Kitchen,99.99,3,0,299.97,France,Direct,Delivered,30,Other
ORD-07484,2023-01-31,Skincare Set,Beauty,59.99,1,0,59.99,UK,Social Media,Delivered,42,Female
ORD-07485,2023-12-01,Sunscreen SPF50,Beauty,22.99,5,0,114.95,Australia,Paid Ads,Processing,53,Male
ORD-07486,2023-08-09,4K Monitor,Electronics,499.99,2,0,999.98,Australia,Direct,Delivered,31,Female
ORD-07487,2024-02-01,Bookshelf,Furniture,189.99,5,20,759.96,Canada,Paid Ads,Returned,51,Other
ORD-07488,2024-03-01,Office Chair,Furniture,299.99,4,15,1019.97,Australia,Social Media,Processing,58,Male
ORD-07489,2024-11-11,Laptop Pro 15,Electronics,1299.99,2,20,2079.98,USA,Organic,Delivered,32,Other
ORD-07490,2024-04-22,Air Fryer,Kitchen,129.99,4,0,519.96,UK,Social Media,Cancelled,47,Female
ORD-07491,2023-01-09,Mechanical Keyboard,Electronics,149.99,3,0,449.97,UK,Organic,Delivered,65,Other
ORD-07492,2023-04-21,Air Fryer,Kitchen,129.99,4,20,415.97,Canada,Paid Ads,Delivered,40,Male
ORD-07493,2024-09-16,Dumbbells Set,Sports,79.99,2,10,143.98,UK,Organic,Delivered,52,Female
ORD-07494,2024-02-19,Protein Powder,Sports,54.99,1,10,49.49,UK,Email,Delivered,56,Female
ORD-07495,2024-10-14,Office Chair,Furniture,299.99,1,0,299.99,Brazil,Direct,Processing,26,Male
ORD-07496,2024-01-15,USB-C Hub,Electronics,49.99,1,15,42.49,UK,Organic,Delivered,59,Other
ORD-07497,2023-09-29,Water Bottle,Sports,24.99,2,0,49.98,USA,Paid Ads,Shipped,49,Male
ORD-07498,2023-05-22,Sunscreen SPF50,Beauty,22.99,1,15,19.54,Japan,Social Media,Shipped,54,Female
ORD-07499,2023-05-30,Desk Lamp,Furniture,44.99,4,15,152.97,Germany,Referral,Delivered,58,Other
ORD-07500,2023-06-27,Standing Desk,Furniture,549.99,2,0,1099.98,Japan,Email,Shipped,65,Male
ORD-07501,2024-12-12,Air Fryer,Kitchen,129.99,1,0,129.99,France,Paid Ads,Delivered,65,Male
ORD-07502,2024-04-14,Protein Powder,Sports,54.99,2,20,87.98,Brazil,Organic,Delivered,24,Female
ORD-07503,2023-07-10,Bookshelf,Furniture,189.99,3,0,569.97,Germany,Organic,Returned,42,Other
ORD-07504,2023-09-21,Skincare Set,Beauty,59.99,4,0,239.96,France,Paid Ads,Processing,64,Male
ORD-07505,2024-06-02,Skincare Set,Beauty,59.99,1,5,56.99,Brazil,Social Media,Cancelled,64,Male
ORD-07506,2024-12-08,Atomic Habits,Books,16.99,5,20,67.96,Australia,Social Media,Returned,21,Female
ORD-07507,2024-06-29,Water Bottle,Sports,24.99,4,0,99.96,Germany,Referral,Returned,55,Female
ORD-07508,2024-05-15,Protein Powder,Sports,54.99,2,20,87.98,Brazil,Paid Ads,Cancelled,37,Female
ORD-07509,2024-09-13,Desk Lamp,Furniture,44.99,5,10,202.46,Canada,Paid Ads,Returned,36,Female
ORD-07510,2023-12-20,Instant Pot,Kitchen,99.99,3,0,299.97,France,Paid Ads,Delivered,19,Male
ORD-07511,2023-04-26,Water Bottle,Sports,24.99,5,10,112.45,Japan,Organic,Delivered,48,Female
ORD-07512,2024-06-23,Protein Powder,Sports,54.99,3,0,164.97,Germany,Referral,Cancelled,59,Male
ORD-07513,2023-12-21,Desk Lamp,Furniture,44.99,5,10,202.46,Japan,Email,Delivered,65,Female
ORD-07514,2024-08-31,Webcam HD,Electronics,89.99,2,0,179.98,Australia,Paid Ads,Cancelled,18,Male
ORD-07515,2024-11-18,Air Fryer,Kitchen,129.99,2,15,220.98,Australia,Direct,Delivered,30,Other
ORD-07516,2023-12-09,Blender Pro,Kitchen,74.99,2,20,119.98,Australia,Email,Cancelled,31,Female
ORD-07517,2024-05-14,Blender Pro,Kitchen,74.99,2,0,149.98,Canada,Social Media,Delivered,37,Female
ORD-07518,2024-06-27,Skincare Set,Beauty,59.99,4,20,191.97,USA,Organic,Delivered,24,Other
ORD-07519,2023-04-30,USB-C Hub,Electronics,49.99,4,0,199.96,UK,Email,Delivered,60,Male
ORD-07520,2024-01-09,Atomic Habits,Books,16.99,2,5,32.28,Canada,Social Media,Returned,54,Other
ORD-07521,2023-06-30,Mechanical Keyboard,Electronics,149.99,3,0,449.97,Australia,Email,Processing,37,Female
ORD-07522,2023-08-14,Atomic Habits,Books,16.99,4,10,61.16,Brazil,Organic,Shipped,22,Male
ORD-07523,2023-11-28,Blender Pro,Kitchen,74.99,5,0,374.95,Australia,Direct,Cancelled,50,Other
ORD-07524,2024-08-21,USB-C Hub,Electronics,49.99,1,0,49.99,France,Referral,Returned,29,Female
ORD-07525,2024-03-19,Webcam HD,Electronics,89.99,4,0,359.96,Japan,Social Media,Delivered,61,Male
ORD-07526,2023-05-08,Bookshelf,Furniture,189.99,1,20,151.99,Canada,Organic,Cancelled,56,Other
ORD-07527,2023-05-25,Atomic Habits,Books,16.99,4,15,57.77,Brazil,Referral,Delivered,27,Other
ORD-07528,2024-12-12,Python Crash Course,Books,34.99,4,0,139.96,UK,Social Media,Delivered,43,Other
ORD-07529,2024-03-26,4K Monitor,Electronics,499.99,1,15,424.99,Brazil,Direct,Delivered,20,Female
ORD-07530,2024-01-20,Coffee Maker,Kitchen,89.99,5,0,449.95,Canada,Direct,Processing,38,Other
ORD-07531,2024-02-10,The Lean Startup,Books,19.99,3,10,53.97,France,Social Media,Delivered,44,Female
ORD-07532,2024-08-08,Yoga Mat,Sports,39.99,2,0,79.98,UK,Organic,Delivered,42,Other
ORD-07533,2024-12-25,Atomic Habits,Books,16.99,3,0,50.97,USA,Paid Ads,Shipped,65,Male
ORD-07534,2023-04-12,The Lean Startup,Books,19.99,1,5,18.99,USA,Direct,Delivered,44,Male
ORD-07535,2023-06-23,Yoga Mat,Sports,39.99,3,15,101.97,UK,Referral,Delivered,28,Male
ORD-07536,2024-08-31,Blender Pro,Kitchen,74.99,1,5,71.24,Australia,Email,Delivered,30,Other
ORD-07537,2023-03-05,Desk Lamp,Furniture,44.99,2,20,71.98,Brazil,Organic,Cancelled,60,Female
ORD-07538,2024-06-07,Water Bottle,Sports,24.99,3,0,74.97,France,Paid Ads,Delivered,18,Female
ORD-07539,2024-10-23,Water Bottle,Sports,24.99,3,20,59.98,Brazil,Direct,Shipped,48,Female
ORD-07540,2023-05-05,Air Fryer,Kitchen,129.99,3,5,370.47,Australia,Organic,Processing,31,Male
ORD-07541,2024-02-16,Yoga Mat,Sports,39.99,2,20,63.98,Canada,Social Media,Delivered,33,Other
ORD-07542,2024-03-19,Running Shoes,Sports,119.99,1,0,119.99,Brazil,Direct,Delivered,47,Other
ORD-07543,2024-06-01,Standing Desk,Furniture,549.99,4,20,1759.97,USA,Email,Delivered,29,Female
ORD-07544,2023-01-24,Desk Lamp,Furniture,44.99,4,5,170.96,Japan,Organic,Shipped,54,Other
ORD-07545,2024-11-20,Office Chair,Furniture,299.99,1,10,269.99,Australia,Direct,Delivered,45,Male
ORD-07546,2023-02-18,Bookshelf,Furniture,189.99,5,10,854.96,Japan,Social Media,Delivered,65,Male
ORD-07547,2023-05-20,Standing Desk,Furniture,549.99,3,5,1567.47,France,Organic,Cancelled,63,Female
ORD-07548,2023-03-07,Webcam HD,Electronics,89.99,3,0,269.97,France,Paid Ads,Processing,45,Other
ORD-07549,2023-10-18,The Lean Startup,Books,19.99,2,0,39.98,Japan,Organic,Delivered,18,Male
ORD-07550,2024-07-19,Blender Pro,Kitchen,74.99,2,0,149.98,Brazil,Organic,Shipped,58,Male
ORD-07551,2024-06-27,Atomic Habits,Books,16.99,1,10,15.29,Germany,Direct,Cancelled,55,Other
ORD-07552,2024-10-18,4K Monitor,Electronics,499.99,4,0,1999.96,UK,Referral,Processing,54,Male
ORD-07553,2024-07-26,Mechanical Keyboard,Electronics,149.99,5,10,674.96,Brazil,Referral,Delivered,24,Female
ORD-07554,2023-12-07,Laptop Pro 15,Electronics,1299.99,1,20,1039.99,UK,Email,Cancelled,41,Female
ORD-07555,2024-03-07,Skincare Set,Beauty,59.99,1,0,59.99,USA,Referral,Shipped,63,Female
ORD-07556,2024-12-01,Protein Powder,Sports,54.99,2,0,109.98,Japan,Paid Ads,Delivered,56,Male
ORD-07557,2023-12-08,4K Monitor,Electronics,499.99,5,10,2249.95,Germany,Paid Ads,Processing,24,Female
ORD-07558,2024-03-22,Protein Powder,Sports,54.99,1,5,52.24,Brazil,Paid Ads,Delivered,31,Male
ORD-07559,2024-09-21,Sunscreen SPF50,Beauty,22.99,4,0,91.96,Germany,Organic,Delivered,38,Male
ORD-07560,2024-12-31,Skincare Set,Beauty,59.99,4,15,203.97,Japan,Paid Ads,Returned,40,Female
ORD-07561,2024-09-23,Yoga Mat,Sports,39.99,4,5,151.96,Australia,Organic,Delivered,51,Male
ORD-07562,2023-11-25,Bookshelf,Furniture,189.99,4,15,645.97,Australia,Organic,Shipped,31,Other
ORD-07563,2023-04-23,Desk Lamp,Furniture,44.99,2,5,85.48,UK,Social Media,Delivered,52,Other
ORD-07564,2023-07-18,Bookshelf,Furniture,189.99,2,10,341.98,UK,Direct,Delivered,36,Male
ORD-07565,2023-08-28,Protein Powder,Sports,54.99,1,0,54.99,Germany,Social Media,Shipped,18,Other
ORD-07566,2024-04-29,Water Bottle,Sports,24.99,5,5,118.7,Brazil,Social Media,Shipped,37,Other
ORD-07567,2023-10-30,Bookshelf,Furniture,189.99,3,0,569.97,France,Referral,Delivered,25,Other
ORD-07568,2024-05-15,Running Shoes,Sports,119.99,5,10,539.95,Canada,Organic,Returned,26,Female
ORD-07569,2023-11-30,The Lean Startup,Books,19.99,5,5,94.95,Brazil,Social Media,Returned,20,Female
ORD-07570,2023-03-01,Running Shoes,Sports,119.99,1,0,119.99,UK,Paid Ads,Delivered,60,Female
ORD-07571,2024-01-18,Wireless Mouse,Electronics,29.99,5,15,127.46,Japan,Social Media,Cancelled,44,Other
ORD-07572,2024-07-30,Bookshelf,Furniture,189.99,2,10,341.98,Brazil,Social Media,Delivered,48,Female
ORD-07573,2023-03-22,Yoga Mat,Sports,39.99,3,0,119.97,Canada,Social Media,Cancelled,33,Other
ORD-07574,2024-06-15,Instant Pot,Kitchen,99.99,2,0,199.98,UK,Organic,Shipped,41,Female
ORD-07575,2023-05-19,Coffee Maker,Kitchen,89.99,5,5,427.45,Japan,Email,Delivered,44,Male
ORD-07576,2024-12-31,Sunscreen SPF50,Beauty,22.99,1,5,21.84,Brazil,Direct,Delivered,33,Other
ORD-07577,2023-08-27,Running Shoes,Sports,119.99,4,5,455.96,Brazil,Email,Delivered,37,Male
ORD-07578,2023-02-04,Skincare Set,Beauty,59.99,5,0,299.95,Germany,Referral,Shipped,25,Other
ORD-07579,2023-04-25,The Lean Startup,Books,19.99,2,15,33.98,USA,Organic,Delivered,60,Female
ORD-07580,2023-02-06,Coffee Maker,Kitchen,89.99,2,0,179.98,Canada,Email,Cancelled,61,Male
ORD-07581,2024-05-12,Running Shoes,Sports,119.99,2,20,191.98,USA,Paid Ads,Delivered,60,Male
ORD-07582,2024-03-23,Standing Desk,Furniture,549.99,4,0,2199.96,Japan,Direct,Delivered,24,Other
ORD-07583,2023-10-01,Python Crash Course,Books,34.99,5,20,139.96,Brazil,Direct,Cancelled,57,Female
ORD-07584,2024-06-22,Atomic Habits,Books,16.99,5,0,84.95,Australia,Referral,Cancelled,63,Other
ORD-07585,2024-05-18,Coffee Maker,Kitchen,89.99,3,5,256.47,Brazil,Organic,Delivered,36,Other
ORD-07586,2023-03-30,Desk Lamp,Furniture,44.99,5,20,179.96,France,Email,Delivered,59,Other
ORD-07587,2023-02-25,Standing Desk,Furniture,549.99,5,15,2337.46,Canada,Paid Ads,Cancelled,63,Other
ORD-07588,2023-12-29,Mechanical Keyboard,Electronics,149.99,1,10,134.99,Germany,Paid Ads,Returned,49,Other
ORD-07589,2024-06-13,Standing Desk,Furniture,549.99,4,10,1979.96,Japan,Referral,Cancelled,56,Other
ORD-07590,2024-06-21,Water Bottle,Sports,24.99,2,0,49.98,USA,Paid Ads,Delivered,42,Female
ORD-07591,2023-03-03,Air Fryer,Kitchen,129.99,2,0,259.98,Australia,Paid Ads,Delivered,24,Male
ORD-07592,2023-10-07,Sunscreen SPF50,Beauty,22.99,2,0,45.98,Brazil,Email,Delivered,24,Male
ORD-07593,2023-08-10,Protein Powder,Sports,54.99,2,20,87.98,France,Referral,Delivered,48,Female
ORD-07594,2023-02-24,Yoga Mat,Sports,39.99,5,5,189.95,UK,Organic,Processing,35,Other
ORD-07595,2024-11-27,Deep Work,Books,18.99,2,20,30.38,Brazil,Organic,Delivered,38,Male
ORD-07596,2024-06-18,Bookshelf,Furniture,189.99,5,5,902.45,Japan,Organic,Delivered,62,Other
ORD-07597,2024-04-04,Bookshelf,Furniture,189.99,4,5,721.96,Canada,Organic,Cancelled,30,Female
ORD-07598,2023-11-04,Air Fryer,Kitchen,129.99,3,5,370.47,UK,Social Media,Cancelled,32,Male
ORD-07599,2023-12-19,Skincare Set,Beauty,59.99,2,15,101.98,Germany,Direct,Delivered,53,Other
ORD-07600,2024-08-13,Deep Work,Books,18.99,3,0,56.97,UK,Paid Ads,Returned,21,Male
ORD-07601,2024-06-16,Sunscreen SPF50,Beauty,22.99,3,10,62.07,USA,Social Media,Delivered,19,Male
ORD-07602,2023-10-14,Mechanical Keyboard,Electronics,149.99,4,0,599.96,Germany,Email,Cancelled,34,Male
ORD-07603,2023-09-07,Python Crash Course,Books,34.99,2,0,69.98,UK,Paid Ads,Delivered,58,Male
ORD-07604,2023-11-15,USB-C Hub,Electronics,49.99,3,15,127.47,Brazil,Organic,Returned,50,Other
ORD-07605,2024-05-08,Standing Desk,Furniture,549.99,2,20,879.98,UK,Email,Returned,48,Other
ORD-07606,2024-11-06,Skincare Set,Beauty,59.99,3,15,152.97,Canada,Direct,Processing,29,Male
ORD-07607,2023-02-05,Mechanical Keyboard,Electronics,149.99,4,0,599.96,Brazil,Social Media,Processing,26,Male
ORD-07608,2024-12-26,Protein Powder,Sports,54.99,1,5,52.24,Australia,Organic,Cancelled,49,Other
ORD-07609,2024-08-04,Bookshelf,Furniture,189.99,2,0,379.98,Germany,Paid Ads,Delivered,61,Male
ORD-07610,2024-11-09,Skincare Set,Beauty,59.99,3,10,161.97,Japan,Organic,Processing,44,Other
ORD-07611,2024-10-21,Air Fryer,Kitchen,129.99,3,0,389.97,Japan,Email,Delivered,48,Male
ORD-07612,2023-10-10,Office Chair,Furniture,299.99,4,0,1199.96,Japan,Social Media,Cancelled,52,Other
ORD-07613,2024-03-19,Sunscreen SPF50,Beauty,22.99,5,5,109.2,Canada,Paid Ads,Shipped,50,Female
ORD-07614,2024-12-14,Sunscreen SPF50,Beauty,22.99,4,5,87.36,UK,Direct,Shipped,25,Male
ORD-07615,2023-03-09,Deep Work,Books,18.99,5,10,85.45,Germany,Direct,Cancelled,56,Male
ORD-07616,2024-05-19,Standing Desk,Furniture,549.99,4,0,2199.96,Brazil,Direct,Delivered,18,Male
ORD-07617,2023-06-25,Air Fryer,Kitchen,129.99,4,10,467.96,Japan,Paid Ads,Cancelled,35,Female
ORD-07618,2023-12-11,Webcam HD,Electronics,89.99,4,10,323.96,France,Paid Ads,Delivered,62,Male
ORD-07619,2023-08-13,Coffee Maker,Kitchen,89.99,5,5,427.45,USA,Email,Returned,36,Female
ORD-07620,2023-12-15,Deep Work,Books,18.99,3,15,48.42,UK,Direct,Returned,52,Female
ORD-07621,2024-07-09,Air Fryer,Kitchen,129.99,3,10,350.97,Brazil,Direct,Delivered,56,Other
ORD-07622,2023-07-18,Instant Pot,Kitchen,99.99,2,0,199.98,Germany,Direct,Processing,27,Male
ORD-07623,2024-01-23,Atomic Habits,Books,16.99,4,10,61.16,Brazil,Organic,Cancelled,61,Male
ORD-07624,2024-04-26,Office Chair,Furniture,299.99,3,15,764.97,Brazil,Referral,Delivered,36,Female
ORD-07625,2024-05-10,Instant Pot,Kitchen,99.99,4,0,399.96,Germany,Organic,Processing,27,Female
ORD-07626,2024-03-04,Water Bottle,Sports,24.99,2,0,49.98,UK,Paid Ads,Delivered,27,Male
ORD-07627,2023-12-21,Desk Lamp,Furniture,44.99,3,0,134.97,France,Organic,Delivered,28,Female
ORD-07628,2024-02-07,Water Bottle,Sports,24.99,2,15,42.48,Australia,Direct,Returned,18,Other
ORD-07629,2023-10-15,Protein Powder,Sports,54.99,3,15,140.22,Brazil,Paid Ads,Delivered,36,Other
ORD-07630,2023-06-04,Blender Pro,Kitchen,74.99,4,5,284.96,Canada,Paid Ads,Returned,60,Female
ORD-07631,2024-05-18,Desk Lamp,Furniture,44.99,4,0,179.96,Germany,Referral,Delivered,61,Other
ORD-07632,2023-03-02,Python Crash Course,Books,34.99,1,0,34.99,USA,Paid Ads,Delivered,38,Other
ORD-07633,2024-06-24,Blender Pro,Kitchen,74.99,4,0,299.96,UK,Direct,Shipped,59,Other
ORD-07634,2023-09-03,Coffee Maker,Kitchen,89.99,5,20,359.96,Japan,Referral,Shipped,56,Male
ORD-07635,2024-11-04,Sunscreen SPF50,Beauty,22.99,2,20,36.78,Germany,Paid Ads,Processing,30,Other
ORD-07636,2023-07-20,The Lean Startup,Books,19.99,4,20,63.97,Japan,Referral,Processing,31,Other
ORD-07637,2024-02-13,The Lean Startup,Books,19.99,5,20,79.96,Canada,Social Media,Processing,25,Female
ORD-07638,2023-08-04,Atomic Habits,Books,16.99,4,10,61.16,UK,Email,Delivered,29,Other
ORD-07639,2023-05-26,Yoga Mat,Sports,39.99,3,0,119.97,Brazil,Direct,Processing,63,Other
ORD-07640,2024-09-22,Yoga Mat,Sports,39.99,4,10,143.96,Brazil,Paid Ads,Cancelled,58,Female
ORD-07641,2023-05-17,Mechanical Keyboard,Electronics,149.99,5,10,674.96,USA,Email,Processing,34,Other
ORD-07642,2024-02-18,Laptop Pro 15,Electronics,1299.99,2,0,2599.98,France,Paid Ads,Processing,57,Other
ORD-07643,2023-12-26,Wireless Mouse,Electronics,29.99,5,5,142.45,Brazil,Paid Ads,Cancelled,27,Female
ORD-07644,2024-11-09,Air Fryer,Kitchen,129.99,4,0,519.96,UK,Organic,Shipped,43,Female
ORD-07645,2024-04-12,Skincare Set,Beauty,59.99,4,20,191.97,Japan,Email,Cancelled,63,Male
ORD-07646,2024-12-19,Coffee Maker,Kitchen,89.99,4,0,359.96,UK,Referral,Delivered,40,Other
ORD-07647,2024-08-13,Desk Lamp,Furniture,44.99,3,5,128.22,Germany,Paid Ads,Delivered,41,Male
ORD-07648,2024-12-09,Python Crash Course,Books,34.99,3,0,104.97,Japan,Paid Ads,Delivered,26,Female
ORD-07649,2023-05-01,Wireless Mouse,Electronics,29.99,2,0,59.98,Canada,Social Media,Processing,62,Female
ORD-07650,2024-05-25,Running Shoes,Sports,119.99,4,0,479.96,UK,Referral,Processing,35,Other
ORD-07651,2023-04-24,Coffee Maker,Kitchen,89.99,5,20,359.96,Japan,Email,Delivered,31,Male
ORD-07652,2024-08-17,Water Bottle,Sports,24.99,1,5,23.74,Germany,Social Media,Shipped,29,Female
ORD-07653,2024-04-23,Standing Desk,Furniture,549.99,2,10,989.98,Australia,Email,Returned,27,Female
ORD-07654,2024-11-07,Instant Pot,Kitchen,99.99,5,0,499.95,USA,Organic,Shipped,26,Other
ORD-07655,2024-11-24,Instant Pot,Kitchen,99.99,3,20,239.98,Germany,Referral,Cancelled,63,Other
ORD-07656,2023-12-30,The Lean Startup,Books,19.99,1,0,19.99,Japan,Email,Cancelled,62,Other
ORD-07657,2023-06-14,Instant Pot,Kitchen,99.99,3,15,254.97,Australia,Direct,Delivered,38,Male
ORD-07658,2023-10-01,Coffee Maker,Kitchen,89.99,1,0,89.99,Brazil,Direct,Delivered,40,Other
ORD-07659,2024-09-13,Python Crash Course,Books,34.99,3,0,104.97,Germany,Social Media,Returned,38,Male
ORD-07660,2024-01-26,Water Bottle,Sports,24.99,5,10,112.45,Japan,Organic,Cancelled,21,Female
ORD-07661,2024-05-26,Skincare Set,Beauty,59.99,5,10,269.95,Brazil,Email,Delivered,27,Male
ORD-07662,2023-05-25,Instant Pot,Kitchen,99.99,4,0,399.96,Japan,Direct,Cancelled,23,Female
ORD-07663,2023-09-05,Yoga Mat,Sports,39.99,1,0,39.99,Canada,Email,Delivered,26,Female
ORD-07664,2024-01-08,Skincare Set,Beauty,59.99,1,20,47.99,Brazil,Email,Returned,57,Female
ORD-07665,2024-12-10,Bookshelf,Furniture,189.99,5,0,949.95,USA,Social Media,Delivered,34,Female
ORD-07666,2023-09-04,Atomic Habits,Books,16.99,4,15,57.77,USA,Organic,Shipped,51,Male
ORD-07667,2023-06-08,Sunscreen SPF50,Beauty,22.99,1,5,21.84,Australia,Organic,Delivered,19,Female
ORD-07668,2024-09-18,Sunscreen SPF50,Beauty,22.99,5,15,97.71,UK,Social Media,Delivered,51,Female
ORD-07669,2024-08-05,Yoga Mat,Sports,39.99,5,15,169.96,Canada,Paid Ads,Returned,34,Female
ORD-07670,2023-11-23,Office Chair,Furniture,299.99,4,0,1199.96,Canada,Paid Ads,Delivered,26,Male
ORD-07671,2023-11-07,Skincare Set,Beauty,59.99,5,10,269.95,France,Social Media,Returned,23,Male
ORD-07672,2024-09-28,Sunscreen SPF50,Beauty,22.99,5,10,103.45,Australia,Direct,Delivered,46,Female
ORD-07673,2024-07-31,Coffee Maker,Kitchen,89.99,2,0,179.98,USA,Paid Ads,Processing,23,Female
ORD-07674,2024-03-20,Deep Work,Books,18.99,3,10,51.27,USA,Email,Delivered,40,Other
ORD-07675,2024-11-06,Blender Pro,Kitchen,74.99,4,10,269.96,Australia,Direct,Delivered,18,Female
ORD-07676,2023-08-02,Bookshelf,Furniture,189.99,1,15,161.49,UK,Paid Ads,Processing,49,Female
ORD-07677,2023-02-12,Instant Pot,Kitchen,99.99,5,15,424.96,UK,Organic,Shipped,30,Male
ORD-07678,2024-12-04,Standing Desk,Furniture,549.99,5,20,2199.96,Germany,Referral,Delivered,22,Female
ORD-07679,2023-11-18,4K Monitor,Electronics,499.99,5,5,2374.95,Japan,Paid Ads,Processing,54,Male
ORD-07680,2023-01-08,Sunscreen SPF50,Beauty,22.99,2,10,41.38,France,Organic,Delivered,27,Male
ORD-07681,2024-05-29,Office Chair,Furniture,299.99,1,0,299.99,Japan,Organic,Processing,30,Other
ORD-07682,2023-04-20,Deep Work,Books,18.99,1,0,18.99,Japan,Organic,Delivered,62,Other
ORD-07683,2024-07-13,Office Chair,Furniture,299.99,5,10,1349.96,Japan,Social Media,Delivered,57,Other
ORD-07684,2023-03-11,Atomic Habits,Books,16.99,3,0,50.97,USA,Referral,Returned,33,Other
ORD-07685,2024-03-14,Office Chair,Furniture,299.99,3,5,854.97,UK,Referral,Returned,29,Female
ORD-07686,2024-10-18,Wireless Mouse,Electronics,29.99,3,0,89.97,Brazil,Social Media,Processing,48,Male
ORD-07687,2023-12-11,Standing Desk,Furniture,549.99,4,0,2199.96,Germany,Organic,Returned,64,Male
ORD-07688,2024-01-16,Standing Desk,Furniture,549.99,1,10,494.99,France,Social Media,Cancelled,43,Male
ORD-07689,2024-01-05,Laptop Pro 15,Electronics,1299.99,1,0,1299.99,Germany,Social Media,Delivered,44,Female
ORD-07690,2024-10-05,Office Chair,Furniture,299.99,4,5,1139.96,USA,Social Media,Delivered,40,Other
ORD-07691,2023-01-22,The Lean Startup,Books,19.99,3,15,50.97,Australia,Direct,Shipped,45,Female
ORD-07692,2024-05-11,Atomic Habits,Books,16.99,5,0,84.95,Brazil,Referral,Cancelled,33,Other
ORD-07693,2023-04-09,Coffee Maker,Kitchen,89.99,3,5,256.47,France,Paid Ads,Shipped,27,Other
ORD-07694,2024-08-30,Wireless Mouse,Electronics,29.99,2,0,59.98,Canada,Organic,Cancelled,54,Other
ORD-07695,2024-02-01,Laptop Pro 15,Electronics,1299.99,5,0,6499.95,USA,Paid Ads,Shipped,45,Female
ORD-07696,2024-05-24,USB-C Hub,Electronics,49.99,3,0,149.97,France,Direct,Cancelled,32,Male
ORD-07697,2023-03-24,Mechanical Keyboard,Electronics,149.99,1,20,119.99,USA,Paid Ads,Shipped,59,Female
ORD-07698,2024-11-20,4K Monitor,Electronics,499.99,2,5,949.98,Brazil,Paid Ads,Cancelled,53,Male
ORD-07699,2023-08-13,Yoga Mat,Sports,39.99,1,10,35.99,Germany,Organic,Delivered,41,Male
ORD-07700,2023-09-13,Python Crash Course,Books,34.99,5,20,139.96,USA,Paid Ads,Delivered,42,Male
ORD-07701,2023-07-20,Skincare Set,Beauty,59.99,2,10,107.98,Brazil,Social Media,Cancelled,27,Female
ORD-07702,2024-03-02,Protein Powder,Sports,54.99,4,10,197.96,Japan,Email,Returned,52,Male
ORD-07703,2024-11-05,Protein Powder,Sports,54.99,5,0,274.95,USA,Organic,Cancelled,41,Other
ORD-07704,2024-08-12,Blender Pro,Kitchen,74.99,3,15,191.22,Germany,Referral,Delivered,38,Female
ORD-07705,2024-01-17,Wireless Mouse,Electronics,29.99,1,20,23.99,Australia,Social Media,Delivered,61,Other
ORD-07706,2024-12-05,Skincare Set,Beauty,59.99,3,5,170.97,UK,Referral,Cancelled,21,Female
ORD-07707,2024-04-09,Coffee Maker,Kitchen,89.99,3,10,242.97,UK,Social Media,Processing,51,Male
ORD-07708,2023-12-22,Blender Pro,Kitchen,74.99,1,0,74.99,France,Email,Shipped,23,Other
ORD-07709,2024-11-04,Coffee Maker,Kitchen,89.99,3,0,269.97,UK,Email,Delivered,20,Male
ORD-07710,2024-02-21,Office Chair,Furniture,299.99,4,20,959.97,Canada,Email,Shipped,45,Other
ORD-07711,2024-07-20,Office Chair,Furniture,299.99,3,20,719.98,Australia,Direct,Delivered,33,Other
ORD-07712,2024-12-02,Standing Desk,Furniture,549.99,2,5,1044.98,Brazil,Email,Shipped,41,Other
ORD-07713,2024-09-27,Office Chair,Furniture,299.99,5,10,1349.96,USA,Paid Ads,Cancelled,32,Female
ORD-07714,2023-10-16,Sunscreen SPF50,Beauty,22.99,2,0,45.98,UK,Email,Delivered,29,Female
ORD-07715,2024-03-15,Dumbbells Set,Sports,79.99,5,20,319.96,France,Referral,Cancelled,24,Other
ORD-07716,2024-10-25,Standing Desk,Furniture,549.99,1,0,549.99,Japan,Paid Ads,Processing,51,Male
ORD-07717,2024-02-18,Running Shoes,Sports,119.99,3,10,323.97,USA,Direct,Delivered,31,Male
ORD-07718,2023-03-30,Blender Pro,Kitchen,74.99,3,0,224.97,Germany,Organic,Cancelled,30,Female
ORD-07719,2024-03-17,Mechanical Keyboard,Electronics,149.99,1,5,142.49,USA,Paid Ads,Shipped,50,Female
ORD-07720,2024-05-01,Running Shoes,Sports,119.99,3,0,359.97,Brazil,Referral,Returned,30,Female
ORD-07721,2023-06-24,Skincare Set,Beauty,59.99,2,0,119.98,UK,Email,Returned,42,Male
ORD-07722,2024-09-16,Instant Pot,Kitchen,99.99,4,10,359.96,Canada,Paid Ads,Delivered,51,Other
ORD-07723,2023-12-16,Blender Pro,Kitchen,74.99,5,20,299.96,France,Direct,Delivered,25,Male
ORD-07724,2024-10-11,Instant Pot,Kitchen,99.99,3,15,254.97,Brazil,Social Media,Delivered,51,Female
ORD-07725,2023-11-11,Desk Lamp,Furniture,44.99,3,0,134.97,Brazil,Paid Ads,Processing,48,Male
ORD-07726,2024-08-11,Air Fryer,Kitchen,129.99,4,0,519.96,Brazil,Social Media,Shipped,39,Female
ORD-07727,2024-05-11,Deep Work,Books,18.99,5,20,75.96,USA,Email,Delivered,50,Male
ORD-07728,2023-10-24,Dumbbells Set,Sports,79.99,2,0,159.98,UK,Organic,Processing,20,Other
ORD-07729,2023-11-20,Dumbbells Set,Sports,79.99,3,0,239.97,UK,Referral,Cancelled,26,Female
ORD-07730,2023-04-17,Office Chair,Furniture,299.99,2,10,539.98,Japan,Paid Ads,Delivered,53,Female
ORD-07731,2023-01-07,USB-C Hub,Electronics,49.99,4,20,159.97,UK,Direct,Shipped,21,Other
ORD-07732,2024-11-14,Standing Desk,Furniture,549.99,3,10,1484.97,UK,Social Media,Delivered,38,Male
ORD-07733,2023-09-09,Python Crash Course,Books,34.99,3,20,83.98,Canada,Organic,Delivered,41,Female
ORD-07734,2024-09-19,Mechanical Keyboard,Electronics,149.99,3,5,427.47,UK,Email,Cancelled,37,Male
ORD-07735,2023-12-26,Python Crash Course,Books,34.99,2,0,69.98,Brazil,Email,Processing,35,Male
ORD-07736,2024-09-25,USB-C Hub,Electronics,49.99,2,0,99.98,UK,Direct,Shipped,50,Male
ORD-07737,2023-01-16,Coffee Maker,Kitchen,89.99,1,5,85.49,UK,Referral,Delivered,48,Other
ORD-07738,2023-04-15,Blender Pro,Kitchen,74.99,3,0,224.97,UK,Social Media,Processing,40,Male
ORD-07739,2023-10-14,Deep Work,Books,18.99,3,0,56.97,Germany,Referral,Shipped,31,Female
ORD-07740,2024-07-16,Wireless Mouse,Electronics,29.99,4,0,119.96,Japan,Email,Cancelled,22,Other
ORD-07741,2023-02-20,Atomic Habits,Books,16.99,3,0,50.97,UK,Email,Returned,52,Female
ORD-07742,2024-06-26,4K Monitor,Electronics,499.99,4,15,1699.97,Canada,Paid Ads,Cancelled,19,Other
ORD-07743,2024-09-10,Wireless Mouse,Electronics,29.99,4,0,119.96,France,Direct,Shipped,35,Female
ORD-07744,2023-12-15,Laptop Pro 15,Electronics,1299.99,2,0,2599.98,USA,Email,Cancelled,18,Female
ORD-07745,2024-01-02,Instant Pot,Kitchen,99.99,1,15,84.99,USA,Referral,Delivered,50,Female
ORD-07746,2023-08-25,Running Shoes,Sports,119.99,1,0,119.99,Canada,Email,Cancelled,42,Male
ORD-07747,2023-05-23,Desk Lamp,Furniture,44.99,2,0,89.98,Germany,Email,Delivered,45,Other
ORD-07748,2023-11-28,Wireless Mouse,Electronics,29.99,3,20,71.98,Germany,Paid Ads,Cancelled,42,Male
ORD-07749,2023-12-06,Deep Work,Books,18.99,1,0,18.99,Brazil,Paid Ads,Delivered,31,Female
ORD-07750,2023-05-25,Webcam HD,Electronics,89.99,4,20,287.97,Australia,Social Media,Processing,31,Male
ORD-07751,2023-12-19,Running Shoes,Sports,119.99,5,5,569.95,Germany,Social Media,Returned,41,Male
ORD-07752,2023-07-19,Blender Pro,Kitchen,74.99,3,20,179.98,Japan,Social Media,Delivered,44,Male
ORD-07753,2024-10-10,Standing Desk,Furniture,549.99,1,15,467.49,USA,Referral,Processing,57,Other
ORD-07754,2024-04-14,Webcam HD,Electronics,89.99,4,0,359.96,USA,Direct,Delivered,23,Female
ORD-07755,2024-11-01,Instant Pot,Kitchen,99.99,2,0,199.98,Japan,Social Media,Delivered,22,Other
ORD-07756,2024-09-21,USB-C Hub,Electronics,49.99,2,5,94.98,Australia,Email,Delivered,63,Male
ORD-07757,2024-10-18,Sunscreen SPF50,Beauty,22.99,2,15,39.08,Australia,Social Media,Returned,29,Female
ORD-07758,2023-02-11,Wireless Mouse,Electronics,29.99,4,0,119.96,Canada,Paid Ads,Delivered,51,Female
ORD-07759,2023-07-28,Office Chair,Furniture,299.99,4,10,1079.96,Germany,Referral,Cancelled,56,Female
ORD-07760,2024-08-09,Water Bottle,Sports,24.99,3,10,67.47,Canada,Paid Ads,Delivered,22,Other
ORD-07761,2024-05-09,Dumbbells Set,Sports,79.99,4,0,319.96,Canada,Referral,Delivered,57,Female
ORD-07762,2024-04-14,Office Chair,Furniture,299.99,4,0,1199.96,Australia,Organic,Delivered,50,Other
ORD-07763,2024-11-20,Coffee Maker,Kitchen,89.99,3,5,256.47,Germany,Referral,Delivered,45,Female
ORD-07764,2024-02-22,Bookshelf,Furniture,189.99,3,20,455.98,Brazil,Organic,Delivered,23,Other
ORD-07765,2023-01-04,USB-C Hub,Electronics,49.99,2,0,99.98,UK,Paid Ads,Delivered,59,Other
ORD-07766,2024-06-12,Python Crash Course,Books,34.99,3,20,83.98,Germany,Direct,Returned,61,Female
ORD-07767,2023-07-02,USB-C Hub,Electronics,49.99,3,0,149.97,Germany,Social Media,Delivered,61,Female
ORD-07768,2024-04-09,Water Bottle,Sports,24.99,5,10,112.45,Germany,Referral,Shipped,51,Male
ORD-07769,2024-07-29,Instant Pot,Kitchen,99.99,2,0,199.98,Canada,Social Media,Returned,36,Male
ORD-07770,2023-02-06,Coffee Maker,Kitchen,89.99,2,0,179.98,Germany,Social Media,Delivered,22,Female
ORD-07771,2023-03-06,Python Crash Course,Books,34.99,2,15,59.48,France,Email,Shipped,19,Female
ORD-07772,2024-06-29,Skincare Set,Beauty,59.99,5,15,254.96,Canada,Direct,Delivered,48,Male
ORD-07773,2024-01-02,Python Crash Course,Books,34.99,3,5,99.72,UK,Organic,Processing,20,Other
ORD-07774,2023-03-20,Wireless Mouse,Electronics,29.99,2,20,47.98,USA,Paid Ads,Delivered,24,Other
ORD-07775,2023-05-24,Running Shoes,Sports,119.99,5,0,599.95,Australia,Organic,Delivered,24,Female
ORD-07776,2024-09-02,The Lean Startup,Books,19.99,2,0,39.98,Germany,Paid Ads,Processing,40,Female
ORD-07777,2023-04-12,Dumbbells Set,Sports,79.99,2,0,159.98,Japan,Paid Ads,Cancelled,26,Female
ORD-07778,2023-05-11,Mechanical Keyboard,Electronics,149.99,3,0,449.97,Australia,Paid Ads,Shipped,24,Female
ORD-07779,2024-10-23,Wireless Mouse,Electronics,29.99,3,0,89.97,UK,Referral,Shipped,49,Other
ORD-07780,2024-03-27,Python Crash Course,Books,34.99,5,10,157.46,USA,Organic,Cancelled,25,Other
ORD-07781,2023-12-28,Sunscreen SPF50,Beauty,22.99,5,0,114.95,Germany,Paid Ads,Shipped,52,Female
ORD-07782,2023-07-10,Running Shoes,Sports,119.99,2,15,203.98,Japan,Paid Ads,Delivered,40,Female
ORD-07783,2024-02-29,Coffee Maker,Kitchen,89.99,1,0,89.99,Germany,Direct,Shipped,65,Other
ORD-07784,2024-12-23,Running Shoes,Sports,119.99,1,0,119.99,Australia,Email,Delivered,54,Female
ORD-07785,2023-09-11,Webcam HD,Electronics,89.99,2,15,152.98,UK,Social Media,Delivered,39,Female
ORD-07786,2023-05-21,Desk Lamp,Furniture,44.99,5,15,191.21,Brazil,Email,Cancelled,28,Other
ORD-07787,2024-01-26,Laptop Pro 15,Electronics,1299.99,2,0,2599.98,Australia,Email,Delivered,19,Other
ORD-07788,2024-08-20,Yoga Mat,Sports,39.99,1,10,35.99,Japan,Referral,Processing,23,Other
ORD-07789,2024-01-18,Laptop Pro 15,Electronics,1299.99,4,15,4419.97,Japan,Email,Processing,43,Other
ORD-07790,2024-08-08,Coffee Maker,Kitchen,89.99,5,0,449.95,UK,Referral,Cancelled,25,Other
ORD-07791,2024-08-04,Water Bottle,Sports,24.99,5,20,99.96,Brazil,Social Media,Shipped,25,Male
ORD-07792,2023-08-29,Blender Pro,Kitchen,74.99,1,10,67.49,USA,Organic,Delivered,36,Male
ORD-07793,2024-01-06,Protein Powder,Sports,54.99,1,5,52.24,Australia,Referral,Returned,43,Male
ORD-07794,2024-04-08,Running Shoes,Sports,119.99,3,0,359.97,Germany,Paid Ads,Shipped,20,Male
ORD-07795,2024-05-31,Sunscreen SPF50,Beauty,22.99,5,10,103.45,Japan,Email,Shipped,50,Female
ORD-07796,2024-06-29,Office Chair,Furniture,299.99,5,20,1199.96,France,Paid Ads,Delivered,23,Female
ORD-07797,2023-06-15,USB-C Hub,Electronics,49.99,1,15,42.49,Japan,Social Media,Returned,23,Female
ORD-07798,2024-12-18,Coffee Maker,Kitchen,89.99,3,20,215.98,Brazil,Paid Ads,Returned,57,Female
ORD-07799,2024-01-08,Blender Pro,Kitchen,74.99,3,15,191.22,Germany,Organic,Delivered,39,Female
ORD-07800,2024-03-25,Python Crash Course,Books,34.99,1,15,29.74,USA,Paid Ads,Cancelled,21,Other
ORD-07801,2023-05-28,Desk Lamp,Furniture,44.99,3,10,121.47,Japan,Organic,Processing,58,Other
ORD-07802,2024-08-15,Sunscreen SPF50,Beauty,22.99,3,10,62.07,Japan,Referral,Shipped,56,Male
ORD-07803,2023-12-06,The Lean Startup,Books,19.99,3,0,59.97,France,Paid Ads,Delivered,24,Female
ORD-07804,2024-08-03,Dumbbells Set,Sports,79.99,3,0,239.97,UK,Paid Ads,Delivered,63,Other
ORD-07805,2024-03-19,Wireless Mouse,Electronics,29.99,4,0,119.96,USA,Referral,Processing,24,Other
ORD-07806,2023-02-15,Blender Pro,Kitchen,74.99,3,0,224.97,UK,Social Media,Delivered,37,Other
ORD-07807,2023-04-17,Water Bottle,Sports,24.99,1,0,24.99,USA,Referral,Delivered,18,Other
ORD-07808,2023-03-23,Instant Pot,Kitchen,99.99,2,15,169.98,France,Email,Cancelled,35,Other
ORD-07809,2023-06-15,Coffee Maker,Kitchen,89.99,4,0,359.96,Japan,Social Media,Delivered,29,Male
ORD-07810,2024-02-26,Water Bottle,Sports,24.99,4,0,99.96,Australia,Direct,Delivered,62,Male
ORD-07811,2024-12-17,Deep Work,Books,18.99,2,0,37.98,Australia,Paid Ads,Processing,64,Female
ORD-07812,2023-01-14,Water Bottle,Sports,24.99,2,0,49.98,USA,Referral,Delivered,47,Female
ORD-07813,2024-12-25,Air Fryer,Kitchen,129.99,3,0,389.97,Australia,Direct,Delivered,54,Other
ORD-07814,2024-12-19,Skincare Set,Beauty,59.99,4,10,215.96,Australia,Direct,Delivered,46,Female
ORD-07815,2024-05-30,Webcam HD,Electronics,89.99,1,10,80.99,UK,Referral,Cancelled,53,Male
ORD-07816,2023-06-19,4K Monitor,Electronics,499.99,3,20,1199.98,Japan,Email,Delivered,34,Male
ORD-07817,2024-07-03,Wireless Mouse,Electronics,29.99,5,20,119.96,Brazil,Organic,Delivered,18,Other
ORD-07818,2024-04-24,Deep Work,Books,18.99,1,10,17.09,Japan,Direct,Delivered,40,Male
ORD-07819,2024-12-03,Protein Powder,Sports,54.99,5,0,274.95,UK,Email,Delivered,59,Male
ORD-07820,2023-08-30,Mechanical Keyboard,Electronics,149.99,4,0,599.96,Canada,Direct,Returned,40,Male
ORD-07821,2023-09-02,Python Crash Course,Books,34.99,5,5,166.2,USA,Referral,Shipped,21,Female
ORD-07822,2024-10-24,Yoga Mat,Sports,39.99,4,20,127.97,Brazil,Social Media,Processing,47,Male
ORD-07823,2024-01-12,Running Shoes,Sports,119.99,4,0,479.96,Brazil,Paid Ads,Delivered,61,Male
ORD-07824,2023-11-28,Yoga Mat,Sports,39.99,2,0,79.98,USA,Organic,Delivered,29,Female
ORD-07825,2024-01-27,Deep Work,Books,18.99,4,0,75.96,Brazil,Social Media,Delivered,30,Male
ORD-07826,2023-03-13,Mechanical Keyboard,Electronics,149.99,3,0,449.97,Japan,Referral,Delivered,57,Female
ORD-07827,2024-07-06,Sunscreen SPF50,Beauty,22.99,3,0,68.97,Canada,Email,Cancelled,45,Male
ORD-07828,2023-03-30,Office Chair,Furniture,299.99,3,0,899.97,USA,Referral,Returned,57,Male
ORD-07829,2023-07-31,Air Fryer,Kitchen,129.99,3,15,331.47,UK,Paid Ads,Delivered,40,Female
ORD-07830,2024-10-17,Protein Powder,Sports,54.99,2,20,87.98,Japan,Email,Shipped,23,Male
ORD-07831,2024-02-15,Water Bottle,Sports,24.99,4,15,84.97,Germany,Social Media,Delivered,65,Female
ORD-07832,2023-11-29,Webcam HD,Electronics,89.99,2,10,161.98,Canada,Paid Ads,Delivered,38,Other
ORD-07833,2023-08-10,Water Bottle,Sports,24.99,5,15,106.21,Australia,Direct,Delivered,63,Other
ORD-07834,2024-04-02,Sunscreen SPF50,Beauty,22.99,5,10,103.45,Germany,Direct,Delivered,56,Female
ORD-07835,2023-12-30,Desk Lamp,Furniture,44.99,4,0,179.96,Germany,Direct,Delivered,40,Male
ORD-07836,2023-05-03,Blender Pro,Kitchen,74.99,5,5,356.2,USA,Direct,Shipped,36,Male
ORD-07837,2024-03-19,Water Bottle,Sports,24.99,1,0,24.99,Germany,Direct,Returned,65,Other
ORD-07838,2023-03-20,Protein Powder,Sports,54.99,3,0,164.97,Canada,Social Media,Delivered,47,Other
ORD-07839,2023-07-29,Laptop Pro 15,Electronics,1299.99,4,0,5199.96,USA,Organic,Shipped,30,Male
ORD-07840,2024-05-24,Air Fryer,Kitchen,129.99,1,0,129.99,France,Referral,Delivered,34,Male
ORD-07841,2023-01-17,Blender Pro,Kitchen,74.99,3,0,224.97,Japan,Referral,Cancelled,43,Male
ORD-07842,2024-02-28,Water Bottle,Sports,24.99,2,5,47.48,Canada,Direct,Delivered,29,Female
ORD-07843,2023-09-25,Blender Pro,Kitchen,74.99,3,0,224.97,Germany,Email,Shipped,44,Other
ORD-07844,2024-10-25,Sunscreen SPF50,Beauty,22.99,4,10,82.76,Japan,Email,Cancelled,37,Female
ORD-07845,2024-05-05,Air Fryer,Kitchen,129.99,2,5,246.98,Japan,Direct,Delivered,18,Male
ORD-07846,2024-12-08,Yoga Mat,Sports,39.99,2,0,79.98,Canada,Email,Processing,53,Other
ORD-07847,2024-07-17,4K Monitor,Electronics,499.99,1,20,399.99,Brazil,Organic,Delivered,59,Female
ORD-07848,2024-11-13,Python Crash Course,Books,34.99,1,10,31.49,Japan,Organic,Delivered,56,Female
ORD-07849,2024-09-30,Mechanical Keyboard,Electronics,149.99,5,0,749.95,UK,Social Media,Cancelled,47,Female
ORD-07850,2024-03-08,Mechanical Keyboard,Electronics,149.99,4,15,509.97,USA,Paid Ads,Processing,36,Other
ORD-07851,2023-12-01,Instant Pot,Kitchen,99.99,2,5,189.98,USA,Email,Processing,29,Male
ORD-07852,2024-05-28,Desk Lamp,Furniture,44.99,5,0,224.95,Japan,Organic,Delivered,23,Male
ORD-07853,2024-08-02,Standing Desk,Furniture,549.99,4,0,2199.96,Australia,Referral,Delivered,57,Male
ORD-07854,2023-06-11,Skincare Set,Beauty,59.99,3,5,170.97,USA,Referral,Processing,39,Male
ORD-07855,2024-03-09,Deep Work,Books,18.99,1,0,18.99,USA,Direct,Returned,32,Female
ORD-07856,2024-05-09,Skincare Set,Beauty,59.99,1,0,59.99,Canada,Organic,Delivered,48,Male
ORD-07857,2023-01-26,Air Fryer,Kitchen,129.99,2,0,259.98,Australia,Direct,Processing,39,Other
ORD-07858,2023-04-10,Instant Pot,Kitchen,99.99,2,10,179.98,Canada,Organic,Shipped,27,Male
ORD-07859,2023-07-21,Wireless Mouse,Electronics,29.99,2,0,59.98,Australia,Direct,Processing,27,Male
ORD-07860,2023-08-18,Deep Work,Books,18.99,5,10,85.45,Australia,Organic,Delivered,62,Male
ORD-07861,2023-09-04,Air Fryer,Kitchen,129.99,5,10,584.96,Brazil,Direct,Shipped,33,Other
ORD-07862,2024-11-08,Desk Lamp,Furniture,44.99,5,0,224.95,Brazil,Referral,Shipped,42,Female
ORD-07863,2024-06-30,Webcam HD,Electronics,89.99,2,5,170.98,USA,Direct,Processing,63,Female
ORD-07864,2023-07-06,4K Monitor,Electronics,499.99,5,20,1999.96,Japan,Email,Delivered,24,Female
ORD-07865,2023-09-19,Blender Pro,Kitchen,74.99,3,20,179.98,Japan,Social Media,Shipped,35,Male
ORD-07866,2023-01-25,Standing Desk,Furniture,549.99,2,20,879.98,USA,Email,Processing,22,Female
ORD-07867,2024-11-23,Blender Pro,Kitchen,74.99,5,15,318.71,France,Referral,Processing,58,Male
ORD-07868,2024-08-24,The Lean Startup,Books,19.99,4,0,79.96,USA,Paid Ads,Returned,55,Other
ORD-07869,2023-03-23,USB-C Hub,Electronics,49.99,2,0,99.98,USA,Referral,Delivered,33,Other
ORD-07870,2023-08-12,Deep Work,Books,18.99,1,0,18.99,UK,Referral,Cancelled,53,Male
ORD-07871,2023-03-19,Instant Pot,Kitchen,99.99,4,10,359.96,Japan,Paid Ads,Delivered,19,Other
ORD-07872,2023-12-12,Laptop Pro 15,Electronics,1299.99,4,20,4159.97,France,Referral,Delivered,21,Female
ORD-07873,2023-10-17,Yoga Mat,Sports,39.99,2,5,75.98,UK,Referral,Delivered,54,Other
ORD-07874,2024-10-27,Laptop Pro 15,Electronics,1299.99,2,15,2209.98,France,Direct,Delivered,25,Female
ORD-07875,2023-03-30,Blender Pro,Kitchen,74.99,4,10,269.96,Germany,Direct,Shipped,29,Female
ORD-07876,2023-03-01,The Lean Startup,Books,19.99,5,20,79.96,Australia,Organic,Cancelled,59,Female
ORD-07877,2023-08-27,4K Monitor,Electronics,499.99,2,10,899.98,UK,Paid Ads,Shipped,18,Other
ORD-07878,2023-11-24,Python Crash Course,Books,34.99,3,0,104.97,USA,Paid Ads,Shipped,44,Male
ORD-07879,2023-06-29,Bookshelf,Furniture,189.99,3,10,512.97,France,Organic,Cancelled,38,Male
ORD-07880,2024-01-04,Atomic Habits,Books,16.99,2,10,30.58,Australia,Organic,Returned,45,Male
ORD-07881,2023-11-19,Python Crash Course,Books,34.99,5,0,174.95,UK,Email,Delivered,35,Other
ORD-07882,2024-03-20,Bookshelf,Furniture,189.99,5,0,949.95,Brazil,Organic,Returned,30,Male
ORD-07883,2024-12-02,Coffee Maker,Kitchen,89.99,1,20,71.99,UK,Organic,Delivered,56,Other
ORD-07884,2023-04-14,Protein Powder,Sports,54.99,5,20,219.96,Australia,Direct,Delivered,24,Other
ORD-07885,2024-01-12,The Lean Startup,Books,19.99,1,0,19.99,USA,Organic,Delivered,42,Male
ORD-07886,2023-05-15,Running Shoes,Sports,119.99,3,0,359.97,Australia,Direct,Returned,55,Female
ORD-07887,2024-06-05,Webcam HD,Electronics,89.99,5,10,404.95,USA,Organic,Returned,35,Male
ORD-07888,2024-07-04,Mechanical Keyboard,Electronics,149.99,2,15,254.98,Germany,Social Media,Shipped,32,Male
ORD-07889,2024-02-13,Python Crash Course,Books,34.99,4,5,132.96,USA,Paid Ads,Shipped,24,Female
ORD-07890,2024-07-28,Deep Work,Books,18.99,2,5,36.08,France,Email,Processing,61,Female
ORD-07891,2023-04-02,Atomic Habits,Books,16.99,1,20,13.59,Germany,Referral,Delivered,37,Female
ORD-07892,2024-11-16,Desk Lamp,Furniture,44.99,1,0,44.99,UK,Organic,Cancelled,65,Other
ORD-07893,2023-09-19,Python Crash Course,Books,34.99,2,0,69.98,USA,Paid Ads,Processing,28,Male
ORD-07894,2023-08-09,Mechanical Keyboard,Electronics,149.99,1,15,127.49,France,Referral,Delivered,37,Other
ORD-07895,2023-04-05,Skincare Set,Beauty,59.99,3,15,152.97,Germany,Organic,Delivered,36,Female
ORD-07896,2024-01-26,Deep Work,Books,18.99,4,10,68.36,France,Paid Ads,Returned,38,Other
ORD-07897,2024-02-27,Yoga Mat,Sports,39.99,3,10,107.97,USA,Organic,Delivered,55,Female
ORD-07898,2024-03-05,The Lean Startup,Books,19.99,5,0,99.95,Germany,Social Media,Delivered,18,Male
ORD-07899,2023-09-22,Mechanical Keyboard,Electronics,149.99,5,0,749.95,UK,Direct,Delivered,30,Other
ORD-07900,2023-02-14,Running Shoes,Sports,119.99,1,5,113.99,Japan,Email,Delivered,48,Male
ORD-07901,2024-02-01,Instant Pot,Kitchen,99.99,1,5,94.99,Japan,Referral,Cancelled,35,Female
ORD-07902,2023-11-15,Instant Pot,Kitchen,99.99,5,15,424.96,Canada,Direct,Delivered,56,Other
ORD-07903,2024-05-15,4K Monitor,Electronics,499.99,5,0,2499.95,UK,Referral,Delivered,52,Female
ORD-07904,2024-08-10,Standing Desk,Furniture,549.99,5,0,2749.95,Germany,Social Media,Delivered,34,Male
ORD-07905,2023-12-01,Office Chair,Furniture,299.99,4,0,1199.96,France,Email,Returned,47,Male
ORD-07906,2023-03-26,Yoga Mat,Sports,39.99,5,5,189.95,Germany,Direct,Shipped,27,Male
ORD-07907,2024-12-25,Deep Work,Books,18.99,1,5,18.04,USA,Direct,Delivered,55,Other
ORD-07908,2023-10-29,Mechanical Keyboard,Electronics,149.99,4,15,509.97,Canada,Paid Ads,Delivered,57,Male
ORD-07909,2023-03-06,Desk Lamp,Furniture,44.99,1,15,38.24,Japan,Email,Returned,51,Female
ORD-07910,2023-09-06,Desk Lamp,Furniture,44.99,2,0,89.98,Australia,Referral,Processing,31,Female
ORD-07911,2024-06-09,Dumbbells Set,Sports,79.99,1,20,63.99,France,Email,Delivered,41,Other
ORD-07912,2024-04-12,USB-C Hub,Electronics,49.99,2,20,79.98,Japan,Social Media,Shipped,40,Female
ORD-07913,2024-12-10,Dumbbells Set,Sports,79.99,1,15,67.99,Japan,Social Media,Shipped,42,Female
ORD-07914,2024-04-13,Mechanical Keyboard,Electronics,149.99,3,5,427.47,UK,Organic,Returned,25,Male
ORD-07915,2023-02-09,Python Crash Course,Books,34.99,1,0,34.99,USA,Direct,Delivered,58,Other
ORD-07916,2024-08-03,Running Shoes,Sports,119.99,3,10,323.97,Japan,Email,Cancelled,55,Male
ORD-07917,2024-02-24,Webcam HD,Electronics,89.99,3,15,229.47,Australia,Paid Ads,Delivered,47,Female
ORD-07918,2023-03-22,Office Chair,Furniture,299.99,1,15,254.99,Germany,Paid Ads,Delivered,56,Other
ORD-07919,2024-06-09,Air Fryer,Kitchen,129.99,3,10,350.97,USA,Referral,Shipped,22,Other
ORD-07920,2024-03-17,Blender Pro,Kitchen,74.99,5,15,318.71,Germany,Organic,Returned,34,Male
ORD-07921,2023-10-14,4K Monitor,Electronics,499.99,2,10,899.98,Brazil,Referral,Delivered,31,Male
ORD-07922,2023-05-07,Instant Pot,Kitchen,99.99,1,0,99.99,Germany,Paid Ads,Processing,52,Other
ORD-07923,2023-08-11,Laptop Pro 15,Electronics,1299.99,5,0,6499.95,France,Organic,Delivered,33,Female
ORD-07924,2024-03-06,Office Chair,Furniture,299.99,5,0,1499.95,USA,Organic,Delivered,20,Female
ORD-07925,2024-03-19,Protein Powder,Sports,54.99,1,0,54.99,Australia,Email,Processing,49,Male
ORD-07926,2024-11-19,Skincare Set,Beauty,59.99,5,0,299.95,Australia,Referral,Delivered,27,Other
ORD-07927,2024-04-17,Skincare Set,Beauty,59.99,5,10,269.95,USA,Social Media,Shipped,30,Female
ORD-07928,2024-09-11,USB-C Hub,Electronics,49.99,5,20,199.96,UK,Referral,Returned,30,Other
ORD-07929,2024-03-06,Dumbbells Set,Sports,79.99,5,20,319.96,Germany,Email,Delivered,44,Other
ORD-07930,2024-02-29,USB-C Hub,Electronics,49.99,4,15,169.97,Germany,Email,Shipped,60,Female
ORD-07931,2023-03-10,Desk Lamp,Furniture,44.99,4,0,179.96,Canada,Referral,Shipped,63,Other
ORD-07932,2024-08-07,Instant Pot,Kitchen,99.99,3,15,254.97,Canada,Direct,Shipped,57,Male
ORD-07933,2024-01-02,Dumbbells Set,Sports,79.99,5,15,339.96,Brazil,Referral,Processing,64,Male
ORD-07934,2024-11-18,Air Fryer,Kitchen,129.99,3,0,389.97,Canada,Social Media,Delivered,28,Female
ORD-07935,2024-04-28,Wireless Mouse,Electronics,29.99,3,0,89.97,Brazil,Social Media,Delivered,20,Female
ORD-07936,2024-03-16,Webcam HD,Electronics,89.99,3,0,269.97,UK,Referral,Cancelled,65,Other
ORD-07937,2024-07-03,Atomic Habits,Books,16.99,4,5,64.56,Australia,Organic,Delivered,32,Other
ORD-07938,2023-04-26,Deep Work,Books,18.99,2,10,34.18,Brazil,Organic,Shipped,35,Other
ORD-07939,2023-03-24,Water Bottle,Sports,24.99,2,0,49.98,UK,Paid Ads,Delivered,57,Other
ORD-07940,2024-07-04,Water Bottle,Sports,24.99,2,10,44.98,Canada,Referral,Cancelled,22,Female
ORD-07941,2023-01-18,Water Bottle,Sports,24.99,4,0,99.96,France,Email,Processing,45,Other
ORD-07942,2023-07-20,Office Chair,Furniture,299.99,4,20,959.97,Canada,Paid Ads,Shipped,60,Male
ORD-07943,2024-05-08,Yoga Mat,Sports,39.99,2,0,79.98,USA,Paid Ads,Delivered,38,Female
ORD-07944,2023-11-14,Standing Desk,Furniture,549.99,5,0,2749.95,Germany,Paid Ads,Returned,22,Other
ORD-07945,2023-02-13,Coffee Maker,Kitchen,89.99,3,0,269.97,Japan,Referral,Shipped,24,Female
ORD-07946,2024-04-16,Instant Pot,Kitchen,99.99,2,0,199.98,Brazil,Referral,Delivered,54,Other
ORD-07947,2023-03-19,Instant Pot,Kitchen,99.99,5,10,449.95,France,Email,Shipped,44,Male
ORD-07948,2024-04-21,Laptop Pro 15,Electronics,1299.99,5,10,5849.95,Australia,Organic,Delivered,20,Male
ORD-07949,2023-12-26,Standing Desk,Furniture,549.99,2,0,1099.98,Brazil,Direct,Shipped,26,Male
ORD-07950,2023-02-28,Skincare Set,Beauty,59.99,5,0,299.95,Canada,Referral,Delivered,40,Female
ORD-07951,2024-08-27,Instant Pot,Kitchen,99.99,3,0,299.97,USA,Organic,Returned,21,Female
ORD-07952,2023-11-01,Dumbbells Set,Sports,79.99,1,0,79.99,Japan,Email,Cancelled,33,Male
ORD-07953,2024-01-19,Skincare Set,Beauty,59.99,4,0,239.96,Brazil,Social Media,Shipped,27,Male
ORD-07954,2023-01-23,Webcam HD,Electronics,89.99,1,5,85.49,Australia,Referral,Processing,29,Other
ORD-07955,2023-08-06,Deep Work,Books,18.99,1,0,18.99,Germany,Email,Delivered,25,Other
ORD-07956,2023-08-21,Air Fryer,Kitchen,129.99,4,15,441.97,Japan,Direct,Cancelled,19,Other
ORD-07957,2024-04-12,Webcam HD,Electronics,89.99,1,15,76.49,Germany,Paid Ads,Cancelled,35,Other
ORD-07958,2024-09-14,Running Shoes,Sports,119.99,2,0,239.98,Brazil,Email,Delivered,44,Female
ORD-07959,2024-05-02,Coffee Maker,Kitchen,89.99,3,5,256.47,Japan,Referral,Delivered,31,Male
ORD-07960,2023-10-11,Mechanical Keyboard,Electronics,149.99,3,10,404.97,France,Paid Ads,Shipped,59,Other
ORD-07961,2024-09-10,The Lean Startup,Books,19.99,5,15,84.96,USA,Email,Shipped,40,Female
ORD-07962,2024-10-10,Water Bottle,Sports,24.99,4,20,79.97,Australia,Referral,Delivered,61,Other
ORD-07963,2024-03-25,Atomic Habits,Books,16.99,3,5,48.42,France,Social Media,Delivered,62,Other
ORD-07964,2023-07-03,Dumbbells Set,Sports,79.99,2,5,151.98,Germany,Social Media,Shipped,52,Other
ORD-07965,2023-05-11,Air Fryer,Kitchen,129.99,5,15,552.46,Australia,Organic,Shipped,40,Male
ORD-07966,2023-07-07,Blender Pro,Kitchen,74.99,5,5,356.2,Germany,Social Media,Delivered,23,Other
ORD-07967,2024-04-23,Python Crash Course,Books,34.99,5,5,166.2,Germany,Social Media,Cancelled,22,Female
ORD-07968,2023-10-19,Atomic Habits,Books,16.99,4,15,57.77,Brazil,Email,Delivered,46,Female
ORD-07969,2023-07-21,Deep Work,Books,18.99,4,15,64.57,UK,Organic,Delivered,22,Other
ORD-07970,2024-07-03,Desk Lamp,Furniture,44.99,2,5,85.48,Brazil,Referral,Shipped,21,Female
ORD-07971,2024-11-14,Atomic Habits,Books,16.99,5,20,67.96,Japan,Email,Cancelled,63,Female
ORD-07972,2023-06-28,Laptop Pro 15,Electronics,1299.99,3,15,3314.97,USA,Direct,Returned,38,Female
ORD-07973,2024-07-01,Water Bottle,Sports,24.99,4,0,99.96,Canada,Organic,Shipped,31,Female
ORD-07974,2024-02-21,Protein Powder,Sports,54.99,1,10,49.49,Japan,Social Media,Returned,25,Female
ORD-07975,2023-08-27,USB-C Hub,Electronics,49.99,2,0,99.98,France,Organic,Cancelled,32,Other
ORD-07976,2024-06-17,4K Monitor,Electronics,499.99,5,10,2249.95,Brazil,Referral,Delivered,52,Other
ORD-07977,2024-03-16,Blender Pro,Kitchen,74.99,5,5,356.2,Australia,Organic,Cancelled,34,Female
ORD-07978,2024-02-24,Wireless Mouse,Electronics,29.99,1,5,28.49,USA,Direct,Delivered,54,Male
ORD-07979,2024-09-20,Bookshelf,Furniture,189.99,4,0,759.96,UK,Direct,Delivered,41,Other
ORD-07980,2023-06-18,Webcam HD,Electronics,89.99,4,0,359.96,UK,Direct,Delivered,34,Female
ORD-07981,2024-01-19,Protein Powder,Sports,54.99,2,15,93.48,Australia,Direct,Shipped,53,Female
ORD-07982,2023-07-20,Protein Powder,Sports,54.99,1,5,52.24,Germany,Paid Ads,Delivered,29,Male
ORD-07983,2024-04-19,Instant Pot,Kitchen,99.99,1,0,99.99,Germany,Direct,Delivered,50,Male
ORD-07984,2023-03-03,4K Monitor,Electronics,499.99,1,15,424.99,France,Referral,Processing,21,Male
ORD-07985,2024-06-30,Dumbbells Set,Sports,79.99,4,15,271.97,Australia,Social Media,Delivered,46,Other
ORD-07986,2024-05-12,Yoga Mat,Sports,39.99,3,15,101.97,Germany,Paid Ads,Processing,29,Male
ORD-07987,2024-09-12,USB-C Hub,Electronics,49.99,2,0,99.98,UK,Referral,Returned,58,Male
ORD-07988,2024-03-01,Standing Desk,Furniture,549.99,5,20,2199.96,France,Referral,Processing,33,Female
ORD-07989,2024-08-24,The Lean Startup,Books,19.99,1,10,17.99,France,Email,Processing,51,Female
ORD-07990,2023-07-31,4K Monitor,Electronics,499.99,5,20,1999.96,Brazil,Social Media,Processing,35,Female
ORD-07991,2024-03-13,4K Monitor,Electronics,499.99,4,0,1999.96,Germany,Email,Delivered,58,Male
ORD-07992,2023-09-23,Water Bottle,Sports,24.99,4,20,79.97,France,Social Media,Processing,52,Other
ORD-07993,2023-01-30,Coffee Maker,Kitchen,89.99,1,5,85.49,Japan,Organic,Processing,37,Female
ORD-07994,2024-06-21,Running Shoes,Sports,119.99,1,20,95.99,Japan,Paid Ads,Returned,45,Female
ORD-07995,2024-02-20,Skincare Set,Beauty,59.99,3,10,161.97,Brazil,Paid Ads,Delivered,35,Female
ORD-07996,2024-02-03,Yoga Mat,Sports,39.99,1,0,39.99,France,Paid Ads,Cancelled,20,Other
ORD-07997,2023-06-26,Desk Lamp,Furniture,44.99,3,10,121.47,Germany,Direct,Processing,20,Other
ORD-07998,2024-06-12,USB-C Hub,Electronics,49.99,1,0,49.99,Canada,Organic,Delivered,22,Female
ORD-07999,2024-11-02,Mechanical Keyboard,Electronics,149.99,2,15,254.98,Australia,Organic,Delivered,42,Other
ORD-08000,2023-10-13,Wireless Mouse,Electronics,29.99,3,0,89.97,UK,Direct,Shipped,60,Female
ORD-08001,2023-06-19,Yoga Mat,Sports,39.99,4,0,159.96,USA,Referral,Returned,46,Female
ORD-08002,2024-05-02,Office Chair,Furniture,299.99,1,10,269.99,USA,Organic,Delivered,29,Male
ORD-08003,2024-03-17,Laptop Pro 15,Electronics,1299.99,4,0,5199.96,France,Email,Processing,65,Female
ORD-08004,2023-09-03,Webcam HD,Electronics,89.99,4,5,341.96,France,Referral,Delivered,45,Female
ORD-08005,2024-10-13,Yoga Mat,Sports,39.99,1,20,31.99,USA,Paid Ads,Delivered,31,Male
ORD-08006,2024-07-11,Blender Pro,Kitchen,74.99,3,20,179.98,France,Paid Ads,Shipped,63,Female
ORD-08007,2024-05-07,Yoga Mat,Sports,39.99,1,15,33.99,Australia,Referral,Delivered,52,Male
ORD-08008,2023-03-21,Coffee Maker,Kitchen,89.99,4,15,305.97,France,Social Media,Processing,57,Female
ORD-08009,2024-07-12,4K Monitor,Electronics,499.99,2,0,999.98,Germany,Organic,Delivered,61,Other
ORD-08010,2023-03-23,4K Monitor,Electronics,499.99,3,0,1499.97,Germany,Direct,Processing,28,Other
ORD-08011,2023-07-30,Laptop Pro 15,Electronics,1299.99,4,10,4679.96,UK,Social Media,Delivered,26,Female
ORD-08012,2024-04-23,Laptop Pro 15,Electronics,1299.99,4,5,4939.96,USA,Email,Shipped,57,Other
ORD-08013,2024-11-21,Skincare Set,Beauty,59.99,2,20,95.98,France,Social Media,Cancelled,39,Female
ORD-08014,2024-04-25,Protein Powder,Sports,54.99,5,5,261.2,UK,Organic,Delivered,25,Female
ORD-08015,2024-12-11,Bookshelf,Furniture,189.99,5,20,759.96,Brazil,Paid Ads,Delivered,61,Male
ORD-08016,2023-05-14,Water Bottle,Sports,24.99,2,5,47.48,France,Social Media,Processing,64,Female
ORD-08017,2023-08-25,Deep Work,Books,18.99,3,5,54.12,France,Social Media,Processing,31,Other
ORD-08018,2023-04-12,Laptop Pro 15,Electronics,1299.99,5,0,6499.95,Germany,Social Media,Processing,61,Female
ORD-08019,2024-05-30,Instant Pot,Kitchen,99.99,4,0,399.96,Japan,Paid Ads,Cancelled,29,Other
ORD-08020,2024-04-29,Office Chair,Furniture,299.99,1,20,239.99,Canada,Email,Cancelled,22,Other
ORD-08021,2023-06-08,Standing Desk,Furniture,549.99,3,0,1649.97,UK,Direct,Delivered,29,Male
ORD-08022,2024-07-16,Sunscreen SPF50,Beauty,22.99,4,20,73.57,Canada,Referral,Returned,53,Male
ORD-08023,2024-05-15,Yoga Mat,Sports,39.99,4,5,151.96,France,Referral,Shipped,20,Female
ORD-08024,2024-10-26,Coffee Maker,Kitchen,89.99,3,10,242.97,USA,Direct,Cancelled,61,Other
ORD-08025,2023-04-30,Deep Work,Books,18.99,4,15,64.57,France,Paid Ads,Cancelled,60,Other
ORD-08026,2023-09-03,Office Chair,Furniture,299.99,4,0,1199.96,Germany,Referral,Delivered,19,Male
ORD-08027,2023-03-16,USB-C Hub,Electronics,49.99,1,10,44.99,Brazil,Organic,Cancelled,20,Male
ORD-08028,2023-02-11,Atomic Habits,Books,16.99,2,0,33.98,Canada,Organic,Delivered,33,Male
ORD-08029,2023-06-20,Wireless Mouse,Electronics,29.99,5,10,134.95,Germany,Referral,Cancelled,40,Female
ORD-08030,2023-02-20,The Lean Startup,Books,19.99,5,10,89.95,USA,Social Media,Shipped,42,Male
ORD-08031,2024-04-02,Mechanical Keyboard,Electronics,149.99,1,20,119.99,UK,Social Media,Shipped,52,Male
ORD-08032,2023-09-27,Desk Lamp,Furniture,44.99,3,10,121.47,UK,Organic,Shipped,30,Other
ORD-08033,2023-02-15,Standing Desk,Furniture,549.99,4,0,2199.96,USA,Direct,Shipped,50,Other
ORD-08034,2024-10-06,Skincare Set,Beauty,59.99,5,0,299.95,Brazil,Direct,Shipped,20,Male
ORD-08035,2024-04-21,Running Shoes,Sports,119.99,1,5,113.99,USA,Paid Ads,Returned,40,Male
ORD-08036,2023-06-07,Instant Pot,Kitchen,99.99,3,20,239.98,Australia,Organic,Shipped,30,Male
ORD-08037,2024-04-19,Wireless Mouse,Electronics,29.99,3,0,89.97,France,Organic,Cancelled,45,Other
ORD-08038,2023-09-21,Sunscreen SPF50,Beauty,22.99,3,5,65.52,France,Email,Processing,44,Female
ORD-08039,2024-04-23,Standing Desk,Furniture,549.99,3,5,1567.47,UK,Social Media,Delivered,63,Other
ORD-08040,2023-11-09,Laptop Pro 15,Electronics,1299.99,1,0,1299.99,USA,Direct,Delivered,31,Female
ORD-08041,2023-09-27,Running Shoes,Sports,119.99,4,10,431.96,France,Email,Cancelled,24,Male
ORD-08042,2024-05-01,Yoga Mat,Sports,39.99,5,20,159.96,Canada,Paid Ads,Delivered,27,Female
ORD-08043,2024-11-09,Blender Pro,Kitchen,74.99,5,15,318.71,Germany,Paid Ads,Shipped,45,Male
ORD-08044,2024-10-19,Skincare Set,Beauty,59.99,2,20,95.98,Germany,Direct,Delivered,35,Female
ORD-08045,2023-02-15,Mechanical Keyboard,Electronics,149.99,3,0,449.97,UK,Email,Shipped,43,Female
ORD-08046,2024-04-17,Atomic Habits,Books,16.99,4,20,54.37,Japan,Organic,Delivered,62,Other
ORD-08047,2023-02-21,Wireless Mouse,Electronics,29.99,1,0,29.99,UK,Organic,Processing,42,Male
ORD-08048,2024-10-21,Skincare Set,Beauty,59.99,3,5,170.97,Germany,Referral,Delivered,58,Male
ORD-08049,2023-11-05,The Lean Startup,Books,19.99,5,0,99.95,France,Organic,Delivered,43,Other
ORD-08050,2024-10-19,Blender Pro,Kitchen,74.99,4,0,299.96,UK,Social Media,Cancelled,40,Other
ORD-08051,2023-12-26,Blender Pro,Kitchen,74.99,5,0,374.95,USA,Referral,Shipped,41,Female
ORD-08052,2023-12-13,Desk Lamp,Furniture,44.99,3,0,134.97,Germany,Organic,Processing,32,Other
ORD-08053,2024-07-18,4K Monitor,Electronics,499.99,2,5,949.98,USA,Direct,Cancelled,52,Female
ORD-08054,2023-10-09,Dumbbells Set,Sports,79.99,4,10,287.96,Australia,Organic,Delivered,60,Male
ORD-08055,2024-10-08,Atomic Habits,Books,16.99,1,0,16.99,Australia,Direct,Cancelled,37,Male
ORD-08056,2024-07-16,Water Bottle,Sports,24.99,2,10,44.98,Germany,Paid Ads,Shipped,65,Female
ORD-08057,2023-11-27,Desk Lamp,Furniture,44.99,1,0,44.99,Brazil,Email,Delivered,32,Female
ORD-08058,2024-11-07,Wireless Mouse,Electronics,29.99,1,0,29.99,Japan,Social Media,Delivered,43,Male
ORD-08059,2023-12-21,Water Bottle,Sports,24.99,5,5,118.7,UK,Paid Ads,Shipped,54,Male
ORD-08060,2023-03-22,Air Fryer,Kitchen,129.99,1,10,116.99,Canada,Email,Delivered,59,Other
ORD-08061,2024-05-07,Desk Lamp,Furniture,44.99,3,5,128.22,USA,Email,Cancelled,19,Female
ORD-08062,2023-04-29,The Lean Startup,Books,19.99,4,10,71.96,Japan,Organic,Processing,41,Female
ORD-08063,2024-02-17,Mechanical Keyboard,Electronics,149.99,1,20,119.99,Canada,Referral,Processing,26,Male
ORD-08064,2024-12-24,Laptop Pro 15,Electronics,1299.99,4,0,5199.96,Japan,Social Media,Delivered,41,Other
ORD-08065,2023-09-01,Laptop Pro 15,Electronics,1299.99,5,5,6174.95,Australia,Paid Ads,Delivered,62,Female
ORD-08066,2023-07-22,Mechanical Keyboard,Electronics,149.99,3,10,404.97,Canada,Referral,Cancelled,55,Female
ORD-08067,2024-08-15,Mechanical Keyboard,Electronics,149.99,5,15,637.46,Japan,Organic,Cancelled,48,Female
ORD-08068,2024-10-24,Standing Desk,Furniture,549.99,5,5,2612.45,Germany,Social Media,Delivered,60,Female
ORD-08069,2024-08-28,Standing Desk,Furniture,549.99,3,15,1402.47,Canada,Paid Ads,Delivered,44,Other
ORD-08070,2024-08-10,Blender Pro,Kitchen,74.99,2,0,149.98,Australia,Referral,Returned,33,Male
ORD-08071,2023-01-12,Running Shoes,Sports,119.99,3,10,323.97,USA,Direct,Cancelled,63,Other
ORD-08072,2024-04-16,Office Chair,Furniture,299.99,4,15,1019.97,Germany,Social Media,Cancelled,36,Other
ORD-08073,2023-04-10,Skincare Set,Beauty,59.99,1,10,53.99,Australia,Paid Ads,Delivered,53,Other
ORD-08074,2023-09-03,USB-C Hub,Electronics,49.99,5,20,199.96,Canada,Email,Cancelled,28,Female
ORD-08075,2024-03-29,The Lean Startup,Books,19.99,2,0,39.98,USA,Email,Processing,61,Other
ORD-08076,2023-07-12,4K Monitor,Electronics,499.99,5,0,2499.95,UK,Email,Cancelled,48,Male
ORD-08077,2024-05-17,Desk Lamp,Furniture,44.99,1,0,44.99,USA,Paid Ads,Delivered,20,Male
ORD-08078,2023-02-24,Python Crash Course,Books,34.99,2,5,66.48,UK,Email,Delivered,38,Female
ORD-08079,2023-09-25,Mechanical Keyboard,Electronics,149.99,4,15,509.97,UK,Referral,Delivered,58,Other
ORD-08080,2023-01-06,Laptop Pro 15,Electronics,1299.99,1,0,1299.99,USA,Organic,Delivered,33,Male
ORD-08081,2024-12-04,Air Fryer,Kitchen,129.99,2,15,220.98,UK,Social Media,Returned,53,Other
ORD-08082,2023-01-19,Dumbbells Set,Sports,79.99,1,0,79.99,UK,Direct,Returned,33,Other
ORD-08083,2024-08-07,Webcam HD,Electronics,89.99,1,0,89.99,UK,Referral,Delivered,47,Female
ORD-08084,2023-05-31,Dumbbells Set,Sports,79.99,3,0,239.97,Brazil,Direct,Shipped,36,Female
ORD-08085,2024-01-22,USB-C Hub,Electronics,49.99,5,15,212.46,France,Email,Processing,54,Male
ORD-08086,2024-01-18,Instant Pot,Kitchen,99.99,5,15,424.96,Germany,Paid Ads,Shipped,39,Other
ORD-08087,2024-03-29,Water Bottle,Sports,24.99,4,0,99.96,UK,Social Media,Processing,47,Other
ORD-08088,2024-12-05,Mechanical Keyboard,Electronics,149.99,5,0,749.95,USA,Referral,Returned,32,Male
ORD-08089,2024-06-18,4K Monitor,Electronics,499.99,4,0,1999.96,Japan,Organic,Processing,48,Other
ORD-08090,2024-10-12,Sunscreen SPF50,Beauty,22.99,5,5,109.2,UK,Paid Ads,Shipped,43,Female
ORD-08091,2024-11-30,Coffee Maker,Kitchen,89.99,5,0,449.95,Japan,Direct,Returned,54,Other
ORD-08092,2023-06-11,Skincare Set,Beauty,59.99,4,20,191.97,Brazil,Direct,Delivered,61,Other
ORD-08093,2024-10-11,Bookshelf,Furniture,189.99,4,0,759.96,Brazil,Social Media,Processing,64,Female
ORD-08094,2024-01-16,Coffee Maker,Kitchen,89.99,4,5,341.96,Australia,Referral,Shipped,49,Female
ORD-08095,2024-05-08,Running Shoes,Sports,119.99,5,0,599.95,USA,Email,Delivered,20,Other
ORD-08096,2024-02-26,The Lean Startup,Books,19.99,2,0,39.98,Germany,Email,Delivered,32,Other
ORD-08097,2023-09-02,Dumbbells Set,Sports,79.99,4,20,255.97,France,Direct,Delivered,60,Other
ORD-08098,2023-06-29,Bookshelf,Furniture,189.99,4,10,683.96,Japan,Social Media,Shipped,21,Female
ORD-08099,2023-09-09,Air Fryer,Kitchen,129.99,5,0,649.95,France,Email,Delivered,65,Other
ORD-08100,2024-01-04,4K Monitor,Electronics,499.99,1,5,474.99,Germany,Paid Ads,Delivered,33,Male
ORD-08101,2023-01-04,Air Fryer,Kitchen,129.99,3,10,350.97,Brazil,Direct,Processing,55,Male
ORD-08102,2024-10-05,The Lean Startup,Books,19.99,5,0,99.95,Canada,Direct,Returned,61,Male
ORD-08103,2024-08-25,Blender Pro,Kitchen,74.99,3,0,224.97,Brazil,Email,Processing,31,Male
ORD-08104,2024-06-08,The Lean Startup,Books,19.99,5,0,99.95,Brazil,Direct,Delivered,46,Other
ORD-08105,2024-08-19,Skincare Set,Beauty,59.99,1,20,47.99,USA,Email,Delivered,30,Other
ORD-08106,2024-11-09,Air Fryer,Kitchen,129.99,1,0,129.99,France,Paid Ads,Returned,37,Female
ORD-08107,2024-10-01,USB-C Hub,Electronics,49.99,5,20,199.96,Brazil,Social Media,Returned,47,Male
ORD-08108,2024-10-15,Atomic Habits,Books,16.99,3,10,45.87,Japan,Email,Delivered,25,Other
ORD-08109,2024-03-26,Sunscreen SPF50,Beauty,22.99,2,0,45.98,Australia,Referral,Shipped,33,Female
ORD-08110,2023-07-26,Bookshelf,Furniture,189.99,3,20,455.98,USA,Referral,Delivered,24,Female
ORD-08111,2023-05-25,Air Fryer,Kitchen,129.99,4,5,493.96,Canada,Social Media,Delivered,50,Other
ORD-08112,2024-01-24,Webcam HD,Electronics,89.99,5,15,382.46,Brazil,Organic,Delivered,63,Male
ORD-08113,2023-05-27,Mechanical Keyboard,Electronics,149.99,3,20,359.98,Japan,Email,Shipped,21,Male
ORD-08114,2024-11-24,Coffee Maker,Kitchen,89.99,1,10,80.99,Brazil,Organic,Shipped,25,Male
ORD-08115,2023-10-02,Protein Powder,Sports,54.99,5,10,247.45,Canada,Direct,Delivered,48,Male
ORD-08116,2024-06-12,Coffee Maker,Kitchen,89.99,5,15,382.46,USA,Paid Ads,Delivered,23,Male
ORD-08117,2023-04-18,Atomic Habits,Books,16.99,5,15,72.21,Japan,Organic,Delivered,20,Male
ORD-08118,2023-11-16,Standing Desk,Furniture,549.99,1,20,439.99,UK,Email,Delivered,36,Male
ORD-08119,2024-05-09,Instant Pot,Kitchen,99.99,3,0,299.97,France,Email,Returned,40,Female
ORD-08120,2023-11-04,Protein Powder,Sports,54.99,1,20,43.99,Canada,Paid Ads,Returned,31,Female
ORD-08121,2024-01-08,Deep Work,Books,18.99,1,5,18.04,France,Direct,Processing,23,Female
ORD-08122,2024-11-02,Bookshelf,Furniture,189.99,4,0,759.96,USA,Direct,Delivered,42,Male
ORD-08123,2023-08-27,The Lean Startup,Books,19.99,4,15,67.97,France,Referral,Shipped,39,Male
ORD-08124,2023-02-25,Desk Lamp,Furniture,44.99,3,0,134.97,Germany,Social Media,Delivered,38,Other
ORD-08125,2023-01-02,USB-C Hub,Electronics,49.99,5,0,249.95,Japan,Social Media,Delivered,43,Female
ORD-08126,2024-04-17,Laptop Pro 15,Electronics,1299.99,4,15,4419.97,Japan,Referral,Shipped,58,Other
ORD-08127,2024-05-06,Python Crash Course,Books,34.99,5,15,148.71,UK,Paid Ads,Delivered,22,Female
ORD-08128,2023-12-17,4K Monitor,Electronics,499.99,3,20,1199.98,France,Referral,Shipped,35,Other
ORD-08129,2023-03-08,Blender Pro,Kitchen,74.99,3,0,224.97,Australia,Organic,Processing,19,Other
ORD-08130,2023-09-29,Running Shoes,Sports,119.99,3,15,305.97,UK,Referral,Delivered,20,Female
ORD-08131,2023-08-02,Coffee Maker,Kitchen,89.99,2,10,161.98,France,Direct,Cancelled,43,Female
ORD-08132,2023-04-11,Sunscreen SPF50,Beauty,22.99,2,0,45.98,Brazil,Organic,Delivered,20,Female
ORD-08133,2024-09-25,Air Fryer,Kitchen,129.99,5,0,649.95,Canada,Email,Returned,35,Male
ORD-08134,2024-06-12,Dumbbells Set,Sports,79.99,4,15,271.97,USA,Direct,Processing,53,Male
ORD-08135,2024-08-12,Webcam HD,Electronics,89.99,1,0,89.99,USA,Referral,Delivered,42,Male
ORD-08136,2023-09-02,Deep Work,Books,18.99,2,15,32.28,Germany,Email,Delivered,38,Other
ORD-08137,2023-08-14,4K Monitor,Electronics,499.99,5,5,2374.95,Australia,Email,Cancelled,25,Male
ORD-08138,2024-12-12,Coffee Maker,Kitchen,89.99,2,15,152.98,France,Referral,Cancelled,24,Male
ORD-08139,2024-06-07,Sunscreen SPF50,Beauty,22.99,2,0,45.98,USA,Email,Delivered,33,Other
ORD-08140,2023-04-26,The Lean Startup,Books,19.99,2,15,33.98,Canada,Social Media,Delivered,25,Female
ORD-08141,2024-05-20,Deep Work,Books,18.99,1,5,18.04,Brazil,Email,Delivered,61,Other
ORD-08142,2024-08-09,Bookshelf,Furniture,189.99,1,5,180.49,UK,Organic,Shipped,27,Other
ORD-08143,2023-06-02,Yoga Mat,Sports,39.99,2,15,67.98,Australia,Referral,Delivered,33,Other
ORD-08144,2023-08-03,Office Chair,Furniture,299.99,2,0,599.98,Australia,Paid Ads,Delivered,45,Male
ORD-08145,2024-12-29,Sunscreen SPF50,Beauty,22.99,5,20,91.96,Brazil,Direct,Delivered,63,Female
ORD-08146,2023-12-29,Instant Pot,Kitchen,99.99,1,20,79.99,France,Direct,Cancelled,19,Other
ORD-08147,2023-09-17,Mechanical Keyboard,Electronics,149.99,3,20,359.98,Brazil,Direct,Shipped,23,Female
ORD-08148,2024-07-17,Webcam HD,Electronics,89.99,5,15,382.46,Canada,Organic,Processing,59,Male
ORD-08149,2023-10-25,Water Bottle,Sports,24.99,4,10,89.96,Canada,Organic,Shipped,30,Female
ORD-08150,2023-05-14,Coffee Maker,Kitchen,89.99,4,0,359.96,Germany,Referral,Shipped,59,Female
ORD-08151,2024-10-21,Instant Pot,Kitchen,99.99,4,0,399.96,Canada,Direct,Delivered,31,Male
ORD-08152,2023-05-22,Dumbbells Set,Sports,79.99,2,20,127.98,Japan,Paid Ads,Shipped,53,Other
ORD-08153,2023-08-08,Standing Desk,Furniture,549.99,5,15,2337.46,UK,Paid Ads,Delivered,34,Male
ORD-08154,2023-10-28,Protein Powder,Sports,54.99,2,10,98.98,Brazil,Referral,Delivered,48,Female
ORD-08155,2024-09-17,Laptop Pro 15,Electronics,1299.99,3,0,3899.97,Brazil,Social Media,Cancelled,23,Female
ORD-08156,2024-03-10,Water Bottle,Sports,24.99,2,0,49.98,France,Organic,Delivered,40,Female
ORD-08157,2024-08-23,Water Bottle,Sports,24.99,1,5,23.74,Australia,Paid Ads,Returned,40,Male
ORD-08158,2023-06-30,Deep Work,Books,18.99,2,15,32.28,Canada,Social Media,Delivered,35,Other
ORD-08159,2024-07-04,Sunscreen SPF50,Beauty,22.99,2,0,45.98,Australia,Organic,Processing,55,Female
ORD-08160,2023-11-23,Laptop Pro 15,Electronics,1299.99,5,15,5524.96,Brazil,Email,Delivered,34,Female
ORD-08161,2023-05-20,Instant Pot,Kitchen,99.99,5,20,399.96,UK,Direct,Delivered,60,Female
ORD-08162,2023-01-29,Bookshelf,Furniture,189.99,4,0,759.96,Australia,Direct,Delivered,24,Other
ORD-08163,2024-03-15,Webcam HD,Electronics,89.99,2,0,179.98,France,Paid Ads,Cancelled,46,Female
ORD-08164,2023-05-08,Dumbbells Set,Sports,79.99,5,20,319.96,France,Referral,Shipped,28,Female
ORD-08165,2024-06-14,Dumbbells Set,Sports,79.99,5,0,399.95,Japan,Organic,Delivered,29,Other
ORD-08166,2024-12-02,Blender Pro,Kitchen,74.99,2,0,149.98,Australia,Email,Processing,26,Other
ORD-08167,2023-02-22,Atomic Habits,Books,16.99,1,10,15.29,Canada,Organic,Cancelled,48,Other
ORD-08168,2024-05-29,Laptop Pro 15,Electronics,1299.99,5,10,5849.95,Canada,Paid Ads,Delivered,55,Male
ORD-08169,2023-12-31,Webcam HD,Electronics,89.99,1,0,89.99,France,Paid Ads,Delivered,58,Female
ORD-08170,2024-11-26,Dumbbells Set,Sports,79.99,4,10,287.96,UK,Paid Ads,Delivered,64,Male
ORD-08171,2024-05-16,Sunscreen SPF50,Beauty,22.99,5,0,114.95,USA,Paid Ads,Delivered,23,Male
ORD-08172,2023-01-16,Blender Pro,Kitchen,74.99,2,0,149.98,Brazil,Referral,Processing,26,Female
ORD-08173,2024-04-19,Deep Work,Books,18.99,5,20,75.96,Germany,Social Media,Returned,57,Other
ORD-08174,2024-11-14,Dumbbells Set,Sports,79.99,2,0,159.98,Japan,Organic,Delivered,29,Male
ORD-08175,2023-11-03,Wireless Mouse,Electronics,29.99,5,0,149.95,Brazil,Email,Cancelled,20,Male
ORD-08176,2023-08-27,Python Crash Course,Books,34.99,5,0,174.95,Brazil,Organic,Returned,40,Male
ORD-08177,2024-01-24,Atomic Habits,Books,16.99,3,0,50.97,France,Email,Delivered,50,Other
ORD-08178,2024-07-29,Deep Work,Books,18.99,3,20,45.58,Canada,Direct,Delivered,52,Female
ORD-08179,2023-04-30,Office Chair,Furniture,299.99,1,20,239.99,Canada,Paid Ads,Cancelled,50,Female
ORD-08180,2024-01-28,Wireless Mouse,Electronics,29.99,1,10,26.99,Brazil,Direct,Delivered,54,Female
ORD-08181,2023-04-23,Mechanical Keyboard,Electronics,149.99,4,0,599.96,Australia,Referral,Delivered,33,Female
ORD-08182,2023-10-30,The Lean Startup,Books,19.99,4,0,79.96,Brazil,Paid Ads,Cancelled,40,Other
ORD-08183,2024-11-20,Blender Pro,Kitchen,74.99,1,20,59.99,UK,Paid Ads,Delivered,56,Other
ORD-08184,2024-03-12,The Lean Startup,Books,19.99,3,10,53.97,Germany,Social Media,Returned,32,Other
ORD-08185,2023-05-19,Deep Work,Books,18.99,4,10,68.36,Japan,Direct,Shipped,22,Female
ORD-08186,2023-11-16,Blender Pro,Kitchen,74.99,2,20,119.98,Australia,Direct,Processing,56,Female
ORD-08187,2024-05-11,USB-C Hub,Electronics,49.99,5,0,249.95,Brazil,Direct,Returned,59,Female
ORD-08188,2023-02-22,Wireless Mouse,Electronics,29.99,4,0,119.96,UK,Direct,Cancelled,63,Other
ORD-08189,2023-02-18,Yoga Mat,Sports,39.99,3,0,119.97,Germany,Email,Returned,32,Female
ORD-08190,2024-10-01,4K Monitor,Electronics,499.99,1,15,424.99,Brazil,Paid Ads,Delivered,35,Male
ORD-08191,2023-12-13,Sunscreen SPF50,Beauty,22.99,1,0,22.99,Australia,Referral,Cancelled,52,Other
ORD-08192,2024-03-20,Bookshelf,Furniture,189.99,2,20,303.98,UK,Direct,Cancelled,35,Other
ORD-08193,2023-08-15,Atomic Habits,Books,16.99,4,0,67.96,Japan,Organic,Delivered,39,Female
ORD-08194,2023-05-30,Mechanical Keyboard,Electronics,149.99,1,20,119.99,Australia,Referral,Delivered,56,Other
ORD-08195,2023-04-28,Coffee Maker,Kitchen,89.99,2,15,152.98,Japan,Social Media,Cancelled,55,Female
ORD-08196,2023-05-01,Python Crash Course,Books,34.99,2,0,69.98,Japan,Direct,Shipped,45,Female
ORD-08197,2024-07-15,Mechanical Keyboard,Electronics,149.99,3,0,449.97,UK,Paid Ads,Returned,46,Female
ORD-08198,2023-01-24,Sunscreen SPF50,Beauty,22.99,1,15,19.54,UK,Referral,Processing,21,Male
ORD-08199,2023-04-21,Laptop Pro 15,Electronics,1299.99,4,0,5199.96,Canada,Paid Ads,Delivered,35,Male
ORD-08200,2023-06-12,Standing Desk,Furniture,549.99,3,20,1319.98,France,Referral,Returned,64,Female
ORD-08201,2023-03-24,Blender Pro,Kitchen,74.99,5,10,337.45,UK,Direct,Processing,49,Other
ORD-08202,2024-10-31,Blender Pro,Kitchen,74.99,3,20,179.98,Australia,Organic,Shipped,56,Male
ORD-08203,2023-12-21,Water Bottle,Sports,24.99,2,5,47.48,USA,Direct,Delivered,35,Female
ORD-08204,2024-09-08,Instant Pot,Kitchen,99.99,3,10,269.97,Germany,Organic,Delivered,57,Female
ORD-08205,2023-02-20,The Lean Startup,Books,19.99,1,10,17.99,UK,Organic,Delivered,44,Other
ORD-08206,2023-11-30,Standing Desk,Furniture,549.99,5,10,2474.95,UK,Referral,Processing,62,Male
ORD-08207,2023-07-12,Running Shoes,Sports,119.99,1,5,113.99,Brazil,Referral,Returned,28,Female
ORD-08208,2024-01-30,Water Bottle,Sports,24.99,1,20,19.99,Germany,Direct,Delivered,46,Female
ORD-08209,2023-01-03,Protein Powder,Sports,54.99,5,20,219.96,USA,Direct,Shipped,35,Male
ORD-08210,2024-06-12,Mechanical Keyboard,Electronics,149.99,1,5,142.49,Brazil,Organic,Delivered,54,Male
ORD-08211,2024-03-28,Coffee Maker,Kitchen,89.99,4,0,359.96,UK,Organic,Returned,38,Other
ORD-08212,2023-06-16,Laptop Pro 15,Electronics,1299.99,5,5,6174.95,Australia,Paid Ads,Cancelled,49,Female
ORD-08213,2024-08-16,Dumbbells Set,Sports,79.99,3,15,203.97,Australia,Direct,Processing,30,Other
ORD-08214,2023-07-12,USB-C Hub,Electronics,49.99,5,0,249.95,Japan,Email,Cancelled,63,Female
ORD-08215,2023-09-20,Deep Work,Books,18.99,2,0,37.98,Brazil,Referral,Delivered,27,Female
ORD-08216,2024-06-13,Atomic Habits,Books,16.99,5,15,72.21,UK,Organic,Shipped,58,Other
ORD-08217,2024-07-25,Standing Desk,Furniture,549.99,2,0,1099.98,USA,Organic,Processing,47,Male
ORD-08218,2024-10-05,Running Shoes,Sports,119.99,1,5,113.99,UK,Email,Cancelled,45,Male
ORD-08219,2023-09-13,Instant Pot,Kitchen,99.99,2,0,199.98,Australia,Referral,Processing,25,Male
ORD-08220,2024-10-24,Skincare Set,Beauty,59.99,5,15,254.96,UK,Paid Ads,Cancelled,46,Female
ORD-08221,2024-03-04,Mechanical Keyboard,Electronics,149.99,3,20,359.98,UK,Referral,Delivered,46,Other
ORD-08222,2023-09-30,Water Bottle,Sports,24.99,2,0,49.98,Japan,Email,Shipped,62,Male
ORD-08223,2023-03-04,Dumbbells Set,Sports,79.99,2,20,127.98,Australia,Referral,Shipped,44,Female
ORD-08224,2024-05-23,USB-C Hub,Electronics,49.99,2,0,99.98,France,Social Media,Returned,40,Other
ORD-08225,2023-11-05,Desk Lamp,Furniture,44.99,5,15,191.21,Australia,Organic,Processing,43,Male
ORD-08226,2023-09-18,Deep Work,Books,18.99,5,0,94.95,UK,Direct,Cancelled,34,Male
ORD-08227,2024-12-10,Deep Work,Books,18.99,1,0,18.99,France,Direct,Delivered,37,Other
ORD-08228,2024-03-08,Webcam HD,Electronics,89.99,3,0,269.97,UK,Email,Delivered,33,Other
ORD-08229,2024-09-21,Desk Lamp,Furniture,44.99,2,20,71.98,USA,Email,Shipped,42,Other
ORD-08230,2024-02-16,Python Crash Course,Books,34.99,3,15,89.22,Canada,Social Media,Cancelled,37,Male
ORD-08231,2023-01-15,Yoga Mat,Sports,39.99,1,20,31.99,Australia,Email,Processing,55,Female
ORD-08232,2023-01-10,Standing Desk,Furniture,549.99,3,20,1319.98,UK,Organic,Delivered,35,Female
ORD-08233,2023-03-01,Python Crash Course,Books,34.99,4,10,125.96,Germany,Email,Delivered,38,Male
ORD-08234,2024-11-22,Coffee Maker,Kitchen,89.99,4,15,305.97,USA,Organic,Processing,26,Male
ORD-08235,2024-04-15,Mechanical Keyboard,Electronics,149.99,4,5,569.96,Canada,Paid Ads,Returned,56,Other
ORD-08236,2023-08-23,Office Chair,Furniture,299.99,2,5,569.98,USA,Organic,Shipped,58,Female
ORD-08237,2023-06-27,Bookshelf,Furniture,189.99,3,0,569.97,UK,Paid Ads,Delivered,45,Male
ORD-08238,2023-07-14,Protein Powder,Sports,54.99,3,0,164.97,Brazil,Organic,Delivered,60,Other
ORD-08239,2023-05-12,Running Shoes,Sports,119.99,2,15,203.98,Canada,Direct,Cancelled,21,Male
ORD-08240,2023-06-20,Protein Powder,Sports,54.99,2,0,109.98,France,Direct,Shipped,48,Other
ORD-08241,2023-11-13,Laptop Pro 15,Electronics,1299.99,4,0,5199.96,Australia,Paid Ads,Delivered,25,Male
ORD-08242,2023-12-15,Standing Desk,Furniture,549.99,3,15,1402.47,Germany,Social Media,Returned,44,Male
ORD-08243,2024-07-22,Desk Lamp,Furniture,44.99,3,0,134.97,UK,Referral,Delivered,52,Male
ORD-08244,2023-09-01,Standing Desk,Furniture,549.99,3,10,1484.97,Canada,Organic,Delivered,27,Other
ORD-08245,2024-08-24,Bookshelf,Furniture,189.99,3,0,569.97,Brazil,Organic,Shipped,42,Male
ORD-08246,2024-10-27,Coffee Maker,Kitchen,89.99,2,15,152.98,USA,Paid Ads,Delivered,28,Male
ORD-08247,2024-03-20,Sunscreen SPF50,Beauty,22.99,5,15,97.71,USA,Email,Delivered,24,Other
ORD-08248,2023-06-09,USB-C Hub,Electronics,49.99,3,0,149.97,Brazil,Social Media,Returned,61,Male
ORD-08249,2023-05-18,Sunscreen SPF50,Beauty,22.99,3,0,68.97,Canada,Organic,Processing,52,Male
ORD-08250,2024-12-10,Running Shoes,Sports,119.99,3,0,359.97,UK,Email,Processing,63,Male
ORD-08251,2024-08-30,Water Bottle,Sports,24.99,3,15,63.72,Australia,Direct,Delivered,48,Female
ORD-08252,2024-02-02,Deep Work,Books,18.99,4,0,75.96,Australia,Paid Ads,Shipped,46,Male
ORD-08253,2023-04-15,Python Crash Course,Books,34.99,1,15,29.74,Canada,Organic,Delivered,37,Female
ORD-08254,2024-12-07,Python Crash Course,Books,34.99,3,0,104.97,Brazil,Social Media,Shipped,40,Other
ORD-08255,2023-06-26,Running Shoes,Sports,119.99,1,0,119.99,Canada,Paid Ads,Delivered,29,Male
ORD-08256,2023-08-25,Desk Lamp,Furniture,44.99,1,5,42.74,Japan,Social Media,Delivered,31,Other
ORD-08257,2023-07-17,Skincare Set,Beauty,59.99,3,0,179.97,Brazil,Direct,Cancelled,28,Male
ORD-08258,2023-03-09,USB-C Hub,Electronics,49.99,3,0,149.97,Canada,Email,Returned,18,Other
ORD-08259,2024-11-28,Deep Work,Books,18.99,2,15,32.28,USA,Email,Returned,48,Female
ORD-08260,2024-10-07,Dumbbells Set,Sports,79.99,2,0,159.98,UK,Direct,Returned,23,Female
ORD-08261,2024-12-11,Yoga Mat,Sports,39.99,1,0,39.99,UK,Organic,Processing,25,Male
ORD-08262,2024-11-28,Sunscreen SPF50,Beauty,22.99,3,5,65.52,USA,Organic,Returned,39,Male
ORD-08263,2024-10-25,Wireless Mouse,Electronics,29.99,3,10,80.97,Australia,Email,Shipped,52,Female
ORD-08264,2024-12-28,Office Chair,Furniture,299.99,1,0,299.99,Germany,Referral,Returned,56,Female
ORD-08265,2023-08-04,Python Crash Course,Books,34.99,2,0,69.98,Brazil,Direct,Returned,51,Male
ORD-08266,2024-08-10,Webcam HD,Electronics,89.99,5,0,449.95,Canada,Social Media,Returned,31,Male
ORD-08267,2023-11-11,Dumbbells Set,Sports,79.99,5,10,359.95,USA,Email,Returned,44,Other
ORD-08268,2024-12-28,Bookshelf,Furniture,189.99,3,5,541.47,Brazil,Email,Delivered,37,Male
ORD-08269,2024-08-08,Office Chair,Furniture,299.99,5,0,1499.95,UK,Social Media,Shipped,33,Male
ORD-08270,2023-06-20,Air Fryer,Kitchen,129.99,3,0,389.97,Germany,Social Media,Shipped,34,Other
ORD-08271,2024-12-21,Blender Pro,Kitchen,74.99,1,0,74.99,Japan,Organic,Cancelled,50,Female
ORD-08272,2024-11-26,Desk Lamp,Furniture,44.99,5,15,191.21,UK,Referral,Delivered,27,Male
ORD-08273,2023-08-07,Air Fryer,Kitchen,129.99,3,15,331.47,France,Direct,Processing,36,Female
ORD-08274,2024-04-09,Blender Pro,Kitchen,74.99,3,10,202.47,France,Referral,Delivered,60,Female
ORD-08275,2024-09-26,Skincare Set,Beauty,59.99,3,0,179.97,Australia,Organic,Cancelled,34,Male
ORD-08276,2023-05-01,Air Fryer,Kitchen,129.99,3,5,370.47,Canada,Referral,Cancelled,55,Male
ORD-08277,2023-09-20,4K Monitor,Electronics,499.99,4,15,1699.97,USA,Email,Delivered,32,Male
ORD-08278,2024-08-16,USB-C Hub,Electronics,49.99,3,0,149.97,Canada,Email,Shipped,36,Other
ORD-08279,2024-02-11,Mechanical Keyboard,Electronics,149.99,2,0,299.98,Australia,Social Media,Delivered,41,Other
ORD-08280,2024-10-14,4K Monitor,Electronics,499.99,3,15,1274.97,UK,Paid Ads,Shipped,29,Male
ORD-08281,2024-02-28,Desk Lamp,Furniture,44.99,4,15,152.97,Germany,Organic,Processing,61,Female
ORD-08282,2024-07-29,Laptop Pro 15,Electronics,1299.99,2,20,2079.98,Germany,Social Media,Shipped,53,Female
ORD-08283,2023-06-14,Wireless Mouse,Electronics,29.99,4,0,119.96,Germany,Referral,Delivered,56,Male
ORD-08284,2024-11-06,Air Fryer,Kitchen,129.99,5,0,649.95,Canada,Referral,Cancelled,54,Male
ORD-08285,2024-06-06,Skincare Set,Beauty,59.99,2,15,101.98,Australia,Organic,Shipped,33,Other
ORD-08286,2024-05-27,Water Bottle,Sports,24.99,5,15,106.21,Australia,Social Media,Delivered,41,Male
ORD-08287,2024-02-05,The Lean Startup,Books,19.99,1,0,19.99,UK,Direct,Delivered,34,Female
ORD-08288,2023-05-17,Desk Lamp,Furniture,44.99,5,0,224.95,Japan,Direct,Shipped,28,Male
ORD-08289,2024-04-25,Instant Pot,Kitchen,99.99,4,0,399.96,Brazil,Direct,Delivered,37,Male
ORD-08290,2024-06-01,Mechanical Keyboard,Electronics,149.99,3,0,449.97,Australia,Email,Returned,40,Male
ORD-08291,2024-12-27,Dumbbells Set,Sports,79.99,5,10,359.95,Brazil,Social Media,Delivered,59,Male
ORD-08292,2023-03-13,Water Bottle,Sports,24.99,3,5,71.22,Germany,Paid Ads,Processing,34,Female
ORD-08293,2023-11-29,Water Bottle,Sports,24.99,3,20,59.98,USA,Organic,Delivered,59,Male
ORD-08294,2023-05-24,USB-C Hub,Electronics,49.99,5,15,212.46,France,Referral,Delivered,31,Male
ORD-08295,2023-05-12,Wireless Mouse,Electronics,29.99,3,10,80.97,Germany,Organic,Processing,54,Other
ORD-08296,2024-09-24,Instant Pot,Kitchen,99.99,2,0,199.98,Canada,Direct,Delivered,27,Other
ORD-08297,2023-02-10,Webcam HD,Electronics,89.99,3,0,269.97,Brazil,Email,Shipped,55,Female
ORD-08298,2023-02-16,Blender Pro,Kitchen,74.99,4,20,239.97,Germany,Direct,Processing,28,Other
ORD-08299,2023-06-18,Standing Desk,Furniture,549.99,4,5,2089.96,France,Organic,Cancelled,19,Other
ORD-08300,2023-01-08,Coffee Maker,Kitchen,89.99,4,5,341.96,Germany,Social Media,Cancelled,36,Other
ORD-08301,2024-11-05,Bookshelf,Furniture,189.99,2,0,379.98,Australia,Referral,Delivered,64,Male
ORD-08302,2023-05-25,USB-C Hub,Electronics,49.99,2,0,99.98,Australia,Paid Ads,Delivered,25,Male
ORD-08303,2023-12-13,Yoga Mat,Sports,39.99,3,15,101.97,Germany,Email,Cancelled,34,Female
ORD-08304,2024-03-15,Deep Work,Books,18.99,2,5,36.08,USA,Email,Shipped,58,Female
ORD-08305,2024-03-21,Water Bottle,Sports,24.99,3,0,74.97,Germany,Direct,Delivered,35,Other
ORD-08306,2023-06-29,Webcam HD,Electronics,89.99,1,0,89.99,France,Social Media,Returned,62,Female
ORD-08307,2023-07-04,Laptop Pro 15,Electronics,1299.99,3,0,3899.97,Australia,Paid Ads,Delivered,24,Female
ORD-08308,2024-10-26,Sunscreen SPF50,Beauty,22.99,5,20,91.96,Australia,Social Media,Delivered,18,Male
ORD-08309,2024-02-01,Coffee Maker,Kitchen,89.99,3,20,215.98,Australia,Organic,Delivered,51,Male
ORD-08310,2024-02-06,Wireless Mouse,Electronics,29.99,4,0,119.96,Canada,Referral,Processing,36,Other
ORD-08311,2024-08-13,Running Shoes,Sports,119.99,5,0,599.95,Japan,Email,Processing,55,Other
ORD-08312,2023-01-15,Mechanical Keyboard,Electronics,149.99,1,5,142.49,Australia,Direct,Delivered,51,Female
ORD-08313,2023-10-19,Water Bottle,Sports,24.99,2,0,49.98,Australia,Paid Ads,Cancelled,31,Other
ORD-08314,2024-03-11,Mechanical Keyboard,Electronics,149.99,3,20,359.98,UK,Email,Returned,32,Other
ORD-08315,2024-03-31,Laptop Pro 15,Electronics,1299.99,4,15,4419.97,Canada,Email,Delivered,63,Male
ORD-08316,2023-01-30,Wireless Mouse,Electronics,29.99,3,0,89.97,Canada,Direct,Processing,36,Male
ORD-08317,2024-03-29,Deep Work,Books,18.99,5,0,94.95,Brazil,Email,Cancelled,53,Other
ORD-08318,2023-03-27,Wireless Mouse,Electronics,29.99,3,10,80.97,Australia,Referral,Delivered,40,Other
ORD-08319,2023-01-26,Skincare Set,Beauty,59.99,3,20,143.98,France,Paid Ads,Returned,36,Other
ORD-08320,2024-04-02,The Lean Startup,Books,19.99,3,15,50.97,USA,Social Media,Delivered,37,Female
ORD-08321,2023-04-17,Dumbbells Set,Sports,79.99,1,15,67.99,Brazil,Email,Returned,54,Female
ORD-08322,2023-03-21,Protein Powder,Sports,54.99,4,10,197.96,Canada,Paid Ads,Processing,25,Other
ORD-08323,2023-07-24,Desk Lamp,Furniture,44.99,5,0,224.95,UK,Email,Processing,51,Female
ORD-08324,2024-11-21,Laptop Pro 15,Electronics,1299.99,3,15,3314.97,Brazil,Email,Cancelled,33,Male
ORD-08325,2023-01-12,Sunscreen SPF50,Beauty,22.99,5,15,97.71,France,Email,Returned,59,Other
ORD-08326,2023-04-13,Water Bottle,Sports,24.99,1,0,24.99,Canada,Referral,Delivered,26,Female
ORD-08327,2024-01-25,Python Crash Course,Books,34.99,4,0,139.96,UK,Email,Delivered,33,Female
ORD-08328,2023-10-14,Bookshelf,Furniture,189.99,4,20,607.97,Brazil,Referral,Delivered,44,Male
ORD-08329,2024-12-01,Desk Lamp,Furniture,44.99,1,5,42.74,France,Paid Ads,Shipped,22,Other
ORD-08330,2024-12-23,Mechanical Keyboard,Electronics,149.99,1,5,142.49,Australia,Referral,Returned,41,Male
ORD-08331,2023-11-15,USB-C Hub,Electronics,49.99,4,0,199.96,Japan,Referral,Shipped,37,Female
ORD-08332,2024-07-14,Webcam HD,Electronics,89.99,3,5,256.47,Germany,Social Media,Cancelled,65,Male
ORD-08333,2023-06-27,Protein Powder,Sports,54.99,1,0,54.99,UK,Organic,Delivered,28,Other
ORD-08334,2024-07-24,The Lean Startup,Books,19.99,2,15,33.98,UK,Social Media,Processing,60,Male
ORD-08335,2023-10-04,USB-C Hub,Electronics,49.99,1,0,49.99,UK,Direct,Delivered,20,Male
ORD-08336,2024-10-24,Desk Lamp,Furniture,44.99,3,5,128.22,France,Direct,Processing,23,Female
ORD-08337,2024-12-04,Python Crash Course,Books,34.99,5,5,166.2,UK,Referral,Returned,35,Male
ORD-08338,2023-07-13,Sunscreen SPF50,Beauty,22.99,5,0,114.95,Canada,Direct,Delivered,29,Female
ORD-08339,2023-11-26,Instant Pot,Kitchen,99.99,5,0,499.95,France,Email,Cancelled,18,Other
ORD-08340,2023-01-26,Skincare Set,Beauty,59.99,4,0,239.96,Canada,Email,Processing,59,Female
ORD-08341,2024-04-04,Dumbbells Set,Sports,79.99,2,5,151.98,France,Paid Ads,Delivered,35,Male
ORD-08342,2024-11-24,Water Bottle,Sports,24.99,4,0,99.96,Canada,Email,Processing,24,Other
ORD-08343,2023-11-23,Blender Pro,Kitchen,74.99,3,5,213.72,Japan,Email,Processing,58,Male
ORD-08344,2023-01-02,Python Crash Course,Books,34.99,2,10,62.98,Brazil,Paid Ads,Delivered,33,Other
ORD-08345,2023-04-29,Skincare Set,Beauty,59.99,5,15,254.96,Brazil,Organic,Processing,44,Other
ORD-08346,2023-09-04,Running Shoes,Sports,119.99,3,20,287.98,France,Social Media,Delivered,55,Female
ORD-08347,2024-01-04,Wireless Mouse,Electronics,29.99,5,0,149.95,USA,Direct,Delivered,50,Other
ORD-08348,2023-11-26,Standing Desk,Furniture,549.99,5,10,2474.95,USA,Paid Ads,Processing,37,Female
ORD-08349,2023-01-02,4K Monitor,Electronics,499.99,4,10,1799.96,Germany,Email,Cancelled,26,Other
ORD-08350,2024-01-23,Atomic Habits,Books,16.99,3,10,45.87,France,Organic,Cancelled,61,Female
ORD-08351,2024-04-13,Coffee Maker,Kitchen,89.99,1,0,89.99,France,Email,Delivered,23,Female
ORD-08352,2023-08-29,Python Crash Course,Books,34.99,5,0,174.95,Japan,Direct,Delivered,45,Male
ORD-08353,2024-07-06,Sunscreen SPF50,Beauty,22.99,2,0,45.98,Canada,Organic,Cancelled,19,Male
ORD-08354,2024-11-29,Air Fryer,Kitchen,129.99,2,10,233.98,Brazil,Referral,Delivered,44,Other
ORD-08355,2024-05-08,Skincare Set,Beauty,59.99,5,0,299.95,France,Email,Delivered,58,Female
ORD-08356,2023-07-27,Laptop Pro 15,Electronics,1299.99,5,0,6499.95,Canada,Paid Ads,Delivered,25,Male
ORD-08357,2024-06-10,Atomic Habits,Books,16.99,1,5,16.14,USA,Paid Ads,Returned,38,Other
ORD-08358,2023-08-11,Sunscreen SPF50,Beauty,22.99,2,15,39.08,Canada,Paid Ads,Delivered,49,Male
ORD-08359,2023-08-19,Water Bottle,Sports,24.99,3,0,74.97,France,Organic,Returned,43,Male
ORD-08360,2024-06-12,Running Shoes,Sports,119.99,5,10,539.95,UK,Social Media,Returned,52,Other
ORD-08361,2024-10-25,Coffee Maker,Kitchen,89.99,3,10,242.97,Canada,Direct,Delivered,31,Other
ORD-08362,2023-07-16,4K Monitor,Electronics,499.99,2,10,899.98,France,Email,Returned,43,Male
ORD-08363,2024-09-08,Deep Work,Books,18.99,5,5,90.2,UK,Organic,Processing,63,Male
ORD-08364,2024-06-05,Standing Desk,Furniture,549.99,2,0,1099.98,UK,Paid Ads,Cancelled,32,Female
ORD-08365,2024-12-10,Protein Powder,Sports,54.99,2,0,109.98,France,Social Media,Cancelled,40,Female
ORD-08366,2023-09-21,Desk Lamp,Furniture,44.99,2,0,89.98,Brazil,Organic,Cancelled,21,Female
ORD-08367,2024-06-12,Coffee Maker,Kitchen,89.99,5,5,427.45,France,Social Media,Delivered,29,Other
ORD-08368,2023-12-18,Coffee Maker,Kitchen,89.99,4,0,359.96,USA,Paid Ads,Shipped,34,Other
ORD-08369,2024-01-09,Air Fryer,Kitchen,129.99,1,10,116.99,Germany,Email,Returned,35,Male
ORD-08370,2023-05-29,Skincare Set,Beauty,59.99,1,20,47.99,USA,Email,Cancelled,18,Other
ORD-08371,2024-07-17,Yoga Mat,Sports,39.99,1,15,33.99,Brazil,Email,Delivered,45,Other
ORD-08372,2024-11-11,Standing Desk,Furniture,549.99,4,20,1759.97,Australia,Referral,Delivered,55,Other
ORD-08373,2024-03-28,Python Crash Course,Books,34.99,1,15,29.74,Australia,Email,Returned,32,Male
ORD-08374,2023-08-27,Protein Powder,Sports,54.99,2,10,98.98,Germany,Email,Returned,55,Male
ORD-08375,2023-07-08,Yoga Mat,Sports,39.99,5,15,169.96,France,Direct,Delivered,38,Female
ORD-08376,2024-08-31,Skincare Set,Beauty,59.99,3,15,152.97,Brazil,Email,Returned,24,Other
ORD-08377,2023-06-22,Desk Lamp,Furniture,44.99,5,0,224.95,Canada,Direct,Cancelled,20,Female
ORD-08378,2024-09-12,Air Fryer,Kitchen,129.99,4,0,519.96,France,Referral,Delivered,54,Other
ORD-08379,2023-12-28,Webcam HD,Electronics,89.99,2,0,179.98,Canada,Email,Delivered,45,Male
ORD-08380,2024-04-05,Instant Pot,Kitchen,99.99,2,5,189.98,Canada,Organic,Delivered,48,Other
ORD-08381,2024-12-10,Laptop Pro 15,Electronics,1299.99,1,0,1299.99,Brazil,Social Media,Cancelled,39,Female
ORD-08382,2024-12-11,Standing Desk,Furniture,549.99,4,5,2089.96,France,Email,Delivered,41,Male
ORD-08383,2023-02-14,Bookshelf,Furniture,189.99,4,15,645.97,France,Social Media,Delivered,62,Other
ORD-08384,2024-09-12,The Lean Startup,Books,19.99,5,0,99.95,Brazil,Organic,Cancelled,43,Female
ORD-08385,2024-10-04,Python Crash Course,Books,34.99,5,20,139.96,USA,Paid Ads,Delivered,28,Female
ORD-08386,2024-08-12,4K Monitor,Electronics,499.99,2,15,849.98,USA,Organic,Processing,31,Male
ORD-08387,2023-11-06,Mechanical Keyboard,Electronics,149.99,5,5,712.45,UK,Social Media,Cancelled,38,Other
ORD-08388,2023-01-19,Running Shoes,Sports,119.99,5,15,509.96,Germany,Organic,Returned,32,Other
ORD-08389,2023-01-11,Running Shoes,Sports,119.99,3,0,359.97,Germany,Organic,Returned,33,Female
ORD-08390,2023-08-14,Mechanical Keyboard,Electronics,149.99,2,15,254.98,Australia,Direct,Delivered,35,Other
ORD-08391,2024-06-11,Air Fryer,Kitchen,129.99,5,0,649.95,Brazil,Direct,Delivered,54,Other
ORD-08392,2024-04-18,Yoga Mat,Sports,39.99,2,15,67.98,Canada,Direct,Processing,26,Female
ORD-08393,2024-06-21,Wireless Mouse,Electronics,29.99,5,10,134.95,Canada,Referral,Delivered,62,Other
ORD-08394,2024-08-11,Atomic Habits,Books,16.99,4,0,67.96,UK,Direct,Delivered,44,Male
ORD-08395,2023-02-01,Dumbbells Set,Sports,79.99,4,20,255.97,Brazil,Referral,Shipped,30,Male
ORD-08396,2023-08-16,Atomic Habits,Books,16.99,1,20,13.59,Japan,Referral,Delivered,54,Female
ORD-08397,2024-07-12,Standing Desk,Furniture,549.99,4,0,2199.96,Brazil,Direct,Shipped,62,Other
ORD-08398,2024-07-04,Skincare Set,Beauty,59.99,4,20,191.97,France,Social Media,Returned,35,Other
ORD-08399,2023-03-07,Mechanical Keyboard,Electronics,149.99,5,0,749.95,UK,Organic,Delivered,39,Female
ORD-08400,2024-11-15,Webcam HD,Electronics,89.99,4,20,287.97,Canada,Social Media,Delivered,47,Male
ORD-08401,2023-01-16,Skincare Set,Beauty,59.99,1,10,53.99,USA,Referral,Shipped,26,Female
ORD-08402,2024-05-30,Water Bottle,Sports,24.99,2,20,39.98,Germany,Organic,Delivered,28,Other
ORD-08403,2024-05-01,Webcam HD,Electronics,89.99,4,15,305.97,Australia,Paid Ads,Delivered,61,Female
ORD-08404,2023-06-22,Python Crash Course,Books,34.99,2,0,69.98,UK,Organic,Cancelled,35,Male
ORD-08405,2023-10-22,USB-C Hub,Electronics,49.99,4,5,189.96,Germany,Referral,Delivered,44,Female
ORD-08406,2024-03-25,Sunscreen SPF50,Beauty,22.99,3,20,55.18,Brazil,Paid Ads,Shipped,46,Female
ORD-08407,2023-04-23,Air Fryer,Kitchen,129.99,5,10,584.96,France,Email,Delivered,40,Male
ORD-08408,2024-12-20,Water Bottle,Sports,24.99,4,15,84.97,Australia,Direct,Shipped,36,Male
ORD-08409,2024-09-20,Standing Desk,Furniture,549.99,5,0,2749.95,France,Direct,Cancelled,52,Female
ORD-08410,2024-10-02,Coffee Maker,Kitchen,89.99,5,5,427.45,UK,Email,Cancelled,36,Female
ORD-08411,2023-06-12,Coffee Maker,Kitchen,89.99,2,10,161.98,UK,Email,Shipped,30,Female
ORD-08412,2023-01-20,Protein Powder,Sports,54.99,2,20,87.98,USA,Referral,Delivered,23,Male
ORD-08413,2023-01-24,Wireless Mouse,Electronics,29.99,4,20,95.97,Brazil,Referral,Delivered,25,Other
ORD-08414,2023-06-10,Skincare Set,Beauty,59.99,4,0,239.96,Brazil,Direct,Delivered,22,Other
ORD-08415,2024-07-06,Python Crash Course,Books,34.99,1,0,34.99,Canada,Paid Ads,Delivered,21,Other
ORD-08416,2024-06-11,USB-C Hub,Electronics,49.99,5,0,249.95,Germany,Referral,Cancelled,27,Male
ORD-08417,2024-05-01,Dumbbells Set,Sports,79.99,3,20,191.98,Australia,Social Media,Cancelled,62,Female
ORD-08418,2023-10-18,Sunscreen SPF50,Beauty,22.99,3,5,65.52,Canada,Email,Processing,49,Other
ORD-08419,2024-09-06,Webcam HD,Electronics,89.99,3,0,269.97,Brazil,Direct,Cancelled,61,Female
ORD-08420,2023-03-19,Desk Lamp,Furniture,44.99,3,0,134.97,Japan,Email,Processing,42,Female
ORD-08421,2024-08-05,Sunscreen SPF50,Beauty,22.99,5,15,97.71,France,Paid Ads,Returned,18,Other
ORD-08422,2024-01-20,Mechanical Keyboard,Electronics,149.99,2,5,284.98,Japan,Referral,Processing,28,Male
ORD-08423,2024-04-08,Standing Desk,Furniture,549.99,1,20,439.99,Canada,Social Media,Cancelled,56,Male
ORD-08424,2023-01-31,Atomic Habits,Books,16.99,4,10,61.16,Brazil,Referral,Delivered,56,Male
ORD-08425,2023-07-01,The Lean Startup,Books,19.99,1,0,19.99,UK,Paid Ads,Shipped,31,Female
ORD-08426,2024-07-22,Mechanical Keyboard,Electronics,149.99,3,5,427.47,Brazil,Organic,Delivered,29,Female
ORD-08427,2023-06-25,Webcam HD,Electronics,89.99,3,20,215.98,UK,Referral,Delivered,30,Female
ORD-08428,2024-03-05,4K Monitor,Electronics,499.99,5,20,1999.96,France,Social Media,Delivered,49,Other
ORD-08429,2023-07-07,Atomic Habits,Books,16.99,2,10,30.58,France,Organic,Cancelled,24,Male
ORD-08430,2023-12-30,Instant Pot,Kitchen,99.99,2,0,199.98,USA,Social Media,Delivered,29,Male
ORD-08431,2024-07-30,USB-C Hub,Electronics,49.99,5,0,249.95,UK,Paid Ads,Delivered,48,Other
ORD-08432,2024-02-11,Blender Pro,Kitchen,74.99,4,5,284.96,Brazil,Referral,Delivered,19,Male
ORD-08433,2023-04-10,Python Crash Course,Books,34.99,2,10,62.98,France,Organic,Processing,57,Male
ORD-08434,2024-05-01,Office Chair,Furniture,299.99,1,0,299.99,Brazil,Email,Cancelled,52,Female
ORD-08435,2024-06-27,Mechanical Keyboard,Electronics,149.99,3,15,382.47,UK,Direct,Processing,65,Female
ORD-08436,2024-05-21,Deep Work,Books,18.99,5,20,75.96,UK,Referral,Delivered,38,Male
ORD-08437,2024-09-30,4K Monitor,Electronics,499.99,1,10,449.99,France,Referral,Cancelled,45,Female
ORD-08438,2023-09-13,The Lean Startup,Books,19.99,3,0,59.97,France,Organic,Delivered,43,Other
ORD-08439,2023-10-24,Sunscreen SPF50,Beauty,22.99,3,15,58.62,Germany,Direct,Delivered,21,Male
ORD-08440,2023-02-18,Desk Lamp,Furniture,44.99,3,20,107.98,Canada,Referral,Shipped,63,Other
ORD-08441,2024-09-24,Python Crash Course,Books,34.99,2,0,69.98,Australia,Email,Returned,64,Other
ORD-08442,2024-12-24,Protein Powder,Sports,54.99,1,0,54.99,Canada,Social Media,Processing,33,Other
ORD-08443,2023-05-01,Blender Pro,Kitchen,74.99,2,20,119.98,Canada,Email,Delivered,41,Female
ORD-08444,2023-10-20,Blender Pro,Kitchen,74.99,5,20,299.96,Australia,Social Media,Cancelled,18,Male
ORD-08445,2024-11-28,Laptop Pro 15,Electronics,1299.99,4,10,4679.96,Australia,Referral,Delivered,39,Female
ORD-08446,2024-03-14,Python Crash Course,Books,34.99,4,0,139.96,Germany,Referral,Shipped,46,Other
ORD-08447,2024-05-11,The Lean Startup,Books,19.99,2,10,35.98,USA,Email,Delivered,23,Female
ORD-08448,2023-07-26,Atomic Habits,Books,16.99,1,5,16.14,Japan,Paid Ads,Shipped,48,Other
ORD-08449,2023-11-03,Laptop Pro 15,Electronics,1299.99,5,15,5524.96,USA,Email,Delivered,47,Other
ORD-08450,2023-05-20,Webcam HD,Electronics,89.99,5,15,382.46,UK,Email,Shipped,35,Other
ORD-08451,2023-01-16,Running Shoes,Sports,119.99,4,0,479.96,France,Direct,Cancelled,40,Female
ORD-08452,2023-09-14,Laptop Pro 15,Electronics,1299.99,2,10,2339.98,UK,Referral,Delivered,42,Female
ORD-08453,2023-01-20,Blender Pro,Kitchen,74.99,3,15,191.22,France,Referral,Delivered,22,Other
ORD-08454,2023-10-05,Deep Work,Books,18.99,2,20,30.38,Canada,Referral,Delivered,38,Other
ORD-08455,2024-02-16,Wireless Mouse,Electronics,29.99,2,0,59.98,Germany,Social Media,Delivered,23,Other
ORD-08456,2024-05-14,Sunscreen SPF50,Beauty,22.99,3,10,62.07,Japan,Paid Ads,Shipped,57,Male
ORD-08457,2024-07-07,Skincare Set,Beauty,59.99,1,0,59.99,France,Email,Delivered,48,Male
ORD-08458,2024-11-07,Dumbbells Set,Sports,79.99,2,0,159.98,UK,Email,Delivered,56,Male
ORD-08459,2023-03-24,Desk Lamp,Furniture,44.99,2,5,85.48,UK,Organic,Processing,61,Female
ORD-08460,2023-12-01,Standing Desk,Furniture,549.99,2,15,934.98,UK,Social Media,Shipped,61,Other
ORD-08461,2024-02-11,Mechanical Keyboard,Electronics,149.99,2,5,284.98,Australia,Organic,Processing,52,Other
ORD-08462,2024-09-15,Coffee Maker,Kitchen,89.99,4,0,359.96,Australia,Referral,Returned,38,Male
ORD-08463,2024-04-29,Deep Work,Books,18.99,5,15,80.71,Brazil,Referral,Processing,23,Female
ORD-08464,2024-12-29,Bookshelf,Furniture,189.99,5,15,807.46,USA,Referral,Shipped,39,Male
ORD-08465,2023-04-18,Deep Work,Books,18.99,5,20,75.96,Brazil,Social Media,Cancelled,37,Other
ORD-08466,2024-05-01,Running Shoes,Sports,119.99,2,0,239.98,Brazil,Direct,Shipped,50,Female
ORD-08467,2023-10-28,Protein Powder,Sports,54.99,4,0,219.96,Brazil,Direct,Shipped,19,Female
ORD-08468,2023-02-10,The Lean Startup,Books,19.99,3,15,50.97,Australia,Referral,Cancelled,50,Other
ORD-08469,2023-07-15,Water Bottle,Sports,24.99,5,20,99.96,Australia,Email,Delivered,64,Male
ORD-08470,2023-06-20,Desk Lamp,Furniture,44.99,3,0,134.97,UK,Organic,Cancelled,38,Female
ORD-08471,2024-01-08,4K Monitor,Electronics,499.99,4,5,1899.96,USA,Organic,Cancelled,40,Female
ORD-08472,2023-06-15,Standing Desk,Furniture,549.99,4,20,1759.97,UK,Referral,Delivered,41,Male
ORD-08473,2024-04-06,Deep Work,Books,18.99,2,0,37.98,USA,Referral,Delivered,34,Female
ORD-08474,2023-09-01,Mechanical Keyboard,Electronics,149.99,4,15,509.97,France,Direct,Shipped,20,Female
ORD-08475,2024-12-03,Standing Desk,Furniture,549.99,3,10,1484.97,Germany,Paid Ads,Delivered,49,Female
ORD-08476,2023-12-03,Instant Pot,Kitchen,99.99,5,0,499.95,Germany,Direct,Returned,32,Male
ORD-08477,2024-10-31,USB-C Hub,Electronics,49.99,3,10,134.97,Germany,Direct,Delivered,40,Female
ORD-08478,2024-06-07,Protein Powder,Sports,54.99,5,15,233.71,Canada,Referral,Returned,58,Male
ORD-08479,2023-01-09,Standing Desk,Furniture,549.99,4,5,2089.96,Australia,Paid Ads,Delivered,49,Other
ORD-08480,2024-04-04,Instant Pot,Kitchen,99.99,1,0,99.99,USA,Organic,Delivered,52,Male
ORD-08481,2023-01-01,Wireless Mouse,Electronics,29.99,1,0,29.99,Canada,Direct,Shipped,43,Female
ORD-08482,2023-04-03,Desk Lamp,Furniture,44.99,5,0,224.95,Japan,Social Media,Delivered,62,Other
ORD-08483,2024-12-22,Deep Work,Books,18.99,1,5,18.04,Canada,Email,Cancelled,49,Female
ORD-08484,2023-12-20,Laptop Pro 15,Electronics,1299.99,2,20,2079.98,France,Paid Ads,Delivered,21,Male
ORD-08485,2023-06-07,4K Monitor,Electronics,499.99,5,0,2499.95,Australia,Paid Ads,Delivered,30,Female
ORD-08486,2023-12-02,Deep Work,Books,18.99,2,5,36.08,UK,Referral,Shipped,43,Other
ORD-08487,2024-02-08,Mechanical Keyboard,Electronics,149.99,4,0,599.96,France,Paid Ads,Processing,30,Male
ORD-08488,2024-06-27,Laptop Pro 15,Electronics,1299.99,1,20,1039.99,USA,Email,Cancelled,20,Male
ORD-08489,2024-03-25,Desk Lamp,Furniture,44.99,3,0,134.97,Japan,Organic,Processing,32,Female
ORD-08490,2024-07-26,Standing Desk,Furniture,549.99,3,10,1484.97,UK,Email,Cancelled,38,Male
ORD-08491,2024-04-11,Atomic Habits,Books,16.99,2,0,33.98,Canada,Paid Ads,Delivered,25,Female
ORD-08492,2024-11-29,Yoga Mat,Sports,39.99,3,10,107.97,Brazil,Email,Delivered,24,Female
ORD-08493,2023-10-21,USB-C Hub,Electronics,49.99,1,20,39.99,Germany,Email,Delivered,24,Female
ORD-08494,2023-04-20,Standing Desk,Furniture,549.99,3,10,1484.97,Japan,Direct,Shipped,51,Other
ORD-08495,2024-08-14,Atomic Habits,Books,16.99,2,0,33.98,Brazil,Direct,Returned,30,Other
ORD-08496,2023-05-14,Desk Lamp,Furniture,44.99,5,5,213.7,USA,Paid Ads,Returned,51,Female
ORD-08497,2024-12-13,Coffee Maker,Kitchen,89.99,4,0,359.96,Australia,Social Media,Delivered,59,Other
ORD-08498,2023-01-18,USB-C Hub,Electronics,49.99,2,0,99.98,UK,Social Media,Cancelled,55,Other
ORD-08499,2024-08-26,Office Chair,Furniture,299.99,2,0,599.98,Germany,Social Media,Processing,41,Male
ORD-08500,2023-01-08,USB-C Hub,Electronics,49.99,5,5,237.45,Australia,Social Media,Processing,64,Female
ORD-08501,2023-03-01,Protein Powder,Sports,54.99,5,20,219.96,France,Social Media,Delivered,61,Other
ORD-08502,2024-08-24,Deep Work,Books,18.99,1,0,18.99,Australia,Paid Ads,Returned,22,Male
ORD-08503,2023-05-21,Wireless Mouse,Electronics,29.99,2,10,53.98,Brazil,Organic,Cancelled,46,Male
ORD-08504,2023-09-10,Skincare Set,Beauty,59.99,4,0,239.96,France,Paid Ads,Delivered,27,Male
ORD-08505,2023-01-07,Wireless Mouse,Electronics,29.99,3,5,85.47,Brazil,Referral,Shipped,40,Male
ORD-08506,2023-03-24,Wireless Mouse,Electronics,29.99,1,10,26.99,France,Referral,Shipped,38,Female
ORD-08507,2023-06-29,Office Chair,Furniture,299.99,3,15,764.97,Japan,Direct,Processing,42,Male
ORD-08508,2023-07-07,Webcam HD,Electronics,89.99,5,0,449.95,Australia,Social Media,Delivered,24,Female
ORD-08509,2023-04-01,Laptop Pro 15,Electronics,1299.99,3,20,3119.98,Japan,Email,Delivered,56,Other
ORD-08510,2023-05-28,Coffee Maker,Kitchen,89.99,2,15,152.98,Japan,Referral,Returned,20,Female
ORD-08511,2023-01-10,Standing Desk,Furniture,549.99,3,15,1402.47,Brazil,Paid Ads,Cancelled,33,Female
ORD-08512,2024-06-21,Sunscreen SPF50,Beauty,22.99,2,10,41.38,Australia,Organic,Shipped,41,Other
ORD-08513,2023-05-23,Wireless Mouse,Electronics,29.99,3,5,85.47,Brazil,Organic,Delivered,37,Other
ORD-08514,2023-07-20,Instant Pot,Kitchen,99.99,1,15,84.99,Brazil,Email,Delivered,47,Male
ORD-08515,2023-06-24,Office Chair,Furniture,299.99,3,0,899.97,Canada,Email,Returned,64,Female
ORD-08516,2023-08-10,Atomic Habits,Books,16.99,2,0,33.98,Japan,Paid Ads,Returned,26,Female
ORD-08517,2023-03-01,Bookshelf,Furniture,189.99,2,0,379.98,Germany,Email,Delivered,65,Other
ORD-08518,2023-05-21,Yoga Mat,Sports,39.99,1,0,39.99,France,Email,Delivered,45,Female
ORD-08519,2024-01-08,Sunscreen SPF50,Beauty,22.99,1,0,22.99,USA,Referral,Delivered,65,Female
ORD-08520,2023-03-29,Atomic Habits,Books,16.99,3,15,43.32,Canada,Organic,Delivered,55,Female
ORD-08521,2023-04-18,Wireless Mouse,Electronics,29.99,1,15,25.49,USA,Social Media,Returned,35,Male
ORD-08522,2023-08-12,Wireless Mouse,Electronics,29.99,3,20,71.98,USA,Referral,Processing,21,Other
ORD-08523,2024-08-24,Yoga Mat,Sports,39.99,3,0,119.97,Japan,Direct,Delivered,21,Other
ORD-08524,2024-06-25,Python Crash Course,Books,34.99,4,10,125.96,France,Direct,Processing,43,Female
ORD-08525,2023-12-02,The Lean Startup,Books,19.99,3,0,59.97,Canada,Social Media,Delivered,47,Female
ORD-08526,2024-02-04,The Lean Startup,Books,19.99,3,5,56.97,Australia,Social Media,Cancelled,45,Female
ORD-08527,2023-11-16,4K Monitor,Electronics,499.99,5,0,2499.95,Brazil,Email,Delivered,19,Male
ORD-08528,2024-09-09,Running Shoes,Sports,119.99,2,20,191.98,Australia,Paid Ads,Cancelled,44,Female
ORD-08529,2023-11-16,Coffee Maker,Kitchen,89.99,3,0,269.97,Canada,Paid Ads,Delivered,45,Female
ORD-08530,2023-03-01,Coffee Maker,Kitchen,89.99,3,0,269.97,Germany,Referral,Returned,24,Female
ORD-08531,2024-09-15,Atomic Habits,Books,16.99,4,0,67.96,France,Paid Ads,Cancelled,19,Other
ORD-08532,2024-12-18,Yoga Mat,Sports,39.99,3,5,113.97,Brazil,Email,Processing,32,Male
ORD-08533,2023-07-01,Dumbbells Set,Sports,79.99,1,0,79.99,Germany,Referral,Shipped,63,Male
ORD-08534,2024-01-20,4K Monitor,Electronics,499.99,2,0,999.98,Brazil,Social Media,Cancelled,40,Male
ORD-08535,2023-08-12,Skincare Set,Beauty,59.99,4,0,239.96,France,Email,Shipped,59,Female
ORD-08536,2023-08-11,Wireless Mouse,Electronics,29.99,4,0,119.96,Australia,Referral,Delivered,47,Female
ORD-08537,2023-12-31,Water Bottle,Sports,24.99,4,20,79.97,UK,Social Media,Cancelled,58,Other
ORD-08538,2024-08-06,Python Crash Course,Books,34.99,2,15,59.48,USA,Direct,Delivered,63,Female
ORD-08539,2024-06-06,Protein Powder,Sports,54.99,5,0,274.95,France,Direct,Returned,61,Other
ORD-08540,2024-10-19,Water Bottle,Sports,24.99,2,10,44.98,Germany,Email,Processing,47,Female
ORD-08541,2023-04-28,Coffee Maker,Kitchen,89.99,1,5,85.49,Australia,Organic,Delivered,43,Male
ORD-08542,2023-04-12,Instant Pot,Kitchen,99.99,3,20,239.98,Australia,Social Media,Returned,24,Male
ORD-08543,2024-05-20,Water Bottle,Sports,24.99,5,15,106.21,UK,Referral,Processing,43,Other
ORD-08544,2024-01-26,Mechanical Keyboard,Electronics,149.99,1,0,149.99,USA,Organic,Shipped,22,Other
ORD-08545,2024-05-29,Desk Lamp,Furniture,44.99,2,10,80.98,Brazil,Organic,Returned,23,Other
ORD-08546,2023-07-10,Bookshelf,Furniture,189.99,5,0,949.95,UK,Social Media,Returned,43,Male
ORD-08547,2024-10-25,Dumbbells Set,Sports,79.99,2,0,159.98,Japan,Organic,Delivered,58,Male
ORD-08548,2023-04-09,Standing Desk,Furniture,549.99,5,20,2199.96,Brazil,Email,Processing,18,Female
ORD-08549,2023-09-30,Yoga Mat,Sports,39.99,3,20,95.98,Canada,Email,Processing,26,Other
ORD-08550,2023-03-10,Coffee Maker,Kitchen,89.99,3,15,229.47,Brazil,Organic,Processing,64,Male
ORD-08551,2024-12-10,4K Monitor,Electronics,499.99,2,0,999.98,Brazil,Direct,Delivered,20,Other
ORD-08552,2024-04-30,Yoga Mat,Sports,39.99,2,0,79.98,Brazil,Social Media,Processing,26,Male
ORD-08553,2023-07-05,Yoga Mat,Sports,39.99,1,20,31.99,Germany,Social Media,Processing,57,Other
ORD-08554,2024-10-13,Wireless Mouse,Electronics,29.99,3,5,85.47,France,Paid Ads,Delivered,46,Male
ORD-08555,2023-03-22,Skincare Set,Beauty,59.99,1,15,50.99,France,Email,Delivered,22,Male
ORD-08556,2024-06-21,Instant Pot,Kitchen,99.99,4,20,319.97,Brazil,Organic,Cancelled,22,Other
ORD-08557,2024-07-04,Python Crash Course,Books,34.99,5,20,139.96,Germany,Social Media,Delivered,61,Female
ORD-08558,2023-11-05,Water Bottle,Sports,24.99,3,10,67.47,Germany,Organic,Processing,24,Male
ORD-08559,2023-04-08,4K Monitor,Electronics,499.99,3,0,1499.97,Brazil,Organic,Processing,55,Female
ORD-08560,2023-07-17,Dumbbells Set,Sports,79.99,1,0,79.99,Australia,Direct,Returned,19,Female
ORD-08561,2023-10-12,Instant Pot,Kitchen,99.99,1,5,94.99,Japan,Social Media,Returned,48,Male
ORD-08562,2024-10-27,Atomic Habits,Books,16.99,4,15,57.77,Canada,Direct,Processing,35,Male
ORD-08563,2024-02-23,Atomic Habits,Books,16.99,1,0,16.99,UK,Social Media,Delivered,32,Other
ORD-08564,2023-10-16,Atomic Habits,Books,16.99,1,20,13.59,Brazil,Paid Ads,Returned,19,Female
ORD-08565,2024-06-28,Dumbbells Set,Sports,79.99,3,15,203.97,France,Social Media,Processing,37,Male
ORD-08566,2023-07-01,4K Monitor,Electronics,499.99,2,5,949.98,Brazil,Email,Cancelled,18,Male
ORD-08567,2023-04-09,Atomic Habits,Books,16.99,1,5,16.14,Japan,Email,Delivered,39,Male
ORD-08568,2024-04-04,Deep Work,Books,18.99,2,20,30.38,France,Social Media,Delivered,40,Male
ORD-08569,2024-12-30,Deep Work,Books,18.99,1,5,18.04,Brazil,Email,Delivered,59,Male
ORD-08570,2023-03-08,Skincare Set,Beauty,59.99,1,20,47.99,Germany,Organic,Shipped,31,Other
ORD-08571,2023-10-11,Water Bottle,Sports,24.99,2,20,39.98,Brazil,Organic,Delivered,61,Other
ORD-08572,2024-06-15,Dumbbells Set,Sports,79.99,2,0,159.98,Brazil,Direct,Delivered,35,Male
ORD-08573,2023-08-23,Desk Lamp,Furniture,44.99,2,0,89.98,Germany,Direct,Delivered,54,Female
ORD-08574,2023-05-09,Water Bottle,Sports,24.99,5,5,118.7,Germany,Paid Ads,Delivered,39,Male
ORD-08575,2023-12-11,Laptop Pro 15,Electronics,1299.99,2,0,2599.98,Brazil,Email,Delivered,59,Female
ORD-08576,2024-10-17,Deep Work,Books,18.99,1,0,18.99,Germany,Referral,Delivered,49,Male
ORD-08577,2023-08-13,Python Crash Course,Books,34.99,1,0,34.99,Brazil,Direct,Cancelled,49,Other
ORD-08578,2023-12-10,4K Monitor,Electronics,499.99,2,0,999.98,UK,Direct,Cancelled,60,Male
ORD-08579,2023-02-16,Wireless Mouse,Electronics,29.99,3,0,89.97,Canada,Paid Ads,Cancelled,35,Male
ORD-08580,2023-02-18,Running Shoes,Sports,119.99,2,15,203.98,Brazil,Direct,Delivered,53,Female
ORD-08581,2024-01-17,Sunscreen SPF50,Beauty,22.99,2,0,45.98,USA,Organic,Delivered,24,Female
ORD-08582,2024-11-10,Skincare Set,Beauty,59.99,4,0,239.96,Germany,Email,Shipped,44,Other
ORD-08583,2023-10-14,Air Fryer,Kitchen,129.99,2,5,246.98,Australia,Referral,Shipped,64,Other
ORD-08584,2023-11-08,Coffee Maker,Kitchen,89.99,1,10,80.99,Brazil,Referral,Cancelled,38,Other
ORD-08585,2023-04-27,Yoga Mat,Sports,39.99,3,0,119.97,Australia,Direct,Delivered,33,Other
ORD-08586,2023-06-15,Coffee Maker,Kitchen,89.99,4,5,341.96,Brazil,Paid Ads,Shipped,38,Other
ORD-08587,2023-11-16,4K Monitor,Electronics,499.99,5,0,2499.95,UK,Referral,Cancelled,52,Other
ORD-08588,2024-11-04,Standing Desk,Furniture,549.99,1,5,522.49,Japan,Email,Delivered,33,Female
ORD-08589,2023-07-09,The Lean Startup,Books,19.99,1,10,17.99,UK,Organic,Delivered,34,Other
ORD-08590,2023-04-26,Standing Desk,Furniture,549.99,5,0,2749.95,France,Referral,Returned,47,Female
ORD-08591,2023-01-06,Sunscreen SPF50,Beauty,22.99,3,15,58.62,France,Direct,Processing,25,Male
ORD-08592,2024-11-21,Blender Pro,Kitchen,74.99,3,0,224.97,Japan,Social Media,Cancelled,35,Female
ORD-08593,2024-02-11,Office Chair,Furniture,299.99,1,0,299.99,Japan,Email,Cancelled,58,Other
ORD-08594,2023-10-08,Coffee Maker,Kitchen,89.99,1,5,85.49,Australia,Paid Ads,Delivered,24,Male
ORD-08595,2024-06-09,Yoga Mat,Sports,39.99,3,0,119.97,Japan,Paid Ads,Returned,54,Male
ORD-08596,2023-08-15,Water Bottle,Sports,24.99,5,0,124.95,Japan,Social Media,Delivered,39,Other
ORD-08597,2024-06-28,4K Monitor,Electronics,499.99,2,15,849.98,Germany,Organic,Processing,37,Female
ORD-08598,2024-02-15,Wireless Mouse,Electronics,29.99,3,10,80.97,Japan,Email,Shipped,65,Female
ORD-08599,2024-11-17,Sunscreen SPF50,Beauty,22.99,4,0,91.96,Canada,Social Media,Processing,53,Other
ORD-08600,2023-08-12,Yoga Mat,Sports,39.99,3,0,119.97,UK,Social Media,Shipped,49,Other
ORD-08601,2024-01-29,Deep Work,Books,18.99,2,10,34.18,Canada,Social Media,Cancelled,28,Other
ORD-08602,2023-04-14,Water Bottle,Sports,24.99,5,0,124.95,Brazil,Paid Ads,Returned,39,Other
ORD-08603,2024-10-29,Blender Pro,Kitchen,74.99,2,10,134.98,USA,Referral,Delivered,23,Other
ORD-08604,2023-03-24,Instant Pot,Kitchen,99.99,4,15,339.97,Japan,Email,Cancelled,34,Female
ORD-08605,2024-04-03,The Lean Startup,Books,19.99,4,20,63.97,Brazil,Paid Ads,Delivered,18,Female
ORD-08606,2023-03-06,Atomic Habits,Books,16.99,1,0,16.99,Japan,Referral,Delivered,34,Male
ORD-08607,2024-11-10,Atomic Habits,Books,16.99,2,5,32.28,Brazil,Direct,Delivered,50,Other
ORD-08608,2024-04-23,Blender Pro,Kitchen,74.99,1,15,63.74,UK,Social Media,Delivered,64,Other
ORD-08609,2024-07-23,Blender Pro,Kitchen,74.99,4,0,299.96,USA,Social Media,Returned,35,Male
ORD-08610,2024-08-14,USB-C Hub,Electronics,49.99,5,20,199.96,France,Direct,Cancelled,56,Other
ORD-08611,2024-10-10,Protein Powder,Sports,54.99,1,20,43.99,UK,Email,Delivered,28,Female
ORD-08612,2023-03-23,Water Bottle,Sports,24.99,2,0,49.98,Brazil,Social Media,Delivered,36,Female
ORD-08613,2023-03-25,Webcam HD,Electronics,89.99,2,10,161.98,Australia,Referral,Processing,59,Male
ORD-08614,2024-10-27,Desk Lamp,Furniture,44.99,1,10,40.49,UK,Organic,Cancelled,33,Female
ORD-08615,2024-04-08,Blender Pro,Kitchen,74.99,3,0,224.97,UK,Referral,Processing,25,Male
ORD-08616,2023-01-31,Water Bottle,Sports,24.99,5,0,124.95,France,Email,Delivered,25,Male
ORD-08617,2024-07-09,Air Fryer,Kitchen,129.99,3,0,389.97,Brazil,Paid Ads,Shipped,32,Male
ORD-08618,2024-10-29,Protein Powder,Sports,54.99,1,10,49.49,UK,Organic,Processing,45,Female
ORD-08619,2024-03-28,Wireless Mouse,Electronics,29.99,3,15,76.47,Canada,Direct,Processing,40,Other
ORD-08620,2024-04-04,Coffee Maker,Kitchen,89.99,1,0,89.99,Australia,Social Media,Cancelled,20,Female
ORD-08621,2023-10-05,4K Monitor,Electronics,499.99,5,0,2499.95,Germany,Social Media,Processing,50,Female
ORD-08622,2024-06-29,The Lean Startup,Books,19.99,4,5,75.96,UK,Referral,Cancelled,44,Female
ORD-08623,2024-06-14,Instant Pot,Kitchen,99.99,3,0,299.97,Canada,Organic,Delivered,33,Female
ORD-08624,2024-08-06,Standing Desk,Furniture,549.99,1,0,549.99,Germany,Email,Delivered,63,Female
ORD-08625,2023-05-30,Desk Lamp,Furniture,44.99,2,0,89.98,Australia,Paid Ads,Shipped,35,Other
ORD-08626,2023-08-03,Standing Desk,Furniture,549.99,1,0,549.99,Germany,Referral,Returned,52,Female
ORD-08627,2023-03-01,Instant Pot,Kitchen,99.99,3,5,284.97,UK,Email,Delivered,57,Other
ORD-08628,2023-10-14,Python Crash Course,Books,34.99,3,0,104.97,Brazil,Organic,Cancelled,21,Other
ORD-08629,2024-03-16,Dumbbells Set,Sports,79.99,4,0,319.96,France,Email,Processing,57,Female
ORD-08630,2024-06-10,Yoga Mat,Sports,39.99,5,20,159.96,Australia,Email,Cancelled,20,Male
ORD-08631,2024-03-21,Bookshelf,Furniture,189.99,5,0,949.95,Japan,Email,Returned,46,Other
ORD-08632,2024-09-09,Protein Powder,Sports,54.99,2,15,93.48,Canada,Social Media,Processing,46,Female
ORD-08633,2023-08-09,Coffee Maker,Kitchen,89.99,2,0,179.98,Germany,Direct,Shipped,22,Other
ORD-08634,2024-08-07,Deep Work,Books,18.99,2,0,37.98,Japan,Direct,Delivered,33,Other
ORD-08635,2024-12-05,Skincare Set,Beauty,59.99,4,0,239.96,Australia,Direct,Shipped,59,Female
ORD-08636,2023-05-16,Skincare Set,Beauty,59.99,2,20,95.98,Japan,Referral,Delivered,46,Other
ORD-08637,2024-06-21,Laptop Pro 15,Electronics,1299.99,2,5,2469.98,UK,Email,Delivered,53,Female
ORD-08638,2023-11-26,Atomic Habits,Books,16.99,5,0,84.95,Brazil,Social Media,Shipped,25,Other
ORD-08639,2023-05-31,Wireless Mouse,Electronics,29.99,3,20,71.98,Japan,Social Media,Delivered,38,Female
ORD-08640,2023-11-22,Bookshelf,Furniture,189.99,4,0,759.96,Japan,Direct,Returned,31,Female
ORD-08641,2023-07-19,Instant Pot,Kitchen,99.99,5,15,424.96,UK,Paid Ads,Processing,27,Other
ORD-08642,2023-05-24,Webcam HD,Electronics,89.99,2,20,143.98,USA,Social Media,Returned,29,Male
ORD-08643,2023-02-28,Yoga Mat,Sports,39.99,4,10,143.96,Canada,Organic,Delivered,59,Other
ORD-08644,2024-04-01,Deep Work,Books,18.99,2,5,36.08,USA,Organic,Delivered,32,Male
ORD-08645,2023-12-10,Sunscreen SPF50,Beauty,22.99,4,20,73.57,Germany,Direct,Shipped,58,Female
ORD-08646,2024-12-26,Skincare Set,Beauty,59.99,3,10,161.97,USA,Organic,Delivered,56,Male
ORD-08647,2024-08-26,Blender Pro,Kitchen,74.99,5,0,374.95,Canada,Organic,Delivered,32,Male
ORD-08648,2024-03-30,Laptop Pro 15,Electronics,1299.99,3,0,3899.97,Brazil,Social Media,Cancelled,18,Other
ORD-08649,2024-07-19,Protein Powder,Sports,54.99,1,15,46.74,Brazil,Direct,Delivered,56,Other
ORD-08650,2023-03-22,USB-C Hub,Electronics,49.99,2,10,89.98,Canada,Referral,Delivered,30,Female
ORD-08651,2024-08-16,Bookshelf,Furniture,189.99,3,10,512.97,Germany,Referral,Returned,27,Female
ORD-08652,2024-07-28,Yoga Mat,Sports,39.99,1,0,39.99,USA,Direct,Delivered,63,Other
ORD-08653,2023-08-12,Yoga Mat,Sports,39.99,5,0,199.95,Germany,Email,Cancelled,47,Other
ORD-08654,2023-07-23,Instant Pot,Kitchen,99.99,4,0,399.96,France,Direct,Delivered,36,Female
ORD-08655,2024-11-20,Bookshelf,Furniture,189.99,1,10,170.99,France,Social Media,Shipped,23,Other
ORD-08656,2023-11-24,Atomic Habits,Books,16.99,1,10,15.29,UK,Direct,Delivered,18,Female
ORD-08657,2024-12-17,Coffee Maker,Kitchen,89.99,5,0,449.95,Canada,Referral,Delivered,28,Male
ORD-08658,2023-03-07,Skincare Set,Beauty,59.99,5,5,284.95,Australia,Direct,Cancelled,51,Other
ORD-08659,2023-08-04,Air Fryer,Kitchen,129.99,2,0,259.98,UK,Organic,Cancelled,53,Other
ORD-08660,2024-06-14,Instant Pot,Kitchen,99.99,1,0,99.99,Brazil,Paid Ads,Delivered,27,Other
ORD-08661,2023-05-26,Air Fryer,Kitchen,129.99,4,0,519.96,Brazil,Referral,Delivered,20,Male
ORD-08662,2024-10-01,Sunscreen SPF50,Beauty,22.99,3,0,68.97,UK,Organic,Processing,52,Male
ORD-08663,2023-11-11,Sunscreen SPF50,Beauty,22.99,3,0,68.97,Canada,Social Media,Delivered,49,Female
ORD-08664,2023-05-22,Dumbbells Set,Sports,79.99,5,20,319.96,France,Organic,Returned,49,Other
ORD-08665,2023-12-06,Atomic Habits,Books,16.99,3,5,48.42,Brazil,Organic,Delivered,31,Other
ORD-08666,2023-05-14,The Lean Startup,Books,19.99,2,0,39.98,USA,Referral,Delivered,41,Female
ORD-08667,2023-03-12,Coffee Maker,Kitchen,89.99,1,0,89.99,France,Direct,Delivered,65,Other
ORD-08668,2024-03-31,Sunscreen SPF50,Beauty,22.99,5,15,97.71,Canada,Paid Ads,Delivered,23,Male
ORD-08669,2024-11-16,Skincare Set,Beauty,59.99,2,20,95.98,France,Paid Ads,Delivered,20,Female
ORD-08670,2024-09-13,Blender Pro,Kitchen,74.99,4,0,299.96,UK,Organic,Shipped,28,Female
ORD-08671,2024-07-27,Water Bottle,Sports,24.99,3,0,74.97,Brazil,Email,Returned,45,Other
ORD-08672,2024-07-06,Coffee Maker,Kitchen,89.99,4,0,359.96,Brazil,Email,Cancelled,52,Female
ORD-08673,2024-12-19,Webcam HD,Electronics,89.99,5,5,427.45,Canada,Direct,Returned,19,Female
ORD-08674,2023-06-24,Sunscreen SPF50,Beauty,22.99,5,5,109.2,Australia,Direct,Processing,58,Male
ORD-08675,2023-03-01,USB-C Hub,Electronics,49.99,3,0,149.97,USA,Direct,Delivered,51,Other
ORD-08676,2023-06-03,Office Chair,Furniture,299.99,5,15,1274.96,Canada,Paid Ads,Delivered,42,Female
ORD-08677,2023-04-10,Mechanical Keyboard,Electronics,149.99,4,5,569.96,Canada,Social Media,Delivered,38,Male
ORD-08678,2024-06-01,The Lean Startup,Books,19.99,1,0,19.99,France,Referral,Shipped,19,Female
ORD-08679,2023-10-08,Bookshelf,Furniture,189.99,5,0,949.95,Australia,Organic,Processing,37,Other
ORD-08680,2024-10-21,Deep Work,Books,18.99,3,15,48.42,UK,Email,Cancelled,18,Female
ORD-08681,2023-05-09,Wireless Mouse,Electronics,29.99,3,5,85.47,Germany,Organic,Processing,46,Other
ORD-08682,2024-07-10,Desk Lamp,Furniture,44.99,3,0,134.97,Japan,Paid Ads,Delivered,28,Other
ORD-08683,2024-06-18,Dumbbells Set,Sports,79.99,3,0,239.97,Germany,Paid Ads,Cancelled,30,Female
ORD-08684,2024-07-19,Air Fryer,Kitchen,129.99,1,20,103.99,Canada,Direct,Delivered,21,Male
ORD-08685,2024-05-06,Skincare Set,Beauty,59.99,4,0,239.96,USA,Paid Ads,Delivered,31,Female
ORD-08686,2024-07-09,4K Monitor,Electronics,499.99,2,0,999.98,USA,Email,Delivered,47,Female
ORD-08687,2024-11-16,USB-C Hub,Electronics,49.99,3,5,142.47,USA,Referral,Returned,51,Male
ORD-08688,2023-06-21,The Lean Startup,Books,19.99,4,20,63.97,USA,Social Media,Delivered,42,Male
ORD-08689,2023-11-16,Yoga Mat,Sports,39.99,3,20,95.98,France,Paid Ads,Returned,63,Female
ORD-08690,2024-08-21,Mechanical Keyboard,Electronics,149.99,5,10,674.96,Canada,Social Media,Returned,40,Other
ORD-08691,2023-11-19,Desk Lamp,Furniture,44.99,3,15,114.72,Japan,Direct,Delivered,64,Male
ORD-08692,2023-07-20,Yoga Mat,Sports,39.99,1,0,39.99,USA,Paid Ads,Delivered,60,Other
ORD-08693,2024-12-19,Protein Powder,Sports,54.99,5,20,219.96,UK,Referral,Delivered,41,Other
ORD-08694,2024-06-09,Office Chair,Furniture,299.99,2,0,599.98,USA,Email,Delivered,56,Male
ORD-08695,2024-01-05,Atomic Habits,Books,16.99,1,15,14.44,France,Referral,Delivered,54,Other
ORD-08696,2023-09-15,Sunscreen SPF50,Beauty,22.99,2,5,43.68,Germany,Paid Ads,Delivered,22,Male
ORD-08697,2024-09-21,Running Shoes,Sports,119.99,5,5,569.95,Australia,Social Media,Shipped,53,Female
ORD-08698,2024-11-04,Wireless Mouse,Electronics,29.99,2,0,59.98,USA,Direct,Processing,19,Female
ORD-08699,2023-07-14,Atomic Habits,Books,16.99,3,20,40.78,Brazil,Direct,Cancelled,54,Other
ORD-08700,2023-06-06,Desk Lamp,Furniture,44.99,5,0,224.95,UK,Paid Ads,Returned,29,Other
ORD-08701,2023-10-14,Standing Desk,Furniture,549.99,3,0,1649.97,Germany,Direct,Delivered,56,Male
ORD-08702,2023-09-19,Bookshelf,Furniture,189.99,1,15,161.49,Canada,Organic,Delivered,64,Female
ORD-08703,2023-02-11,Skincare Set,Beauty,59.99,4,10,215.96,Germany,Social Media,Delivered,18,Female
ORD-08704,2024-03-31,USB-C Hub,Electronics,49.99,4,15,169.97,USA,Organic,Cancelled,19,Other
ORD-08705,2023-08-14,Sunscreen SPF50,Beauty,22.99,1,20,18.39,Brazil,Paid Ads,Delivered,56,Other
ORD-08706,2024-08-01,Bookshelf,Furniture,189.99,2,0,379.98,UK,Social Media,Delivered,32,Other
ORD-08707,2023-09-04,Coffee Maker,Kitchen,89.99,4,20,287.97,Australia,Paid Ads,Delivered,49,Female
ORD-08708,2023-05-15,Atomic Habits,Books,16.99,4,0,67.96,Canada,Direct,Delivered,34,Male
ORD-08709,2024-10-18,Blender Pro,Kitchen,74.99,1,0,74.99,Canada,Social Media,Processing,30,Female
ORD-08710,2024-12-26,Protein Powder,Sports,54.99,5,0,274.95,Germany,Social Media,Delivered,58,Male
ORD-08711,2023-07-09,4K Monitor,Electronics,499.99,5,5,2374.95,France,Organic,Cancelled,51,Other
ORD-08712,2024-05-17,Office Chair,Furniture,299.99,4,15,1019.97,France,Paid Ads,Delivered,40,Male
ORD-08713,2024-10-05,Atomic Habits,Books,16.99,1,15,14.44,Canada,Email,Delivered,29,Male
ORD-08714,2024-10-13,Water Bottle,Sports,24.99,5,0,124.95,France,Organic,Shipped,64,Male
ORD-08715,2024-12-27,Dumbbells Set,Sports,79.99,3,5,227.97,Brazil,Direct,Processing,29,Female
ORD-08716,2024-10-20,Coffee Maker,Kitchen,89.99,4,10,323.96,Germany,Referral,Cancelled,27,Male
ORD-08717,2023-12-21,Office Chair,Furniture,299.99,1,20,239.99,Australia,Direct,Cancelled,47,Male
ORD-08718,2023-09-15,Office Chair,Furniture,299.99,2,15,509.98,Germany,Organic,Delivered,32,Female
ORD-08719,2024-09-30,Dumbbells Set,Sports,79.99,5,0,399.95,Australia,Referral,Processing,50,Male
ORD-08720,2024-12-08,Standing Desk,Furniture,549.99,5,5,2612.45,France,Social Media,Delivered,33,Other
ORD-08721,2024-05-19,Running Shoes,Sports,119.99,1,0,119.99,USA,Paid Ads,Processing,19,Male
ORD-08722,2023-01-21,Wireless Mouse,Electronics,29.99,5,0,149.95,USA,Paid Ads,Processing,23,Male
ORD-08723,2023-04-29,Air Fryer,Kitchen,129.99,3,0,389.97,Brazil,Social Media,Delivered,54,Female
ORD-08724,2024-07-04,Bookshelf,Furniture,189.99,2,0,379.98,Japan,Paid Ads,Delivered,50,Female
ORD-08725,2023-10-22,Yoga Mat,Sports,39.99,1,0,39.99,Germany,Social Media,Delivered,58,Female
ORD-08726,2023-12-11,Office Chair,Furniture,299.99,1,20,239.99,Canada,Paid Ads,Processing,27,Other
ORD-08727,2024-10-12,Atomic Habits,Books,16.99,5,0,84.95,Japan,Organic,Delivered,47,Other
ORD-08728,2023-03-29,Deep Work,Books,18.99,3,15,48.42,USA,Email,Delivered,27,Female
ORD-08729,2023-05-05,Water Bottle,Sports,24.99,4,0,99.96,Australia,Social Media,Delivered,27,Other
ORD-08730,2023-11-09,Bookshelf,Furniture,189.99,5,20,759.96,Japan,Paid Ads,Returned,58,Other
ORD-08731,2024-07-10,Desk Lamp,Furniture,44.99,2,0,89.98,Germany,Paid Ads,Delivered,51,Male
ORD-08732,2023-06-08,Sunscreen SPF50,Beauty,22.99,2,5,43.68,USA,Social Media,Processing,34,Male
ORD-08733,2023-05-24,Python Crash Course,Books,34.99,3,0,104.97,Canada,Email,Delivered,39,Other
ORD-08734,2023-11-28,Coffee Maker,Kitchen,89.99,2,0,179.98,Australia,Referral,Delivered,28,Male
ORD-08735,2023-09-11,Mechanical Keyboard,Electronics,149.99,1,10,134.99,UK,Referral,Delivered,59,Female
ORD-08736,2024-07-03,Skincare Set,Beauty,59.99,1,20,47.99,Australia,Direct,Cancelled,23,Female
ORD-08737,2023-08-30,Blender Pro,Kitchen,74.99,5,10,337.45,Canada,Email,Delivered,49,Other
ORD-08738,2023-09-30,Deep Work,Books,18.99,1,10,17.09,France,Direct,Delivered,49,Male
ORD-08739,2024-06-30,Air Fryer,Kitchen,129.99,1,15,110.49,Germany,Paid Ads,Delivered,20,Female
ORD-08740,2023-06-03,USB-C Hub,Electronics,49.99,3,5,142.47,UK,Paid Ads,Delivered,40,Female
ORD-08741,2024-03-24,Running Shoes,Sports,119.99,2,5,227.98,USA,Paid Ads,Returned,38,Female
ORD-08742,2023-12-22,Sunscreen SPF50,Beauty,22.99,4,0,91.96,France,Direct,Processing,25,Female
ORD-08743,2023-04-28,Air Fryer,Kitchen,129.99,3,5,370.47,Brazil,Direct,Delivered,53,Male
ORD-08744,2024-04-05,Dumbbells Set,Sports,79.99,5,0,399.95,Canada,Direct,Cancelled,30,Other
ORD-08745,2024-03-15,Bookshelf,Furniture,189.99,3,0,569.97,Australia,Direct,Delivered,58,Female
ORD-08746,2023-04-19,Deep Work,Books,18.99,1,10,17.09,Canada,Email,Delivered,38,Other
ORD-08747,2024-04-08,Dumbbells Set,Sports,79.99,3,5,227.97,Australia,Referral,Cancelled,56,Male
ORD-08748,2024-01-16,Laptop Pro 15,Electronics,1299.99,4,5,4939.96,Germany,Paid Ads,Shipped,62,Male
ORD-08749,2024-03-01,Water Bottle,Sports,24.99,2,0,49.98,Germany,Email,Delivered,29,Male
ORD-08750,2023-10-27,Standing Desk,Furniture,549.99,2,0,1099.98,Brazil,Organic,Cancelled,21,Other
ORD-08751,2023-12-03,The Lean Startup,Books,19.99,2,20,31.98,USA,Social Media,Delivered,52,Female
ORD-08752,2023-08-11,4K Monitor,Electronics,499.99,2,0,999.98,USA,Paid Ads,Shipped,40,Other
ORD-08753,2023-11-24,Python Crash Course,Books,34.99,3,5,99.72,France,Direct,Delivered,56,Male
ORD-08754,2024-02-10,Standing Desk,Furniture,549.99,4,0,2199.96,Australia,Paid Ads,Delivered,43,Male
ORD-08755,2024-06-16,Yoga Mat,Sports,39.99,3,0,119.97,Canada,Referral,Processing,47,Female
ORD-08756,2023-01-04,Coffee Maker,Kitchen,89.99,2,20,143.98,Germany,Social Media,Processing,62,Other
ORD-08757,2024-02-05,Dumbbells Set,Sports,79.99,4,20,255.97,Germany,Social Media,Delivered,57,Other
ORD-08758,2023-12-11,Standing Desk,Furniture,549.99,2,20,879.98,UK,Direct,Delivered,36,Male
ORD-08759,2024-12-22,Bookshelf,Furniture,189.99,2,20,303.98,Japan,Email,Returned,23,Other
ORD-08760,2024-07-05,Coffee Maker,Kitchen,89.99,2,5,170.98,Brazil,Organic,Delivered,31,Female
ORD-08761,2023-03-08,Deep Work,Books,18.99,1,5,18.04,Japan,Email,Delivered,29,Male
ORD-08762,2023-05-04,Instant Pot,Kitchen,99.99,4,15,339.97,Brazil,Social Media,Processing,35,Male
ORD-08763,2023-11-02,Dumbbells Set,Sports,79.99,4,5,303.96,Canada,Organic,Returned,35,Female
ORD-08764,2023-08-19,Yoga Mat,Sports,39.99,4,15,135.97,Japan,Referral,Returned,47,Other
ORD-08765,2023-04-14,Instant Pot,Kitchen,99.99,4,0,399.96,Brazil,Email,Delivered,35,Male
ORD-08766,2024-08-12,Bookshelf,Furniture,189.99,1,20,151.99,Japan,Paid Ads,Delivered,20,Female
ORD-08767,2024-08-26,The Lean Startup,Books,19.99,2,0,39.98,Germany,Direct,Returned,64,Other
ORD-08768,2024-08-18,USB-C Hub,Electronics,49.99,4,10,179.96,Brazil,Paid Ads,Cancelled,58,Female
ORD-08769,2024-03-04,Yoga Mat,Sports,39.99,5,0,199.95,UK,Organic,Processing,47,Other
ORD-08770,2023-04-16,Skincare Set,Beauty,59.99,4,0,239.96,Japan,Direct,Returned,54,Other
ORD-08771,2024-05-03,Desk Lamp,Furniture,44.99,2,0,89.98,UK,Organic,Delivered,61,Other
ORD-08772,2024-10-01,Desk Lamp,Furniture,44.99,2,0,89.98,France,Email,Processing,39,Male
ORD-08773,2023-02-07,Coffee Maker,Kitchen,89.99,3,5,256.47,France,Email,Returned,60,Other
ORD-08774,2023-06-17,Deep Work,Books,18.99,2,20,30.38,Japan,Direct,Delivered,42,Female
ORD-08775,2023-06-07,Skincare Set,Beauty,59.99,5,0,299.95,Brazil,Referral,Delivered,54,Female
ORD-08776,2024-07-06,Standing Desk,Furniture,549.99,2,15,934.98,Japan,Direct,Cancelled,49,Female
ORD-08777,2024-03-13,Yoga Mat,Sports,39.99,5,5,189.95,Japan,Paid Ads,Returned,41,Male
ORD-08778,2024-05-01,Yoga Mat,Sports,39.99,4,0,159.96,USA,Email,Delivered,41,Male
ORD-08779,2023-09-20,Laptop Pro 15,Electronics,1299.99,5,0,6499.95,UK,Direct,Delivered,50,Male
ORD-08780,2024-05-27,Deep Work,Books,18.99,1,0,18.99,UK,Email,Delivered,27,Other
ORD-08781,2024-10-23,4K Monitor,Electronics,499.99,1,20,399.99,Brazil,Referral,Delivered,49,Female
ORD-08782,2024-10-18,Deep Work,Books,18.99,5,15,80.71,Japan,Organic,Processing,29,Female
ORD-08783,2024-02-29,Instant Pot,Kitchen,99.99,1,5,94.99,Japan,Social Media,Delivered,28,Other
ORD-08784,2024-10-18,Laptop Pro 15,Electronics,1299.99,2,10,2339.98,USA,Paid Ads,Delivered,29,Other
ORD-08785,2023-11-05,Water Bottle,Sports,24.99,4,5,94.96,UK,Direct,Shipped,38,Male
ORD-08786,2024-04-29,Instant Pot,Kitchen,99.99,3,10,269.97,Japan,Email,Shipped,29,Female
ORD-08787,2023-12-30,Python Crash Course,Books,34.99,1,0,34.99,Germany,Referral,Returned,51,Male
ORD-08788,2023-07-21,Sunscreen SPF50,Beauty,22.99,5,0,114.95,Germany,Direct,Cancelled,51,Female
ORD-08789,2023-01-26,Coffee Maker,Kitchen,89.99,5,15,382.46,UK,Paid Ads,Returned,43,Other
ORD-08790,2023-03-21,Desk Lamp,Furniture,44.99,4,20,143.97,France,Referral,Processing,41,Female
ORD-08791,2024-03-31,Water Bottle,Sports,24.99,2,5,47.48,Germany,Social Media,Processing,53,Female
ORD-08792,2023-02-26,Blender Pro,Kitchen,74.99,4,0,299.96,Australia,Social Media,Shipped,27,Male
ORD-08793,2024-09-27,4K Monitor,Electronics,499.99,4,0,1999.96,Japan,Direct,Delivered,27,Other
ORD-08794,2024-02-27,Desk Lamp,Furniture,44.99,5,20,179.96,France,Email,Delivered,50,Other
ORD-08795,2023-03-21,Instant Pot,Kitchen,99.99,4,5,379.96,USA,Email,Delivered,63,Male
ORD-08796,2023-02-17,Laptop Pro 15,Electronics,1299.99,1,5,1234.99,Brazil,Email,Shipped,42,Other
ORD-08797,2023-02-17,Wireless Mouse,Electronics,29.99,2,0,59.98,USA,Organic,Cancelled,33,Other
ORD-08798,2024-12-18,Bookshelf,Furniture,189.99,3,20,455.98,Canada,Paid Ads,Processing,28,Male
ORD-08799,2023-09-12,Protein Powder,Sports,54.99,3,0,164.97,Canada,Organic,Processing,37,Male
ORD-08800,2023-06-19,Dumbbells Set,Sports,79.99,3,15,203.97,Japan,Paid Ads,Cancelled,58,Male
ORD-08801,2023-06-01,Skincare Set,Beauty,59.99,1,0,59.99,Australia,Social Media,Returned,59,Male
ORD-08802,2024-08-13,Dumbbells Set,Sports,79.99,1,0,79.99,Germany,Referral,Returned,43,Female
ORD-08803,2023-09-25,Office Chair,Furniture,299.99,2,0,599.98,Australia,Organic,Shipped,42,Female
ORD-08804,2024-03-01,Instant Pot,Kitchen,99.99,5,10,449.95,Germany,Email,Delivered,56,Female
ORD-08805,2023-01-27,Coffee Maker,Kitchen,89.99,2,5,170.98,Canada,Referral,Processing,48,Female
ORD-08806,2024-11-23,Python Crash Course,Books,34.99,2,0,69.98,Germany,Direct,Delivered,36,Other
ORD-08807,2023-07-21,Laptop Pro 15,Electronics,1299.99,4,0,5199.96,France,Paid Ads,Returned,29,Other
ORD-08808,2024-05-27,Office Chair,Furniture,299.99,5,10,1349.96,France,Email,Delivered,56,Other
ORD-08809,2024-08-19,Laptop Pro 15,Electronics,1299.99,4,10,4679.96,UK,Referral,Processing,26,Male
ORD-08810,2024-04-28,USB-C Hub,Electronics,49.99,1,0,49.99,France,Referral,Delivered,49,Male
ORD-08811,2024-11-03,Mechanical Keyboard,Electronics,149.99,2,15,254.98,Japan,Social Media,Shipped,52,Other
ORD-08812,2023-02-25,Standing Desk,Furniture,549.99,5,10,2474.95,Brazil,Referral,Delivered,52,Male
ORD-08813,2023-07-13,Coffee Maker,Kitchen,89.99,1,0,89.99,Brazil,Email,Processing,20,Female
ORD-08814,2023-07-15,Blender Pro,Kitchen,74.99,5,15,318.71,Brazil,Social Media,Delivered,64,Other
ORD-08815,2024-06-03,Instant Pot,Kitchen,99.99,5,0,499.95,Germany,Direct,Returned,34,Male
ORD-08816,2024-08-14,Desk Lamp,Furniture,44.99,1,0,44.99,Brazil,Direct,Returned,49,Male
ORD-08817,2023-08-26,The Lean Startup,Books,19.99,1,20,15.99,USA,Social Media,Delivered,34,Other
ORD-08818,2023-07-18,Webcam HD,Electronics,89.99,4,15,305.97,France,Direct,Delivered,25,Male
ORD-08819,2023-09-28,Sunscreen SPF50,Beauty,22.99,2,0,45.98,Canada,Organic,Delivered,62,Other
ORD-08820,2024-07-18,Standing Desk,Furniture,549.99,3,10,1484.97,Japan,Paid Ads,Cancelled,62,Male
ORD-08821,2023-08-17,Dumbbells Set,Sports,79.99,5,5,379.95,UK,Referral,Delivered,37,Male
ORD-08822,2023-04-06,USB-C Hub,Electronics,49.99,3,5,142.47,France,Email,Shipped,38,Female
ORD-08823,2023-08-13,Webcam HD,Electronics,89.99,3,0,269.97,France,Organic,Delivered,44,Male
ORD-08824,2024-04-12,Running Shoes,Sports,119.99,1,0,119.99,France,Paid Ads,Delivered,25,Other
ORD-08825,2024-08-18,Desk Lamp,Furniture,44.99,5,0,224.95,France,Email,Returned,62,Other
ORD-08826,2024-02-13,Mechanical Keyboard,Electronics,149.99,4,0,599.96,USA,Paid Ads,Delivered,58,Other
ORD-08827,2023-07-29,Instant Pot,Kitchen,99.99,1,0,99.99,Australia,Email,Processing,35,Male
ORD-08828,2024-04-04,4K Monitor,Electronics,499.99,4,0,1999.96,France,Organic,Shipped,54,Female
ORD-08829,2023-12-04,Dumbbells Set,Sports,79.99,1,0,79.99,Canada,Email,Delivered,63,Other
ORD-08830,2023-01-06,Blender Pro,Kitchen,74.99,1,20,59.99,Australia,Organic,Processing,59,Other
ORD-08831,2023-05-15,4K Monitor,Electronics,499.99,5,10,2249.95,Germany,Organic,Processing,27,Male
ORD-08832,2023-03-19,Sunscreen SPF50,Beauty,22.99,2,0,45.98,Brazil,Organic,Delivered,60,Female
ORD-08833,2024-12-17,Wireless Mouse,Electronics,29.99,2,15,50.98,Japan,Organic,Shipped,28,Other
ORD-08834,2023-11-02,Running Shoes,Sports,119.99,1,5,113.99,Canada,Referral,Shipped,30,Female
ORD-08835,2023-12-10,Mechanical Keyboard,Electronics,149.99,2,10,269.98,Australia,Organic,Processing,46,Other
ORD-08836,2024-12-01,4K Monitor,Electronics,499.99,5,15,2124.96,Australia,Social Media,Processing,42,Female
ORD-08837,2024-10-01,Skincare Set,Beauty,59.99,2,0,119.98,Japan,Organic,Cancelled,27,Female
ORD-08838,2024-06-09,Bookshelf,Furniture,189.99,2,15,322.98,France,Referral,Shipped,44,Female
ORD-08839,2024-02-06,Skincare Set,Beauty,59.99,1,0,59.99,USA,Email,Processing,40,Female
ORD-08840,2023-06-11,Mechanical Keyboard,Electronics,149.99,1,0,149.99,Australia,Paid Ads,Delivered,43,Male
ORD-08841,2023-12-09,Standing Desk,Furniture,549.99,4,5,2089.96,Australia,Referral,Shipped,24,Male
ORD-08842,2023-10-02,USB-C Hub,Electronics,49.99,1,20,39.99,Canada,Referral,Delivered,58,Other
ORD-08843,2024-12-02,The Lean Startup,Books,19.99,1,0,19.99,France,Paid Ads,Returned,31,Other
ORD-08844,2024-10-06,Blender Pro,Kitchen,74.99,3,15,191.22,Canada,Social Media,Shipped,57,Female
ORD-08845,2023-11-24,Instant Pot,Kitchen,99.99,3,0,299.97,Australia,Organic,Returned,50,Female
ORD-08846,2023-11-27,Dumbbells Set,Sports,79.99,5,10,359.95,Australia,Referral,Processing,58,Other
ORD-08847,2023-02-14,Standing Desk,Furniture,549.99,5,0,2749.95,France,Paid Ads,Processing,53,Female
ORD-08848,2024-06-11,The Lean Startup,Books,19.99,5,10,89.95,France,Referral,Cancelled,52,Female
ORD-08849,2023-10-14,Laptop Pro 15,Electronics,1299.99,4,0,5199.96,Canada,Email,Processing,20,Other
ORD-08850,2024-10-12,Office Chair,Furniture,299.99,5,0,1499.95,USA,Social Media,Cancelled,59,Male
ORD-08851,2023-04-18,Deep Work,Books,18.99,5,10,85.45,USA,Paid Ads,Delivered,49,Female
ORD-08852,2024-05-25,Running Shoes,Sports,119.99,1,10,107.99,UK,Social Media,Delivered,19,Male
ORD-08853,2024-08-16,Yoga Mat,Sports,39.99,2,0,79.98,Japan,Email,Shipped,21,Female
ORD-08854,2023-05-25,Deep Work,Books,18.99,4,10,68.36,Canada,Social Media,Delivered,52,Female
ORD-08855,2023-04-14,Instant Pot,Kitchen,99.99,2,20,159.98,Brazil,Referral,Cancelled,24,Male
ORD-08856,2023-05-27,Office Chair,Furniture,299.99,2,0,599.98,Canada,Direct,Delivered,51,Other
ORD-08857,2024-06-05,Dumbbells Set,Sports,79.99,1,0,79.99,UK,Email,Delivered,49,Female
ORD-08858,2023-07-01,4K Monitor,Electronics,499.99,1,0,499.99,UK,Organic,Cancelled,38,Female
ORD-08859,2024-10-29,Dumbbells Set,Sports,79.99,3,15,203.97,Australia,Organic,Delivered,61,Female
ORD-08860,2024-02-22,Instant Pot,Kitchen,99.99,1,0,99.99,UK,Email,Returned,52,Male
ORD-08861,2023-01-04,Python Crash Course,Books,34.99,1,0,34.99,Brazil,Email,Cancelled,55,Other
ORD-08862,2024-05-16,Yoga Mat,Sports,39.99,1,10,35.99,Australia,Organic,Cancelled,37,Other
ORD-08863,2024-02-08,Laptop Pro 15,Electronics,1299.99,4,0,5199.96,Brazil,Paid Ads,Delivered,37,Male
ORD-08864,2023-09-07,Air Fryer,Kitchen,129.99,2,15,220.98,France,Organic,Delivered,37,Male
ORD-08865,2023-04-16,Webcam HD,Electronics,89.99,1,5,85.49,Australia,Email,Cancelled,58,Male
ORD-08866,2024-11-02,Sunscreen SPF50,Beauty,22.99,3,0,68.97,Japan,Organic,Delivered,39,Female
ORD-08867,2023-02-03,USB-C Hub,Electronics,49.99,2,10,89.98,USA,Social Media,Delivered,23,Male
ORD-08868,2024-06-25,Bookshelf,Furniture,189.99,5,20,759.96,Japan,Email,Shipped,46,Female
ORD-08869,2024-01-28,Water Bottle,Sports,24.99,4,10,89.96,Germany,Email,Delivered,31,Male
ORD-08870,2023-02-05,Deep Work,Books,18.99,3,10,51.27,UK,Email,Processing,40,Male
ORD-08871,2023-03-29,Deep Work,Books,18.99,5,15,80.71,USA,Direct,Processing,48,Male
ORD-08872,2023-03-10,Sunscreen SPF50,Beauty,22.99,3,5,65.52,UK,Referral,Shipped,21,Other
ORD-08873,2024-12-23,Webcam HD,Electronics,89.99,4,15,305.97,Germany,Referral,Delivered,35,Female
ORD-08874,2024-04-17,Atomic Habits,Books,16.99,2,0,33.98,France,Direct,Returned,42,Female
ORD-08875,2023-06-11,Protein Powder,Sports,54.99,1,10,49.49,Canada,Paid Ads,Delivered,34,Other
ORD-08876,2023-07-23,Coffee Maker,Kitchen,89.99,4,20,287.97,Japan,Direct,Cancelled,37,Other
ORD-08877,2024-11-18,Desk Lamp,Furniture,44.99,4,0,179.96,Canada,Paid Ads,Shipped,28,Female
ORD-08878,2024-08-28,Instant Pot,Kitchen,99.99,2,10,179.98,Canada,Direct,Delivered,33,Male
ORD-08879,2023-05-22,Water Bottle,Sports,24.99,1,5,23.74,UK,Referral,Shipped,61,Other
ORD-08880,2024-10-23,Water Bottle,Sports,24.99,4,0,99.96,Australia,Email,Processing,27,Female
ORD-08881,2023-09-16,Office Chair,Furniture,299.99,1,0,299.99,Japan,Referral,Delivered,60,Other
ORD-08882,2023-06-21,Standing Desk,Furniture,549.99,1,20,439.99,Japan,Direct,Processing,24,Male
ORD-08883,2023-10-11,Yoga Mat,Sports,39.99,5,15,169.96,UK,Paid Ads,Returned,39,Other
ORD-08884,2023-02-18,Webcam HD,Electronics,89.99,3,20,215.98,Japan,Paid Ads,Delivered,56,Female
ORD-08885,2023-10-04,Python Crash Course,Books,34.99,4,0,139.96,France,Direct,Delivered,21,Female
ORD-08886,2023-05-31,Dumbbells Set,Sports,79.99,1,0,79.99,Canada,Direct,Cancelled,44,Female
ORD-08887,2024-01-20,4K Monitor,Electronics,499.99,4,0,1999.96,Japan,Organic,Delivered,43,Female
ORD-08888,2023-09-10,Laptop Pro 15,Electronics,1299.99,1,5,1234.99,Canada,Social Media,Shipped,43,Female
ORD-08889,2024-12-07,Laptop Pro 15,Electronics,1299.99,3,20,3119.98,Germany,Organic,Returned,31,Other
ORD-08890,2024-12-21,Python Crash Course,Books,34.99,5,0,174.95,Brazil,Social Media,Shipped,42,Female
ORD-08891,2024-09-09,Yoga Mat,Sports,39.99,4,5,151.96,Brazil,Paid Ads,Delivered,65,Male
ORD-08892,2023-09-21,Webcam HD,Electronics,89.99,4,10,323.96,France,Direct,Delivered,29,Other
ORD-08893,2024-11-14,Python Crash Course,Books,34.99,4,20,111.97,UK,Paid Ads,Returned,65,Other
ORD-08894,2023-05-29,Bookshelf,Furniture,189.99,1,0,189.99,France,Direct,Processing,57,Other
ORD-08895,2024-04-17,Desk Lamp,Furniture,44.99,5,10,202.46,France,Direct,Returned,50,Male
ORD-08896,2024-08-19,Water Bottle,Sports,24.99,1,5,23.74,UK,Paid Ads,Returned,47,Female
ORD-08897,2024-02-16,USB-C Hub,Electronics,49.99,1,0,49.99,USA,Referral,Shipped,48,Male
ORD-08898,2023-05-27,Protein Powder,Sports,54.99,5,5,261.2,France,Referral,Delivered,19,Female
ORD-08899,2023-06-13,Dumbbells Set,Sports,79.99,4,0,319.96,Japan,Social Media,Shipped,57,Male
ORD-08900,2024-10-06,Sunscreen SPF50,Beauty,22.99,5,15,97.71,Japan,Social Media,Delivered,29,Male
ORD-08901,2023-12-11,Dumbbells Set,Sports,79.99,1,0,79.99,Canada,Referral,Delivered,64,Female
ORD-08902,2024-05-28,Bookshelf,Furniture,189.99,3,5,541.47,Brazil,Organic,Delivered,44,Other
ORD-08903,2024-01-20,4K Monitor,Electronics,499.99,1,15,424.99,Canada,Direct,Delivered,30,Female
ORD-08904,2023-05-09,Python Crash Course,Books,34.99,1,5,33.24,Australia,Paid Ads,Cancelled,53,Male
ORD-08905,2023-08-02,Python Crash Course,Books,34.99,5,10,157.46,Australia,Email,Cancelled,26,Male
ORD-08906,2023-12-02,Water Bottle,Sports,24.99,2,0,49.98,UK,Paid Ads,Processing,19,Female
ORD-08907,2024-01-04,Atomic Habits,Books,16.99,5,20,67.96,Japan,Paid Ads,Cancelled,53,Female
ORD-08908,2024-09-09,Office Chair,Furniture,299.99,2,0,599.98,USA,Social Media,Returned,20,Male
ORD-08909,2023-10-12,Protein Powder,Sports,54.99,1,15,46.74,USA,Direct,Shipped,59,Female
ORD-08910,2024-02-22,Laptop Pro 15,Electronics,1299.99,3,10,3509.97,USA,Referral,Delivered,54,Male
ORD-08911,2024-10-18,Dumbbells Set,Sports,79.99,2,10,143.98,UK,Social Media,Processing,58,Other
ORD-08912,2023-09-10,Webcam HD,Electronics,89.99,2,0,179.98,Brazil,Organic,Delivered,25,Male
ORD-08913,2024-02-26,Atomic Habits,Books,16.99,4,5,64.56,USA,Paid Ads,Returned,52,Other
ORD-08914,2024-11-14,Instant Pot,Kitchen,99.99,2,10,179.98,UK,Social Media,Processing,50,Other
ORD-08915,2024-02-08,Office Chair,Furniture,299.99,4,20,959.97,UK,Direct,Shipped,53,Male
ORD-08916,2024-01-10,Dumbbells Set,Sports,79.99,5,15,339.96,Germany,Email,Returned,23,Other
ORD-08917,2023-03-12,Protein Powder,Sports,54.99,2,10,98.98,Germany,Paid Ads,Shipped,42,Other
ORD-08918,2023-11-09,Water Bottle,Sports,24.99,5,0,124.95,France,Email,Cancelled,36,Male
ORD-08919,2023-02-23,Yoga Mat,Sports,39.99,3,15,101.97,Canada,Email,Shipped,53,Other
ORD-08920,2023-10-02,Protein Powder,Sports,54.99,4,5,208.96,UK,Organic,Returned,39,Female
ORD-08921,2024-02-13,Atomic Habits,Books,16.99,1,5,16.14,USA,Referral,Shipped,37,Other
ORD-08922,2023-02-28,Office Chair,Furniture,299.99,4,10,1079.96,Brazil,Email,Shipped,19,Other
ORD-08923,2023-03-19,Python Crash Course,Books,34.99,5,0,174.95,Japan,Organic,Returned,36,Other
ORD-08924,2024-10-05,Python Crash Course,Books,34.99,2,0,69.98,Brazil,Social Media,Processing,64,Male
ORD-08925,2023-06-03,Desk Lamp,Furniture,44.99,5,5,213.7,Canada,Email,Delivered,18,Male
ORD-08926,2024-08-24,Coffee Maker,Kitchen,89.99,4,10,323.96,France,Email,Returned,41,Male
ORD-08927,2023-04-19,Python Crash Course,Books,34.99,3,20,83.98,Australia,Direct,Shipped,38,Other
ORD-08928,2024-08-18,Instant Pot,Kitchen,99.99,5,10,449.95,France,Paid Ads,Returned,53,Female
ORD-08929,2024-07-29,Water Bottle,Sports,24.99,3,20,59.98,Germany,Direct,Processing,19,Other
ORD-08930,2024-02-06,The Lean Startup,Books,19.99,3,0,59.97,France,Social Media,Shipped,54,Female
ORD-08931,2023-12-22,Skincare Set,Beauty,59.99,4,0,239.96,UK,Social Media,Cancelled,45,Other
ORD-08932,2024-04-07,Deep Work,Books,18.99,5,5,90.2,Canada,Referral,Delivered,40,Female
ORD-08933,2023-03-27,Running Shoes,Sports,119.99,1,0,119.99,Germany,Paid Ads,Returned,48,Female
ORD-08934,2023-08-09,Coffee Maker,Kitchen,89.99,1,5,85.49,France,Referral,Shipped,31,Other
ORD-08935,2024-04-06,Standing Desk,Furniture,549.99,5,5,2612.45,Japan,Social Media,Processing,44,Female
ORD-08936,2024-05-26,Mechanical Keyboard,Electronics,149.99,5,20,599.96,UK,Direct,Shipped,40,Male
ORD-08937,2023-09-30,Wireless Mouse,Electronics,29.99,5,5,142.45,UK,Direct,Processing,58,Other
ORD-08938,2024-03-27,Sunscreen SPF50,Beauty,22.99,3,0,68.97,UK,Email,Delivered,44,Male
ORD-08939,2023-10-17,Dumbbells Set,Sports,79.99,1,5,75.99,USA,Paid Ads,Delivered,20,Other
ORD-08940,2023-04-14,Standing Desk,Furniture,549.99,2,5,1044.98,Japan,Referral,Shipped,48,Male
ORD-08941,2024-04-10,The Lean Startup,Books,19.99,2,0,39.98,Canada,Paid Ads,Shipped,31,Female
ORD-08942,2023-07-24,USB-C Hub,Electronics,49.99,5,5,237.45,Canada,Social Media,Delivered,44,Other
ORD-08943,2024-05-27,USB-C Hub,Electronics,49.99,2,0,99.98,USA,Email,Shipped,53,Other
ORD-08944,2024-09-21,Desk Lamp,Furniture,44.99,2,5,85.48,Brazil,Organic,Delivered,45,Other
ORD-08945,2023-03-30,Air Fryer,Kitchen,129.99,3,15,331.47,Brazil,Organic,Delivered,28,Other
ORD-08946,2024-07-10,Running Shoes,Sports,119.99,5,15,509.96,France,Direct,Delivered,36,Male
ORD-08947,2024-01-27,Dumbbells Set,Sports,79.99,4,0,319.96,Brazil,Direct,Delivered,40,Male
ORD-08948,2023-01-02,Bookshelf,Furniture,189.99,4,0,759.96,Canada,Referral,Delivered,30,Male
ORD-08949,2023-02-02,Dumbbells Set,Sports,79.99,3,0,239.97,Brazil,Direct,Cancelled,50,Female
ORD-08950,2024-06-30,Protein Powder,Sports,54.99,5,0,274.95,Canada,Paid Ads,Returned,26,Other
ORD-08951,2023-02-23,Laptop Pro 15,Electronics,1299.99,4,20,4159.97,Australia,Direct,Cancelled,57,Female
ORD-08952,2024-10-24,Desk Lamp,Furniture,44.99,3,15,114.72,UK,Social Media,Delivered,26,Other
ORD-08953,2023-02-27,USB-C Hub,Electronics,49.99,5,15,212.46,USA,Paid Ads,Delivered,27,Male
ORD-08954,2024-01-23,Skincare Set,Beauty,59.99,5,5,284.95,Canada,Organic,Shipped,19,Female
ORD-08955,2024-03-15,Bookshelf,Furniture,189.99,5,5,902.45,USA,Direct,Returned,63,Other
ORD-08956,2024-07-25,Mechanical Keyboard,Electronics,149.99,4,10,539.96,Japan,Paid Ads,Delivered,23,Female
ORD-08957,2024-05-10,Mechanical Keyboard,Electronics,149.99,2,0,299.98,USA,Social Media,Shipped,62,Female
ORD-08958,2024-06-03,Yoga Mat,Sports,39.99,4,20,127.97,Australia,Referral,Processing,52,Male
ORD-08959,2024-11-21,Air Fryer,Kitchen,129.99,1,5,123.49,Japan,Social Media,Processing,61,Male
ORD-08960,2023-08-19,Bookshelf,Furniture,189.99,4,15,645.97,Canada,Paid Ads,Returned,27,Male
ORD-08961,2024-07-10,Standing Desk,Furniture,549.99,1,15,467.49,USA,Paid Ads,Delivered,33,Male
ORD-08962,2024-12-27,Instant Pot,Kitchen,99.99,3,0,299.97,Japan,Paid Ads,Processing,54,Female
ORD-08963,2024-05-11,Atomic Habits,Books,16.99,2,0,33.98,UK,Direct,Delivered,43,Male
ORD-08964,2024-11-19,Sunscreen SPF50,Beauty,22.99,5,0,114.95,France,Direct,Shipped,37,Male
ORD-08965,2024-04-24,Deep Work,Books,18.99,3,0,56.97,France,Social Media,Delivered,25,Other
ORD-08966,2024-04-23,Office Chair,Furniture,299.99,4,5,1139.96,Japan,Organic,Returned,56,Female
ORD-08967,2023-07-10,USB-C Hub,Electronics,49.99,2,0,99.98,Germany,Referral,Delivered,57,Female
ORD-08968,2023-01-11,Mechanical Keyboard,Electronics,149.99,5,5,712.45,Japan,Organic,Delivered,30,Male
ORD-08969,2023-04-15,Standing Desk,Furniture,549.99,3,20,1319.98,USA,Referral,Shipped,27,Female
ORD-08970,2024-11-15,Python Crash Course,Books,34.99,1,20,27.99,Australia,Direct,Delivered,64,Male
ORD-08971,2024-09-26,Yoga Mat,Sports,39.99,5,10,179.96,Germany,Direct,Delivered,56,Male
ORD-08972,2023-10-05,Protein Powder,Sports,54.99,5,0,274.95,Japan,Direct,Shipped,29,Other
ORD-08973,2023-03-26,Coffee Maker,Kitchen,89.99,2,0,179.98,France,Paid Ads,Returned,20,Male
ORD-08974,2024-07-28,Office Chair,Furniture,299.99,5,0,1499.95,Australia,Paid Ads,Shipped,32,Male
ORD-08975,2023-03-22,Sunscreen SPF50,Beauty,22.99,5,5,109.2,Japan,Social Media,Returned,44,Female
ORD-08976,2023-07-10,Webcam HD,Electronics,89.99,3,0,269.97,Canada,Referral,Shipped,39,Other
ORD-08977,2023-01-25,Instant Pot,Kitchen,99.99,2,20,159.98,France,Organic,Delivered,24,Other
ORD-08978,2024-08-03,Office Chair,Furniture,299.99,5,10,1349.96,Canada,Paid Ads,Delivered,34,Other
ORD-08979,2023-07-02,Instant Pot,Kitchen,99.99,3,0,299.97,France,Organic,Cancelled,65,Female
ORD-08980,2024-03-18,USB-C Hub,Electronics,49.99,3,10,134.97,Canada,Direct,Delivered,26,Male
ORD-08981,2024-08-28,Python Crash Course,Books,34.99,4,15,118.97,France,Referral,Shipped,22,Other
ORD-08982,2023-07-12,Skincare Set,Beauty,59.99,5,0,299.95,Australia,Social Media,Cancelled,55,Male
ORD-08983,2023-10-29,Yoga Mat,Sports,39.99,2,20,63.98,UK,Organic,Cancelled,48,Male
ORD-08984,2023-10-14,Office Chair,Furniture,299.99,4,15,1019.97,USA,Social Media,Delivered,50,Male
ORD-08985,2023-02-26,The Lean Startup,Books,19.99,1,10,17.99,Japan,Organic,Returned,46,Other
ORD-08986,2023-01-03,The Lean Startup,Books,19.99,4,0,79.96,Germany,Social Media,Delivered,51,Other
ORD-08987,2023-11-11,Desk Lamp,Furniture,44.99,2,0,89.98,France,Paid Ads,Delivered,62,Female
ORD-08988,2024-04-20,Wireless Mouse,Electronics,29.99,2,5,56.98,Australia,Referral,Returned,41,Other
ORD-08989,2023-07-11,Protein Powder,Sports,54.99,4,0,219.96,Brazil,Direct,Delivered,48,Other
ORD-08990,2024-08-12,Webcam HD,Electronics,89.99,5,0,449.95,France,Direct,Shipped,65,Other
ORD-08991,2024-09-22,Atomic Habits,Books,16.99,1,20,13.59,UK,Direct,Shipped,27,Male
ORD-08992,2024-10-27,Yoga Mat,Sports,39.99,4,0,159.96,Canada,Direct,Shipped,64,Male
ORD-08993,2024-01-28,Python Crash Course,Books,34.99,1,5,33.24,Brazil,Paid Ads,Returned,49,Male
ORD-08994,2023-06-04,4K Monitor,Electronics,499.99,3,0,1499.97,USA,Paid Ads,Shipped,28,Male
ORD-08995,2023-01-17,Atomic Habits,Books,16.99,2,0,33.98,Germany,Paid Ads,Delivered,55,Male
ORD-08996,2023-11-08,Instant Pot,Kitchen,99.99,2,15,169.98,UK,Referral,Delivered,52,Female
ORD-08997,2023-03-10,Protein Powder,Sports,54.99,2,0,109.98,UK,Direct,Processing,56,Male
ORD-08998,2023-08-24,Wireless Mouse,Electronics,29.99,4,20,95.97,Germany,Organic,Delivered,55,Female
ORD-08999,2023-05-27,Deep Work,Books,18.99,5,10,85.45,Brazil,Paid Ads,Processing,46,Female
ORD-09000,2023-03-16,Running Shoes,Sports,119.99,1,0,119.99,Canada,Paid Ads,Processing,48,Other
ORD-09001,2024-02-13,The Lean Startup,Books,19.99,1,15,16.99,USA,Organic,Cancelled,48,Other
ORD-09002,2024-04-14,Coffee Maker,Kitchen,89.99,4,0,359.96,Canada,Direct,Shipped,47,Other
ORD-09003,2023-02-05,Coffee Maker,Kitchen,89.99,4,10,323.96,Australia,Paid Ads,Delivered,33,Other
ORD-09004,2024-09-24,USB-C Hub,Electronics,49.99,2,10,89.98,Australia,Social Media,Delivered,32,Male
ORD-09005,2024-04-16,Air Fryer,Kitchen,129.99,3,0,389.97,Australia,Direct,Delivered,55,Female
ORD-09006,2023-09-16,Dumbbells Set,Sports,79.99,2,15,135.98,Germany,Paid Ads,Delivered,34,Male
ORD-09007,2023-06-29,Office Chair,Furniture,299.99,5,15,1274.96,Australia,Social Media,Delivered,18,Other
ORD-09008,2024-06-21,Coffee Maker,Kitchen,89.99,2,15,152.98,UK,Email,Delivered,18,Other
ORD-09009,2024-11-11,Desk Lamp,Furniture,44.99,3,10,121.47,Australia,Paid Ads,Delivered,39,Other
ORD-09010,2024-10-08,Skincare Set,Beauty,59.99,5,5,284.95,France,Direct,Returned,43,Other
ORD-09011,2023-01-12,Atomic Habits,Books,16.99,4,15,57.77,Canada,Social Media,Delivered,49,Female
ORD-09012,2024-05-25,Protein Powder,Sports,54.99,2,10,98.98,UK,Direct,Shipped,45,Other
ORD-09013,2023-08-19,Office Chair,Furniture,299.99,2,0,599.98,France,Email,Processing,23,Other
ORD-09014,2023-04-25,Laptop Pro 15,Electronics,1299.99,1,20,1039.99,Japan,Paid Ads,Delivered,56,Other
ORD-09015,2024-08-05,Python Crash Course,Books,34.99,3,20,83.98,France,Email,Processing,30,Male
ORD-09016,2024-03-05,Atomic Habits,Books,16.99,1,20,13.59,Australia,Direct,Cancelled,22,Female
ORD-09017,2023-10-22,Coffee Maker,Kitchen,89.99,1,15,76.49,USA,Email,Delivered,58,Female
ORD-09018,2023-10-12,Protein Powder,Sports,54.99,1,10,49.49,Japan,Social Media,Returned,54,Male
ORD-09019,2023-09-02,Skincare Set,Beauty,59.99,1,5,56.99,Japan,Organic,Returned,57,Male
ORD-09020,2023-04-28,Python Crash Course,Books,34.99,3,20,83.98,France,Paid Ads,Delivered,28,Female
ORD-09021,2024-02-23,Desk Lamp,Furniture,44.99,1,10,40.49,Germany,Organic,Shipped,63,Other
ORD-09022,2023-10-31,Python Crash Course,Books,34.99,2,15,59.48,USA,Referral,Shipped,40,Male
ORD-09023,2023-12-15,Atomic Habits,Books,16.99,5,10,76.45,Germany,Paid Ads,Cancelled,35,Male
ORD-09024,2023-12-04,Blender Pro,Kitchen,74.99,5,15,318.71,Australia,Organic,Delivered,30,Male
ORD-09025,2023-03-12,Instant Pot,Kitchen,99.99,4,15,339.97,Australia,Social Media,Delivered,26,Male
ORD-09026,2023-07-07,Dumbbells Set,Sports,79.99,4,10,287.96,Germany,Social Media,Delivered,25,Female
ORD-09027,2024-09-23,Python Crash Course,Books,34.99,5,10,157.46,Germany,Direct,Shipped,48,Female
ORD-09028,2023-06-11,Sunscreen SPF50,Beauty,22.99,1,0,22.99,Germany,Referral,Shipped,25,Other
ORD-09029,2024-06-09,Atomic Habits,Books,16.99,3,0,50.97,Brazil,Organic,Cancelled,42,Other
ORD-09030,2024-10-01,Bookshelf,Furniture,189.99,3,5,541.47,France,Social Media,Delivered,64,Male
ORD-09031,2024-09-05,Webcam HD,Electronics,89.99,5,0,449.95,USA,Paid Ads,Delivered,49,Female
ORD-09032,2024-09-04,Standing Desk,Furniture,549.99,3,15,1402.47,Australia,Direct,Delivered,37,Male
ORD-09033,2024-03-03,Standing Desk,Furniture,549.99,5,10,2474.95,France,Paid Ads,Delivered,31,Male
ORD-09034,2024-06-11,Running Shoes,Sports,119.99,4,10,431.96,Germany,Organic,Returned,58,Other
ORD-09035,2023-01-31,USB-C Hub,Electronics,49.99,1,15,42.49,Brazil,Paid Ads,Delivered,59,Male
ORD-09036,2024-08-04,Atomic Habits,Books,16.99,2,15,28.88,USA,Paid Ads,Delivered,62,Male
ORD-09037,2023-12-29,Bookshelf,Furniture,189.99,3,5,541.47,Canada,Direct,Delivered,52,Female
ORD-09038,2024-11-14,Mechanical Keyboard,Electronics,149.99,4,15,509.97,USA,Organic,Processing,45,Male
ORD-09039,2024-08-18,Mechanical Keyboard,Electronics,149.99,2,20,239.98,Japan,Direct,Delivered,21,Other
ORD-09040,2024-02-28,Deep Work,Books,18.99,3,10,51.27,USA,Social Media,Cancelled,22,Other
ORD-09041,2023-11-14,Wireless Mouse,Electronics,29.99,3,15,76.47,Brazil,Email,Delivered,40,Male
ORD-09042,2023-08-30,Mechanical Keyboard,Electronics,149.99,5,20,599.96,France,Referral,Shipped,36,Male
ORD-09043,2024-02-02,Yoga Mat,Sports,39.99,2,0,79.98,Australia,Social Media,Shipped,32,Male
ORD-09044,2024-03-08,Bookshelf,Furniture,189.99,1,20,151.99,Canada,Paid Ads,Delivered,27,Other
ORD-09045,2023-04-05,Python Crash Course,Books,34.99,5,15,148.71,Canada,Organic,Delivered,53,Male
ORD-09046,2024-07-01,Deep Work,Books,18.99,1,0,18.99,USA,Direct,Delivered,22,Male
ORD-09047,2023-06-08,Desk Lamp,Furniture,44.99,1,10,40.49,USA,Social Media,Cancelled,51,Male
ORD-09048,2023-09-29,Desk Lamp,Furniture,44.99,5,5,213.7,USA,Direct,Delivered,42,Male
ORD-09049,2023-09-07,Running Shoes,Sports,119.99,1,10,107.99,France,Email,Processing,65,Other
ORD-09050,2024-04-06,Standing Desk,Furniture,549.99,5,10,2474.95,Australia,Direct,Delivered,30,Female
ORD-09051,2024-10-20,Standing Desk,Furniture,549.99,3,0,1649.97,Canada,Referral,Delivered,34,Female
ORD-09052,2023-07-30,Python Crash Course,Books,34.99,2,0,69.98,Germany,Organic,Delivered,32,Other
ORD-09053,2023-01-08,Dumbbells Set,Sports,79.99,4,0,319.96,Japan,Direct,Shipped,27,Male
ORD-09054,2023-10-19,Air Fryer,Kitchen,129.99,2,0,259.98,Germany,Direct,Cancelled,20,Male
ORD-09055,2023-05-09,Air Fryer,Kitchen,129.99,5,20,519.96,UK,Referral,Delivered,18,Male
ORD-09056,2023-04-22,USB-C Hub,Electronics,49.99,2,10,89.98,Australia,Paid Ads,Delivered,49,Other
ORD-09057,2024-05-29,Mechanical Keyboard,Electronics,149.99,5,5,712.45,France,Organic,Delivered,42,Female
ORD-09058,2024-03-02,Bookshelf,Furniture,189.99,2,5,360.98,USA,Email,Delivered,58,Female
ORD-09059,2024-12-07,Yoga Mat,Sports,39.99,4,0,159.96,Brazil,Direct,Delivered,23,Female
ORD-09060,2023-08-30,Office Chair,Furniture,299.99,2,20,479.98,Australia,Social Media,Cancelled,34,Female
ORD-09061,2023-06-19,4K Monitor,Electronics,499.99,2,15,849.98,France,Email,Returned,43,Female
ORD-09062,2023-02-06,Wireless Mouse,Electronics,29.99,5,5,142.45,France,Referral,Delivered,54,Male
ORD-09063,2024-10-23,4K Monitor,Electronics,499.99,4,0,1999.96,Germany,Social Media,Processing,24,Female
ORD-09064,2023-04-14,Water Bottle,Sports,24.99,1,10,22.49,Australia,Referral,Returned,37,Male
ORD-09065,2023-03-01,Water Bottle,Sports,24.99,5,10,112.45,Japan,Social Media,Shipped,18,Other
ORD-09066,2023-09-14,Standing Desk,Furniture,549.99,5,0,2749.95,France,Direct,Delivered,56,Female
ORD-09067,2024-01-22,Skincare Set,Beauty,59.99,5,20,239.96,Brazil,Email,Delivered,41,Female
ORD-09068,2023-03-10,Webcam HD,Electronics,89.99,2,0,179.98,USA,Organic,Delivered,62,Female
ORD-09069,2023-05-17,Webcam HD,Electronics,89.99,5,0,449.95,France,Organic,Cancelled,23,Female
ORD-09070,2023-01-27,Python Crash Course,Books,34.99,4,0,139.96,France,Paid Ads,Delivered,24,Male
ORD-09071,2023-04-22,Desk Lamp,Furniture,44.99,2,20,71.98,Canada,Organic,Processing,37,Male
ORD-09072,2023-09-19,Webcam HD,Electronics,89.99,2,0,179.98,Canada,Social Media,Returned,23,Other
ORD-09073,2024-09-05,Atomic Habits,Books,16.99,3,5,48.42,Brazil,Direct,Processing,48,Male
ORD-09074,2023-10-23,Mechanical Keyboard,Electronics,149.99,2,5,284.98,Canada,Paid Ads,Delivered,63,Other
ORD-09075,2024-04-12,Yoga Mat,Sports,39.99,3,5,113.97,UK,Direct,Delivered,42,Other
ORD-09076,2023-03-12,The Lean Startup,Books,19.99,4,5,75.96,France,Referral,Shipped,50,Other
ORD-09077,2024-01-04,Running Shoes,Sports,119.99,3,0,359.97,Australia,Referral,Delivered,33,Female
ORD-09078,2023-11-28,Air Fryer,Kitchen,129.99,5,10,584.96,Australia,Organic,Delivered,35,Male
ORD-09079,2023-10-26,Yoga Mat,Sports,39.99,4,0,159.96,France,Paid Ads,Processing,49,Male
ORD-09080,2023-10-21,Yoga Mat,Sports,39.99,1,10,35.99,France,Referral,Returned,43,Other
ORD-09081,2023-02-03,Bookshelf,Furniture,189.99,3,15,484.47,UK,Social Media,Delivered,65,Male
ORD-09082,2024-01-07,Skincare Set,Beauty,59.99,1,10,53.99,Japan,Referral,Delivered,33,Female
ORD-09083,2023-12-06,Instant Pot,Kitchen,99.99,4,10,359.96,USA,Organic,Delivered,40,Male
ORD-09084,2024-06-25,Atomic Habits,Books,16.99,1,20,13.59,Japan,Paid Ads,Processing,39,Other
ORD-09085,2023-10-23,Protein Powder,Sports,54.99,3,0,164.97,USA,Direct,Delivered,63,Other
ORD-09086,2024-10-22,Webcam HD,Electronics,89.99,5,5,427.45,Australia,Paid Ads,Shipped,20,Female
ORD-09087,2024-04-30,Bookshelf,Furniture,189.99,5,0,949.95,Australia,Email,Processing,33,Female
ORD-09088,2023-02-25,Office Chair,Furniture,299.99,1,20,239.99,Germany,Social Media,Delivered,19,Male
ORD-09089,2024-04-13,Office Chair,Furniture,299.99,3,0,899.97,Brazil,Direct,Delivered,25,Female
ORD-09090,2023-07-01,Deep Work,Books,18.99,3,0,56.97,Germany,Direct,Delivered,45,Other
ORD-09091,2023-09-08,Standing Desk,Furniture,549.99,5,0,2749.95,France,Organic,Delivered,24,Male
ORD-09092,2023-01-30,Dumbbells Set,Sports,79.99,3,0,239.97,USA,Direct,Cancelled,58,Female
ORD-09093,2024-02-03,Laptop Pro 15,Electronics,1299.99,4,0,5199.96,Germany,Social Media,Cancelled,55,Male
ORD-09094,2023-01-22,Coffee Maker,Kitchen,89.99,4,5,341.96,Japan,Paid Ads,Delivered,56,Male
ORD-09095,2024-03-01,Standing Desk,Furniture,549.99,1,0,549.99,Australia,Email,Shipped,30,Other
ORD-09096,2024-08-11,Wireless Mouse,Electronics,29.99,3,0,89.97,Australia,Direct,Delivered,30,Female
ORD-09097,2023-07-10,Yoga Mat,Sports,39.99,2,0,79.98,Germany,Organic,Cancelled,27,Other
ORD-09098,2023-03-18,Instant Pot,Kitchen,99.99,1,10,89.99,UK,Organic,Cancelled,20,Male
ORD-09099,2024-07-09,Python Crash Course,Books,34.99,4,0,139.96,USA,Organic,Shipped,65,Female
ORD-09100,2024-07-26,Coffee Maker,Kitchen,89.99,5,0,449.95,Japan,Referral,Returned,46,Male
ORD-09101,2024-12-11,Bookshelf,Furniture,189.99,4,5,721.96,France,Paid Ads,Returned,30,Male
ORD-09102,2024-03-19,Protein Powder,Sports,54.99,1,10,49.49,Germany,Paid Ads,Processing,22,Other
ORD-09103,2023-07-04,Python Crash Course,Books,34.99,2,20,55.98,France,Referral,Cancelled,20,Male
ORD-09104,2023-10-03,Wireless Mouse,Electronics,29.99,3,0,89.97,Germany,Referral,Delivered,35,Female
ORD-09105,2024-09-28,The Lean Startup,Books,19.99,5,10,89.95,France,Email,Cancelled,33,Other
ORD-09106,2023-10-16,Yoga Mat,Sports,39.99,5,0,199.95,Germany,Email,Delivered,41,Other
ORD-09107,2024-06-13,Laptop Pro 15,Electronics,1299.99,1,20,1039.99,Australia,Paid Ads,Cancelled,41,Other
ORD-09108,2023-10-16,Deep Work,Books,18.99,4,0,75.96,USA,Organic,Delivered,29,Male
ORD-09109,2023-02-06,Webcam HD,Electronics,89.99,1,0,89.99,Canada,Email,Cancelled,52,Female
ORD-09110,2023-03-03,Mechanical Keyboard,Electronics,149.99,4,0,599.96,Australia,Social Media,Cancelled,41,Female
ORD-09111,2023-12-29,Wireless Mouse,Electronics,29.99,3,0,89.97,UK,Direct,Shipped,61,Female
ORD-09112,2023-04-04,Water Bottle,Sports,24.99,2,5,47.48,Japan,Paid Ads,Delivered,37,Male
ORD-09113,2024-02-26,Python Crash Course,Books,34.99,4,20,111.97,USA,Social Media,Cancelled,62,Male
ORD-09114,2023-03-30,Laptop Pro 15,Electronics,1299.99,5,0,6499.95,USA,Direct,Delivered,59,Female
ORD-09115,2023-10-10,Coffee Maker,Kitchen,89.99,1,0,89.99,Australia,Direct,Processing,48,Female
ORD-09116,2024-06-22,Deep Work,Books,18.99,3,5,54.12,France,Paid Ads,Delivered,27,Female
ORD-09117,2023-12-13,Skincare Set,Beauty,59.99,2,0,119.98,Brazil,Email,Returned,55,Male
ORD-09118,2023-01-07,Office Chair,Furniture,299.99,2,5,569.98,Canada,Social Media,Shipped,40,Female
ORD-09119,2023-08-18,Running Shoes,Sports,119.99,4,0,479.96,France,Paid Ads,Returned,37,Other
ORD-09120,2024-07-20,Coffee Maker,Kitchen,89.99,1,10,80.99,USA,Organic,Returned,19,Male
ORD-09121,2023-06-22,Dumbbells Set,Sports,79.99,2,0,159.98,UK,Paid Ads,Shipped,47,Female
ORD-09122,2023-01-29,Standing Desk,Furniture,549.99,4,0,2199.96,Australia,Direct,Processing,41,Female
ORD-09123,2024-07-11,Python Crash Course,Books,34.99,3,0,104.97,UK,Organic,Delivered,64,Other
ORD-09124,2023-11-15,The Lean Startup,Books,19.99,3,0,59.97,UK,Email,Cancelled,29,Female
ORD-09125,2023-09-17,Sunscreen SPF50,Beauty,22.99,2,0,45.98,France,Organic,Cancelled,65,Female
ORD-09126,2024-04-29,Atomic Habits,Books,16.99,5,20,67.96,UK,Paid Ads,Shipped,48,Male
ORD-09127,2024-03-23,USB-C Hub,Electronics,49.99,4,10,179.96,France,Referral,Cancelled,50,Other
ORD-09128,2024-08-03,Coffee Maker,Kitchen,89.99,1,15,76.49,Canada,Email,Returned,33,Other
ORD-09129,2024-06-27,Instant Pot,Kitchen,99.99,2,5,189.98,France,Organic,Delivered,40,Other
ORD-09130,2023-12-19,Laptop Pro 15,Electronics,1299.99,5,5,6174.95,Germany,Paid Ads,Delivered,20,Other
ORD-09131,2024-06-17,Python Crash Course,Books,34.99,1,0,34.99,Canada,Direct,Delivered,28,Other
ORD-09132,2024-07-13,Office Chair,Furniture,299.99,2,5,569.98,USA,Social Media,Processing,46,Other
ORD-09133,2024-11-12,Yoga Mat,Sports,39.99,3,0,119.97,France,Email,Delivered,60,Female
ORD-09134,2024-01-28,Dumbbells Set,Sports,79.99,4,0,319.96,Japan,Social Media,Processing,25,Male
ORD-09135,2023-04-11,USB-C Hub,Electronics,49.99,1,0,49.99,Australia,Paid Ads,Returned,28,Other
ORD-09136,2023-03-17,Air Fryer,Kitchen,129.99,5,0,649.95,Australia,Referral,Delivered,52,Other
ORD-09137,2023-03-15,Webcam HD,Electronics,89.99,2,5,170.98,Japan,Email,Delivered,50,Other
ORD-09138,2024-07-19,Webcam HD,Electronics,89.99,2,0,179.98,Germany,Social Media,Delivered,22,Male
ORD-09139,2024-11-03,Deep Work,Books,18.99,3,15,48.42,Canada,Paid Ads,Delivered,64,Female
ORD-09140,2024-08-12,Blender Pro,Kitchen,74.99,3,0,224.97,Brazil,Organic,Delivered,23,Female
ORD-09141,2024-02-16,Atomic Habits,Books,16.99,1,0,16.99,UK,Direct,Delivered,28,Female
ORD-09142,2024-04-26,Wireless Mouse,Electronics,29.99,4,0,119.96,USA,Referral,Delivered,36,Male
ORD-09143,2023-10-12,Webcam HD,Electronics,89.99,2,5,170.98,Australia,Email,Delivered,63,Female
ORD-09144,2024-11-27,Dumbbells Set,Sports,79.99,3,20,191.98,UK,Email,Returned,32,Other
ORD-09145,2023-07-18,Laptop Pro 15,Electronics,1299.99,1,5,1234.99,Australia,Direct,Delivered,50,Female
ORD-09146,2024-02-06,Office Chair,Furniture,299.99,4,10,1079.96,UK,Social Media,Cancelled,54,Male
ORD-09147,2024-03-06,Standing Desk,Furniture,549.99,3,0,1649.97,UK,Email,Delivered,53,Female
ORD-09148,2023-09-14,4K Monitor,Electronics,499.99,1,20,399.99,Germany,Email,Delivered,25,Female
ORD-09149,2023-04-06,Water Bottle,Sports,24.99,4,20,79.97,Canada,Paid Ads,Returned,61,Male
ORD-09150,2024-09-13,Instant Pot,Kitchen,99.99,3,0,299.97,Germany,Organic,Processing,43,Other
ORD-09151,2023-11-21,USB-C Hub,Electronics,49.99,4,0,199.96,France,Organic,Processing,60,Male
ORD-09152,2023-12-08,Dumbbells Set,Sports,79.99,1,0,79.99,Australia,Direct,Delivered,51,Other
ORD-09153,2023-01-14,Blender Pro,Kitchen,74.99,5,0,374.95,Canada,Organic,Returned,47,Other
ORD-09154,2024-02-12,Instant Pot,Kitchen,99.99,1,15,84.99,USA,Direct,Processing,47,Other
ORD-09155,2024-07-08,Deep Work,Books,18.99,4,0,75.96,UK,Paid Ads,Delivered,24,Other
ORD-09156,2024-05-26,Laptop Pro 15,Electronics,1299.99,5,5,6174.95,UK,Social Media,Shipped,34,Other
ORD-09157,2024-08-21,Blender Pro,Kitchen,74.99,1,5,71.24,Brazil,Organic,Shipped,38,Female
ORD-09158,2024-04-28,Wireless Mouse,Electronics,29.99,5,10,134.95,Japan,Email,Shipped,52,Other
ORD-09159,2023-12-04,Mechanical Keyboard,Electronics,149.99,4,10,539.96,Canada,Organic,Delivered,53,Female
ORD-09160,2023-05-30,Air Fryer,Kitchen,129.99,5,0,649.95,Brazil,Referral,Delivered,21,Male
ORD-09161,2023-12-12,Water Bottle,Sports,24.99,1,15,21.24,Australia,Organic,Shipped,50,Other
ORD-09162,2024-07-24,Protein Powder,Sports,54.99,1,0,54.99,UK,Organic,Shipped,61,Female
ORD-09163,2024-07-01,Python Crash Course,Books,34.99,2,0,69.98,USA,Referral,Returned,38,Male
ORD-09164,2024-12-15,Dumbbells Set,Sports,79.99,5,5,379.95,Japan,Email,Delivered,47,Other
ORD-09165,2023-04-13,Instant Pot,Kitchen,99.99,4,10,359.96,Australia,Social Media,Delivered,26,Male
ORD-09166,2023-04-07,Running Shoes,Sports,119.99,3,0,359.97,Japan,Referral,Delivered,57,Other
ORD-09167,2024-11-18,Standing Desk,Furniture,549.99,5,10,2474.95,Australia,Email,Delivered,32,Other
ORD-09168,2024-10-11,Coffee Maker,Kitchen,89.99,3,5,256.47,USA,Organic,Delivered,45,Other
ORD-09169,2023-10-27,Office Chair,Furniture,299.99,1,15,254.99,Canada,Paid Ads,Cancelled,35,Other
ORD-09170,2023-03-05,Webcam HD,Electronics,89.99,2,10,161.98,Brazil,Referral,Processing,61,Male
ORD-09171,2023-02-15,Running Shoes,Sports,119.99,5,0,599.95,France,Direct,Shipped,43,Male
ORD-09172,2023-10-09,Laptop Pro 15,Electronics,1299.99,5,5,6174.95,Canada,Direct,Shipped,27,Other
ORD-09173,2023-06-14,4K Monitor,Electronics,499.99,3,20,1199.98,Australia,Paid Ads,Shipped,45,Male
ORD-09174,2023-05-02,Laptop Pro 15,Electronics,1299.99,5,10,5849.95,Australia,Paid Ads,Delivered,63,Female
ORD-09175,2023-05-13,Desk Lamp,Furniture,44.99,2,20,71.98,USA,Email,Shipped,47,Female
ORD-09176,2023-10-08,Deep Work,Books,18.99,1,0,18.99,Brazil,Paid Ads,Delivered,33,Female
ORD-09177,2023-11-28,Blender Pro,Kitchen,74.99,2,5,142.48,France,Social Media,Returned,62,Male
ORD-09178,2024-06-02,Sunscreen SPF50,Beauty,22.99,5,0,114.95,USA,Direct,Shipped,53,Male
ORD-09179,2024-07-31,Dumbbells Set,Sports,79.99,5,0,399.95,Brazil,Organic,Delivered,55,Other
ORD-09180,2024-03-05,Python Crash Course,Books,34.99,2,10,62.98,France,Paid Ads,Shipped,64,Other
ORD-09181,2023-03-28,Deep Work,Books,18.99,1,5,18.04,Germany,Email,Cancelled,57,Other
ORD-09182,2023-01-30,Wireless Mouse,Electronics,29.99,3,20,71.98,Brazil,Paid Ads,Delivered,28,Other
ORD-09183,2024-06-27,Atomic Habits,Books,16.99,5,15,72.21,Canada,Paid Ads,Processing,46,Other
ORD-09184,2024-05-14,Laptop Pro 15,Electronics,1299.99,5,5,6174.95,Brazil,Organic,Returned,22,Female
ORD-09185,2024-11-14,Webcam HD,Electronics,89.99,3,15,229.47,Canada,Social Media,Delivered,33,Male
ORD-09186,2023-02-15,4K Monitor,Electronics,499.99,5,10,2249.95,Germany,Paid Ads,Delivered,19,Male
ORD-09187,2024-02-18,Python Crash Course,Books,34.99,3,20,83.98,USA,Organic,Processing,29,Other
ORD-09188,2023-12-15,Sunscreen SPF50,Beauty,22.99,3,0,68.97,Brazil,Organic,Returned,55,Other
ORD-09189,2023-08-09,Mechanical Keyboard,Electronics,149.99,5,20,599.96,UK,Referral,Delivered,33,Female
ORD-09190,2023-07-12,Laptop Pro 15,Electronics,1299.99,4,0,5199.96,France,Referral,Returned,53,Other
ORD-09191,2023-08-11,Wireless Mouse,Electronics,29.99,3,15,76.47,France,Social Media,Delivered,53,Male
ORD-09192,2024-05-20,Air Fryer,Kitchen,129.99,3,15,331.47,Japan,Referral,Delivered,53,Male
ORD-09193,2024-09-01,Python Crash Course,Books,34.99,3,10,94.47,France,Email,Cancelled,46,Female
ORD-09194,2024-07-13,4K Monitor,Electronics,499.99,2,0,999.98,Canada,Referral,Shipped,34,Male
ORD-09195,2023-12-09,Laptop Pro 15,Electronics,1299.99,3,5,3704.97,France,Email,Delivered,62,Other
ORD-09196,2024-12-18,Python Crash Course,Books,34.99,3,0,104.97,Japan,Social Media,Returned,52,Other
ORD-09197,2023-11-02,Wireless Mouse,Electronics,29.99,4,5,113.96,UK,Paid Ads,Delivered,40,Male
ORD-09198,2023-03-27,USB-C Hub,Electronics,49.99,4,15,169.97,USA,Organic,Delivered,58,Female
ORD-09199,2024-12-21,Mechanical Keyboard,Electronics,149.99,5,0,749.95,UK,Direct,Shipped,21,Female
ORD-09200,2024-02-11,Webcam HD,Electronics,89.99,1,0,89.99,Japan,Referral,Cancelled,64,Male
ORD-09201,2024-02-23,Skincare Set,Beauty,59.99,2,0,119.98,Japan,Referral,Delivered,48,Male
ORD-09202,2023-01-20,Webcam HD,Electronics,89.99,1,5,85.49,Germany,Organic,Returned,37,Male
ORD-09203,2023-02-05,Deep Work,Books,18.99,2,0,37.98,France,Paid Ads,Delivered,55,Female
ORD-09204,2023-11-01,Laptop Pro 15,Electronics,1299.99,3,20,3119.98,Japan,Referral,Cancelled,42,Female
ORD-09205,2023-06-01,Deep Work,Books,18.99,4,15,64.57,UK,Direct,Shipped,29,Female
ORD-09206,2024-04-13,4K Monitor,Electronics,499.99,4,15,1699.97,Germany,Organic,Processing,53,Other
ORD-09207,2024-05-17,Wireless Mouse,Electronics,29.99,4,0,119.96,France,Social Media,Shipped,27,Male
ORD-09208,2023-08-04,Desk Lamp,Furniture,44.99,3,0,134.97,Australia,Email,Delivered,54,Other
ORD-09209,2023-03-20,Blender Pro,Kitchen,74.99,4,15,254.97,Brazil,Paid Ads,Delivered,62,Male
ORD-09210,2024-10-03,USB-C Hub,Electronics,49.99,3,0,149.97,UK,Organic,Delivered,19,Female
ORD-09211,2024-11-02,Atomic Habits,Books,16.99,1,20,13.59,Germany,Email,Cancelled,42,Female
ORD-09212,2024-09-03,4K Monitor,Electronics,499.99,5,0,2499.95,Brazil,Organic,Delivered,51,Male
ORD-09213,2024-07-31,Water Bottle,Sports,24.99,2,5,47.48,UK,Direct,Delivered,64,Female
ORD-09214,2023-05-27,Water Bottle,Sports,24.99,4,0,99.96,Japan,Direct,Delivered,60,Other
ORD-09215,2024-08-05,4K Monitor,Electronics,499.99,2,20,799.98,Canada,Social Media,Cancelled,46,Male
ORD-09216,2024-03-07,Skincare Set,Beauty,59.99,3,0,179.97,USA,Social Media,Returned,50,Other
ORD-09217,2024-08-08,Office Chair,Furniture,299.99,2,0,599.98,UK,Social Media,Delivered,58,Female
ORD-09218,2024-12-21,Instant Pot,Kitchen,99.99,3,5,284.97,France,Email,Shipped,31,Other
ORD-09219,2024-05-07,USB-C Hub,Electronics,49.99,5,0,249.95,UK,Paid Ads,Cancelled,20,Female
ORD-09220,2023-08-01,Yoga Mat,Sports,39.99,3,5,113.97,Australia,Direct,Processing,57,Other
ORD-09221,2024-05-03,Coffee Maker,Kitchen,89.99,3,10,242.97,Brazil,Social Media,Shipped,47,Female
ORD-09222,2024-03-04,Dumbbells Set,Sports,79.99,4,15,271.97,Japan,Email,Shipped,43,Female
ORD-09223,2023-09-19,Deep Work,Books,18.99,1,0,18.99,France,Direct,Processing,24,Female
ORD-09224,2024-08-21,Sunscreen SPF50,Beauty,22.99,3,0,68.97,Germany,Paid Ads,Delivered,27,Male
ORD-09225,2023-04-24,Bookshelf,Furniture,189.99,3,15,484.47,Australia,Paid Ads,Cancelled,26,Other
ORD-09226,2023-10-18,Skincare Set,Beauty,59.99,3,15,152.97,Canada,Organic,Delivered,43,Male
ORD-09227,2023-01-14,Laptop Pro 15,Electronics,1299.99,3,10,3509.97,Germany,Social Media,Processing,20,Male
ORD-09228,2023-12-09,The Lean Startup,Books,19.99,1,20,15.99,Germany,Email,Delivered,22,Female
ORD-09229,2024-02-14,Deep Work,Books,18.99,1,0,18.99,UK,Referral,Delivered,48,Female
ORD-09230,2023-12-28,Running Shoes,Sports,119.99,5,5,569.95,USA,Organic,Delivered,47,Other
ORD-09231,2023-08-10,Sunscreen SPF50,Beauty,22.99,3,0,68.97,USA,Referral,Delivered,49,Female
ORD-09232,2023-02-06,Deep Work,Books,18.99,3,0,56.97,Germany,Social Media,Delivered,41,Male
ORD-09233,2023-08-03,Bookshelf,Furniture,189.99,3,0,569.97,Canada,Direct,Cancelled,56,Female
ORD-09234,2023-06-29,Skincare Set,Beauty,59.99,2,15,101.98,USA,Direct,Cancelled,53,Female
ORD-09235,2024-08-22,Protein Powder,Sports,54.99,1,0,54.99,UK,Paid Ads,Returned,62,Male
ORD-09236,2024-01-04,Protein Powder,Sports,54.99,5,0,274.95,Australia,Referral,Returned,29,Female
ORD-09237,2023-03-13,Coffee Maker,Kitchen,89.99,4,0,359.96,Japan,Email,Delivered,38,Male
ORD-09238,2024-01-24,Wireless Mouse,Electronics,29.99,1,10,26.99,UK,Organic,Cancelled,48,Male
ORD-09239,2023-07-29,4K Monitor,Electronics,499.99,5,0,2499.95,Germany,Paid Ads,Cancelled,40,Male
ORD-09240,2024-07-04,Running Shoes,Sports,119.99,4,0,479.96,France,Social Media,Returned,62,Other
ORD-09241,2024-09-29,Mechanical Keyboard,Electronics,149.99,4,10,539.96,Canada,Organic,Cancelled,44,Female
ORD-09242,2023-03-17,Water Bottle,Sports,24.99,5,0,124.95,UK,Organic,Returned,36,Female
ORD-09243,2024-07-20,Python Crash Course,Books,34.99,2,5,66.48,UK,Organic,Shipped,33,Female
ORD-09244,2023-01-15,Webcam HD,Electronics,89.99,1,0,89.99,Germany,Referral,Returned,34,Female
ORD-09245,2023-02-12,Running Shoes,Sports,119.99,3,0,359.97,Japan,Email,Delivered,23,Male
ORD-09246,2024-11-11,Mechanical Keyboard,Electronics,149.99,2,0,299.98,Germany,Organic,Cancelled,29,Female
ORD-09247,2023-07-22,Dumbbells Set,Sports,79.99,4,5,303.96,Japan,Paid Ads,Returned,56,Male
ORD-09248,2023-07-26,Instant Pot,Kitchen,99.99,4,0,399.96,UK,Social Media,Delivered,55,Female
ORD-09249,2023-09-22,Laptop Pro 15,Electronics,1299.99,4,0,5199.96,UK,Social Media,Shipped,64,Male
ORD-09250,2024-12-13,4K Monitor,Electronics,499.99,1,0,499.99,France,Referral,Processing,36,Female
ORD-09251,2024-04-07,Office Chair,Furniture,299.99,2,10,539.98,Germany,Email,Delivered,19,Female
ORD-09252,2023-10-31,The Lean Startup,Books,19.99,1,0,19.99,Germany,Social Media,Delivered,31,Other
ORD-09253,2023-09-08,Bookshelf,Furniture,189.99,5,0,949.95,UK,Email,Delivered,25,Other
ORD-09254,2023-01-31,Blender Pro,Kitchen,74.99,1,5,71.24,Australia,Email,Delivered,52,Male
ORD-09255,2023-12-11,Protein Powder,Sports,54.99,3,10,148.47,Germany,Referral,Shipped,53,Other
ORD-09256,2024-01-20,USB-C Hub,Electronics,49.99,2,0,99.98,Australia,Referral,Shipped,57,Male
ORD-09257,2023-12-13,Laptop Pro 15,Electronics,1299.99,4,20,4159.97,Germany,Organic,Cancelled,65,Other
ORD-09258,2023-03-05,Python Crash Course,Books,34.99,2,10,62.98,France,Direct,Cancelled,51,Female
ORD-09259,2024-01-31,Yoga Mat,Sports,39.99,4,5,151.96,Japan,Email,Delivered,24,Male
ORD-09260,2024-09-08,Skincare Set,Beauty,59.99,4,15,203.97,Canada,Direct,Processing,43,Male
ORD-09261,2023-07-29,Atomic Habits,Books,16.99,5,5,80.7,Australia,Social Media,Shipped,19,Male
ORD-09262,2024-11-15,USB-C Hub,Electronics,49.99,2,0,99.98,France,Paid Ads,Returned,63,Female
ORD-09263,2024-09-14,Skincare Set,Beauty,59.99,2,10,107.98,Germany,Referral,Delivered,28,Female
ORD-09264,2023-06-24,The Lean Startup,Books,19.99,2,20,31.98,UK,Social Media,Shipped,41,Other
ORD-09265,2024-10-01,Sunscreen SPF50,Beauty,22.99,4,0,91.96,France,Organic,Delivered,53,Other
ORD-09266,2024-04-20,Water Bottle,Sports,24.99,3,5,71.22,Brazil,Organic,Shipped,35,Other
ORD-09267,2023-03-22,Running Shoes,Sports,119.99,2,0,239.98,Brazil,Referral,Delivered,57,Other
ORD-09268,2023-06-08,Dumbbells Set,Sports,79.99,3,0,239.97,Germany,Social Media,Returned,20,Female
ORD-09269,2024-07-13,The Lean Startup,Books,19.99,3,0,59.97,Germany,Referral,Returned,32,Other
ORD-09270,2024-09-28,Standing Desk,Furniture,549.99,1,5,522.49,Canada,Email,Delivered,52,Other
ORD-09271,2023-06-01,Yoga Mat,Sports,39.99,5,0,199.95,Canada,Referral,Delivered,48,Other
ORD-09272,2024-05-29,Blender Pro,Kitchen,74.99,4,0,299.96,Australia,Social Media,Returned,41,Female
ORD-09273,2024-11-27,Instant Pot,Kitchen,99.99,1,20,79.99,Germany,Direct,Delivered,59,Other
ORD-09274,2024-07-09,Bookshelf,Furniture,189.99,5,20,759.96,Japan,Social Media,Processing,29,Female
ORD-09275,2024-09-03,Coffee Maker,Kitchen,89.99,3,10,242.97,UK,Direct,Delivered,56,Other
ORD-09276,2024-02-27,Water Bottle,Sports,24.99,3,0,74.97,Canada,Email,Shipped,25,Other
ORD-09277,2023-12-22,Coffee Maker,Kitchen,89.99,1,15,76.49,UK,Referral,Cancelled,55,Female
ORD-09278,2023-04-24,Skincare Set,Beauty,59.99,2,5,113.98,France,Social Media,Cancelled,46,Female
ORD-09279,2023-06-14,Deep Work,Books,18.99,1,0,18.99,France,Social Media,Delivered,64,Male
ORD-09280,2023-09-19,Desk Lamp,Furniture,44.99,1,10,40.49,Canada,Paid Ads,Delivered,61,Other
ORD-09281,2024-01-22,Mechanical Keyboard,Electronics,149.99,4,15,509.97,Canada,Social Media,Processing,52,Male
ORD-09282,2024-11-30,Blender Pro,Kitchen,74.99,5,0,374.95,France,Direct,Delivered,46,Male
ORD-09283,2024-10-16,The Lean Startup,Books,19.99,1,0,19.99,Australia,Social Media,Processing,23,Male
ORD-09284,2024-07-09,Coffee Maker,Kitchen,89.99,5,0,449.95,UK,Paid Ads,Delivered,58,Other
ORD-09285,2024-05-03,Water Bottle,Sports,24.99,3,20,59.98,Brazil,Social Media,Shipped,64,Other
ORD-09286,2023-08-23,Standing Desk,Furniture,549.99,3,0,1649.97,Germany,Email,Delivered,37,Female
ORD-09287,2023-02-13,Instant Pot,Kitchen,99.99,2,0,199.98,Brazil,Organic,Cancelled,62,Male
ORD-09288,2024-01-07,Laptop Pro 15,Electronics,1299.99,4,20,4159.97,Canada,Organic,Cancelled,26,Male
ORD-09289,2023-08-13,Office Chair,Furniture,299.99,5,0,1499.95,Germany,Referral,Cancelled,60,Female
ORD-09290,2024-09-26,Blender Pro,Kitchen,74.99,3,0,224.97,Japan,Direct,Delivered,62,Female
ORD-09291,2024-01-19,4K Monitor,Electronics,499.99,3,0,1499.97,Australia,Social Media,Processing,54,Female
ORD-09292,2023-06-27,Yoga Mat,Sports,39.99,3,10,107.97,UK,Referral,Cancelled,57,Other
ORD-09293,2024-06-13,Protein Powder,Sports,54.99,3,0,164.97,Canada,Referral,Delivered,57,Female
ORD-09294,2024-05-09,Wireless Mouse,Electronics,29.99,2,0,59.98,France,Social Media,Processing,38,Female
ORD-09295,2023-10-19,4K Monitor,Electronics,499.99,2,20,799.98,USA,Social Media,Delivered,64,Other
ORD-09296,2024-04-08,Webcam HD,Electronics,89.99,5,0,449.95,Canada,Referral,Processing,60,Other
ORD-09297,2024-11-30,Deep Work,Books,18.99,4,5,72.16,Germany,Paid Ads,Cancelled,41,Other
ORD-09298,2024-12-04,Yoga Mat,Sports,39.99,4,0,159.96,Japan,Direct,Delivered,27,Male
ORD-09299,2023-02-22,Laptop Pro 15,Electronics,1299.99,1,5,1234.99,UK,Referral,Returned,65,Female
ORD-09300,2023-12-31,Python Crash Course,Books,34.99,4,0,139.96,Canada,Referral,Delivered,59,Male
ORD-09301,2024-02-07,Bookshelf,Furniture,189.99,2,0,379.98,Australia,Direct,Shipped,58,Female
ORD-09302,2023-10-04,Atomic Habits,Books,16.99,4,0,67.96,Brazil,Social Media,Returned,49,Male
ORD-09303,2023-08-31,Air Fryer,Kitchen,129.99,1,0,129.99,Japan,Email,Delivered,51,Female
ORD-09304,2024-11-14,Instant Pot,Kitchen,99.99,1,0,99.99,Japan,Direct,Processing,47,Male
ORD-09305,2024-11-28,Desk Lamp,Furniture,44.99,3,10,121.47,France,Organic,Delivered,32,Male
ORD-09306,2024-06-28,Air Fryer,Kitchen,129.99,5,5,617.45,Australia,Referral,Delivered,29,Male
ORD-09307,2024-06-03,The Lean Startup,Books,19.99,4,5,75.96,UK,Email,Delivered,47,Female
ORD-09308,2024-03-03,Wireless Mouse,Electronics,29.99,1,0,29.99,France,Organic,Delivered,41,Other
ORD-09309,2024-07-24,Webcam HD,Electronics,89.99,5,5,427.45,USA,Paid Ads,Delivered,23,Female
ORD-09310,2023-03-30,Deep Work,Books,18.99,5,0,94.95,Brazil,Social Media,Delivered,18,Male
ORD-09311,2024-09-10,Python Crash Course,Books,34.99,1,5,33.24,France,Direct,Delivered,21,Other
ORD-09312,2024-04-29,Blender Pro,Kitchen,74.99,1,15,63.74,Canada,Direct,Delivered,32,Female
ORD-09313,2024-03-04,Mechanical Keyboard,Electronics,149.99,1,0,149.99,Australia,Direct,Delivered,29,Female
ORD-09314,2024-10-06,Laptop Pro 15,Electronics,1299.99,2,5,2469.98,Canada,Organic,Delivered,41,Other
ORD-09315,2023-03-07,Mechanical Keyboard,Electronics,149.99,2,0,299.98,Germany,Referral,Delivered,30,Male
ORD-09316,2023-03-18,Sunscreen SPF50,Beauty,22.99,4,15,78.17,Australia,Direct,Cancelled,25,Female
ORD-09317,2023-05-11,4K Monitor,Electronics,499.99,2,0,999.98,Australia,Organic,Returned,53,Other
ORD-09318,2024-03-08,Laptop Pro 15,Electronics,1299.99,4,20,4159.97,UK,Direct,Returned,31,Female
ORD-09319,2024-01-28,Standing Desk,Furniture,549.99,4,0,2199.96,USA,Email,Returned,18,Female
ORD-09320,2023-02-24,Protein Powder,Sports,54.99,1,15,46.74,Japan,Social Media,Delivered,40,Male
ORD-09321,2023-04-01,Atomic Habits,Books,16.99,2,0,33.98,France,Organic,Returned,62,Other
ORD-09322,2023-04-10,Blender Pro,Kitchen,74.99,3,15,191.22,France,Organic,Shipped,57,Male
ORD-09323,2023-10-07,Running Shoes,Sports,119.99,5,10,539.95,Germany,Social Media,Delivered,24,Female
ORD-09324,2023-07-14,Skincare Set,Beauty,59.99,2,20,95.98,France,Email,Delivered,40,Other
ORD-09325,2024-01-02,Webcam HD,Electronics,89.99,2,0,179.98,UK,Organic,Delivered,34,Male
ORD-09326,2023-10-28,Atomic Habits,Books,16.99,1,0,16.99,Japan,Direct,Processing,54,Male
ORD-09327,2024-01-29,Office Chair,Furniture,299.99,5,15,1274.96,Germany,Social Media,Cancelled,29,Female
ORD-09328,2023-09-03,Atomic Habits,Books,16.99,2,20,27.18,Japan,Referral,Processing,38,Female
ORD-09329,2023-01-28,Instant Pot,Kitchen,99.99,4,10,359.96,France,Social Media,Returned,43,Other
ORD-09330,2024-10-06,Dumbbells Set,Sports,79.99,4,0,319.96,Germany,Organic,Processing,41,Female
ORD-09331,2024-08-04,Blender Pro,Kitchen,74.99,5,5,356.2,Australia,Referral,Delivered,29,Other
ORD-09332,2023-09-07,Coffee Maker,Kitchen,89.99,3,20,215.98,France,Direct,Returned,56,Female
ORD-09333,2024-09-23,Running Shoes,Sports,119.99,1,5,113.99,France,Social Media,Shipped,50,Female
ORD-09334,2023-09-14,Coffee Maker,Kitchen,89.99,1,15,76.49,Canada,Paid Ads,Delivered,48,Female
ORD-09335,2023-04-28,Water Bottle,Sports,24.99,4,20,79.97,Australia,Direct,Delivered,59,Other
ORD-09336,2023-06-03,Atomic Habits,Books,16.99,4,0,67.96,UK,Organic,Processing,33,Female
ORD-09337,2024-02-23,Coffee Maker,Kitchen,89.99,1,0,89.99,UK,Referral,Cancelled,56,Other
ORD-09338,2023-04-10,Instant Pot,Kitchen,99.99,2,5,189.98,USA,Organic,Delivered,20,Female
ORD-09339,2024-04-15,Laptop Pro 15,Electronics,1299.99,5,15,5524.96,France,Social Media,Cancelled,34,Female
ORD-09340,2023-11-20,Yoga Mat,Sports,39.99,2,0,79.98,Japan,Email,Delivered,23,Other
ORD-09341,2023-03-07,Deep Work,Books,18.99,3,0,56.97,UK,Organic,Processing,35,Female
ORD-09342,2024-12-03,Blender Pro,Kitchen,74.99,2,5,142.48,Australia,Referral,Cancelled,26,Male
ORD-09343,2024-02-21,Protein Powder,Sports,54.99,3,0,164.97,France,Email,Delivered,61,Male
ORD-09344,2023-01-01,Laptop Pro 15,Electronics,1299.99,5,10,5849.95,Brazil,Direct,Shipped,37,Other
ORD-09345,2023-04-20,Water Bottle,Sports,24.99,2,5,47.48,Brazil,Paid Ads,Delivered,29,Other
ORD-09346,2024-01-13,Protein Powder,Sports,54.99,4,20,175.97,Germany,Organic,Returned,35,Other
ORD-09347,2023-08-26,Office Chair,Furniture,299.99,3,10,809.97,UK,Direct,Delivered,64,Female
ORD-09348,2023-07-25,4K Monitor,Electronics,499.99,4,5,1899.96,UK,Referral,Cancelled,56,Other
ORD-09349,2023-02-11,Yoga Mat,Sports,39.99,4,5,151.96,Brazil,Paid Ads,Delivered,24,Male
ORD-09350,2023-06-24,Protein Powder,Sports,54.99,2,20,87.98,Brazil,Direct,Delivered,55,Male
ORD-09351,2023-08-02,Protein Powder,Sports,54.99,5,0,274.95,UK,Direct,Delivered,60,Male
ORD-09352,2024-10-02,Water Bottle,Sports,24.99,5,0,124.95,USA,Direct,Delivered,49,Female
ORD-09353,2024-03-17,Python Crash Course,Books,34.99,2,0,69.98,Brazil,Referral,Returned,51,Other
ORD-09354,2023-03-25,Mechanical Keyboard,Electronics,149.99,5,10,674.96,Canada,Organic,Returned,65,Male
ORD-09355,2024-03-25,Standing Desk,Furniture,549.99,1,0,549.99,Australia,Social Media,Processing,60,Other
ORD-09356,2024-12-04,Blender Pro,Kitchen,74.99,4,20,239.97,USA,Social Media,Delivered,41,Male
ORD-09357,2024-12-09,Desk Lamp,Furniture,44.99,4,5,170.96,Japan,Email,Cancelled,33,Male
ORD-09358,2024-01-18,Dumbbells Set,Sports,79.99,5,5,379.95,Japan,Organic,Returned,49,Male
ORD-09359,2023-06-30,Atomic Habits,Books,16.99,4,0,67.96,Brazil,Paid Ads,Delivered,53,Male
ORD-09360,2024-01-05,Desk Lamp,Furniture,44.99,1,0,44.99,UK,Email,Returned,65,Female
ORD-09361,2023-07-04,Coffee Maker,Kitchen,89.99,4,15,305.97,Japan,Referral,Cancelled,62,Male
ORD-09362,2024-05-04,Yoga Mat,Sports,39.99,3,0,119.97,USA,Direct,Returned,34,Male
ORD-09363,2024-02-11,Atomic Habits,Books,16.99,3,15,43.32,France,Social Media,Shipped,18,Other
ORD-09364,2024-11-01,Air Fryer,Kitchen,129.99,4,10,467.96,Australia,Referral,Processing,56,Male
ORD-09365,2023-05-30,USB-C Hub,Electronics,49.99,5,0,249.95,Germany,Paid Ads,Cancelled,20,Female
ORD-09366,2023-11-01,4K Monitor,Electronics,499.99,1,5,474.99,Australia,Paid Ads,Delivered,62,Other
ORD-09367,2023-12-21,Bookshelf,Furniture,189.99,3,20,455.98,Australia,Direct,Delivered,36,Female
ORD-09368,2024-02-29,Webcam HD,Electronics,89.99,3,0,269.97,France,Direct,Returned,59,Female
ORD-09369,2023-04-09,Standing Desk,Furniture,549.99,2,0,1099.98,Japan,Direct,Cancelled,63,Other
ORD-09370,2024-01-31,Sunscreen SPF50,Beauty,22.99,3,20,55.18,UK,Email,Delivered,21,Male
ORD-09371,2023-08-15,Yoga Mat,Sports,39.99,4,10,143.96,USA,Social Media,Returned,46,Female
ORD-09372,2023-05-09,Mechanical Keyboard,Electronics,149.99,2,15,254.98,USA,Email,Returned,61,Female
ORD-09373,2023-01-22,Office Chair,Furniture,299.99,5,0,1499.95,Australia,Email,Processing,18,Male
ORD-09374,2024-07-26,Blender Pro,Kitchen,74.99,5,0,374.95,Brazil,Organic,Processing,50,Other
ORD-09375,2023-01-12,Desk Lamp,Furniture,44.99,2,0,89.98,Canada,Organic,Shipped,39,Male
ORD-09376,2023-01-19,Sunscreen SPF50,Beauty,22.99,5,15,97.71,Brazil,Email,Delivered,27,Female
ORD-09377,2024-09-04,Bookshelf,Furniture,189.99,4,5,721.96,Germany,Social Media,Processing,38,Other
ORD-09378,2024-12-14,Bookshelf,Furniture,189.99,1,0,189.99,Australia,Direct,Delivered,20,Other
ORD-09379,2024-01-16,Atomic Habits,Books,16.99,3,20,40.78,France,Referral,Delivered,63,Female
ORD-09380,2024-12-07,Standing Desk,Furniture,549.99,3,0,1649.97,Japan,Email,Returned,55,Male
ORD-09381,2023-04-24,4K Monitor,Electronics,499.99,4,0,1999.96,Australia,Paid Ads,Shipped,23,Female
ORD-09382,2023-05-06,The Lean Startup,Books,19.99,4,5,75.96,USA,Direct,Processing,45,Other
ORD-09383,2023-09-04,Instant Pot,Kitchen,99.99,4,0,399.96,USA,Organic,Returned,45,Female
ORD-09384,2024-07-08,Air Fryer,Kitchen,129.99,3,0,389.97,Brazil,Organic,Delivered,32,Male
ORD-09385,2024-11-12,Protein Powder,Sports,54.99,5,0,274.95,Japan,Paid Ads,Delivered,53,Male
ORD-09386,2023-08-22,Laptop Pro 15,Electronics,1299.99,1,0,1299.99,Germany,Email,Delivered,41,Other
ORD-09387,2024-02-05,Deep Work,Books,18.99,1,15,16.14,Australia,Paid Ads,Cancelled,59,Other
ORD-09388,2024-09-08,Blender Pro,Kitchen,74.99,2,0,149.98,Australia,Referral,Returned,23,Other
ORD-09389,2024-05-26,Instant Pot,Kitchen,99.99,4,0,399.96,France,Organic,Delivered,45,Female
ORD-09390,2023-04-05,Laptop Pro 15,Electronics,1299.99,1,0,1299.99,Japan,Direct,Cancelled,22,Other
ORD-09391,2023-12-22,Skincare Set,Beauty,59.99,5,20,239.96,UK,Email,Delivered,51,Other
ORD-09392,2023-07-27,Instant Pot,Kitchen,99.99,2,10,179.98,Japan,Social Media,Delivered,45,Female
ORD-09393,2023-04-26,Water Bottle,Sports,24.99,3,0,74.97,UK,Referral,Delivered,53,Female
ORD-09394,2024-07-26,Office Chair,Furniture,299.99,1,0,299.99,Brazil,Social Media,Returned,63,Male
ORD-09395,2024-01-30,Air Fryer,Kitchen,129.99,1,0,129.99,Australia,Organic,Delivered,28,Other
ORD-09396,2024-11-06,Instant Pot,Kitchen,99.99,4,0,399.96,UK,Paid Ads,Delivered,22,Female
ORD-09397,2023-06-13,USB-C Hub,Electronics,49.99,2,0,99.98,Germany,Paid Ads,Processing,47,Male
ORD-09398,2023-01-18,Wireless Mouse,Electronics,29.99,4,0,119.96,Germany,Direct,Delivered,50,Other
ORD-09399,2024-03-30,Coffee Maker,Kitchen,89.99,3,5,256.47,Germany,Email,Cancelled,47,Female
ORD-09400,2024-03-22,Skincare Set,Beauty,59.99,3,15,152.97,UK,Organic,Processing,55,Female
ORD-09401,2024-01-14,4K Monitor,Electronics,499.99,1,5,474.99,Canada,Social Media,Processing,35,Other
ORD-09402,2023-01-07,Running Shoes,Sports,119.99,4,5,455.96,France,Referral,Delivered,62,Male
ORD-09403,2023-07-17,Yoga Mat,Sports,39.99,1,10,35.99,France,Direct,Delivered,41,Male
ORD-09404,2023-05-19,Office Chair,Furniture,299.99,3,0,899.97,France,Paid Ads,Delivered,50,Female
ORD-09405,2023-03-14,Dumbbells Set,Sports,79.99,1,0,79.99,Japan,Direct,Delivered,27,Female
ORD-09406,2023-11-19,The Lean Startup,Books,19.99,4,20,63.97,UK,Paid Ads,Delivered,65,Male
ORD-09407,2024-10-30,Running Shoes,Sports,119.99,1,0,119.99,Japan,Organic,Returned,58,Male
ORD-09408,2023-04-21,USB-C Hub,Electronics,49.99,1,15,42.49,Germany,Email,Delivered,31,Other
ORD-09409,2024-03-06,Python Crash Course,Books,34.99,5,0,174.95,Canada,Direct,Delivered,31,Other
ORD-09410,2024-01-15,Skincare Set,Beauty,59.99,2,15,101.98,Canada,Organic,Returned,25,Male
ORD-09411,2023-04-17,The Lean Startup,Books,19.99,5,0,99.95,Germany,Direct,Cancelled,21,Other
ORD-09412,2024-05-08,Deep Work,Books,18.99,5,0,94.95,Germany,Paid Ads,Delivered,56,Other
ORD-09413,2023-03-06,Running Shoes,Sports,119.99,5,20,479.96,UK,Direct,Cancelled,56,Other
ORD-09414,2024-03-08,Laptop Pro 15,Electronics,1299.99,2,0,2599.98,Canada,Referral,Processing,44,Other
ORD-09415,2024-11-10,Skincare Set,Beauty,59.99,5,15,254.96,UK,Referral,Delivered,35,Male
ORD-09416,2023-07-28,Sunscreen SPF50,Beauty,22.99,3,15,58.62,Japan,Paid Ads,Processing,33,Female
ORD-09417,2024-06-01,Instant Pot,Kitchen,99.99,5,0,499.95,Australia,Referral,Processing,46,Female
ORD-09418,2024-11-05,Deep Work,Books,18.99,4,10,68.36,USA,Email,Shipped,53,Female
ORD-09419,2024-08-05,Wireless Mouse,Electronics,29.99,2,0,59.98,France,Email,Delivered,35,Male
ORD-09420,2023-07-24,Air Fryer,Kitchen,129.99,3,10,350.97,Japan,Social Media,Processing,35,Male
ORD-09421,2024-12-08,Skincare Set,Beauty,59.99,5,0,299.95,Brazil,Organic,Delivered,54,Male
ORD-09422,2024-05-11,Office Chair,Furniture,299.99,3,0,899.97,Canada,Direct,Delivered,53,Other
ORD-09423,2024-07-19,Wireless Mouse,Electronics,29.99,1,0,29.99,Brazil,Email,Processing,54,Other
ORD-09424,2023-08-01,Standing Desk,Furniture,549.99,2,15,934.98,UK,Social Media,Processing,43,Female
ORD-09425,2024-06-05,Standing Desk,Furniture,549.99,4,15,1869.97,UK,Social Media,Delivered,33,Female
ORD-09426,2024-07-05,Dumbbells Set,Sports,79.99,3,0,239.97,Australia,Paid Ads,Shipped,47,Other
ORD-09427,2023-07-12,Air Fryer,Kitchen,129.99,2,5,246.98,Germany,Paid Ads,Delivered,40,Other
ORD-09428,2024-03-31,Wireless Mouse,Electronics,29.99,5,15,127.46,UK,Organic,Shipped,40,Other
ORD-09429,2024-01-22,Bookshelf,Furniture,189.99,1,15,161.49,France,Social Media,Cancelled,45,Female
ORD-09430,2024-01-18,The Lean Startup,Books,19.99,3,10,53.97,USA,Referral,Cancelled,56,Other
ORD-09431,2023-12-25,Python Crash Course,Books,34.99,1,0,34.99,Brazil,Organic,Shipped,25,Male
ORD-09432,2023-09-20,Laptop Pro 15,Electronics,1299.99,2,0,2599.98,Germany,Direct,Delivered,55,Female
ORD-09433,2023-01-12,Standing Desk,Furniture,549.99,3,10,1484.97,Australia,Social Media,Delivered,29,Other
ORD-09434,2024-01-06,Laptop Pro 15,Electronics,1299.99,5,15,5524.96,France,Social Media,Delivered,45,Male
ORD-09435,2023-10-05,Atomic Habits,Books,16.99,5,20,67.96,France,Referral,Cancelled,62,Other
ORD-09436,2024-11-26,Standing Desk,Furniture,549.99,1,10,494.99,UK,Email,Delivered,38,Female
ORD-09437,2023-11-20,Desk Lamp,Furniture,44.99,4,10,161.96,Canada,Email,Cancelled,31,Female
ORD-09438,2024-09-04,Instant Pot,Kitchen,99.99,1,15,84.99,USA,Referral,Processing,60,Female
ORD-09439,2023-08-28,Air Fryer,Kitchen,129.99,1,0,129.99,Japan,Social Media,Processing,62,Male
ORD-09440,2024-04-21,Desk Lamp,Furniture,44.99,3,5,128.22,Brazil,Social Media,Delivered,30,Female
ORD-09441,2023-01-07,Deep Work,Books,18.99,4,0,75.96,Australia,Social Media,Delivered,19,Male
ORD-09442,2024-12-12,Blender Pro,Kitchen,74.99,2,0,149.98,Germany,Social Media,Returned,32,Other
ORD-09443,2023-04-02,Sunscreen SPF50,Beauty,22.99,4,15,78.17,Canada,Direct,Shipped,62,Female
ORD-09444,2024-09-29,Bookshelf,Furniture,189.99,2,0,379.98,Australia,Paid Ads,Cancelled,34,Male
ORD-09445,2023-05-29,Standing Desk,Furniture,549.99,1,20,439.99,USA,Organic,Delivered,65,Other
ORD-09446,2023-11-24,4K Monitor,Electronics,499.99,4,0,1999.96,Canada,Paid Ads,Delivered,20,Female
ORD-09447,2024-12-20,The Lean Startup,Books,19.99,3,5,56.97,Brazil,Referral,Cancelled,53,Female
ORD-09448,2024-03-04,4K Monitor,Electronics,499.99,1,0,499.99,France,Paid Ads,Delivered,65,Other
ORD-09449,2023-03-31,USB-C Hub,Electronics,49.99,5,5,237.45,Japan,Referral,Delivered,48,Male
ORD-09450,2024-02-13,Yoga Mat,Sports,39.99,3,0,119.97,UK,Referral,Processing,23,Female
ORD-09451,2024-08-01,Desk Lamp,Furniture,44.99,4,15,152.97,France,Organic,Processing,22,Other
ORD-09452,2024-12-06,4K Monitor,Electronics,499.99,4,0,1999.96,Australia,Direct,Delivered,30,Male
ORD-09453,2024-08-27,Dumbbells Set,Sports,79.99,5,0,399.95,Canada,Email,Shipped,62,Male
ORD-09454,2023-10-04,Running Shoes,Sports,119.99,5,0,599.95,Japan,Paid Ads,Delivered,46,Other
ORD-09455,2023-04-17,Atomic Habits,Books,16.99,5,5,80.7,Germany,Social Media,Delivered,48,Male
ORD-09456,2024-04-22,Water Bottle,Sports,24.99,3,5,71.22,UK,Social Media,Returned,62,Female
ORD-09457,2023-07-09,Desk Lamp,Furniture,44.99,3,15,114.72,Brazil,Referral,Delivered,25,Other
ORD-09458,2024-10-28,Coffee Maker,Kitchen,89.99,5,0,449.95,Brazil,Organic,Delivered,33,Male
ORD-09459,2024-03-10,Desk Lamp,Furniture,44.99,5,0,224.95,Canada,Direct,Delivered,39,Female
ORD-09460,2023-10-04,Sunscreen SPF50,Beauty,22.99,2,20,36.78,Germany,Email,Delivered,55,Other
ORD-09461,2024-08-28,Desk Lamp,Furniture,44.99,4,15,152.97,USA,Social Media,Cancelled,24,Female
ORD-09462,2024-12-18,Protein Powder,Sports,54.99,5,10,247.45,Japan,Organic,Delivered,43,Female
ORD-09463,2023-07-19,4K Monitor,Electronics,499.99,2,0,999.98,USA,Email,Delivered,26,Other
ORD-09464,2024-04-13,Desk Lamp,Furniture,44.99,3,20,107.98,Australia,Social Media,Cancelled,50,Female
ORD-09465,2023-02-08,Laptop Pro 15,Electronics,1299.99,3,0,3899.97,UK,Organic,Returned,61,Other
ORD-09466,2024-08-13,Python Crash Course,Books,34.99,5,15,148.71,Australia,Email,Shipped,63,Male
ORD-09467,2023-03-12,Blender Pro,Kitchen,74.99,5,5,356.2,Japan,Direct,Shipped,61,Female
ORD-09468,2024-08-09,Running Shoes,Sports,119.99,5,10,539.95,Canada,Email,Processing,61,Male
ORD-09469,2024-02-02,Air Fryer,Kitchen,129.99,1,20,103.99,Brazil,Referral,Processing,56,Male
ORD-09470,2024-08-03,Python Crash Course,Books,34.99,5,10,157.46,Canada,Organic,Shipped,60,Other
ORD-09471,2024-08-13,The Lean Startup,Books,19.99,2,15,33.98,Germany,Referral,Delivered,18,Male
ORD-09472,2023-07-13,Standing Desk,Furniture,549.99,2,0,1099.98,USA,Referral,Cancelled,30,Male
ORD-09473,2024-09-16,Protein Powder,Sports,54.99,2,15,93.48,Japan,Social Media,Returned,43,Female
ORD-09474,2023-10-20,Dumbbells Set,Sports,79.99,3,5,227.97,Germany,Direct,Cancelled,29,Male
ORD-09475,2024-10-21,Skincare Set,Beauty,59.99,3,0,179.97,Australia,Social Media,Cancelled,42,Female
ORD-09476,2024-06-18,The Lean Startup,Books,19.99,3,10,53.97,USA,Social Media,Processing,39,Female
ORD-09477,2024-05-05,Water Bottle,Sports,24.99,2,0,49.98,USA,Paid Ads,Processing,54,Other
ORD-09478,2023-06-02,Yoga Mat,Sports,39.99,3,20,95.98,Germany,Direct,Shipped,24,Female
ORD-09479,2023-06-29,Instant Pot,Kitchen,99.99,3,0,299.97,USA,Organic,Delivered,64,Female
ORD-09480,2023-07-02,Blender Pro,Kitchen,74.99,3,10,202.47,Canada,Referral,Processing,36,Male
ORD-09481,2024-08-08,Standing Desk,Furniture,549.99,5,20,2199.96,Japan,Social Media,Shipped,32,Other
ORD-09482,2024-12-04,Protein Powder,Sports,54.99,2,15,93.48,Brazil,Social Media,Returned,24,Male
ORD-09483,2023-06-04,Laptop Pro 15,Electronics,1299.99,4,0,5199.96,UK,Social Media,Returned,54,Other
ORD-09484,2024-07-10,Air Fryer,Kitchen,129.99,1,0,129.99,Japan,Organic,Delivered,29,Male
ORD-09485,2023-10-03,Python Crash Course,Books,34.99,1,0,34.99,Canada,Direct,Cancelled,23,Male
ORD-09486,2023-07-15,Desk Lamp,Furniture,44.99,5,0,224.95,USA,Email,Processing,37,Male
ORD-09487,2024-09-22,Blender Pro,Kitchen,74.99,4,0,299.96,Canada,Referral,Returned,32,Other
ORD-09488,2024-01-06,Protein Powder,Sports,54.99,3,0,164.97,Brazil,Direct,Processing,30,Male
ORD-09489,2023-01-08,Wireless Mouse,Electronics,29.99,5,0,149.95,Canada,Social Media,Delivered,61,Other
ORD-09490,2024-08-29,Mechanical Keyboard,Electronics,149.99,2,0,299.98,Japan,Organic,Delivered,50,Female
ORD-09491,2023-11-22,Blender Pro,Kitchen,74.99,4,0,299.96,France,Organic,Processing,30,Female
ORD-09492,2023-09-18,Laptop Pro 15,Electronics,1299.99,4,0,5199.96,UK,Social Media,Returned,24,Male
ORD-09493,2024-06-05,4K Monitor,Electronics,499.99,2,0,999.98,France,Organic,Delivered,60,Other
ORD-09494,2023-06-19,Skincare Set,Beauty,59.99,5,0,299.95,USA,Organic,Delivered,26,Male
ORD-09495,2023-07-03,Running Shoes,Sports,119.99,2,15,203.98,UK,Paid Ads,Processing,54,Other
ORD-09496,2024-11-29,4K Monitor,Electronics,499.99,5,0,2499.95,UK,Social Media,Delivered,49,Male
ORD-09497,2023-11-21,Wireless Mouse,Electronics,29.99,2,0,59.98,UK,Direct,Delivered,57,Male
ORD-09498,2024-02-06,USB-C Hub,Electronics,49.99,1,15,42.49,UK,Referral,Returned,55,Female
ORD-09499,2023-08-18,Blender Pro,Kitchen,74.99,2,0,149.98,USA,Social Media,Processing,48,Other
ORD-09500,2024-10-18,Water Bottle,Sports,24.99,2,20,39.98,UK,Social Media,Cancelled,33,Other
ORD-09501,2023-11-28,Mechanical Keyboard,Electronics,149.99,5,15,637.46,France,Direct,Cancelled,25,Other
ORD-09502,2024-08-07,Desk Lamp,Furniture,44.99,5,20,179.96,UK,Email,Shipped,33,Male
ORD-09503,2024-11-11,Mechanical Keyboard,Electronics,149.99,5,20,599.96,UK,Organic,Delivered,35,Male
ORD-09504,2023-04-27,Bookshelf,Furniture,189.99,4,0,759.96,UK,Direct,Delivered,25,Male
ORD-09505,2023-11-05,Blender Pro,Kitchen,74.99,5,10,337.45,Canada,Organic,Shipped,34,Other
ORD-09506,2023-12-23,Standing Desk,Furniture,549.99,2,15,934.98,USA,Direct,Delivered,57,Other
ORD-09507,2023-07-12,Air Fryer,Kitchen,129.99,2,15,220.98,Brazil,Paid Ads,Shipped,41,Male
ORD-09508,2024-10-25,Instant Pot,Kitchen,99.99,5,0,499.95,Brazil,Paid Ads,Delivered,58,Other
ORD-09509,2024-12-20,4K Monitor,Electronics,499.99,1,15,424.99,Australia,Email,Delivered,44,Other
ORD-09510,2024-04-20,Coffee Maker,Kitchen,89.99,1,20,71.99,Japan,Email,Returned,22,Male
ORD-09511,2024-04-20,Coffee Maker,Kitchen,89.99,3,20,215.98,France,Direct,Delivered,24,Male
ORD-09512,2023-01-23,Office Chair,Furniture,299.99,5,5,1424.95,Canada,Social Media,Returned,30,Male
ORD-09513,2024-10-26,Skincare Set,Beauty,59.99,2,0,119.98,Brazil,Organic,Shipped,60,Male
ORD-09514,2023-01-17,Standing Desk,Furniture,549.99,5,5,2612.45,Brazil,Referral,Returned,45,Male
ORD-09515,2024-08-11,Webcam HD,Electronics,89.99,1,15,76.49,Canada,Direct,Delivered,52,Other
ORD-09516,2023-12-19,Water Bottle,Sports,24.99,1,0,24.99,USA,Paid Ads,Shipped,23,Female
ORD-09517,2024-02-04,The Lean Startup,Books,19.99,3,0,59.97,USA,Organic,Delivered,45,Other
ORD-09518,2024-10-30,4K Monitor,Electronics,499.99,2,0,999.98,France,Referral,Delivered,57,Male
ORD-09519,2024-02-22,Laptop Pro 15,Electronics,1299.99,3,0,3899.97,Canada,Direct,Shipped,53,Male
ORD-09520,2023-10-17,Python Crash Course,Books,34.99,1,0,34.99,Japan,Social Media,Processing,47,Other
ORD-09521,2023-04-09,Python Crash Course,Books,34.99,2,10,62.98,UK,Paid Ads,Shipped,54,Other
ORD-09522,2023-04-08,Protein Powder,Sports,54.99,2,0,109.98,France,Social Media,Delivered,30,Other
ORD-09523,2023-11-01,Running Shoes,Sports,119.99,1,10,107.99,Canada,Email,Processing,47,Other
ORD-09524,2024-06-06,Air Fryer,Kitchen,129.99,2,0,259.98,UK,Organic,Cancelled,29,Male
ORD-09525,2024-05-30,Protein Powder,Sports,54.99,2,0,109.98,Australia,Email,Delivered,39,Other
ORD-09526,2024-06-20,Laptop Pro 15,Electronics,1299.99,2,0,2599.98,France,Organic,Delivered,52,Female
ORD-09527,2024-03-23,Office Chair,Furniture,299.99,5,20,1199.96,Australia,Organic,Processing,48,Other
ORD-09528,2023-09-21,Instant Pot,Kitchen,99.99,2,20,159.98,Australia,Organic,Delivered,36,Other
ORD-09529,2024-11-15,Air Fryer,Kitchen,129.99,3,20,311.98,Canada,Direct,Delivered,55,Female
ORD-09530,2023-10-14,Protein Powder,Sports,54.99,3,0,164.97,UK,Paid Ads,Returned,51,Male
ORD-09531,2023-03-16,Mechanical Keyboard,Electronics,149.99,4,15,509.97,France,Referral,Delivered,35,Male
ORD-09532,2023-07-08,The Lean Startup,Books,19.99,2,0,39.98,Australia,Direct,Processing,47,Female
ORD-09533,2023-06-09,Desk Lamp,Furniture,44.99,5,20,179.96,Japan,Direct,Delivered,18,Female
ORD-09534,2024-09-21,Protein Powder,Sports,54.99,3,0,164.97,France,Email,Processing,59,Other
ORD-09535,2024-01-24,Instant Pot,Kitchen,99.99,3,0,299.97,Japan,Paid Ads,Processing,53,Male
ORD-09536,2024-06-02,Blender Pro,Kitchen,74.99,1,0,74.99,Australia,Direct,Returned,54,Male
ORD-09537,2023-12-23,Mechanical Keyboard,Electronics,149.99,2,0,299.98,UK,Referral,Processing,64,Female
ORD-09538,2024-01-26,Webcam HD,Electronics,89.99,2,0,179.98,UK,Email,Shipped,41,Female
ORD-09539,2024-02-04,Yoga Mat,Sports,39.99,4,20,127.97,Germany,Organic,Delivered,61,Female
ORD-09540,2024-11-26,Running Shoes,Sports,119.99,2,0,239.98,USA,Organic,Delivered,43,Female
ORD-09541,2023-01-14,Desk Lamp,Furniture,44.99,3,20,107.98,Australia,Direct,Shipped,54,Female
ORD-09542,2023-04-04,Dumbbells Set,Sports,79.99,4,15,271.97,Brazil,Paid Ads,Delivered,57,Male
ORD-09543,2024-12-07,The Lean Startup,Books,19.99,2,15,33.98,Japan,Paid Ads,Delivered,48,Female
ORD-09544,2023-09-26,Instant Pot,Kitchen,99.99,1,15,84.99,Japan,Organic,Returned,45,Female
ORD-09545,2024-03-02,Blender Pro,Kitchen,74.99,4,20,239.97,Australia,Email,Shipped,37,Male
ORD-09546,2024-02-11,Running Shoes,Sports,119.99,2,5,227.98,Australia,Social Media,Processing,43,Male
ORD-09547,2024-04-03,Mechanical Keyboard,Electronics,149.99,1,0,149.99,Japan,Referral,Returned,44,Female
ORD-09548,2024-08-07,Standing Desk,Furniture,549.99,5,0,2749.95,Canada,Social Media,Processing,59,Female
ORD-09549,2023-06-08,Yoga Mat,Sports,39.99,3,0,119.97,Germany,Email,Processing,29,Other
ORD-09550,2023-11-20,USB-C Hub,Electronics,49.99,3,5,142.47,Canada,Direct,Processing,31,Female
ORD-09551,2024-09-04,Sunscreen SPF50,Beauty,22.99,3,5,65.52,Brazil,Direct,Delivered,22,Female
ORD-09552,2023-08-09,Yoga Mat,Sports,39.99,2,5,75.98,USA,Organic,Delivered,48,Other
ORD-09553,2024-03-11,Python Crash Course,Books,34.99,4,20,111.97,USA,Social Media,Delivered,36,Other
ORD-09554,2023-12-09,Wireless Mouse,Electronics,29.99,2,0,59.98,UK,Email,Cancelled,65,Other
ORD-09555,2024-11-10,Office Chair,Furniture,299.99,3,10,809.97,USA,Direct,Cancelled,43,Male
ORD-09556,2024-06-07,Water Bottle,Sports,24.99,4,0,99.96,Brazil,Email,Delivered,51,Other
ORD-09557,2024-01-15,Desk Lamp,Furniture,44.99,4,0,179.96,Japan,Organic,Delivered,42,Male
ORD-09558,2024-11-08,Webcam HD,Electronics,89.99,3,0,269.97,Japan,Email,Delivered,27,Female
ORD-09559,2023-04-11,Coffee Maker,Kitchen,89.99,2,0,179.98,Brazil,Paid Ads,Shipped,42,Other
ORD-09560,2023-12-11,Bookshelf,Furniture,189.99,4,5,721.96,Germany,Referral,Delivered,42,Other
ORD-09561,2023-02-15,Python Crash Course,Books,34.99,2,5,66.48,Brazil,Paid Ads,Returned,60,Male
ORD-09562,2024-02-28,Office Chair,Furniture,299.99,4,5,1139.96,UK,Social Media,Shipped,62,Female
ORD-09563,2024-02-26,Office Chair,Furniture,299.99,4,15,1019.97,UK,Email,Delivered,19,Male
ORD-09564,2023-06-11,Standing Desk,Furniture,549.99,1,15,467.49,Canada,Paid Ads,Delivered,55,Other
ORD-09565,2023-09-19,Protein Powder,Sports,54.99,4,0,219.96,France,Direct,Delivered,56,Male
ORD-09566,2024-04-11,Bookshelf,Furniture,189.99,3,10,512.97,Canada,Email,Delivered,37,Other
ORD-09567,2024-10-13,USB-C Hub,Electronics,49.99,1,10,44.99,Australia,Direct,Shipped,50,Male
ORD-09568,2024-07-29,Yoga Mat,Sports,39.99,2,10,71.98,USA,Email,Delivered,32,Other
ORD-09569,2023-09-02,Skincare Set,Beauty,59.99,1,0,59.99,Japan,Email,Shipped,18,Female
ORD-09570,2023-07-17,Yoga Mat,Sports,39.99,1,10,35.99,Australia,Organic,Processing,52,Male
ORD-09571,2024-07-10,Blender Pro,Kitchen,74.99,4,0,299.96,Japan,Referral,Shipped,62,Male
ORD-09572,2023-11-11,Coffee Maker,Kitchen,89.99,5,10,404.95,Australia,Email,Cancelled,54,Male
ORD-09573,2023-03-07,Wireless Mouse,Electronics,29.99,2,0,59.98,Brazil,Social Media,Processing,42,Male
ORD-09574,2024-07-22,Instant Pot,Kitchen,99.99,1,0,99.99,USA,Social Media,Returned,35,Male
ORD-09575,2024-02-03,USB-C Hub,Electronics,49.99,4,5,189.96,UK,Paid Ads,Returned,18,Female
ORD-09576,2023-07-25,Protein Powder,Sports,54.99,3,10,148.47,Australia,Paid Ads,Processing,44,Male
ORD-09577,2024-10-06,Sunscreen SPF50,Beauty,22.99,1,0,22.99,USA,Referral,Processing,18,Female
ORD-09578,2024-10-30,Python Crash Course,Books,34.99,3,20,83.98,Brazil,Social Media,Processing,63,Female
ORD-09579,2023-02-24,Webcam HD,Electronics,89.99,3,20,215.98,Germany,Referral,Shipped,22,Male
ORD-09580,2024-07-05,Coffee Maker,Kitchen,89.99,5,20,359.96,Canada,Email,Processing,62,Male
ORD-09581,2023-12-13,Blender Pro,Kitchen,74.99,3,20,179.98,France,Direct,Delivered,39,Other
ORD-09582,2024-09-24,Laptop Pro 15,Electronics,1299.99,3,20,3119.98,Brazil,Paid Ads,Cancelled,21,Male
ORD-09583,2024-08-28,Skincare Set,Beauty,59.99,5,0,299.95,Canada,Email,Delivered,35,Other
ORD-09584,2023-12-28,Blender Pro,Kitchen,74.99,4,15,254.97,Canada,Social Media,Delivered,64,Other
ORD-09585,2024-02-16,Bookshelf,Furniture,189.99,2,5,360.98,Germany,Organic,Delivered,25,Male
ORD-09586,2024-06-13,USB-C Hub,Electronics,49.99,4,0,199.96,Brazil,Referral,Processing,45,Male
ORD-09587,2023-04-02,Desk Lamp,Furniture,44.99,2,0,89.98,Germany,Referral,Returned,40,Female
ORD-09588,2024-07-18,Air Fryer,Kitchen,129.99,2,5,246.98,Australia,Email,Delivered,64,Other
ORD-09589,2024-10-09,Wireless Mouse,Electronics,29.99,1,0,29.99,USA,Direct,Delivered,35,Male
ORD-09590,2023-05-03,Bookshelf,Furniture,189.99,2,10,341.98,Canada,Paid Ads,Cancelled,38,Female
ORD-09591,2023-07-08,Mechanical Keyboard,Electronics,149.99,2,0,299.98,Germany,Paid Ads,Delivered,46,Male
ORD-09592,2023-06-27,Laptop Pro 15,Electronics,1299.99,3,5,3704.97,France,Referral,Delivered,22,Male
ORD-09593,2024-10-17,Atomic Habits,Books,16.99,4,0,67.96,Japan,Referral,Delivered,51,Other
ORD-09594,2024-04-06,Sunscreen SPF50,Beauty,22.99,2,20,36.78,Brazil,Organic,Delivered,34,Female
ORD-09595,2024-02-16,Water Bottle,Sports,24.99,3,20,59.98,Germany,Organic,Cancelled,21,Female
ORD-09596,2024-02-12,Air Fryer,Kitchen,129.99,5,15,552.46,USA,Email,Delivered,18,Other
ORD-09597,2024-08-14,Standing Desk,Furniture,549.99,1,10,494.99,Japan,Email,Delivered,34,Male
ORD-09598,2024-10-21,Protein Powder,Sports,54.99,5,20,219.96,Germany,Social Media,Delivered,59,Female
ORD-09599,2023-03-14,Bookshelf,Furniture,189.99,1,20,151.99,Australia,Direct,Cancelled,45,Male
ORD-09600,2023-09-09,Standing Desk,Furniture,549.99,1,5,522.49,UK,Organic,Returned,62,Other
ORD-09601,2023-03-22,Yoga Mat,Sports,39.99,2,0,79.98,UK,Paid Ads,Delivered,19,Male
ORD-09602,2024-02-13,Python Crash Course,Books,34.99,2,5,66.48,France,Email,Delivered,20,Other
ORD-09603,2023-03-30,Bookshelf,Furniture,189.99,5,0,949.95,Germany,Social Media,Delivered,31,Other
ORD-09604,2023-10-06,4K Monitor,Electronics,499.99,1,5,474.99,Canada,Referral,Cancelled,57,Female
ORD-09605,2024-06-23,Skincare Set,Beauty,59.99,1,0,59.99,Canada,Social Media,Processing,39,Male
ORD-09606,2024-10-05,USB-C Hub,Electronics,49.99,4,10,179.96,Germany,Referral,Delivered,22,Male
ORD-09607,2023-11-16,Yoga Mat,Sports,39.99,4,5,151.96,Australia,Referral,Shipped,32,Male
ORD-09608,2024-11-28,Dumbbells Set,Sports,79.99,4,5,303.96,Brazil,Email,Cancelled,43,Other
ORD-09609,2023-05-12,Coffee Maker,Kitchen,89.99,2,0,179.98,USA,Direct,Shipped,31,Female
ORD-09610,2023-01-15,Yoga Mat,Sports,39.99,5,5,189.95,Brazil,Social Media,Returned,45,Female
ORD-09611,2023-08-26,The Lean Startup,Books,19.99,3,0,59.97,Canada,Social Media,Cancelled,46,Male
ORD-09612,2023-10-17,Dumbbells Set,Sports,79.99,3,20,191.98,Australia,Social Media,Delivered,53,Male
ORD-09613,2024-01-12,Air Fryer,Kitchen,129.99,5,10,584.96,Brazil,Direct,Delivered,29,Male
ORD-09614,2023-02-18,Deep Work,Books,18.99,3,0,56.97,USA,Social Media,Returned,36,Other
ORD-09615,2024-04-11,Deep Work,Books,18.99,3,15,48.42,Germany,Organic,Delivered,51,Female
ORD-09616,2023-02-20,Atomic Habits,Books,16.99,1,20,13.59,Brazil,Social Media,Returned,63,Male
ORD-09617,2024-08-10,Yoga Mat,Sports,39.99,5,10,179.96,Australia,Email,Shipped,45,Male
ORD-09618,2023-01-30,Sunscreen SPF50,Beauty,22.99,3,0,68.97,Brazil,Organic,Processing,50,Male
ORD-09619,2024-09-08,Bookshelf,Furniture,189.99,3,0,569.97,France,Direct,Delivered,61,Male
ORD-09620,2024-06-10,Air Fryer,Kitchen,129.99,1,15,110.49,Australia,Paid Ads,Shipped,32,Female
ORD-09621,2024-03-30,Air Fryer,Kitchen,129.99,1,15,110.49,Japan,Email,Processing,20,Female
ORD-09622,2024-03-30,Air Fryer,Kitchen,129.99,5,0,649.95,Australia,Direct,Cancelled,62,Female
ORD-09623,2023-09-14,Office Chair,Furniture,299.99,2,10,539.98,Canada,Social Media,Processing,29,Female
ORD-09624,2024-08-17,Mechanical Keyboard,Electronics,149.99,3,10,404.97,USA,Referral,Shipped,34,Female
ORD-09625,2024-08-08,Webcam HD,Electronics,89.99,1,15,76.49,Germany,Organic,Returned,63,Male
ORD-09626,2023-12-21,The Lean Startup,Books,19.99,4,5,75.96,Japan,Referral,Cancelled,34,Female
ORD-09627,2023-03-09,Atomic Habits,Books,16.99,3,20,40.78,UK,Email,Delivered,64,Female
ORD-09628,2023-03-06,Dumbbells Set,Sports,79.99,1,15,67.99,Brazil,Referral,Cancelled,46,Female
ORD-09629,2024-11-17,Instant Pot,Kitchen,99.99,1,0,99.99,Australia,Email,Shipped,30,Male
ORD-09630,2024-02-26,Webcam HD,Electronics,89.99,3,5,256.47,Germany,Organic,Delivered,39,Other
ORD-09631,2024-11-30,Air Fryer,Kitchen,129.99,4,10,467.96,Japan,Social Media,Returned,32,Female
ORD-09632,2024-05-07,Atomic Habits,Books,16.99,4,5,64.56,Japan,Email,Delivered,45,Male
ORD-09633,2023-08-13,4K Monitor,Electronics,499.99,1,0,499.99,Canada,Social Media,Delivered,53,Female
ORD-09634,2023-03-26,Office Chair,Furniture,299.99,3,5,854.97,France,Social Media,Cancelled,63,Male
ORD-09635,2024-07-11,Blender Pro,Kitchen,74.99,3,0,224.97,Japan,Referral,Delivered,62,Male
ORD-09636,2024-05-07,Skincare Set,Beauty,59.99,4,0,239.96,USA,Referral,Delivered,32,Female
ORD-09637,2023-04-23,Laptop Pro 15,Electronics,1299.99,3,10,3509.97,Japan,Organic,Delivered,30,Male
ORD-09638,2024-12-07,Coffee Maker,Kitchen,89.99,5,0,449.95,France,Email,Cancelled,33,Male
ORD-09639,2024-05-17,Webcam HD,Electronics,89.99,2,0,179.98,Germany,Direct,Returned,49,Female
ORD-09640,2024-07-07,Skincare Set,Beauty,59.99,1,0,59.99,Japan,Paid Ads,Delivered,54,Female
ORD-09641,2024-09-21,Skincare Set,Beauty,59.99,4,0,239.96,Australia,Organic,Delivered,35,Other
ORD-09642,2024-03-28,Desk Lamp,Furniture,44.99,4,20,143.97,UK,Email,Delivered,25,Other
ORD-09643,2023-11-20,Coffee Maker,Kitchen,89.99,2,10,161.98,USA,Referral,Returned,43,Male
ORD-09644,2024-10-28,Skincare Set,Beauty,59.99,4,10,215.96,Japan,Organic,Delivered,51,Other
ORD-09645,2024-08-10,USB-C Hub,Electronics,49.99,5,0,249.95,Germany,Direct,Cancelled,35,Other
ORD-09646,2024-12-01,Dumbbells Set,Sports,79.99,1,20,63.99,Canada,Email,Cancelled,63,Male
ORD-09647,2024-11-15,The Lean Startup,Books,19.99,2,0,39.98,Brazil,Social Media,Cancelled,58,Male
ORD-09648,2024-01-19,Air Fryer,Kitchen,129.99,3,0,389.97,Australia,Referral,Delivered,28,Male
ORD-09649,2023-11-03,Coffee Maker,Kitchen,89.99,3,15,229.47,France,Referral,Delivered,50,Female
ORD-09650,2024-02-02,Desk Lamp,Furniture,44.99,3,5,128.22,Brazil,Social Media,Delivered,51,Female
ORD-09651,2024-02-23,Atomic Habits,Books,16.99,5,0,84.95,France,Social Media,Cancelled,31,Other
ORD-09652,2023-05-14,Blender Pro,Kitchen,74.99,3,20,179.98,UK,Paid Ads,Cancelled,30,Female
ORD-09653,2023-07-28,Running Shoes,Sports,119.99,2,5,227.98,France,Organic,Processing,24,Other
ORD-09654,2024-10-12,Water Bottle,Sports,24.99,3,0,74.97,USA,Paid Ads,Delivered,51,Female
ORD-09655,2023-05-24,Desk Lamp,Furniture,44.99,2,0,89.98,UK,Referral,Delivered,23,Female
ORD-09656,2024-05-02,Blender Pro,Kitchen,74.99,5,5,356.2,France,Direct,Delivered,63,Other
ORD-09657,2023-06-17,Deep Work,Books,18.99,4,0,75.96,Canada,Organic,Returned,38,Male
ORD-09658,2024-11-22,The Lean Startup,Books,19.99,4,0,79.96,USA,Organic,Processing,21,Female
ORD-09659,2023-06-11,Water Bottle,Sports,24.99,4,20,79.97,Australia,Paid Ads,Delivered,58,Other
ORD-09660,2023-05-10,4K Monitor,Electronics,499.99,3,5,1424.97,Canada,Social Media,Delivered,32,Female
ORD-09661,2024-02-29,4K Monitor,Electronics,499.99,5,0,2499.95,USA,Email,Shipped,40,Female
ORD-09662,2024-01-11,Bookshelf,Furniture,189.99,4,20,607.97,Brazil,Organic,Delivered,46,Male
ORD-09663,2024-03-26,Wireless Mouse,Electronics,29.99,1,20,23.99,USA,Referral,Delivered,63,Female
ORD-09664,2024-05-10,Sunscreen SPF50,Beauty,22.99,3,0,68.97,Canada,Social Media,Returned,62,Female
ORD-09665,2024-07-22,Dumbbells Set,Sports,79.99,2,5,151.98,UK,Organic,Shipped,59,Male
ORD-09666,2024-11-23,Instant Pot,Kitchen,99.99,5,0,499.95,Japan,Referral,Delivered,62,Male
ORD-09667,2024-04-28,Atomic Habits,Books,16.99,1,10,15.29,Brazil,Social Media,Returned,50,Male
ORD-09668,2024-01-04,Atomic Habits,Books,16.99,5,20,67.96,UK,Referral,Cancelled,45,Male
ORD-09669,2023-08-30,Coffee Maker,Kitchen,89.99,2,5,170.98,France,Organic,Processing,59,Female
ORD-09670,2023-03-11,Deep Work,Books,18.99,3,5,54.12,UK,Social Media,Returned,43,Male
ORD-09671,2023-04-19,Laptop Pro 15,Electronics,1299.99,1,20,1039.99,USA,Social Media,Shipped,63,Male
ORD-09672,2024-08-07,Sunscreen SPF50,Beauty,22.99,3,0,68.97,Japan,Direct,Delivered,45,Other
ORD-09673,2023-12-14,Deep Work,Books,18.99,1,20,15.19,USA,Paid Ads,Shipped,18,Other
ORD-09674,2024-03-02,USB-C Hub,Electronics,49.99,3,5,142.47,Germany,Referral,Delivered,21,Male
ORD-09675,2024-04-15,Air Fryer,Kitchen,129.99,3,0,389.97,Germany,Email,Returned,50,Male
ORD-09676,2024-04-01,Air Fryer,Kitchen,129.99,4,0,519.96,Germany,Organic,Cancelled,35,Female
ORD-09677,2023-01-05,USB-C Hub,Electronics,49.99,2,5,94.98,USA,Direct,Delivered,44,Other
ORD-09678,2024-12-19,Webcam HD,Electronics,89.99,5,0,449.95,Japan,Email,Processing,28,Male
ORD-09679,2024-02-02,4K Monitor,Electronics,499.99,1,0,499.99,Germany,Social Media,Delivered,24,Female
ORD-09680,2024-06-05,Python Crash Course,Books,34.99,4,0,139.96,USA,Paid Ads,Cancelled,55,Other
ORD-09681,2024-02-08,4K Monitor,Electronics,499.99,5,0,2499.95,UK,Referral,Delivered,30,Male
ORD-09682,2024-08-25,Standing Desk,Furniture,549.99,5,10,2474.95,Australia,Paid Ads,Delivered,55,Male
ORD-09683,2023-07-16,Skincare Set,Beauty,59.99,3,10,161.97,Canada,Direct,Shipped,33,Female
ORD-09684,2023-10-16,Desk Lamp,Furniture,44.99,5,10,202.46,Canada,Social Media,Delivered,61,Other
ORD-09685,2023-05-08,Coffee Maker,Kitchen,89.99,5,5,427.45,UK,Direct,Delivered,31,Other
ORD-09686,2023-05-04,Python Crash Course,Books,34.99,2,0,69.98,Canada,Referral,Processing,28,Other
ORD-09687,2023-08-19,Coffee Maker,Kitchen,89.99,2,15,152.98,Brazil,Social Media,Delivered,23,Male
ORD-09688,2024-06-26,Python Crash Course,Books,34.99,1,0,34.99,Australia,Social Media,Returned,36,Male
ORD-09689,2023-12-10,Instant Pot,Kitchen,99.99,3,5,284.97,Australia,Social Media,Delivered,29,Female
ORD-09690,2023-04-26,Running Shoes,Sports,119.99,4,20,383.97,USA,Email,Delivered,28,Other
ORD-09691,2024-10-18,Water Bottle,Sports,24.99,5,10,112.45,UK,Social Media,Cancelled,24,Male
ORD-09692,2024-12-07,Python Crash Course,Books,34.99,1,5,33.24,Brazil,Referral,Processing,44,Female
ORD-09693,2023-12-31,Skincare Set,Beauty,59.99,2,15,101.98,Japan,Organic,Delivered,35,Female
ORD-09694,2023-11-08,Protein Powder,Sports,54.99,4,10,197.96,France,Paid Ads,Shipped,41,Male
ORD-09695,2024-04-22,Running Shoes,Sports,119.99,4,0,479.96,Canada,Email,Returned,62,Other
ORD-09696,2023-12-20,Running Shoes,Sports,119.99,4,0,479.96,France,Social Media,Delivered,54,Female
ORD-09697,2023-05-04,Webcam HD,Electronics,89.99,2,5,170.98,Australia,Organic,Delivered,59,Other
ORD-09698,2023-09-05,Bookshelf,Furniture,189.99,5,0,949.95,USA,Organic,Processing,24,Male
ORD-09699,2023-12-21,Instant Pot,Kitchen,99.99,5,0,499.95,Germany,Social Media,Cancelled,21,Male
ORD-09700,2024-09-07,Python Crash Course,Books,34.99,1,10,31.49,Australia,Paid Ads,Processing,63,Other
ORD-09701,2024-04-28,Laptop Pro 15,Electronics,1299.99,4,15,4419.97,France,Organic,Delivered,31,Female
ORD-09702,2023-10-03,Atomic Habits,Books,16.99,5,5,80.7,Brazil,Referral,Returned,26,Female
ORD-09703,2023-08-16,Python Crash Course,Books,34.99,4,10,125.96,Canada,Social Media,Shipped,22,Male
ORD-09704,2023-12-05,Skincare Set,Beauty,59.99,5,15,254.96,Germany,Organic,Processing,19,Female
ORD-09705,2024-11-14,Water Bottle,Sports,24.99,4,10,89.96,France,Organic,Delivered,20,Other
ORD-09706,2024-12-06,Protein Powder,Sports,54.99,1,0,54.99,France,Referral,Delivered,44,Male
ORD-09707,2023-09-06,Protein Powder,Sports,54.99,4,15,186.97,Canada,Email,Delivered,42,Male
ORD-09708,2023-01-19,Blender Pro,Kitchen,74.99,3,0,224.97,USA,Referral,Delivered,49,Male
ORD-09709,2024-09-26,Air Fryer,Kitchen,129.99,3,0,389.97,Brazil,Paid Ads,Processing,24,Female
ORD-09710,2024-05-09,Skincare Set,Beauty,59.99,3,0,179.97,France,Email,Processing,46,Female
ORD-09711,2024-11-03,Running Shoes,Sports,119.99,1,20,95.99,UK,Social Media,Cancelled,36,Female
ORD-09712,2023-03-07,Bookshelf,Furniture,189.99,3,0,569.97,Germany,Direct,Cancelled,55,Other
ORD-09713,2023-05-14,The Lean Startup,Books,19.99,5,0,99.95,Japan,Email,Delivered,20,Other
ORD-09714,2024-04-11,Dumbbells Set,Sports,79.99,1,20,63.99,Japan,Referral,Returned,26,Other
ORD-09715,2024-12-04,Instant Pot,Kitchen,99.99,4,15,339.97,Australia,Email,Delivered,55,Other
ORD-09716,2024-07-08,Atomic Habits,Books,16.99,4,20,54.37,Canada,Direct,Returned,61,Male
ORD-09717,2023-02-23,Blender Pro,Kitchen,74.99,4,0,299.96,Australia,Email,Returned,53,Female
ORD-09718,2024-10-27,Mechanical Keyboard,Electronics,149.99,4,0,599.96,France,Organic,Cancelled,30,Male
ORD-09719,2023-02-07,Skincare Set,Beauty,59.99,5,0,299.95,Canada,Paid Ads,Delivered,44,Female
ORD-09720,2024-02-16,Webcam HD,Electronics,89.99,1,5,85.49,Japan,Email,Delivered,57,Other
ORD-09721,2023-09-04,Bookshelf,Furniture,189.99,1,10,170.99,France,Direct,Delivered,64,Male
ORD-09722,2023-07-05,The Lean Startup,Books,19.99,2,10,35.98,Japan,Paid Ads,Cancelled,50,Other
ORD-09723,2023-01-05,Webcam HD,Electronics,89.99,4,0,359.96,Canada,Referral,Delivered,32,Male
ORD-09724,2023-12-21,Mechanical Keyboard,Electronics,149.99,2,0,299.98,Japan,Social Media,Cancelled,51,Male
ORD-09725,2024-12-17,Desk Lamp,Furniture,44.99,4,0,179.96,Canada,Social Media,Shipped,51,Male
ORD-09726,2024-03-10,Yoga Mat,Sports,39.99,4,10,143.96,UK,Paid Ads,Delivered,19,Female
ORD-09727,2024-12-08,Yoga Mat,Sports,39.99,2,20,63.98,Australia,Paid Ads,Shipped,21,Male
ORD-09728,2023-03-12,Air Fryer,Kitchen,129.99,1,10,116.99,UK,Paid Ads,Delivered,19,Female
ORD-09729,2023-08-06,The Lean Startup,Books,19.99,5,20,79.96,USA,Organic,Cancelled,27,Male
ORD-09730,2023-03-31,4K Monitor,Electronics,499.99,3,15,1274.97,Germany,Direct,Returned,61,Female
ORD-09731,2023-12-25,4K Monitor,Electronics,499.99,1,0,499.99,UK,Organic,Shipped,58,Female
ORD-09732,2023-12-07,Webcam HD,Electronics,89.99,1,15,76.49,Australia,Direct,Delivered,20,Other
ORD-09733,2024-08-13,USB-C Hub,Electronics,49.99,1,10,44.99,Brazil,Organic,Delivered,50,Male
ORD-09734,2024-06-06,Office Chair,Furniture,299.99,1,0,299.99,UK,Social Media,Delivered,60,Other
ORD-09735,2023-11-07,Mechanical Keyboard,Electronics,149.99,2,20,239.98,Canada,Direct,Returned,39,Male
ORD-09736,2023-03-19,Mechanical Keyboard,Electronics,149.99,2,10,269.98,Brazil,Social Media,Delivered,51,Male
ORD-09737,2024-02-09,Desk Lamp,Furniture,44.99,1,0,44.99,USA,Referral,Shipped,33,Other
ORD-09738,2023-01-09,Desk Lamp,Furniture,44.99,5,10,202.46,UK,Social Media,Processing,33,Female
ORD-09739,2023-04-21,Coffee Maker,Kitchen,89.99,1,0,89.99,France,Social Media,Delivered,37,Male
ORD-09740,2023-09-19,Standing Desk,Furniture,549.99,5,10,2474.95,UK,Email,Delivered,44,Male
ORD-09741,2023-02-13,Deep Work,Books,18.99,3,10,51.27,Germany,Social Media,Processing,64,Male
ORD-09742,2023-12-14,Coffee Maker,Kitchen,89.99,1,20,71.99,Canada,Email,Delivered,32,Female
ORD-09743,2023-07-09,Water Bottle,Sports,24.99,4,10,89.96,USA,Social Media,Delivered,32,Other
ORD-09744,2023-07-17,Skincare Set,Beauty,59.99,3,5,170.97,Australia,Organic,Returned,54,Male
ORD-09745,2024-05-10,Atomic Habits,Books,16.99,2,0,33.98,Japan,Paid Ads,Cancelled,42,Female
ORD-09746,2023-02-05,Air Fryer,Kitchen,129.99,3,10,350.97,Australia,Referral,Processing,22,Male
ORD-09747,2024-07-12,Office Chair,Furniture,299.99,3,5,854.97,Brazil,Organic,Shipped,19,Female
ORD-09748,2024-04-07,Office Chair,Furniture,299.99,4,5,1139.96,Japan,Paid Ads,Shipped,22,Male
ORD-09749,2024-12-27,Standing Desk,Furniture,549.99,1,0,549.99,France,Paid Ads,Returned,20,Male
ORD-09750,2023-01-22,Python Crash Course,Books,34.99,2,15,59.48,Australia,Paid Ads,Processing,42,Other
ORD-09751,2023-05-28,The Lean Startup,Books,19.99,1,0,19.99,Brazil,Referral,Delivered,18,Other
ORD-09752,2024-04-23,Air Fryer,Kitchen,129.99,5,5,617.45,UK,Email,Processing,18,Male
ORD-09753,2024-06-17,Protein Powder,Sports,54.99,2,0,109.98,Brazil,Social Media,Delivered,21,Other
ORD-09754,2024-03-25,Water Bottle,Sports,24.99,5,0,124.95,France,Social Media,Delivered,33,Other
ORD-09755,2023-09-26,Dumbbells Set,Sports,79.99,4,15,271.97,Canada,Email,Shipped,29,Female
ORD-09756,2023-08-10,Coffee Maker,Kitchen,89.99,3,0,269.97,UK,Direct,Returned,32,Other
ORD-09757,2023-08-27,Running Shoes,Sports,119.99,3,15,305.97,France,Organic,Delivered,39,Male
ORD-09758,2024-08-10,Skincare Set,Beauty,59.99,5,0,299.95,Brazil,Email,Shipped,61,Female
ORD-09759,2023-04-02,Running Shoes,Sports,119.99,3,10,323.97,Japan,Organic,Returned,43,Male
ORD-09760,2023-03-01,USB-C Hub,Electronics,49.99,2,0,99.98,UK,Paid Ads,Returned,61,Other
ORD-09761,2024-05-19,The Lean Startup,Books,19.99,4,0,79.96,Brazil,Direct,Processing,47,Other
ORD-09762,2024-12-26,The Lean Startup,Books,19.99,5,0,99.95,Germany,Organic,Processing,21,Female
ORD-09763,2024-04-28,4K Monitor,Electronics,499.99,3,10,1349.97,France,Organic,Returned,21,Other
ORD-09764,2024-10-18,Laptop Pro 15,Electronics,1299.99,4,0,5199.96,Australia,Organic,Processing,35,Female
ORD-09765,2024-12-22,Standing Desk,Furniture,549.99,4,0,2199.96,Australia,Organic,Shipped,51,Other
ORD-09766,2023-01-27,Webcam HD,Electronics,89.99,3,15,229.47,Australia,Direct,Delivered,50,Other
ORD-09767,2024-09-03,Desk Lamp,Furniture,44.99,2,5,85.48,France,Organic,Shipped,60,Male
ORD-09768,2023-09-27,Mechanical Keyboard,Electronics,149.99,5,0,749.95,Canada,Social Media,Returned,25,Female
ORD-09769,2024-11-26,Sunscreen SPF50,Beauty,22.99,1,5,21.84,Brazil,Paid Ads,Delivered,49,Other
ORD-09770,2024-10-10,Desk Lamp,Furniture,44.99,2,0,89.98,USA,Social Media,Delivered,30,Male
ORD-09771,2023-04-29,Blender Pro,Kitchen,74.99,5,0,374.95,Australia,Organic,Returned,51,Female
ORD-09772,2023-10-16,Desk Lamp,Furniture,44.99,1,0,44.99,Australia,Direct,Returned,38,Male
ORD-09773,2023-06-24,Running Shoes,Sports,119.99,1,0,119.99,Brazil,Direct,Delivered,63,Female
ORD-09774,2024-05-15,Mechanical Keyboard,Electronics,149.99,3,5,427.47,Australia,Organic,Delivered,48,Male
ORD-09775,2023-11-28,Skincare Set,Beauty,59.99,1,0,59.99,Brazil,Social Media,Processing,50,Male
ORD-09776,2024-06-06,4K Monitor,Electronics,499.99,4,10,1799.96,Canada,Organic,Delivered,27,Male
ORD-09777,2023-05-28,Instant Pot,Kitchen,99.99,1,0,99.99,Canada,Email,Returned,29,Male
ORD-09778,2024-05-10,Blender Pro,Kitchen,74.99,4,15,254.97,Brazil,Referral,Delivered,63,Female
ORD-09779,2023-11-17,Blender Pro,Kitchen,74.99,4,0,299.96,Japan,Referral,Returned,46,Male
ORD-09780,2024-01-12,Laptop Pro 15,Electronics,1299.99,1,5,1234.99,Brazil,Paid Ads,Shipped,39,Other
ORD-09781,2024-04-04,Instant Pot,Kitchen,99.99,5,0,499.95,Canada,Direct,Delivered,25,Other
ORD-09782,2023-12-21,Mechanical Keyboard,Electronics,149.99,1,0,149.99,UK,Email,Processing,30,Male
ORD-09783,2023-08-22,Protein Powder,Sports,54.99,4,0,219.96,USA,Referral,Cancelled,30,Other
ORD-09784,2024-02-24,Bookshelf,Furniture,189.99,1,5,180.49,Japan,Social Media,Processing,50,Male
ORD-09785,2024-06-22,The Lean Startup,Books,19.99,2,20,31.98,Brazil,Email,Delivered,44,Male
ORD-09786,2024-10-27,Instant Pot,Kitchen,99.99,4,0,399.96,Canada,Social Media,Delivered,62,Male
ORD-09787,2024-04-06,Office Chair,Furniture,299.99,5,0,1499.95,Germany,Referral,Delivered,60,Female
ORD-09788,2024-07-02,Webcam HD,Electronics,89.99,4,0,359.96,USA,Referral,Delivered,35,Other
ORD-09789,2023-10-07,Water Bottle,Sports,24.99,2,0,49.98,USA,Paid Ads,Processing,51,Female
ORD-09790,2024-12-05,Protein Powder,Sports,54.99,5,10,247.45,UK,Organic,Processing,47,Female
ORD-09791,2023-04-21,Python Crash Course,Books,34.99,3,20,83.98,Japan,Email,Cancelled,61,Male
ORD-09792,2023-11-17,Python Crash Course,Books,34.99,5,0,174.95,Germany,Direct,Processing,22,Other
ORD-09793,2024-03-10,Sunscreen SPF50,Beauty,22.99,5,0,114.95,Canada,Organic,Delivered,47,Other
ORD-09794,2023-07-28,Atomic Habits,Books,16.99,4,0,67.96,France,Paid Ads,Shipped,18,Male
ORD-09795,2023-05-06,4K Monitor,Electronics,499.99,4,20,1599.97,Canada,Referral,Processing,47,Other
ORD-09796,2023-05-20,4K Monitor,Electronics,499.99,3,10,1349.97,Brazil,Email,Delivered,57,Other
ORD-09797,2023-08-13,Water Bottle,Sports,24.99,5,5,118.7,Brazil,Direct,Cancelled,42,Male
ORD-09798,2023-04-09,Yoga Mat,Sports,39.99,1,0,39.99,Japan,Paid Ads,Delivered,41,Male
ORD-09799,2023-03-23,Mechanical Keyboard,Electronics,149.99,3,20,359.98,Brazil,Organic,Processing,26,Female
ORD-09800,2023-12-10,4K Monitor,Electronics,499.99,2,20,799.98,Brazil,Organic,Cancelled,18,Female
ORD-09801,2024-06-26,Dumbbells Set,Sports,79.99,4,5,303.96,Japan,Social Media,Returned,44,Female
ORD-09802,2024-07-08,Dumbbells Set,Sports,79.99,1,0,79.99,Canada,Direct,Cancelled,55,Male
ORD-09803,2024-10-22,Wireless Mouse,Electronics,29.99,2,20,47.98,Brazil,Social Media,Processing,46,Male
ORD-09804,2024-03-10,Water Bottle,Sports,24.99,3,5,71.22,Brazil,Organic,Delivered,23,Other
ORD-09805,2023-06-15,Water Bottle,Sports,24.99,5,10,112.45,Brazil,Email,Cancelled,37,Male
ORD-09806,2023-11-26,Office Chair,Furniture,299.99,4,20,959.97,Canada,Organic,Cancelled,33,Male
ORD-09807,2024-12-13,Coffee Maker,Kitchen,89.99,1,0,89.99,Japan,Referral,Delivered,55,Other
ORD-09808,2023-02-18,Webcam HD,Electronics,89.99,5,0,449.95,Brazil,Email,Shipped,64,Male
ORD-09809,2023-07-02,Sunscreen SPF50,Beauty,22.99,1,5,21.84,UK,Direct,Delivered,31,Female
ORD-09810,2023-01-29,Air Fryer,Kitchen,129.99,2,0,259.98,Japan,Email,Processing,55,Female
ORD-09811,2024-09-14,Water Bottle,Sports,24.99,5,0,124.95,Brazil,Referral,Delivered,45,Female
ORD-09812,2024-05-07,Dumbbells Set,Sports,79.99,3,5,227.97,Germany,Paid Ads,Delivered,39,Female
ORD-09813,2023-04-28,Deep Work,Books,18.99,3,20,45.58,Australia,Social Media,Processing,45,Other
ORD-09814,2023-09-17,Python Crash Course,Books,34.99,2,5,66.48,Japan,Organic,Delivered,22,Other
ORD-09815,2023-06-28,Atomic Habits,Books,16.99,1,5,16.14,Brazil,Organic,Shipped,23,Female
ORD-09816,2024-08-22,Deep Work,Books,18.99,3,0,56.97,France,Paid Ads,Cancelled,53,Male
ORD-09817,2024-08-19,Standing Desk,Furniture,549.99,2,20,879.98,Canada,Social Media,Shipped,20,Male
ORD-09818,2023-11-14,Webcam HD,Electronics,89.99,5,15,382.46,Australia,Social Media,Cancelled,63,Female
ORD-09819,2024-04-25,Mechanical Keyboard,Electronics,149.99,2,0,299.98,USA,Email,Delivered,23,Female
ORD-09820,2024-07-22,Wireless Mouse,Electronics,29.99,5,0,149.95,Japan,Referral,Delivered,35,Male
ORD-09821,2023-09-09,Coffee Maker,Kitchen,89.99,5,5,427.45,Brazil,Email,Cancelled,48,Female
ORD-09822,2023-07-22,4K Monitor,Electronics,499.99,5,10,2249.95,Germany,Referral,Delivered,53,Female
ORD-09823,2024-12-19,Protein Powder,Sports,54.99,5,10,247.45,USA,Social Media,Processing,51,Female
ORD-09824,2023-04-30,Deep Work,Books,18.99,3,10,51.27,Canada,Social Media,Shipped,36,Other
ORD-09825,2023-04-29,USB-C Hub,Electronics,49.99,5,10,224.96,USA,Paid Ads,Cancelled,35,Female
ORD-09826,2024-04-07,Wireless Mouse,Electronics,29.99,1,5,28.49,UK,Email,Processing,31,Other
ORD-09827,2023-09-29,Python Crash Course,Books,34.99,2,10,62.98,UK,Organic,Returned,62,Female
ORD-09828,2023-09-09,Python Crash Course,Books,34.99,1,15,29.74,Brazil,Paid Ads,Delivered,53,Female
ORD-09829,2023-02-07,Atomic Habits,Books,16.99,2,0,33.98,Japan,Organic,Shipped,33,Female
ORD-09830,2023-02-17,Protein Powder,Sports,54.99,3,5,156.72,France,Referral,Processing,38,Other
ORD-09831,2023-01-21,Sunscreen SPF50,Beauty,22.99,1,5,21.84,Australia,Paid Ads,Returned,37,Male
ORD-09832,2024-12-16,Laptop Pro 15,Electronics,1299.99,1,5,1234.99,Australia,Social Media,Delivered,36,Other
ORD-09833,2024-11-12,Yoga Mat,Sports,39.99,3,5,113.97,UK,Social Media,Delivered,27,Female
ORD-09834,2024-05-12,Laptop Pro 15,Electronics,1299.99,1,20,1039.99,Australia,Paid Ads,Delivered,51,Female
ORD-09835,2024-09-03,4K Monitor,Electronics,499.99,5,0,2499.95,Canada,Referral,Delivered,27,Male
ORD-09836,2024-05-29,Blender Pro,Kitchen,74.99,1,15,63.74,UK,Direct,Processing,49,Female
ORD-09837,2024-10-30,Wireless Mouse,Electronics,29.99,1,20,23.99,Brazil,Social Media,Delivered,27,Female
ORD-09838,2023-06-18,Atomic Habits,Books,16.99,3,0,50.97,Canada,Paid Ads,Cancelled,49,Female
ORD-09839,2023-02-12,Skincare Set,Beauty,59.99,2,0,119.98,Japan,Email,Delivered,55,Female
ORD-09840,2023-10-08,4K Monitor,Electronics,499.99,3,20,1199.98,Brazil,Paid Ads,Returned,26,Male
ORD-09841,2024-03-09,Water Bottle,Sports,24.99,4,0,99.96,Germany,Direct,Delivered,32,Female
ORD-09842,2023-08-30,Webcam HD,Electronics,89.99,4,0,359.96,Germany,Paid Ads,Delivered,27,Other
ORD-09843,2024-04-01,Protein Powder,Sports,54.99,4,0,219.96,Brazil,Direct,Delivered,51,Male
ORD-09844,2023-11-09,Blender Pro,Kitchen,74.99,3,15,191.22,UK,Email,Delivered,19,Other
ORD-09845,2024-06-03,Instant Pot,Kitchen,99.99,1,15,84.99,UK,Direct,Cancelled,54,Other
ORD-09846,2023-05-27,Water Bottle,Sports,24.99,2,0,49.98,UK,Paid Ads,Processing,45,Male
ORD-09847,2023-12-31,Coffee Maker,Kitchen,89.99,4,0,359.96,Canada,Paid Ads,Processing,62,Other
ORD-09848,2023-08-22,4K Monitor,Electronics,499.99,1,20,399.99,Germany,Referral,Shipped,34,Other
ORD-09849,2024-07-14,Wireless Mouse,Electronics,29.99,1,20,23.99,Canada,Referral,Delivered,44,Female
ORD-09850,2024-03-25,Atomic Habits,Books,16.99,3,20,40.78,UK,Social Media,Delivered,39,Female
ORD-09851,2024-08-31,Water Bottle,Sports,24.99,3,0,74.97,France,Paid Ads,Returned,56,Other
ORD-09852,2024-04-19,Yoga Mat,Sports,39.99,4,0,159.96,Japan,Referral,Delivered,28,Male
ORD-09853,2023-07-29,Dumbbells Set,Sports,79.99,5,0,399.95,Germany,Email,Cancelled,40,Female
ORD-09854,2024-12-07,Desk Lamp,Furniture,44.99,2,5,85.48,Australia,Organic,Delivered,56,Male
ORD-09855,2023-03-20,Mechanical Keyboard,Electronics,149.99,4,0,599.96,Germany,Organic,Delivered,44,Female
ORD-09856,2023-12-21,Standing Desk,Furniture,549.99,5,5,2612.45,Brazil,Social Media,Returned,46,Male
ORD-09857,2023-12-29,Python Crash Course,Books,34.99,1,20,27.99,Brazil,Organic,Delivered,57,Other
ORD-09858,2023-03-30,Air Fryer,Kitchen,129.99,5,0,649.95,Germany,Paid Ads,Delivered,41,Female
ORD-09859,2023-06-20,Sunscreen SPF50,Beauty,22.99,3,0,68.97,USA,Organic,Delivered,39,Other
ORD-09860,2023-11-09,Mechanical Keyboard,Electronics,149.99,1,15,127.49,Germany,Direct,Delivered,23,Male
ORD-09861,2023-08-27,Desk Lamp,Furniture,44.99,2,20,71.98,Canada,Organic,Cancelled,58,Other
ORD-09862,2023-05-12,4K Monitor,Electronics,499.99,1,0,499.99,Brazil,Paid Ads,Returned,52,Male
ORD-09863,2023-05-10,Air Fryer,Kitchen,129.99,4,20,415.97,USA,Email,Processing,43,Other
ORD-09864,2024-07-23,Instant Pot,Kitchen,99.99,4,5,379.96,Germany,Organic,Returned,48,Male
ORD-09865,2024-10-01,Coffee Maker,Kitchen,89.99,4,20,287.97,France,Referral,Processing,44,Male
ORD-09866,2024-09-01,Skincare Set,Beauty,59.99,5,10,269.95,Brazil,Social Media,Shipped,53,Male
ORD-09867,2024-08-12,Webcam HD,Electronics,89.99,5,10,404.95,Australia,Referral,Returned,23,Male
ORD-09868,2023-01-19,4K Monitor,Electronics,499.99,5,10,2249.95,France,Referral,Cancelled,31,Other
ORD-09869,2023-07-14,Protein Powder,Sports,54.99,1,20,43.99,Germany,Paid Ads,Shipped,41,Male
ORD-09870,2023-05-12,Coffee Maker,Kitchen,89.99,4,10,323.96,France,Referral,Cancelled,43,Male
ORD-09871,2024-12-04,Blender Pro,Kitchen,74.99,2,0,149.98,UK,Paid Ads,Cancelled,18,Female
ORD-09872,2023-11-27,Sunscreen SPF50,Beauty,22.99,2,0,45.98,Canada,Paid Ads,Processing,62,Female
ORD-09873,2024-09-15,USB-C Hub,Electronics,49.99,1,15,42.49,Japan,Email,Delivered,61,Male
ORD-09874,2023-03-17,Protein Powder,Sports,54.99,1,15,46.74,Japan,Social Media,Returned,62,Other
ORD-09875,2023-09-16,Bookshelf,Furniture,189.99,3,10,512.97,Canada,Paid Ads,Processing,44,Female
ORD-09876,2024-09-01,Python Crash Course,Books,34.99,5,0,174.95,Japan,Referral,Delivered,21,Other
ORD-09877,2023-01-16,Laptop Pro 15,Electronics,1299.99,3,5,3704.97,USA,Paid Ads,Delivered,28,Female
ORD-09878,2023-02-11,Skincare Set,Beauty,59.99,1,20,47.99,France,Direct,Delivered,54,Male
ORD-09879,2023-07-26,Instant Pot,Kitchen,99.99,3,10,269.97,Brazil,Paid Ads,Delivered,19,Female
ORD-09880,2023-08-06,Atomic Habits,Books,16.99,5,10,76.45,Germany,Organic,Returned,28,Other
ORD-09881,2024-12-21,Laptop Pro 15,Electronics,1299.99,3,20,3119.98,France,Paid Ads,Processing,27,Male
ORD-09882,2024-03-07,Mechanical Keyboard,Electronics,149.99,4,0,599.96,UK,Organic,Cancelled,57,Female
ORD-09883,2023-06-01,Skincare Set,Beauty,59.99,5,10,269.95,Germany,Direct,Processing,28,Male
ORD-09884,2023-05-10,Skincare Set,Beauty,59.99,1,0,59.99,UK,Social Media,Returned,24,Male
ORD-09885,2024-02-29,Wireless Mouse,Electronics,29.99,5,5,142.45,France,Referral,Shipped,61,Male
ORD-09886,2023-10-16,Blender Pro,Kitchen,74.99,2,15,127.48,USA,Referral,Shipped,61,Female
ORD-09887,2024-11-20,Standing Desk,Furniture,549.99,4,15,1869.97,Germany,Organic,Delivered,21,Other
ORD-09888,2023-11-14,Protein Powder,Sports,54.99,2,0,109.98,France,Paid Ads,Delivered,31,Female
ORD-09889,2023-12-01,Skincare Set,Beauty,59.99,2,0,119.98,Brazil,Organic,Delivered,48,Other
ORD-09890,2023-07-02,Air Fryer,Kitchen,129.99,3,0,389.97,Brazil,Email,Returned,27,Male
ORD-09891,2023-08-22,4K Monitor,Electronics,499.99,4,0,1999.96,USA,Referral,Cancelled,35,Female
ORD-09892,2023-09-23,The Lean Startup,Books,19.99,2,0,39.98,Brazil,Direct,Delivered,65,Other
ORD-09893,2023-08-08,Bookshelf,Furniture,189.99,1,20,151.99,UK,Email,Delivered,45,Other
ORD-09894,2024-06-08,Python Crash Course,Books,34.99,4,0,139.96,USA,Email,Delivered,47,Male
ORD-09895,2023-06-05,Blender Pro,Kitchen,74.99,3,5,213.72,Australia,Referral,Delivered,51,Male
ORD-09896,2024-02-17,Running Shoes,Sports,119.99,5,0,599.95,Brazil,Organic,Delivered,31,Other
ORD-09897,2024-09-21,Atomic Habits,Books,16.99,5,0,84.95,USA,Paid Ads,Processing,38,Female
ORD-09898,2024-07-22,The Lean Startup,Books,19.99,2,0,39.98,Germany,Paid Ads,Cancelled,39,Other
ORD-09899,2024-03-15,4K Monitor,Electronics,499.99,2,0,999.98,Canada,Direct,Delivered,32,Female
ORD-09900,2023-05-15,4K Monitor,Electronics,499.99,4,0,1999.96,UK,Organic,Delivered,34,Other
ORD-09901,2023-10-09,4K Monitor,Electronics,499.99,2,0,999.98,Australia,Email,Returned,42,Female
ORD-09902,2024-03-24,Desk Lamp,Furniture,44.99,4,0,179.96,Japan,Organic,Cancelled,58,Male
ORD-09903,2024-01-01,Mechanical Keyboard,Electronics,149.99,4,0,599.96,Germany,Social Media,Delivered,25,Male
ORD-09904,2024-07-08,Water Bottle,Sports,24.99,2,10,44.98,Germany,Direct,Processing,19,Male
ORD-09905,2024-12-22,Mechanical Keyboard,Electronics,149.99,4,10,539.96,Japan,Social Media,Shipped,45,Other
ORD-09906,2023-01-11,Sunscreen SPF50,Beauty,22.99,2,20,36.78,Japan,Direct,Returned,64,Other
ORD-09907,2024-05-01,Water Bottle,Sports,24.99,5,0,124.95,UK,Direct,Cancelled,24,Female
ORD-09908,2024-03-10,Blender Pro,Kitchen,74.99,4,0,299.96,Canada,Social Media,Shipped,61,Female
ORD-09909,2024-10-19,Atomic Habits,Books,16.99,3,20,40.78,Brazil,Email,Shipped,37,Female
ORD-09910,2024-07-31,Webcam HD,Electronics,89.99,4,0,359.96,USA,Paid Ads,Processing,28,Female
ORD-09911,2024-04-10,Instant Pot,Kitchen,99.99,3,5,284.97,France,Direct,Processing,29,Female
ORD-09912,2023-10-25,Protein Powder,Sports,54.99,4,5,208.96,Germany,Social Media,Delivered,46,Other
ORD-09913,2024-07-25,Webcam HD,Electronics,89.99,1,0,89.99,UK,Paid Ads,Shipped,60,Female
ORD-09914,2024-06-07,Yoga Mat,Sports,39.99,3,20,95.98,Canada,Direct,Cancelled,61,Other
ORD-09915,2023-03-21,Yoga Mat,Sports,39.99,4,0,159.96,France,Paid Ads,Returned,20,Female
ORD-09916,2024-03-05,Skincare Set,Beauty,59.99,3,0,179.97,Australia,Paid Ads,Delivered,59,Female
ORD-09917,2024-10-13,Wireless Mouse,Electronics,29.99,3,20,71.98,Brazil,Paid Ads,Shipped,49,Female
ORD-09918,2024-08-09,Atomic Habits,Books,16.99,2,0,33.98,USA,Paid Ads,Cancelled,65,Male
ORD-09919,2023-07-16,Wireless Mouse,Electronics,29.99,3,0,89.97,Germany,Organic,Returned,49,Female
ORD-09920,2024-08-01,Laptop Pro 15,Electronics,1299.99,1,15,1104.99,UK,Paid Ads,Delivered,41,Male
ORD-09921,2023-07-04,Yoga Mat,Sports,39.99,5,10,179.96,France,Organic,Returned,54,Other
ORD-09922,2023-12-13,Office Chair,Furniture,299.99,3,0,899.97,Japan,Paid Ads,Shipped,25,Other
ORD-09923,2023-05-07,Wireless Mouse,Electronics,29.99,4,0,119.96,UK,Referral,Processing,41,Female
ORD-09924,2023-10-10,Skincare Set,Beauty,59.99,5,0,299.95,Japan,Email,Shipped,64,Female
ORD-09925,2023-10-05,Instant Pot,Kitchen,99.99,4,0,399.96,USA,Direct,Returned,63,Female
ORD-09926,2023-11-27,USB-C Hub,Electronics,49.99,4,0,199.96,UK,Paid Ads,Shipped,38,Female
ORD-09927,2024-05-02,Running Shoes,Sports,119.99,4,0,479.96,France,Paid Ads,Returned,59,Male
ORD-09928,2023-11-07,Mechanical Keyboard,Electronics,149.99,3,0,449.97,Germany,Referral,Shipped,46,Other
ORD-09929,2024-05-19,Wireless Mouse,Electronics,29.99,1,0,29.99,Australia,Social Media,Delivered,21,Female
ORD-09930,2024-10-14,Coffee Maker,Kitchen,89.99,2,20,143.98,Australia,Direct,Shipped,43,Male
ORD-09931,2024-11-15,Running Shoes,Sports,119.99,5,20,479.96,UK,Paid Ads,Delivered,38,Female
ORD-09932,2024-10-22,Running Shoes,Sports,119.99,2,5,227.98,USA,Email,Delivered,18,Male
ORD-09933,2024-05-20,Bookshelf,Furniture,189.99,1,0,189.99,USA,Direct,Shipped,20,Female
ORD-09934,2023-09-10,Python Crash Course,Books,34.99,2,5,66.48,Japan,Referral,Delivered,33,Male
ORD-09935,2024-03-20,Coffee Maker,Kitchen,89.99,4,5,341.96,USA,Email,Cancelled,56,Male
ORD-09936,2023-10-03,Standing Desk,Furniture,549.99,4,0,2199.96,USA,Social Media,Delivered,55,Male
ORD-09937,2023-03-08,Deep Work,Books,18.99,5,0,94.95,Germany,Social Media,Delivered,57,Other
ORD-09938,2024-09-14,USB-C Hub,Electronics,49.99,4,0,199.96,Australia,Referral,Delivered,29,Other
ORD-09939,2024-03-25,Coffee Maker,Kitchen,89.99,5,0,449.95,Japan,Direct,Delivered,26,Female
ORD-09940,2023-12-11,Protein Powder,Sports,54.99,4,0,219.96,UK,Referral,Delivered,64,Female
ORD-09941,2024-10-10,Wireless Mouse,Electronics,29.99,5,15,127.46,USA,Email,Shipped,19,Male
ORD-09942,2024-03-01,Yoga Mat,Sports,39.99,3,0,119.97,UK,Direct,Returned,42,Male
ORD-09943,2024-03-02,Deep Work,Books,18.99,2,0,37.98,Germany,Paid Ads,Delivered,42,Male
ORD-09944,2023-10-26,Protein Powder,Sports,54.99,2,10,98.98,USA,Social Media,Cancelled,32,Male
ORD-09945,2023-07-02,Skincare Set,Beauty,59.99,4,0,239.96,France,Social Media,Returned,41,Other
ORD-09946,2023-04-08,Standing Desk,Furniture,549.99,3,10,1484.97,France,Email,Delivered,39,Male
ORD-09947,2024-10-12,The Lean Startup,Books,19.99,4,10,71.96,UK,Social Media,Processing,24,Female
ORD-09948,2024-02-27,Desk Lamp,Furniture,44.99,3,15,114.72,USA,Direct,Shipped,62,Other
ORD-09949,2023-09-16,Deep Work,Books,18.99,1,5,18.04,USA,Email,Delivered,60,Other
ORD-09950,2024-07-09,Mechanical Keyboard,Electronics,149.99,2,0,299.98,Brazil,Organic,Shipped,19,Male
ORD-09951,2024-12-13,Coffee Maker,Kitchen,89.99,5,15,382.46,Canada,Paid Ads,Delivered,53,Other
ORD-09952,2024-12-17,Desk Lamp,Furniture,44.99,1,0,44.99,Brazil,Organic,Shipped,49,Female
ORD-09953,2024-09-15,Standing Desk,Furniture,549.99,3,0,1649.97,USA,Direct,Cancelled,19,Male
ORD-09954,2023-04-26,Blender Pro,Kitchen,74.99,5,15,318.71,Brazil,Referral,Shipped,62,Female
ORD-09955,2023-11-07,Air Fryer,Kitchen,129.99,4,0,519.96,France,Direct,Processing,44,Other
ORD-09956,2023-01-30,USB-C Hub,Electronics,49.99,4,0,199.96,Japan,Organic,Delivered,37,Female
ORD-09957,2024-02-26,4K Monitor,Electronics,499.99,3,5,1424.97,Australia,Organic,Delivered,41,Male
ORD-09958,2024-03-08,4K Monitor,Electronics,499.99,5,15,2124.96,USA,Paid Ads,Shipped,24,Female
ORD-09959,2023-07-03,4K Monitor,Electronics,499.99,5,15,2124.96,France,Email,Delivered,42,Other
ORD-09960,2024-05-13,The Lean Startup,Books,19.99,3,0,59.97,Germany,Email,Processing,22,Other
ORD-09961,2023-10-08,Sunscreen SPF50,Beauty,22.99,5,0,114.95,France,Social Media,Cancelled,42,Male
ORD-09962,2023-12-11,Blender Pro,Kitchen,74.99,5,0,374.95,USA,Direct,Cancelled,59,Male
ORD-09963,2024-04-05,4K Monitor,Electronics,499.99,5,0,2499.95,Brazil,Organic,Delivered,25,Male
ORD-09964,2023-05-18,Mechanical Keyboard,Electronics,149.99,2,10,269.98,USA,Social Media,Processing,50,Other
ORD-09965,2024-05-30,Water Bottle,Sports,24.99,1,10,22.49,Germany,Email,Cancelled,58,Other
ORD-09966,2023-06-22,Standing Desk,Furniture,549.99,2,0,1099.98,Germany,Direct,Delivered,55,Female
ORD-09967,2024-03-10,Laptop Pro 15,Electronics,1299.99,4,10,4679.96,UK,Direct,Processing,28,Other
ORD-09968,2023-12-12,4K Monitor,Electronics,499.99,1,10,449.99,Germany,Referral,Delivered,28,Male
ORD-09969,2023-06-20,Coffee Maker,Kitchen,89.99,2,0,179.98,UK,Social Media,Delivered,32,Male
ORD-09970,2023-03-23,Office Chair,Furniture,299.99,3,5,854.97,Brazil,Direct,Cancelled,18,Female
ORD-09971,2024-09-30,Skincare Set,Beauty,59.99,5,20,239.96,Germany,Organic,Returned,63,Male
ORD-09972,2023-01-18,Standing Desk,Furniture,549.99,1,0,549.99,Germany,Referral,Delivered,37,Male
ORD-09973,2024-12-26,Webcam HD,Electronics,89.99,5,0,449.95,Australia,Direct,Delivered,26,Other
ORD-09974,2024-11-11,Sunscreen SPF50,Beauty,22.99,5,0,114.95,Brazil,Direct,Processing,50,Female
ORD-09975,2023-07-26,USB-C Hub,Electronics,49.99,1,5,47.49,France,Referral,Delivered,34,Other
ORD-09976,2024-04-06,Bookshelf,Furniture,189.99,3,0,569.97,Brazil,Paid Ads,Delivered,18,Other
ORD-09977,2023-06-20,Wireless Mouse,Electronics,29.99,1,10,26.99,Brazil,Organic,Returned,44,Other
ORD-09978,2024-09-04,Skincare Set,Beauty,59.99,5,0,299.95,Canada,Referral,Delivered,35,Male
ORD-09979,2023-03-23,Mechanical Keyboard,Electronics,149.99,4,0,599.96,USA,Organic,Returned,44,Other
ORD-09980,2023-02-05,Desk Lamp,Furniture,44.99,2,0,89.98,UK,Referral,Shipped,41,Other
ORD-09981,2024-10-23,Air Fryer,Kitchen,129.99,1,5,123.49,Brazil,Paid Ads,Delivered,50,Other
ORD-09982,2024-09-27,Laptop Pro 15,Electronics,1299.99,4,5,4939.96,Australia,Direct,Delivered,60,Female
ORD-09983,2024-03-11,Office Chair,Furniture,299.99,3,0,899.97,France,Organic,Delivered,27,Female
ORD-09984,2024-11-30,Python Crash Course,Books,34.99,1,5,33.24,UK,Email,Delivered,47,Female
ORD-09985,2023-11-22,Yoga Mat,Sports,39.99,5,20,159.96,Australia,Social Media,Delivered,61,Male
ORD-09986,2024-12-16,Air Fryer,Kitchen,129.99,4,0,519.96,UK,Referral,Shipped,55,Other
ORD-09987,2023-04-24,Dumbbells Set,Sports,79.99,2,15,135.98,UK,Referral,Delivered,54,Male
ORD-09988,2024-08-03,Yoga Mat,Sports,39.99,1,0,39.99,France,Direct,Delivered,56,Male
ORD-09989,2023-06-10,Deep Work,Books,18.99,3,5,54.12,Brazil,Email,Cancelled,24,Female
ORD-09990,2024-02-25,Sunscreen SPF50,Beauty,22.99,1,0,22.99,Australia,Email,Delivered,65,Male
ORD-09991,2023-04-06,Laptop Pro 15,Electronics,1299.99,5,0,6499.95,USA,Email,Delivered,46,Other
ORD-09992,2024-12-16,Bookshelf,Furniture,189.99,4,0,759.96,Australia,Direct,Returned,48,Male
ORD-09993,2024-09-15,Protein Powder,Sports,54.99,3,5,156.72,Canada,Referral,Delivered,30,Female
ORD-09994,2023-03-12,Air Fryer,Kitchen,129.99,2,10,233.98,Japan,Social Media,Delivered,47,Female
ORD-09995,2024-05-23,Blender Pro,Kitchen,74.99,2,15,127.48,Brazil,Paid Ads,Returned,49,Male
ORD-09996,2023-12-19,Deep Work,Books,18.99,1,5,18.04,Germany,Social Media,Processing,62,Male
ORD-09997,2023-05-04,Webcam HD,Electronics,89.99,1,15,76.49,Australia,Organic,Cancelled,20,Male
ORD-09998,2024-09-12,Coffee Maker,Kitchen,89.99,5,0,449.95,Canada,Referral,Returned,55,Other
ORD-09999,2023-07-06,Skincare Set,Beauty,59.99,3,10,161.97,Japan,Organic,Delivered,61,Male
ORD-10000,2023-04-10,Laptop Pro 15,Electronics,1299.99,2,0,2599.98,USA,Email,Shipped,62,Male
