employee_id,hire_date,department,role,salary_usd,age,gender,office,education,years_experience,performance_score,satisfaction_score,is_active
EMP-0001,2021-01-03,Operations,Ops Analyst,65500,25,Male,Berlin,High School,0,4.6,2.9,True
EMP-0002,2015-08-31,Legal,Paralegal,85200,57,Non-binary,New York,Bachelor,27,3.5,6.2,True
EMP-0003,2018-04-01,Legal,Paralegal,111600,24,Female,London,High School,1,3.3,6.0,True
EMP-0004,2021-04-30,Sales,Account Executive,89900,57,Male,Sydney,Bachelor,4,3.0,5.8,True
EMP-0005,2022-11-03,Product,VP of Product,159100,37,Male,New York,Master,5,3.1,8.9,True
EMP-0006,2023-06-29,Finance,Analyst,71800,48,Female,London,PhD,5,2.7,9.7,True
EMP-0007,2015-10-09,Operations,Ops Manager,88000,53,Male,Berlin,PhD,29,3.8,1.6,True
EMP-0008,2018-11-22,Finance,CFO,123400,46,Male,Toronto,Master,21,1.7,2.1,True
EMP-0009,2020-07-26,Finance,Accountant,110000,47,Male,London,PhD,12,2.6,3.5,True
EMP-0010,2019-04-08,Legal,Senior Counsel,142700,44,Male,London,High School,21,1.7,3.1,True
EMP-0011,2019-09-13,Product,Product Manager,114600,22,Non-binary,Berlin,Master,0,4.8,7.2,True
EMP-0012,2019-06-19,Engineering,Staff Engineer,183900,57,Female,Toronto,High School,25,2.9,4.6,True
EMP-0013,2015-08-04,HR,HR Director,87800,43,Male,New York,Bachelor,19,3.1,9.5,True
EMP-0014,2017-10-30,Sales,Account Executive,98600,31,Female,Sydney,Master,10,2.9,2.0,True
EMP-0015,2016-02-23,Product,VP of Product,167000,27,Non-binary,Berlin,Master,1,2.9,7.2,True
EMP-0016,2023-07-03,HR,HR Manager,76300,56,Non-binary,Berlin,High School,1,3.8,3.4,True
EMP-0017,2023-09-27,Marketing,Marketing Manager,113600,56,Non-binary,Berlin,Bachelor,34,3.5,8.1,True
EMP-0018,2020-10-21,HR,Recruiter,84800,36,Female,Berlin,High School,6,5.0,8.1,True
EMP-0019,2015-11-26,HR,HR Manager,86400,44,Male,New York,Bachelor,11,2.9,4.0,True
EMP-0020,2015-12-14,Engineering,Staff Engineer,184500,44,Non-binary,New York,PhD,20,4.1,7.8,True
EMP-0021,2023-12-25,Marketing,CMO,130600,43,Non-binary,Toronto,PhD,2,2.6,9.5,True
EMP-0022,2022-05-10,Marketing,SEO Specialist,72300,51,Male,Sydney,PhD,25,3.6,4.2,True
EMP-0023,2019-11-12,Marketing,Content Writer,59900,28,Male,London,High School,2,2.0,3.6,True
EMP-0024,2023-04-19,Operations,Ops Manager,83300,30,Female,Toronto,PhD,0,4.3,8.9,True
EMP-0025,2015-01-17,Marketing,Content Writer,83900,33,Male,London,Bachelor,9,2.9,7.5,True
EMP-0026,2023-10-18,Operations,COO,96200,57,Male,Sydney,High School,30,2.0,3.5,True
EMP-0027,2018-08-26,Product,Product Analyst,115400,26,Non-binary,Sydney,Bachelor,3,3.8,5.1,True
EMP-0028,2017-04-09,Product,Product Manager,135600,38,Female,London,PhD,17,1.5,5.0,True
EMP-0029,2023-09-18,HR,HR Director,84400,41,Male,Remote,Master,3,1.6,8.9,False
EMP-0030,2022-06-28,HR,HR Coordinator,60600,53,Male,London,PhD,10,5.0,4.6,True
EMP-0031,2018-10-16,Operations,Ops Manager,69200,45,Non-binary,Toronto,PhD,0,3.8,4.5,True
EMP-0032,2015-12-11,Finance,Analyst,71600,36,Female,Berlin,High School,3,4.6,2.6,True
EMP-0033,2021-05-26,Legal,Senior Counsel,127600,56,Female,Remote,Master,32,1.4,1.5,True
EMP-0034,2015-12-29,Legal,Paralegal,86200,23,Female,New York,Bachelor,2,1.3,8.8,True
EMP-0035,2015-06-26,Operations,COO,92600,39,Non-binary,Remote,Bachelor,4,4.8,9.7,True
EMP-0036,2023-07-08,Marketing,SEO Specialist,102700,41,Male,Berlin,PhD,16,3.0,2.6,True
EMP-0037,2020-09-02,Engineering,Lead Engineer,115000,23,Non-binary,London,PhD,2,2.0,5.0,True
EMP-0038,2018-06-14,Legal,General Counsel,153800,47,Non-binary,London,Bachelor,16,2.4,8.5,True
EMP-0039,2015-02-28,Marketing,CMO,139500,25,Male,Remote,Master,1,2.7,1.5,True
EMP-0040,2020-02-25,Legal,Senior Counsel,137300,40,Male,London,Master,1,2.8,3.4,False
EMP-0041,2018-12-31,Operations,Ops Analyst,56100,41,Male,New York,Master,6,2.5,5.3,True
EMP-0042,2017-12-18,HR,Recruiter,75700,22,Male,London,PhD,0,3.3,4.5,True
EMP-0043,2022-05-17,HR,HR Coordinator,65100,55,Non-binary,Sydney,PhD,9,4.1,7.5,True
EMP-0044,2023-03-25,Finance,Accountant,83300,54,Non-binary,Sydney,Bachelor,27,4.6,7.8,True
EMP-0045,2015-05-08,Engineering,Engineering Manager,199900,36,Male,London,Master,2,4.8,4.4,True
EMP-0046,2017-12-16,Engineering,Junior Dev,104500,37,Male,Toronto,High School,15,4.0,5.5,True
EMP-0047,2017-08-19,Sales,VP of Sales,114100,26,Non-binary,London,Bachelor,2,4.0,9.8,True
EMP-0048,2021-12-02,Legal,Paralegal,93700,40,Non-binary,Remote,Bachelor,1,1.3,2.3,True
EMP-0049,2018-01-05,Finance,Accountant,82100,25,Non-binary,New York,Bachelor,3,3.7,3.6,True
EMP-0050,2017-03-27,Product,VP of Product,165800,29,Female,New York,PhD,8,1.1,5.1,True
EMP-0051,2021-07-09,Product,Senior PM,140700,35,Male,London,Master,1,4.8,2.2,True
EMP-0052,2020-06-14,Finance,Analyst,90500,36,Female,New York,Bachelor,15,1.0,5.4,True
EMP-0053,2016-05-10,Finance,Accountant,97600,46,Female,New York,Master,10,4.0,8.6,True
EMP-0054,2019-03-05,HR,HR Coordinator,72600,40,Male,Toronto,PhD,8,5.0,6.3,True
EMP-0055,2015-07-31,Legal,Senior Counsel,150200,39,Non-binary,Berlin,Bachelor,3,2.0,3.4,True
EMP-0056,2015-04-29,HR,HR Manager,97800,49,Non-binary,Toronto,Bachelor,28,3.9,1.4,True
EMP-0057,2015-07-20,Product,Product Manager,132900,40,Non-binary,London,Bachelor,15,2.9,4.1,True
EMP-0058,2021-04-01,Finance,CFO,142400,41,Non-binary,Toronto,High School,15,1.7,2.5,True
EMP-0059,2019-10-17,Product,Product Manager,123700,43,Male,Sydney,Bachelor,14,2.0,2.6,True
EMP-0060,2015-03-24,Operations,Ops Analyst,64800,58,Non-binary,Toronto,PhD,12,2.7,5.7,True
EMP-0061,2016-05-30,Operations,Ops Analyst,68200,58,Non-binary,Sydney,Bachelor,23,1.4,9.1,True
EMP-0062,2015-05-13,Product,VP of Product,197100,23,Female,Remote,PhD,0,4.9,5.4,True
EMP-0063,2016-09-24,Product,VP of Product,151900,28,Male,Sydney,High School,3,4.8,7.5,True
EMP-0064,2023-10-10,Product,Product Analyst,107100,24,Male,London,High School,0,3.6,3.7,True
EMP-0065,2015-10-16,Finance,CFO,144600,29,Female,Sydney,Bachelor,1,2.6,3.0,True
EMP-0066,2018-07-19,Engineering,Engineering Manager,166000,51,Non-binary,London,PhD,8,3.1,5.9,True
EMP-0067,2022-07-25,Legal,Senior Counsel,109900,34,Non-binary,Toronto,High School,7,2.0,7.0,False
EMP-0068,2019-09-19,HR,HR Director,82900,43,Female,Remote,PhD,22,1.8,8.2,True
EMP-0069,2023-08-03,Sales,Account Executive,94300,34,Male,London,PhD,4,1.9,7.8,True
EMP-0070,2022-06-18,Product,Product Manager,145000,53,Male,Sydney,Bachelor,26,4.7,1.5,True
EMP-0071,2019-05-31,Marketing,CMO,97500,25,Female,Remote,Master,1,3.9,10.0,False
EMP-0072,2015-05-11,Operations,Ops Analyst,60100,55,Female,Remote,PhD,29,4.4,9.9,True
EMP-0073,2019-09-18,Sales,SDR,66100,27,Male,Sydney,Bachelor,2,2.5,7.9,True
EMP-0074,2019-03-07,Legal,Paralegal,78300,52,Non-binary,Toronto,Bachelor,12,2.3,7.6,True
EMP-0075,2019-03-19,Legal,Associate,126900,47,Male,Toronto,High School,1,4.2,1.6,True
EMP-0076,2015-06-28,Sales,Sales Manager,104500,43,Female,Remote,Master,19,4.7,3.7,True
EMP-0077,2023-01-09,Sales,SDR,88500,28,Female,Toronto,Master,7,4.7,8.3,True
EMP-0078,2021-10-23,Product,Product Manager,102400,41,Male,Berlin,Master,4,2.8,8.1,True
EMP-0079,2015-09-23,HR,HR Director,110500,37,Non-binary,New York,PhD,13,3.2,3.9,False
EMP-0080,2016-01-30,Sales,SDR,71700,27,Female,Toronto,PhD,1,1.7,2.2,True
EMP-0081,2018-02-18,HR,HR Coordinator,69700,40,Non-binary,Berlin,Master,9,2.0,3.3,True
EMP-0082,2017-02-10,Marketing,SEO Specialist,79300,40,Female,New York,PhD,18,2.0,3.2,True
EMP-0083,2020-04-28,Sales,VP of Sales,149600,28,Male,Toronto,Master,0,1.2,3.6,True
EMP-0084,2016-12-29,HR,Recruiter,88000,45,Female,Sydney,Master,16,4.1,7.0,True
EMP-0085,2015-06-30,Operations,Ops Analyst,56200,43,Male,Berlin,High School,4,3.4,6.9,True
EMP-0086,2021-12-18,Engineering,Lead Engineer,134800,45,Female,New York,Bachelor,5,1.1,5.5,True
EMP-0087,2022-03-03,Legal,Paralegal,105200,57,Non-binary,New York,Bachelor,9,2.6,3.4,False
EMP-0088,2019-01-03,Finance,CFO,157600,41,Female,Toronto,High School,18,4.5,10.0,True
EMP-0089,2019-11-14,HR,HR Director,109600,35,Male,Toronto,High School,0,4.3,4.7,False
EMP-0090,2016-08-06,Product,Product Manager,108200,25,Non-binary,Toronto,High School,4,3.3,9.3,True
EMP-0091,2016-12-04,Marketing,SEO Specialist,83100,32,Male,New York,PhD,8,3.0,8.2,False
EMP-0092,2018-07-12,HR,HR Manager,75700,24,Male,Sydney,PhD,3,1.3,7.4,True
EMP-0093,2020-04-21,Marketing,SEO Specialist,92300,34,Male,Sydney,Bachelor,13,1.2,9.4,True
EMP-0094,2021-04-22,Operations,Ops Analyst,59100,34,Non-binary,New York,Master,0,1.5,6.4,True
EMP-0095,2019-05-14,Finance,CFO,124600,37,Non-binary,Berlin,PhD,13,3.0,2.6,True
EMP-0096,2017-01-05,Product,VP of Product,151100,51,Female,Toronto,High School,26,1.3,4.2,True
EMP-0097,2023-03-24,Product,Product Analyst,86600,30,Female,Remote,High School,1,1.2,5.5,True
EMP-0098,2016-06-23,Marketing,Content Writer,83500,29,Female,Berlin,Bachelor,3,3.7,7.5,True
EMP-0099,2021-11-18,Operations,COO,104900,32,Female,Toronto,Bachelor,5,2.0,9.7,True
EMP-0100,2017-01-15,Finance,Accountant,93900,24,Female,London,Master,1,3.7,9.1,True
EMP-0101,2020-01-30,Finance,Analyst,92600,25,Non-binary,Sydney,High School,2,2.0,5.8,False
EMP-0102,2016-08-21,Operations,Ops Manager,78000,45,Female,Berlin,High School,18,2.8,2.6,True
EMP-0103,2022-03-03,Engineering,Lead Engineer,156700,38,Non-binary,Remote,Master,9,3.9,7.7,True
EMP-0104,2016-06-24,Finance,CFO,130200,45,Female,London,High School,1,1.1,1.0,True
EMP-0105,2018-05-18,Sales,Sales Manager,111700,48,Non-binary,London,Bachelor,18,2.5,8.5,True
EMP-0106,2015-09-18,Engineering,Senior Dev,129200,50,Non-binary,London,Master,3,2.6,3.4,True
EMP-0107,2020-10-21,Operations,COO,100800,50,Non-binary,Toronto,Bachelor,19,1.7,1.0,True
EMP-0108,2023-09-26,Engineering,Staff Engineer,140500,32,Male,New York,Bachelor,0,1.6,2.8,True
EMP-0109,2022-01-07,Legal,Associate,113800,26,Male,Remote,PhD,2,3.9,1.1,True
EMP-0110,2017-07-14,Product,Product Analyst,114700,50,Male,Berlin,Bachelor,5,3.6,2.1,False
EMP-0111,2022-09-09,Finance,Analyst,76500,57,Non-binary,Berlin,Master,27,3.6,9.7,True
EMP-0112,2016-10-14,Engineering,Senior Dev,108800,37,Non-binary,Berlin,Bachelor,6,4.5,4.0,True
EMP-0113,2019-11-26,Product,VP of Product,189700,22,Non-binary,London,Master,0,4.2,4.5,True
EMP-0114,2021-12-22,Marketing,SEO Specialist,72500,29,Male,Berlin,Bachelor,1,3.8,1.3,True
EMP-0115,2023-07-18,Engineering,Junior Dev,108700,26,Female,London,High School,4,4.5,7.8,True
EMP-0116,2015-05-19,Legal,Paralegal,85400,35,Male,Remote,High School,1,4.3,6.7,True
EMP-0117,2018-07-31,Sales,Account Executive,80000,35,Female,Toronto,Master,4,1.1,3.3,True
EMP-0118,2018-03-24,Operations,Ops Manager,90300,54,Non-binary,Remote,High School,30,4.2,1.3,True
EMP-0119,2021-05-07,Sales,Sales Manager,108900,25,Male,Remote,High School,4,3.3,3.6,True
EMP-0120,2018-11-25,HR,HR Manager,97000,25,Female,New York,PhD,0,3.8,8.4,False
EMP-0121,2017-05-29,Operations,COO,86800,32,Non-binary,London,PhD,4,1.7,9.4,True
EMP-0122,2019-07-02,Product,Product Analyst,110100,44,Female,Remote,High School,3,2.7,6.8,True
EMP-0123,2016-12-01,Finance,Finance Manager,114400,56,Female,Remote,Bachelor,32,4.8,2.1,True
EMP-0124,2020-01-19,Engineering,Lead Engineer,144000,55,Non-binary,Sydney,Master,9,1.7,4.9,True
EMP-0125,2017-02-23,HR,Recruiter,70800,37,Female,Berlin,Bachelor,16,3.9,9.8,True
EMP-0126,2023-03-04,Operations,Ops Analyst,61400,34,Male,London,High School,4,1.8,2.4,True
EMP-0127,2022-02-26,Finance,Finance Manager,114700,34,Male,Berlin,Bachelor,1,4.5,5.2,True
EMP-0128,2015-04-01,Legal,Associate,113400,40,Male,Berlin,PhD,14,1.0,3.2,False
EMP-0129,2022-03-12,Legal,Associate,120700,36,Male,Toronto,PhD,5,2.3,6.7,True
EMP-0130,2019-10-01,Legal,Associate,125600,32,Female,Toronto,High School,4,3.5,4.7,True
EMP-0131,2016-03-11,Marketing,Marketing Manager,113800,46,Male,Berlin,Bachelor,15,1.6,8.0,False
EMP-0132,2017-04-19,Operations,Ops Analyst,77300,51,Non-binary,Toronto,High School,17,3.6,8.5,True
EMP-0133,2020-10-05,Legal,General Counsel,134500,33,Male,Remote,Master,6,3.6,3.3,True
EMP-0134,2022-10-31,Engineering,Junior Dev,83600,48,Non-binary,Berlin,Master,20,1.4,3.7,True
EMP-0135,2023-09-16,HR,HR Director,99300,32,Male,Remote,Bachelor,2,2.9,6.1,True
EMP-0136,2018-04-20,Marketing,Marketing Manager,109400,48,Non-binary,Remote,Bachelor,14,4.1,5.2,True
EMP-0137,2022-08-12,HR,HR Manager,95100,38,Male,Toronto,High School,13,4.2,8.2,True
EMP-0138,2022-02-23,Finance,Finance Manager,116700,49,Male,Remote,Master,19,1.6,3.7,True
EMP-0139,2018-11-14,Sales,Sales Manager,122200,30,Non-binary,Sydney,High School,8,3.6,2.9,True
EMP-0140,2017-01-30,Finance,Finance Manager,122400,31,Female,Berlin,Bachelor,3,1.8,4.6,True
EMP-0141,2015-11-19,Sales,Sales Manager,97500,35,Non-binary,Toronto,High School,8,3.2,3.4,True
EMP-0142,2020-03-28,Marketing,CMO,117300,25,Male,Remote,PhD,3,2.0,2.5,True
EMP-0143,2021-04-23,Engineering,Senior Dev,135200,51,Female,Remote,Master,22,4.4,4.4,True
EMP-0144,2021-11-02,Sales,Account Executive,99400,23,Male,Remote,Master,0,4.2,1.8,True
EMP-0145,2016-06-03,Marketing,Content Writer,65500,48,Female,New York,Master,20,2.4,8.0,True
EMP-0146,2021-03-19,HR,HR Manager,86000,49,Male,Berlin,Master,8,2.4,5.4,True
EMP-0147,2018-09-17,Finance,Finance Manager,138900,53,Male,Berlin,Master,7,1.5,9.8,True
EMP-0148,2021-06-09,Engineering,Staff Engineer,173100,47,Male,Toronto,Master,17,1.4,1.4,True
EMP-0149,2021-11-30,Product,Product Analyst,116600,56,Male,Remote,High School,24,1.9,7.0,True
EMP-0150,2023-09-08,Marketing,Content Writer,78100,24,Male,Remote,High School,3,2.5,8.4,True
EMP-0151,2015-03-25,Finance,Finance Manager,103500,24,Female,Sydney,High School,2,3.0,5.7,True
EMP-0152,2021-08-29,Legal,General Counsel,148100,22,Non-binary,Remote,Bachelor,1,2.9,4.7,True
EMP-0153,2015-01-20,Product,Product Manager,145000,22,Male,Remote,High School,1,4.9,8.7,True
EMP-0154,2017-09-19,Sales,Account Executive,93500,39,Female,Remote,Bachelor,18,4.7,4.3,True
EMP-0155,2020-03-01,Marketing,Content Writer,67700,57,Non-binary,Berlin,High School,31,3.9,1.1,True
EMP-0156,2021-10-30,Sales,VP of Sales,116900,32,Male,Berlin,Master,7,4.8,7.5,True
EMP-0157,2022-03-26,Marketing,SEO Specialist,103900,29,Male,Remote,PhD,5,2.9,8.0,True
EMP-0158,2022-04-20,Finance,Finance Manager,108300,25,Non-binary,Sydney,Master,4,4.5,7.5,True
EMP-0159,2019-05-06,Marketing,Marketing Manager,106200,37,Non-binary,Toronto,Bachelor,12,4.2,3.5,True
EMP-0160,2016-07-30,Finance,Finance Manager,114100,24,Non-binary,London,Master,2,4.9,8.2,True
EMP-0161,2020-06-08,Product,Senior PM,148900,56,Female,London,Bachelor,35,2.2,1.5,True
EMP-0162,2020-02-27,HR,HR Manager,91100,22,Non-binary,New York,Master,1,4.1,3.1,True
EMP-0163,2017-05-21,Finance,Finance Manager,116600,34,Male,New York,Bachelor,3,4.2,3.6,True
EMP-0164,2015-07-02,Operations,Ops Manager,90600,31,Female,Berlin,High School,3,2.5,5.2,True
EMP-0165,2021-10-22,Operations,COO,78500,39,Male,New York,High School,16,1.8,8.8,True
EMP-0166,2016-02-02,HR,HR Manager,102500,39,Female,Sydney,Bachelor,13,2.0,1.3,True
EMP-0167,2021-04-02,Marketing,CMO,98900,25,Female,Remote,PhD,0,2.9,8.6,False
EMP-0168,2018-07-29,Legal,Paralegal,101900,27,Non-binary,London,High School,2,4.8,7.0,True
EMP-0169,2016-12-06,Product,Product Manager,119800,37,Male,Berlin,Master,7,1.2,6.0,True
EMP-0170,2016-02-18,Engineering,Lead Engineer,154900,52,Male,Berlin,High School,3,4.8,7.1,True
EMP-0171,2019-05-17,Product,Product Analyst,103800,45,Male,Berlin,PhD,8,2.5,5.0,True
EMP-0172,2015-05-28,Engineering,Staff Engineer,172800,34,Male,London,High School,12,4.7,8.8,False
EMP-0173,2022-01-17,Marketing,CMO,138100,46,Male,Toronto,Master,0,2.3,3.1,True
EMP-0174,2023-01-02,Operations,Ops Analyst,63900,25,Female,Sydney,Bachelor,1,2.8,2.3,True
EMP-0175,2018-10-02,HR,Recruiter,61900,58,Male,Berlin,PhD,18,1.4,5.1,True
EMP-0176,2020-05-09,Marketing,Content Writer,77200,35,Female,New York,Master,8,4.0,9.7,True
EMP-0177,2018-03-31,Finance,Accountant,117100,28,Female,London,High School,6,4.3,9.8,True
EMP-0178,2016-07-28,Engineering,Staff Engineer,178300,43,Female,New York,Master,16,1.7,4.9,False
EMP-0179,2020-11-06,HR,HR Manager,90600,30,Male,Remote,Bachelor,2,1.8,1.7,True
EMP-0180,2022-07-06,Product,Senior PM,128800,30,Non-binary,Remote,Bachelor,9,3.3,2.8,True
EMP-0181,2018-02-28,Legal,Paralegal,95200,44,Non-binary,Toronto,High School,10,1.1,9.2,True
EMP-0182,2016-10-31,Finance,Accountant,88700,45,Non-binary,Berlin,High School,1,2.4,9.4,False
EMP-0183,2023-09-27,Sales,SDR,74500,37,Non-binary,Toronto,High School,10,2.2,2.0,True
EMP-0184,2015-03-26,Product,Product Analyst,106200,56,Male,New York,Bachelor,8,3.5,2.5,True
EMP-0185,2015-03-14,Engineering,Junior Dev,84400,34,Non-binary,Remote,PhD,4,3.1,7.3,True
EMP-0186,2020-07-14,Sales,Account Executive,78100,29,Non-binary,Sydney,Master,7,1.4,2.1,False
EMP-0187,2023-05-16,HR,Recruiter,65400,58,Female,London,High School,29,4.8,4.5,True
EMP-0188,2018-10-18,Engineering,Staff Engineer,188200,25,Female,London,Master,2,3.9,8.6,True
EMP-0189,2020-10-20,Operations,Ops Manager,92700,25,Male,Remote,Master,2,2.0,4.8,True
EMP-0190,2019-11-09,Operations,Ops Analyst,69100,26,Male,Sydney,High School,2,1.9,4.8,True
EMP-0191,2022-03-12,Product,Product Analyst,117400,24,Non-binary,Berlin,Master,0,3.5,8.3,True
EMP-0192,2017-08-27,Sales,Sales Manager,94400,22,Male,Berlin,High School,1,2.2,6.8,True
EMP-0193,2019-12-08,Finance,Analyst,82900,56,Male,Sydney,Bachelor,9,4.5,9.2,True
EMP-0194,2020-02-04,Finance,Accountant,109900,56,Non-binary,Remote,Bachelor,18,3.6,2.8,True
EMP-0195,2015-05-07,Product,Senior PM,153300,52,Male,Berlin,Bachelor,19,1.8,5.9,False
EMP-0196,2018-08-19,Legal,Paralegal,109800,32,Non-binary,Berlin,PhD,3,2.1,8.9,True
EMP-0197,2018-11-26,Engineering,Junior Dev,86800,26,Female,Remote,High School,4,3.1,8.5,True
EMP-0198,2018-10-12,Sales,Account Executive,112100,31,Non-binary,Berlin,Bachelor,6,3.7,6.5,True
EMP-0199,2016-02-28,Sales,VP of Sales,114900,30,Male,Toronto,High School,6,3.0,9.7,True
EMP-0200,2020-01-27,Legal,Senior Counsel,151100,29,Non-binary,Toronto,Master,6,3.9,3.6,True
EMP-0201,2019-12-24,Legal,Senior Counsel,107400,53,Female,London,Master,24,4.2,4.9,True
EMP-0202,2021-10-26,HR,HR Coordinator,70700,43,Male,Berlin,Bachelor,10,4.9,9.0,False
EMP-0203,2021-01-06,Engineering,Junior Dev,90500,53,Female,Sydney,PhD,19,3.1,5.7,True
EMP-0204,2015-02-12,Legal,General Counsel,143000,44,Non-binary,New York,Bachelor,14,1.4,4.4,True
EMP-0205,2019-12-08,Marketing,SEO Specialist,103800,53,Non-binary,Sydney,Master,25,3.8,7.7,True
EMP-0206,2020-09-30,Operations,Ops Manager,77700,26,Male,New York,Master,2,3.8,8.4,False
EMP-0207,2020-08-30,Legal,Associate,114400,54,Male,Toronto,Bachelor,13,1.2,6.1,True
EMP-0208,2022-12-20,Engineering,Staff Engineer,129900,22,Non-binary,Sydney,High School,1,4.7,4.6,True
EMP-0209,2022-04-03,Engineering,Junior Dev,88200,53,Non-binary,Sydney,Bachelor,17,3.3,4.7,True
EMP-0210,2020-11-10,Marketing,Content Writer,60300,26,Female,Toronto,PhD,1,4.2,1.6,True
EMP-0211,2016-11-24,Operations,Ops Analyst,73900,44,Male,Berlin,High School,8,4.4,9.5,True
EMP-0212,2017-06-20,HR,HR Director,105600,23,Female,Sydney,High School,0,2.8,6.6,True
EMP-0213,2015-01-26,Engineering,Senior Dev,139300,33,Female,Berlin,PhD,5,3.4,9.6,True
EMP-0214,2018-06-20,Sales,Account Executive,100900,36,Female,Remote,PhD,13,1.1,8.8,True
EMP-0215,2019-06-11,Marketing,Marketing Manager,98200,22,Non-binary,Berlin,High School,1,2.3,8.8,True
EMP-0216,2017-09-30,Sales,SDR,76400,44,Female,London,PhD,17,2.1,3.1,True
EMP-0217,2016-01-15,Engineering,Lead Engineer,155900,37,Male,Berlin,Bachelor,4,3.2,5.2,True
EMP-0218,2019-07-18,HR,Recruiter,71800,35,Female,Remote,Bachelor,11,2.2,5.3,True
EMP-0219,2021-08-03,Product,Product Manager,147200,38,Female,Sydney,Bachelor,14,2.6,5.6,True
EMP-0220,2015-04-28,Sales,SDR,80000,39,Non-binary,Remote,Bachelor,12,2.2,4.5,True
EMP-0221,2021-04-20,Marketing,SEO Specialist,82200,28,Female,Sydney,Master,1,1.8,7.5,True
EMP-0222,2018-12-28,Finance,Accountant,113000,47,Female,Toronto,Bachelor,9,4.7,2.6,True
EMP-0223,2019-06-29,Operations,Ops Manager,67100,51,Female,Remote,High School,7,1.7,2.0,False
EMP-0224,2017-03-22,HR,HR Coordinator,60700,32,Female,London,PhD,6,4.0,6.0,True
EMP-0225,2019-11-17,Marketing,SEO Specialist,90600,55,Non-binary,Remote,Master,16,4.7,2.0,True
EMP-0226,2022-08-21,Finance,Analyst,96000,25,Male,New York,Master,1,1.8,9.2,True
EMP-0227,2021-11-25,Sales,VP of Sales,135300,47,Male,Berlin,High School,23,2.4,9.5,True
EMP-0228,2015-08-11,Operations,COO,95700,50,Non-binary,Remote,Bachelor,16,2.7,5.6,False
EMP-0229,2016-12-15,Marketing,CMO,129300,24,Non-binary,London,Bachelor,2,3.2,3.2,True
EMP-0230,2018-06-26,Operations,Ops Manager,79100,34,Male,London,PhD,10,3.7,3.1,True
EMP-0231,2018-05-11,Product,Product Manager,146900,44,Male,Remote,Bachelor,22,3.4,3.2,True
EMP-0232,2022-06-23,Sales,VP of Sales,138500,32,Male,Sydney,PhD,10,4.4,4.7,True
EMP-0233,2015-09-05,Finance,Analyst,79500,35,Female,Berlin,Bachelor,0,1.4,3.8,False
EMP-0234,2018-03-31,Marketing,Marketing Manager,100700,58,Male,Sydney,High School,23,1.2,5.2,False
EMP-0235,2017-12-19,Product,Product Analyst,114900,43,Male,Remote,PhD,18,4.8,5.4,True
EMP-0236,2018-03-17,Operations,Ops Analyst,64600,27,Non-binary,Sydney,Master,5,3.6,1.7,True
EMP-0237,2017-01-30,Engineering,Staff Engineer,180200,40,Non-binary,Sydney,Bachelor,11,1.4,7.5,True
EMP-0238,2017-08-01,Operations,Ops Manager,72100,44,Female,London,Master,10,4.4,3.3,True
EMP-0239,2019-09-29,Sales,VP of Sales,145400,35,Female,Remote,Bachelor,7,5.0,6.4,True
EMP-0240,2019-07-03,Marketing,SEO Specialist,76900,50,Male,New York,PhD,20,2.9,3.0,True
EMP-0241,2016-08-09,Engineering,Engineering Manager,203900,54,Female,New York,High School,27,3.1,4.8,True
EMP-0242,2016-11-04,Product,Product Analyst,111600,33,Female,Berlin,High School,11,2.8,6.1,True
EMP-0243,2020-03-01,HR,HR Director,84900,42,Female,Sydney,Bachelor,16,4.9,9.7,True
EMP-0244,2021-05-28,Engineering,Lead Engineer,145500,41,Female,Berlin,PhD,18,3.6,2.2,False
EMP-0245,2015-12-16,Engineering,Senior Dev,107000,50,Male,Remote,Master,22,3.2,9.5,True
EMP-0246,2017-01-09,HR,HR Director,96800,29,Male,Sydney,High School,3,1.9,8.5,True
EMP-0247,2017-07-16,HR,HR Manager,95200,36,Non-binary,Sydney,High School,14,3.9,9.2,True
EMP-0248,2021-03-05,Legal,Paralegal,105300,30,Non-binary,Remote,High School,8,3.5,9.6,True
EMP-0249,2020-04-30,Product,VP of Product,170800,34,Male,London,Master,9,4.1,1.5,True
EMP-0250,2018-05-13,Operations,Ops Analyst,55600,35,Male,Remote,Bachelor,7,2.7,9.0,True
EMP-0251,2019-02-12,HR,HR Coordinator,73000,44,Non-binary,Berlin,High School,5,4.3,2.1,True
EMP-0252,2018-12-28,Operations,COO,95100,44,Non-binary,Berlin,High School,3,1.1,9.2,True
EMP-0253,2019-12-07,Operations,Ops Analyst,73300,23,Male,New York,PhD,2,1.4,8.2,True
EMP-0254,2022-09-25,Finance,CFO,151600,38,Female,Toronto,High School,17,1.1,10.0,True
EMP-0255,2017-01-16,Product,Product Analyst,117000,24,Non-binary,Remote,PhD,0,4.4,9.7,True
EMP-0256,2019-01-18,Product,VP of Product,150700,55,Female,Sydney,Bachelor,4,2.2,2.2,True
EMP-0257,2021-06-21,HR,Recruiter,84800,51,Female,Toronto,Master,10,2.3,4.0,True
EMP-0258,2023-02-25,HR,HR Coordinator,57000,24,Non-binary,London,Master,1,2.5,1.6,False
EMP-0259,2021-04-15,Operations,COO,98200,30,Male,London,PhD,0,3.5,6.7,True
EMP-0260,2015-10-23,Finance,Accountant,115100,31,Female,Berlin,Master,10,3.0,6.7,True
EMP-0261,2018-08-16,Legal,Senior Counsel,110100,43,Female,Sydney,Master,21,4.6,8.3,False
EMP-0262,2019-12-30,Marketing,SEO Specialist,78300,51,Female,Sydney,Master,12,4.7,6.3,True
EMP-0263,2015-10-29,Finance,Finance Manager,127800,57,Male,Sydney,High School,21,3.3,3.7,True
EMP-0264,2015-10-05,Product,Senior PM,173400,49,Female,Berlin,Bachelor,23,2.1,3.3,True
EMP-0265,2015-07-15,Marketing,Marketing Manager,92600,23,Female,Toronto,Bachelor,0,4.6,3.5,True
EMP-0266,2021-09-27,Sales,Account Executive,85200,25,Male,New York,High School,1,4.2,8.9,True
EMP-0267,2022-03-05,Marketing,Content Writer,64800,56,Female,New York,Bachelor,0,2.3,8.8,True
EMP-0268,2015-08-24,Product,VP of Product,175000,43,Female,New York,High School,5,3.5,4.0,True
EMP-0269,2018-07-21,Legal,Senior Counsel,154500,22,Non-binary,Remote,Master,0,1.2,6.5,True
EMP-0270,2016-08-07,Operations,Ops Analyst,57700,31,Non-binary,New York,Master,3,4.3,4.8,True
EMP-0271,2023-07-24,Marketing,Marketing Manager,92300,38,Male,Remote,Master,15,3.6,5.9,True
EMP-0272,2017-11-01,Finance,Finance Manager,118600,39,Male,Sydney,PhD,4,1.4,8.3,False
EMP-0273,2022-01-02,Marketing,SEO Specialist,84900,27,Male,New York,High School,0,3.2,2.8,True
EMP-0274,2023-09-27,Finance,Finance Manager,128200,33,Male,Sydney,High School,11,2.4,7.4,True
EMP-0275,2020-02-28,Product,Product Manager,132500,44,Male,Berlin,High School,12,1.4,7.6,True
EMP-0276,2019-08-07,Legal,Senior Counsel,110100,58,Female,Remote,Bachelor,24,1.1,1.2,True
EMP-0277,2022-03-17,HR,Recruiter,71400,42,Female,Berlin,PhD,13,1.9,6.1,True
EMP-0278,2018-09-19,Finance,Accountant,113200,40,Male,Toronto,Bachelor,2,1.6,7.1,True
EMP-0279,2023-04-01,Product,Product Manager,129800,35,Female,New York,PhD,13,1.7,8.8,False
EMP-0280,2016-06-30,Finance,Analyst,93800,31,Female,London,Master,0,1.4,2.5,True
EMP-0281,2015-05-15,Sales,VP of Sales,118300,47,Non-binary,London,Bachelor,10,4.2,7.2,True
EMP-0282,2018-07-20,HR,HR Director,108400,23,Male,New York,High School,0,4.8,9.7,True
EMP-0283,2022-02-06,Engineering,Senior Dev,107100,56,Non-binary,Sydney,High School,9,3.1,8.6,False
EMP-0284,2018-01-23,Sales,Sales Manager,130000,36,Non-binary,London,High School,2,2.1,1.6,True
EMP-0285,2015-02-13,Engineering,Staff Engineer,177200,45,Female,Remote,High School,8,3.6,5.9,True
EMP-0286,2019-09-13,Legal,Senior Counsel,127200,42,Female,London,PhD,17,4.0,8.9,True
EMP-0287,2017-09-13,Engineering,Senior Dev,124600,38,Male,Remote,High School,12,1.3,6.6,True
EMP-0288,2022-03-31,Engineering,Staff Engineer,171400,42,Female,Sydney,Master,21,2.8,6.2,True
EMP-0289,2022-01-22,Product,Senior PM,152200,46,Non-binary,Toronto,Master,7,3.8,4.5,True
EMP-0290,2021-11-13,Operations,Ops Analyst,71600,56,Female,Berlin,PhD,14,4.4,4.1,True
EMP-0291,2020-11-16,HR,Recruiter,63100,55,Male,Sydney,Bachelor,23,4.3,3.1,True
EMP-0292,2019-04-11,Product,Product Manager,132700,24,Female,Toronto,High School,2,2.6,7.3,True
EMP-0293,2018-05-23,Operations,Ops Manager,87000,55,Female,Remote,High School,33,2.1,3.6,True
EMP-0294,2020-10-20,Sales,VP of Sales,132500,33,Male,New York,Bachelor,12,2.5,5.7,True
EMP-0295,2015-03-14,Operations,COO,89700,46,Non-binary,London,High School,8,3.3,1.5,True
EMP-0296,2016-01-10,Finance,Finance Manager,106700,38,Non-binary,Remote,PhD,14,4.4,2.8,True
EMP-0297,2019-02-12,Finance,Finance Manager,136400,50,Male,Remote,Master,12,4.9,4.9,True
EMP-0298,2017-02-23,Finance,Finance Manager,105900,30,Non-binary,Sydney,Master,9,1.3,2.8,False
EMP-0299,2020-07-27,Sales,VP of Sales,120200,55,Non-binary,New York,High School,26,3.4,5.2,True
EMP-0300,2019-12-07,Legal,General Counsel,179700,33,Female,Toronto,Bachelor,1,3.0,8.4,True
EMP-0301,2018-09-14,HR,HR Director,102400,40,Female,Toronto,High School,17,1.4,8.6,True
EMP-0302,2020-02-04,Engineering,Junior Dev,99600,35,Male,Remote,Bachelor,9,3.8,5.3,True
EMP-0303,2018-08-05,Legal,Associate,134900,25,Female,London,High School,1,1.7,5.8,True
EMP-0304,2019-06-06,Sales,Sales Manager,105400,41,Non-binary,Toronto,High School,17,2.2,3.2,True
EMP-0305,2017-04-29,Legal,Senior Counsel,122500,30,Non-binary,Remote,Master,0,4.7,6.9,True
EMP-0306,2020-02-13,Marketing,Marketing Manager,119800,43,Non-binary,Sydney,High School,6,3.9,1.1,True
EMP-0307,2017-04-01,Operations,Ops Analyst,62400,50,Non-binary,London,PhD,9,2.6,7.6,True
EMP-0308,2016-07-15,HR,HR Coordinator,55300,29,Male,Sydney,PhD,0,1.7,9.3,True
EMP-0309,2020-12-29,Marketing,CMO,105100,40,Male,London,Bachelor,6,3.1,5.2,True
EMP-0310,2022-09-10,Sales,SDR,76200,38,Female,London,High School,14,4.7,2.2,True
EMP-0311,2023-01-25,Product,Senior PM,161500,42,Male,Berlin,Master,17,2.3,8.6,True
EMP-0312,2016-09-30,HR,HR Director,119000,42,Non-binary,Berlin,Bachelor,12,3.6,7.2,True
EMP-0313,2015-06-08,Marketing,SEO Specialist,85800,47,Female,New York,Bachelor,3,5.0,9.5,True
EMP-0314,2017-04-01,Finance,CFO,126600,53,Female,Berlin,Master,5,3.4,5.9,True
EMP-0315,2015-05-13,Marketing,CMO,107300,36,Non-binary,Sydney,High School,9,4.9,4.1,False
EMP-0316,2020-05-24,Finance,Analyst,73500,44,Male,Berlin,Master,14,1.7,8.1,True
EMP-0317,2023-11-02,Sales,VP of Sales,106600,57,Male,Sydney,PhD,7,2.8,1.3,True
EMP-0318,2021-06-25,Sales,VP of Sales,133000,30,Female,New York,Master,6,3.9,7.6,True
EMP-0319,2016-09-02,Sales,Sales Manager,89500,52,Female,New York,High School,19,4.5,2.1,True
EMP-0320,2021-01-02,Sales,Sales Manager,108900,32,Male,Sydney,Master,9,2.5,2.8,True
EMP-0321,2017-09-08,HR,Recruiter,87400,56,Male,New York,High School,32,4.8,5.4,True
EMP-0322,2017-12-18,HR,Recruiter,63700,32,Male,Toronto,PhD,2,3.5,2.0,True
EMP-0323,2017-09-24,Sales,SDR,83700,35,Non-binary,Sydney,High School,3,4.3,1.7,True
EMP-0324,2018-11-02,Sales,SDR,70200,33,Male,Toronto,Bachelor,4,1.0,9.5,True
EMP-0325,2023-03-25,Legal,Paralegal,79700,37,Non-binary,Remote,Bachelor,4,1.6,4.1,True
EMP-0326,2023-11-17,HR,Recruiter,81000,26,Female,New York,PhD,0,3.1,4.0,True
EMP-0327,2023-10-27,Sales,Account Executive,107700,25,Female,New York,Master,2,3.3,8.2,True
EMP-0328,2023-05-10,Product,Product Manager,114400,41,Female,Remote,Bachelor,1,2.7,8.4,True
EMP-0329,2017-09-10,Finance,Analyst,70200,38,Male,Sydney,PhD,7,3.2,8.9,True
EMP-0330,2022-01-11,Engineering,Staff Engineer,169500,47,Non-binary,Berlin,PhD,25,2.6,1.8,True
EMP-0331,2018-06-02,Operations,COO,99000,49,Male,Berlin,PhD,25,3.4,9.6,False
EMP-0332,2016-08-20,Product,VP of Product,162300,41,Female,Sydney,Bachelor,14,1.3,4.5,True
EMP-0333,2022-11-12,Engineering,Lead Engineer,130900,39,Female,Toronto,Bachelor,5,1.5,7.1,True
EMP-0334,2016-11-16,Marketing,CMO,107400,31,Male,Berlin,PhD,5,2.2,3.9,False
EMP-0335,2016-12-19,HR,Recruiter,72500,22,Male,London,PhD,0,3.3,6.9,True
EMP-0336,2015-11-07,Sales,VP of Sales,108500,38,Non-binary,Sydney,Master,13,2.8,9.6,True
EMP-0337,2019-01-29,Legal,Paralegal,109200,53,Non-binary,New York,High School,31,4.5,9.0,True
EMP-0338,2023-03-05,Legal,General Counsel,140300,54,Non-binary,Remote,PhD,9,1.1,3.9,True
EMP-0339,2015-07-11,Finance,Accountant,88800,58,Female,London,Master,32,3.5,3.2,True
EMP-0340,2015-12-12,Engineering,Staff Engineer,162500,48,Non-binary,Remote,PhD,20,3.0,9.8,True
EMP-0341,2015-07-17,Finance,Finance Manager,102500,58,Non-binary,Berlin,Bachelor,31,1.8,8.3,True
EMP-0342,2018-05-04,Finance,Accountant,107800,25,Female,Berlin,Bachelor,4,2.1,9.0,True
EMP-0343,2019-06-02,Operations,Ops Manager,78900,38,Female,Toronto,PhD,11,2.1,2.8,False
EMP-0344,2016-09-14,Product,VP of Product,176800,42,Female,Sydney,PhD,1,3.6,8.6,True
EMP-0345,2018-03-27,Sales,Sales Manager,105700,47,Non-binary,New York,Master,16,2.8,1.1,True
EMP-0346,2017-09-23,Finance,Finance Manager,122200,45,Male,Sydney,High School,8,4.0,7.1,True
EMP-0347,2022-02-09,Sales,Sales Manager,96200,33,Non-binary,Remote,High School,11,4.1,4.6,False
EMP-0348,2017-01-30,Operations,Ops Manager,78500,43,Non-binary,London,PhD,11,3.7,9.1,True
EMP-0349,2020-08-18,Operations,COO,79800,48,Male,Sydney,Bachelor,2,3.3,4.6,True
EMP-0350,2016-05-26,Finance,Accountant,87400,37,Female,New York,PhD,16,4.5,2.2,True
EMP-0351,2021-10-25,Legal,Senior Counsel,143000,54,Male,London,Master,17,1.4,7.1,False
EMP-0352,2016-05-14,Sales,Sales Manager,90200,55,Female,London,High School,4,2.8,7.9,True
EMP-0353,2021-01-12,Engineering,Staff Engineer,165100,24,Female,New York,PhD,0,1.9,6.7,True
EMP-0354,2023-11-25,Operations,COO,98000,35,Male,Berlin,High School,8,1.9,2.6,True
EMP-0355,2021-07-23,Finance,CFO,128000,39,Male,Toronto,PhD,2,3.0,6.3,True
EMP-0356,2017-10-28,Engineering,Lead Engineer,164200,43,Male,Remote,PhD,21,3.3,4.9,False
EMP-0357,2019-07-09,Product,Product Manager,118400,34,Male,Berlin,Bachelor,1,1.3,9.1,True
EMP-0358,2023-06-22,HR,Recruiter,83500,34,Non-binary,Berlin,High School,8,4.7,7.5,True
EMP-0359,2021-04-03,Sales,Sales Manager,97900,22,Female,Remote,Bachelor,1,3.3,3.8,True
EMP-0360,2015-05-01,Sales,SDR,85900,44,Non-binary,Toronto,High School,13,2.4,8.7,True
EMP-0361,2020-05-04,Product,VP of Product,199400,43,Male,New York,Master,10,3.0,2.9,True
EMP-0362,2023-09-08,Engineering,Senior Dev,129300,55,Non-binary,Remote,PhD,27,1.6,9.1,True
EMP-0363,2015-04-24,Marketing,Content Writer,62600,56,Male,New York,PhD,24,4.1,2.8,True
EMP-0364,2020-06-07,Sales,Sales Manager,103500,57,Non-binary,London,High School,29,2.0,9.2,True
EMP-0365,2019-12-08,Sales,SDR,81500,30,Female,Sydney,PhD,3,4.0,6.1,True
EMP-0366,2022-10-05,Product,Product Manager,121200,37,Female,Sydney,Bachelor,15,1.5,5.5,True
EMP-0367,2022-02-09,HR,Recruiter,61300,58,Non-binary,Remote,High School,14,2.0,9.2,True
EMP-0368,2017-06-18,Engineering,Junior Dev,98500,47,Non-binary,New York,PhD,7,2.1,2.4,True
EMP-0369,2021-11-27,Sales,SDR,69400,55,Non-binary,Berlin,High School,10,3.0,9.6,True
EMP-0370,2020-08-20,Engineering,Junior Dev,113100,57,Non-binary,Sydney,High School,5,3.8,7.0,True
EMP-0371,2015-04-09,Product,VP of Product,178900,57,Male,Sydney,PhD,13,1.8,7.4,True
EMP-0372,2020-10-29,Legal,Paralegal,98600,27,Female,Remote,High School,4,1.4,3.2,False
EMP-0373,2023-07-20,Sales,SDR,74800,41,Female,London,PhD,9,3.4,9.8,True
EMP-0374,2020-10-31,Engineering,Junior Dev,83600,29,Female,Toronto,PhD,3,4.7,6.2,True
EMP-0375,2022-08-20,Sales,SDR,88900,23,Male,Toronto,High School,2,1.7,9.5,True
EMP-0376,2018-08-21,Marketing,Marketing Manager,114200,44,Female,New York,Bachelor,0,2.8,9.8,True
EMP-0377,2019-08-17,Product,Senior PM,134400,37,Non-binary,New York,Master,0,1.9,9.0,False
EMP-0378,2023-11-29,Operations,Ops Analyst,75300,37,Male,Sydney,Bachelor,10,1.4,8.4,True
EMP-0379,2016-10-21,Operations,Ops Manager,68300,29,Male,Sydney,High School,7,3.6,5.8,False
EMP-0380,2023-06-20,Legal,Paralegal,99800,35,Male,Remote,Master,4,2.7,2.1,False
EMP-0381,2017-10-14,Product,Product Manager,135200,40,Female,Berlin,High School,12,1.4,8.8,True
EMP-0382,2015-11-16,Marketing,Content Writer,76200,47,Male,Remote,High School,9,3.1,1.7,True
EMP-0383,2023-08-18,Sales,VP of Sales,133100,54,Female,London,High School,17,2.0,4.6,True
EMP-0384,2018-11-03,Marketing,CMO,139500,28,Female,London,High School,7,2.6,8.1,True
EMP-0385,2017-02-17,HR,HR Manager,93900,39,Male,New York,Bachelor,0,4.1,7.0,True
EMP-0386,2015-08-23,Finance,Accountant,83400,52,Female,Berlin,High School,6,3.3,3.0,True
EMP-0387,2019-01-29,Engineering,Lead Engineer,158400,30,Non-binary,Remote,Bachelor,5,1.6,8.1,True
EMP-0388,2023-12-05,Operations,Ops Analyst,68800,29,Male,Berlin,PhD,3,4.7,1.3,True
EMP-0389,2017-12-12,HR,HR Director,114400,37,Male,New York,High School,15,3.7,8.5,True
EMP-0390,2020-02-27,Engineering,Staff Engineer,155900,29,Non-binary,Remote,PhD,1,1.4,2.1,True
EMP-0391,2017-02-20,Marketing,SEO Specialist,85700,25,Male,Berlin,Master,0,2.8,3.2,True
EMP-0392,2021-04-24,Engineering,Junior Dev,100100,52,Non-binary,Toronto,High School,13,1.2,4.9,True
EMP-0393,2017-12-22,Marketing,Marketing Manager,91600,27,Female,Toronto,Bachelor,3,1.3,5.1,True
EMP-0394,2016-05-05,HR,HR Manager,93700,45,Non-binary,Toronto,PhD,2,2.0,5.6,True
EMP-0395,2023-08-31,Engineering,Staff Engineer,171000,24,Female,Remote,Bachelor,1,3.6,2.3,True
EMP-0396,2022-04-19,Operations,COO,78900,45,Male,Remote,Bachelor,21,1.1,5.1,True
EMP-0397,2016-07-29,Product,Product Manager,142800,40,Male,Berlin,Master,14,3.3,9.5,True
EMP-0398,2015-09-27,Marketing,Content Writer,69600,52,Female,Berlin,PhD,14,3.7,2.9,False
EMP-0399,2017-07-15,HR,HR Director,89400,51,Female,New York,PhD,8,1.7,4.7,True
EMP-0400,2021-10-24,Operations,Ops Analyst,61400,22,Female,Sydney,PhD,0,2.9,5.9,True
EMP-0401,2016-09-02,Finance,Accountant,103200,39,Male,Sydney,Bachelor,13,3.3,9.0,True
EMP-0402,2019-08-02,HR,HR Director,88000,50,Female,Sydney,Bachelor,25,4.4,9.6,True
EMP-0403,2018-04-01,Legal,Paralegal,78400,28,Male,Berlin,Bachelor,0,4.5,4.8,True
EMP-0404,2020-11-07,Finance,Analyst,82300,53,Non-binary,London,PhD,23,1.3,9.1,True
EMP-0405,2020-11-15,Marketing,Marketing Manager,108500,48,Female,Remote,High School,11,3.8,1.5,True
EMP-0406,2020-05-01,HR,HR Manager,98300,22,Female,Remote,Bachelor,1,2.9,3.9,False
EMP-0407,2019-08-03,Legal,Paralegal,111000,35,Female,London,Bachelor,8,2.5,7.4,True
EMP-0408,2017-12-25,Product,Senior PM,126100,36,Male,New York,Bachelor,6,4.5,6.5,True
EMP-0409,2018-12-27,Product,VP of Product,196300,58,Female,Remote,PhD,34,2.3,8.3,True
EMP-0410,2022-03-14,Marketing,CMO,111800,40,Male,Remote,Bachelor,17,3.8,9.7,True
EMP-0411,2020-02-07,Finance,Finance Manager,102500,26,Non-binary,Sydney,High School,4,1.8,1.1,True
EMP-0412,2015-12-18,Finance,Analyst,70200,22,Non-binary,London,High School,0,1.7,2.6,False
EMP-0413,2017-03-23,HR,HR Coordinator,51600,27,Male,Toronto,Master,0,1.3,4.1,True
EMP-0414,2016-10-27,Product,Senior PM,137600,27,Female,New York,High School,2,3.5,7.3,True
EMP-0415,2021-10-14,Operations,Ops Manager,82000,31,Non-binary,New York,Bachelor,3,4.4,4.8,True
EMP-0416,2016-01-21,Engineering,Senior Dev,111100,26,Male,Sydney,Bachelor,3,1.8,7.4,True
EMP-0417,2016-07-20,HR,HR Coordinator,70800,52,Male,London,Bachelor,27,1.4,6.7,True
EMP-0418,2015-05-07,Finance,CFO,135500,43,Male,Remote,High School,1,1.9,3.6,True
EMP-0419,2022-06-06,Product,Product Manager,145300,35,Female,London,Bachelor,4,1.2,5.2,True
EMP-0420,2023-09-08,Finance,CFO,125000,41,Non-binary,Berlin,High School,1,2.2,3.9,True
EMP-0421,2016-05-04,Marketing,SEO Specialist,86900,34,Non-binary,Remote,Master,5,3.7,5.3,True
EMP-0422,2020-06-03,Sales,SDR,83500,46,Male,Berlin,Bachelor,13,2.8,8.7,False
EMP-0423,2015-07-29,Legal,Senior Counsel,134100,42,Male,Toronto,High School,19,3.5,3.5,True
EMP-0424,2022-05-17,Marketing,Content Writer,72500,24,Male,Remote,Master,2,2.7,1.8,True
EMP-0425,2016-03-12,Sales,SDR,64700,30,Non-binary,New York,Master,8,1.7,5.8,True
EMP-0426,2018-10-16,Marketing,SEO Specialist,77200,49,Female,New York,Bachelor,22,2.8,6.0,True
EMP-0427,2018-03-28,Legal,General Counsel,135400,33,Female,Toronto,Bachelor,9,3.9,2.2,True
EMP-0428,2023-12-30,Product,Product Analyst,119700,54,Male,New York,Master,21,3.1,8.3,True
EMP-0429,2017-02-07,Operations,Ops Manager,71700,43,Non-binary,Toronto,High School,21,4.3,8.8,True
EMP-0430,2017-07-22,Engineering,Lead Engineer,145300,24,Female,Berlin,Master,2,2.2,6.6,True
EMP-0431,2023-06-25,Finance,Analyst,98200,22,Non-binary,Sydney,Bachelor,1,4.3,6.8,True
EMP-0432,2022-05-10,Marketing,SEO Specialist,98700,38,Female,Toronto,PhD,16,4.4,2.2,True
EMP-0433,2018-08-02,Operations,COO,107200,44,Male,Remote,High School,5,4.2,8.6,False
EMP-0434,2018-10-26,Operations,Ops Manager,90700,35,Female,London,High School,11,1.4,3.9,True
EMP-0435,2023-04-24,Engineering,Senior Dev,113800,26,Male,London,PhD,3,3.6,3.8,True
EMP-0436,2018-07-28,Legal,Senior Counsel,139300,58,Female,Remote,Master,30,4.0,4.2,False
EMP-0437,2017-05-01,Sales,VP of Sales,123400,22,Male,Berlin,Master,0,4.7,6.9,False
EMP-0438,2023-01-17,Engineering,Staff Engineer,165100,49,Male,Toronto,High School,0,1.7,3.6,True
EMP-0439,2019-02-11,Operations,Ops Analyst,61000,25,Non-binary,Toronto,Bachelor,1,2.5,7.4,False
EMP-0440,2023-03-19,HR,HR Manager,81500,43,Male,Toronto,High School,16,3.7,2.3,False
EMP-0441,2021-05-20,Marketing,SEO Specialist,72000,57,Female,New York,High School,7,1.8,1.2,True
EMP-0442,2016-08-11,HR,HR Director,117400,57,Male,Remote,PhD,13,4.2,4.8,True
EMP-0443,2022-01-18,Finance,Finance Manager,105700,35,Female,New York,High School,8,4.1,8.2,False
EMP-0444,2017-08-08,Marketing,SEO Specialist,89500,36,Non-binary,London,Bachelor,5,4.9,7.5,True
EMP-0445,2015-08-04,Product,Product Manager,115100,49,Female,New York,PhD,16,4.5,8.8,False
EMP-0446,2017-06-05,Legal,Associate,105600,32,Non-binary,Berlin,PhD,10,4.1,3.2,True
EMP-0447,2018-06-23,Marketing,CMO,111200,49,Male,Remote,Bachelor,9,2.8,2.3,True
EMP-0448,2023-08-15,Sales,Sales Manager,97000,52,Non-binary,Toronto,PhD,28,4.8,5.2,True
EMP-0449,2019-04-20,Marketing,SEO Specialist,79200,44,Male,Toronto,High School,22,2.4,4.8,True
EMP-0450,2015-01-27,Legal,Associate,111900,58,Male,Remote,PhD,35,2.4,6.7,False
EMP-0451,2022-04-26,Legal,General Counsel,158100,32,Non-binary,Remote,High School,8,4.8,2.3,True
EMP-0452,2023-12-26,Legal,Senior Counsel,136800,36,Male,Sydney,PhD,10,3.6,3.6,True
EMP-0453,2020-07-23,Engineering,Engineering Manager,167500,52,Female,Berlin,High School,28,2.4,5.8,False
EMP-0454,2021-10-31,Product,Product Analyst,98300,46,Non-binary,Berlin,High School,19,2.5,4.5,True
EMP-0455,2016-10-18,Engineering,Lead Engineer,160500,40,Non-binary,Toronto,High School,15,1.3,2.9,True
EMP-0456,2019-11-24,Marketing,SEO Specialist,81900,36,Female,New York,High School,1,4.8,6.0,False
EMP-0457,2023-05-23,Sales,Account Executive,92100,34,Female,Remote,PhD,0,2.7,6.7,True
EMP-0458,2015-08-18,Marketing,SEO Specialist,104200,24,Male,New York,High School,0,1.1,7.4,True
EMP-0459,2021-10-31,Sales,VP of Sales,109800,33,Female,Remote,Bachelor,3,2.4,9.8,True
EMP-0460,2015-04-11,Legal,General Counsel,137000,36,Non-binary,Remote,Bachelor,15,1.7,9.0,True
EMP-0461,2021-02-19,Engineering,Staff Engineer,161400,24,Non-binary,New York,PhD,3,2.8,1.2,True
EMP-0462,2016-08-06,Legal,Associate,128900,57,Female,London,PhD,33,1.6,6.8,True
EMP-0463,2019-04-08,Engineering,Lead Engineer,135100,34,Non-binary,Remote,PhD,9,2.3,5.3,True
EMP-0464,2017-05-14,Marketing,Marketing Manager,118400,34,Non-binary,Sydney,High School,4,5.0,7.2,True
EMP-0465,2018-01-31,Finance,Finance Manager,102300,56,Male,Toronto,High School,31,1.6,7.8,True
EMP-0466,2021-08-09,Finance,CFO,144900,22,Male,New York,PhD,0,2.1,2.0,False
EMP-0467,2019-02-17,Product,Senior PM,123600,50,Male,New York,PhD,20,4.3,3.7,True
EMP-0468,2020-09-11,Finance,Finance Manager,130200,35,Non-binary,Sydney,PhD,14,4.1,7.2,True
EMP-0469,2022-08-31,Finance,CFO,141700,42,Non-binary,Toronto,High School,12,1.2,8.5,True
EMP-0470,2018-12-11,Finance,Analyst,87300,56,Non-binary,Toronto,Bachelor,8,2.0,5.6,True
EMP-0471,2020-03-17,Engineering,Junior Dev,83900,24,Non-binary,Toronto,High School,1,3.9,4.1,False
EMP-0472,2020-08-10,Marketing,SEO Specialist,93100,29,Female,Berlin,Bachelor,2,1.7,9.4,True
EMP-0473,2016-10-21,HR,HR Manager,80100,25,Non-binary,Berlin,High School,1,3.5,5.8,False
EMP-0474,2022-08-25,Product,Product Manager,106700,52,Male,Remote,PhD,20,1.9,5.2,True
EMP-0475,2018-07-27,HR,HR Manager,76800,29,Female,London,Bachelor,8,4.6,5.2,False
EMP-0476,2018-11-05,Operations,Ops Analyst,69700,43,Male,Berlin,PhD,5,4.8,9.8,True
EMP-0477,2018-07-09,Finance,Finance Manager,112400,57,Male,Berlin,Bachelor,11,2.8,9.6,True
EMP-0478,2022-02-09,Operations,COO,105700,45,Male,Sydney,Bachelor,15,2.4,6.4,True
EMP-0479,2015-10-18,HR,HR Coordinator,61100,35,Male,Sydney,High School,8,4.0,3.1,True
EMP-0480,2015-07-21,Finance,Analyst,99700,22,Female,New York,Master,1,2.3,6.1,True
EMP-0481,2015-02-23,Legal,Senior Counsel,152600,56,Non-binary,London,Bachelor,11,4.6,3.0,True
EMP-0482,2022-07-27,Sales,Sales Manager,113800,54,Female,Toronto,High School,20,1.3,8.5,False
EMP-0483,2022-06-03,Sales,Sales Manager,110900,49,Male,New York,High School,11,5.0,6.6,True
EMP-0484,2019-01-10,Marketing,Marketing Manager,111800,57,Female,Berlin,Bachelor,8,1.7,2.4,True
EMP-0485,2016-01-29,Sales,Account Executive,87600,58,Non-binary,Toronto,PhD,36,2.9,7.8,True
EMP-0486,2019-01-03,HR,HR Director,87000,22,Male,New York,PhD,0,3.4,4.9,True
EMP-0487,2020-08-22,Engineering,Senior Dev,141400,25,Male,New York,Bachelor,3,1.8,3.3,True
EMP-0488,2018-06-17,Sales,Sales Manager,116500,49,Male,Sydney,PhD,24,2.0,2.4,True
EMP-0489,2021-08-01,Operations,Ops Analyst,73600,49,Male,Toronto,High School,5,5.0,7.6,True
EMP-0490,2016-02-24,Engineering,Lead Engineer,140000,43,Non-binary,Remote,Bachelor,1,3.0,2.5,True
EMP-0491,2020-03-28,Legal,Senior Counsel,140400,27,Male,Remote,Bachelor,1,3.6,1.9,True
EMP-0492,2017-06-30,Finance,Finance Manager,110200,39,Male,Toronto,PhD,10,3.8,4.9,True
EMP-0493,2019-04-16,Sales,SDR,80000,38,Non-binary,Remote,PhD,3,2.0,1.9,False
EMP-0494,2016-08-01,Product,Senior PM,122600,52,Male,Toronto,PhD,8,1.5,7.2,True
EMP-0495,2015-08-09,Engineering,Junior Dev,85000,42,Male,Sydney,Master,7,2.4,7.3,True
EMP-0496,2015-01-15,Finance,Accountant,119200,50,Male,New York,PhD,5,4.5,6.7,True
EMP-0497,2022-07-13,Finance,Analyst,71700,46,Male,New York,Bachelor,2,1.2,4.2,False
EMP-0498,2023-10-21,Operations,COO,106000,50,Non-binary,Sydney,Bachelor,20,2.2,2.8,True
EMP-0499,2021-12-12,Marketing,Marketing Manager,97200,57,Female,Remote,Bachelor,14,3.0,4.8,True
EMP-0500,2023-08-21,Marketing,Content Writer,74400,39,Non-binary,Remote,PhD,3,4.1,5.7,True
EMP-0501,2020-05-30,Legal,Senior Counsel,121900,24,Female,Remote,Bachelor,2,3.9,8.8,True
EMP-0502,2022-05-03,Product,Senior PM,123800,45,Male,London,PhD,23,3.6,7.1,True
EMP-0503,2019-08-05,Engineering,Lead Engineer,142200,43,Male,Toronto,Master,11,4.2,3.1,True
EMP-0504,2018-01-10,Sales,Account Executive,94100,45,Female,New York,Bachelor,6,4.6,8.6,False
EMP-0505,2022-03-12,Product,Senior PM,142600,42,Male,Remote,Bachelor,4,2.4,1.5,True
EMP-0506,2019-10-16,HR,HR Manager,72600,33,Female,London,Bachelor,0,4.1,4.4,True
EMP-0507,2019-05-25,Finance,CFO,134900,38,Female,London,PhD,0,4.1,7.6,True
EMP-0508,2017-04-27,Operations,Ops Manager,70300,24,Male,Sydney,Bachelor,1,2.2,2.8,False
EMP-0509,2016-05-11,HR,Recruiter,74800,58,Male,Sydney,Master,20,3.1,8.7,True
EMP-0510,2019-09-02,Product,Product Analyst,94500,50,Female,New York,Bachelor,9,1.5,9.9,True
EMP-0511,2022-02-08,Legal,Associate,106200,37,Male,Sydney,Master,12,2.1,8.0,True
EMP-0512,2021-09-19,Engineering,Junior Dev,106000,51,Non-binary,London,PhD,7,3.2,4.5,True
EMP-0513,2016-01-08,Sales,Sales Manager,121100,50,Female,Toronto,Bachelor,28,3.8,1.6,False
EMP-0514,2020-02-09,Marketing,Marketing Manager,83500,48,Female,Remote,Master,16,3.1,9.8,True
EMP-0515,2017-06-22,Product,Product Analyst,99900,56,Female,Berlin,Master,13,3.4,6.0,True
EMP-0516,2020-12-19,Sales,Sales Manager,124700,45,Non-binary,Berlin,Bachelor,21,2.3,8.6,True
EMP-0517,2019-07-05,Legal,Paralegal,110900,45,Male,London,Bachelor,7,3.7,5.0,True
EMP-0518,2019-03-16,HR,Recruiter,84000,51,Non-binary,New York,High School,5,2.5,9.0,True
EMP-0519,2021-01-27,Legal,Paralegal,94400,52,Male,New York,Bachelor,12,3.8,3.3,True
EMP-0520,2021-03-05,Marketing,SEO Specialist,93500,42,Non-binary,London,PhD,9,3.9,2.0,True
EMP-0521,2022-07-14,Finance,Accountant,102600,58,Female,Remote,Master,14,3.3,7.8,True
EMP-0522,2021-11-11,Product,Product Manager,141500,28,Non-binary,New York,Bachelor,1,2.1,8.6,True
EMP-0523,2015-12-23,Engineering,Junior Dev,104300,36,Non-binary,Toronto,Bachelor,14,4.4,2.8,False
EMP-0524,2015-09-28,Operations,COO,78300,43,Male,New York,High School,11,1.2,7.3,True
EMP-0525,2023-12-04,Finance,Analyst,95800,50,Female,Sydney,High School,19,4.2,7.6,True
EMP-0526,2022-11-04,Sales,VP of Sales,131400,31,Non-binary,Toronto,PhD,6,4.1,5.1,True
EMP-0527,2016-06-29,HR,HR Manager,80500,54,Non-binary,Berlin,PhD,15,1.2,1.9,True
EMP-0528,2015-04-19,Operations,Ops Manager,82200,54,Non-binary,Remote,Master,31,2.6,2.4,True
EMP-0529,2017-01-25,Legal,Associate,114500,31,Female,Sydney,Bachelor,6,4.1,2.8,True
EMP-0530,2018-02-04,Operations,COO,106900,28,Female,Remote,High School,4,2.9,4.4,True
EMP-0531,2017-11-06,HR,HR Manager,86100,22,Male,Sydney,Bachelor,1,3.8,2.5,True
EMP-0532,2022-07-21,Sales,VP of Sales,141100,49,Non-binary,Toronto,Bachelor,26,4.4,2.4,True
EMP-0533,2018-02-10,Marketing,Marketing Manager,92000,49,Male,New York,Bachelor,12,3.9,8.6,True
EMP-0534,2015-03-10,HR,HR Director,106400,53,Male,Toronto,High School,6,4.6,6.8,True
EMP-0535,2023-02-25,Legal,Associate,128500,41,Non-binary,London,Bachelor,20,3.6,4.3,True
EMP-0536,2021-03-05,Sales,Account Executive,101400,31,Non-binary,New York,High School,4,4.4,8.8,True
EMP-0537,2017-12-12,HR,Recruiter,63600,38,Female,London,Master,2,1.0,9.3,True
EMP-0538,2016-04-13,HR,HR Director,86000,36,Female,Remote,High School,0,2.8,5.4,True
EMP-0539,2019-08-14,HR,Recruiter,71300,42,Non-binary,Sydney,PhD,12,1.9,4.8,True
EMP-0540,2018-01-29,Product,VP of Product,173400,55,Male,Toronto,PhD,30,1.8,1.4,True
EMP-0541,2015-02-06,HR,HR Coordinator,52900,45,Male,Berlin,PhD,13,3.5,8.6,True
EMP-0542,2022-03-17,Marketing,Marketing Manager,100300,35,Female,Remote,High School,2,3.6,1.2,True
EMP-0543,2016-06-08,Operations,COO,99100,43,Male,Remote,High School,2,2.1,8.1,True
EMP-0544,2015-04-14,Marketing,Content Writer,62100,26,Non-binary,Berlin,Bachelor,2,3.5,6.7,True
EMP-0545,2019-12-24,Sales,SDR,79400,41,Female,New York,PhD,15,4.7,4.4,True
EMP-0546,2016-03-24,Product,VP of Product,161200,57,Non-binary,New York,PhD,17,2.1,9.3,True
EMP-0547,2019-10-09,Legal,Senior Counsel,125300,55,Male,Berlin,Bachelor,10,1.5,1.1,True
EMP-0548,2023-07-22,Product,Senior PM,170000,50,Male,New York,High School,22,2.6,5.6,True
EMP-0549,2015-03-06,Legal,Senior Counsel,113500,52,Male,London,Bachelor,5,3.6,8.3,True
EMP-0550,2017-10-28,Sales,Account Executive,86900,48,Non-binary,London,Master,14,4.4,1.4,True
EMP-0551,2016-02-16,Sales,VP of Sales,116700,25,Female,New York,Bachelor,0,3.4,7.5,True
EMP-0552,2018-02-27,Product,Senior PM,129500,49,Female,Sydney,Master,0,2.2,3.5,True
EMP-0553,2017-07-26,Sales,SDR,87800,53,Female,New York,Master,21,3.0,5.5,True
EMP-0554,2021-09-03,Operations,Ops Analyst,66000,54,Non-binary,London,PhD,17,4.8,3.3,True
EMP-0555,2015-03-04,HR,Recruiter,89900,30,Male,Berlin,Bachelor,8,2.4,7.2,False
EMP-0556,2022-05-30,Legal,General Counsel,132400,28,Male,London,PhD,4,3.6,5.8,True
EMP-0557,2019-03-15,HR,HR Director,96600,49,Non-binary,Remote,Master,6,2.6,6.1,True
EMP-0558,2021-03-28,HR,HR Director,118100,54,Female,New York,High School,21,2.0,7.7,True
EMP-0559,2020-04-30,Marketing,Marketing Manager,117800,39,Female,Berlin,Master,14,4.9,9.0,True
EMP-0560,2017-05-18,Marketing,SEO Specialist,74400,58,Female,Berlin,High School,33,3.1,2.3,True
EMP-0561,2019-06-06,Operations,Ops Manager,75700,39,Male,Toronto,Bachelor,6,2.5,1.1,False
EMP-0562,2017-11-02,Legal,Paralegal,79900,36,Male,New York,High School,12,2.8,4.8,True
EMP-0563,2019-03-05,Sales,Account Executive,92600,35,Non-binary,New York,High School,0,4.1,6.3,True
EMP-0564,2020-03-10,Product,Product Manager,141000,31,Female,Berlin,PhD,8,1.6,1.8,False
EMP-0565,2018-04-01,Operations,COO,93100,34,Non-binary,Remote,Master,12,1.2,5.5,True
EMP-0566,2019-10-28,Engineering,Lead Engineer,126600,38,Non-binary,Toronto,PhD,8,2.8,7.8,True
EMP-0567,2017-05-08,Sales,Account Executive,105600,37,Male,London,PhD,4,3.7,2.7,True
EMP-0568,2016-12-15,Product,VP of Product,186800,33,Female,New York,High School,0,2.8,1.2,True
EMP-0569,2021-07-29,Legal,Paralegal,91400,30,Female,London,Master,0,2.2,5.4,True
EMP-0570,2017-06-26,Engineering,Lead Engineer,115000,49,Female,New York,High School,6,1.4,1.5,True
EMP-0571,2021-07-05,Product,VP of Product,197800,28,Female,New York,PhD,6,3.5,4.7,False
EMP-0572,2022-05-21,Product,VP of Product,142600,28,Male,Toronto,PhD,6,4.2,6.4,True
EMP-0573,2021-09-08,Product,Senior PM,121600,48,Female,Remote,High School,21,4.3,9.1,True
EMP-0574,2018-06-11,Product,VP of Product,142600,25,Non-binary,London,PhD,2,4.7,6.1,False
EMP-0575,2021-12-28,Engineering,Staff Engineer,157200,57,Non-binary,Toronto,Master,9,3.5,5.8,True
EMP-0576,2015-05-07,Engineering,Senior Dev,111500,25,Non-binary,London,Master,1,2.0,4.4,True
EMP-0577,2019-12-05,Operations,COO,98700,28,Non-binary,Toronto,Master,3,1.6,5.0,True
EMP-0578,2015-08-03,Finance,Finance Manager,96000,39,Male,London,High School,15,2.6,5.9,False
EMP-0579,2016-07-02,Sales,Sales Manager,103100,31,Female,Sydney,High School,6,3.3,2.1,True
EMP-0580,2016-09-22,Marketing,CMO,132000,29,Female,London,High School,3,1.2,9.2,True
EMP-0581,2017-01-28,Marketing,CMO,123600,42,Female,Remote,PhD,4,3.7,8.6,True
EMP-0582,2021-11-22,Finance,Finance Manager,122300,33,Female,London,Bachelor,2,3.8,1.2,False
EMP-0583,2016-02-07,HR,HR Manager,97100,41,Non-binary,Berlin,PhD,10,4.2,5.9,True
EMP-0584,2017-04-29,Sales,Sales Manager,106100,33,Male,New York,High School,2,4.6,4.6,True
EMP-0585,2020-01-16,Product,Product Analyst,119900,48,Male,New York,PhD,20,2.4,3.2,True
EMP-0586,2015-10-02,Operations,Ops Manager,82900,30,Female,Toronto,Master,6,2.2,2.1,True
EMP-0587,2019-04-05,Product,Senior PM,129500,52,Non-binary,New York,High School,19,2.8,6.1,False
EMP-0588,2020-08-18,Finance,CFO,122000,28,Non-binary,Remote,Bachelor,3,3.0,2.7,True
EMP-0589,2022-02-20,Legal,Senior Counsel,126100,29,Non-binary,Remote,High School,8,4.7,6.9,True
EMP-0590,2023-09-09,Marketing,Marketing Manager,96000,51,Non-binary,Toronto,Bachelor,9,1.7,3.3,True
EMP-0591,2021-01-05,Engineering,Staff Engineer,172300,23,Female,Berlin,Bachelor,1,2.7,1.2,False
EMP-0592,2019-03-17,HR,HR Coordinator,53100,36,Male,Toronto,Master,9,3.3,9.0,False
EMP-0593,2018-06-17,Legal,Senior Counsel,126700,36,Non-binary,New York,PhD,2,4.0,9.4,True
EMP-0594,2018-09-11,Legal,Associate,102200,54,Female,Toronto,Master,27,5.0,7.6,True
EMP-0595,2018-11-17,Product,Product Manager,133800,32,Female,New York,Bachelor,0,1.9,8.0,True
EMP-0596,2022-06-27,Legal,Paralegal,78000,26,Male,Remote,High School,1,2.5,9.3,True
EMP-0597,2022-05-04,Finance,Finance Manager,98200,57,Female,London,High School,20,1.2,5.4,True
EMP-0598,2017-01-31,Legal,Senior Counsel,125800,36,Female,London,Bachelor,8,4.3,5.1,True
EMP-0599,2021-04-20,Operations,Ops Analyst,70700,47,Male,London,Master,24,4.9,7.0,True
EMP-0600,2015-02-08,Sales,Sales Manager,105400,42,Female,Remote,PhD,0,4.1,7.5,True
EMP-0601,2023-07-13,HR,Recruiter,69800,44,Female,Sydney,Master,17,4.3,9.9,True
EMP-0602,2021-02-11,Engineering,Engineering Manager,205400,23,Non-binary,Toronto,Master,2,3.0,4.9,True
EMP-0603,2018-08-29,HR,HR Director,119300,52,Female,New York,Master,13,2.2,7.2,True
EMP-0604,2023-03-05,Product,Product Manager,115700,53,Male,Berlin,PhD,11,2.4,1.9,True
EMP-0605,2019-03-10,HR,Recruiter,66200,40,Non-binary,London,High School,3,2.2,7.8,True
EMP-0606,2017-11-10,Product,Senior PM,161800,57,Non-binary,Remote,High School,21,1.9,3.1,True
EMP-0607,2022-04-04,Legal,Senior Counsel,152400,23,Female,Berlin,High School,2,3.1,9.6,True
EMP-0608,2020-09-12,Operations,Ops Analyst,71800,43,Male,Toronto,Master,3,1.3,9.3,True
EMP-0609,2019-09-20,Operations,COO,96200,24,Non-binary,Berlin,Bachelor,2,2.9,4.0,True
EMP-0610,2015-05-18,Finance,Analyst,75500,37,Male,Remote,Bachelor,7,1.5,7.1,True
EMP-0611,2022-01-10,Product,Senior PM,156300,34,Male,Toronto,PhD,10,1.8,7.4,True
EMP-0612,2020-12-03,Finance,Finance Manager,100500,31,Male,Remote,High School,8,3.1,2.3,True
EMP-0613,2015-11-20,Finance,Accountant,104000,43,Female,Berlin,PhD,15,1.8,8.0,True
EMP-0614,2016-04-25,Product,VP of Product,148800,56,Non-binary,Toronto,Bachelor,32,3.4,1.9,False
EMP-0615,2022-09-05,Sales,Account Executive,104700,42,Male,Toronto,High School,11,4.0,1.4,False
EMP-0616,2021-02-10,Legal,General Counsel,149600,43,Male,London,PhD,9,1.7,2.8,True
EMP-0617,2015-12-04,Legal,Associate,133900,26,Non-binary,Remote,High School,5,3.4,1.1,False
EMP-0618,2021-05-05,Product,Senior PM,134400,23,Female,Sydney,High School,1,2.1,5.2,True
EMP-0619,2020-06-16,HR,Recruiter,65400,39,Female,Berlin,High School,4,2.7,7.3,True
EMP-0620,2022-10-19,Sales,VP of Sales,147800,24,Male,Toronto,PhD,3,1.7,8.0,True
EMP-0621,2016-04-17,Marketing,CMO,107700,27,Female,Remote,Master,1,3.3,9.0,True
EMP-0622,2017-08-05,Marketing,SEO Specialist,76000,27,Female,London,High School,2,1.2,2.6,True
EMP-0623,2019-07-30,Product,VP of Product,191600,35,Female,Remote,Bachelor,12,1.6,7.1,True
EMP-0624,2018-09-30,Product,Product Manager,104000,57,Male,Remote,Bachelor,13,2.8,2.1,True
EMP-0625,2022-09-02,Operations,COO,96300,55,Non-binary,New York,Master,9,3.4,5.4,True
EMP-0626,2019-11-06,Engineering,Senior Dev,111900,48,Male,Sydney,Master,2,3.1,2.3,True
EMP-0627,2019-06-07,Finance,Analyst,82100,42,Female,Toronto,Bachelor,3,3.4,4.3,True
EMP-0628,2022-07-21,Engineering,Senior Dev,136700,40,Female,New York,Bachelor,14,4.3,3.2,True
EMP-0629,2023-12-14,Product,VP of Product,160800,36,Female,New York,Master,5,3.4,9.9,True
EMP-0630,2017-06-02,Product,Product Manager,148500,49,Male,Remote,PhD,23,3.7,5.3,False
EMP-0631,2019-08-02,Marketing,Content Writer,79000,22,Male,Sydney,High School,1,3.4,5.0,True
EMP-0632,2023-01-28,Operations,Ops Analyst,66700,33,Non-binary,Berlin,High School,11,2.3,6.5,True
EMP-0633,2020-01-09,Legal,Associate,119400,43,Male,Berlin,Bachelor,1,1.7,3.8,True
EMP-0634,2023-10-10,Finance,Finance Manager,136100,39,Non-binary,London,Master,14,2.0,4.9,False
EMP-0635,2018-09-22,Marketing,SEO Specialist,86300,35,Male,Toronto,Master,11,2.6,5.3,True
EMP-0636,2020-11-21,Operations,Ops Analyst,66300,38,Female,Remote,Bachelor,5,2.5,3.4,True
EMP-0637,2021-09-12,Operations,COO,107200,54,Male,London,Bachelor,33,3.6,9.9,True
EMP-0638,2015-10-10,Finance,Analyst,89600,49,Female,New York,Bachelor,5,1.4,3.7,True
EMP-0639,2023-11-13,HR,HR Manager,99100,44,Non-binary,New York,High School,21,3.3,1.2,True
EMP-0640,2020-02-05,Sales,VP of Sales,111200,53,Male,Berlin,Master,21,5.0,7.9,True
EMP-0641,2021-10-15,Operations,COO,88200,28,Non-binary,Remote,Master,3,2.1,3.5,True
EMP-0642,2017-02-03,Engineering,Junior Dev,104000,44,Non-binary,Toronto,Master,18,4.7,3.2,True
EMP-0643,2016-12-14,Finance,Accountant,103800,29,Male,London,Master,8,3.1,5.3,True
EMP-0644,2015-03-17,Legal,General Counsel,131900,45,Non-binary,Berlin,Bachelor,2,1.1,1.5,True
EMP-0645,2023-11-27,Finance,Finance Manager,131900,28,Female,Remote,Bachelor,2,3.2,3.7,True
EMP-0646,2018-05-26,Product,Product Manager,123400,33,Female,London,Master,2,3.2,4.6,True
EMP-0647,2023-05-17,Sales,Sales Manager,114700,51,Male,Sydney,High School,27,3.3,6.5,True
EMP-0648,2016-02-05,Operations,Ops Manager,93300,23,Male,London,PhD,2,4.2,8.9,True
EMP-0649,2018-11-07,Marketing,Marketing Manager,110500,45,Non-binary,London,PhD,11,2.8,8.3,True
EMP-0650,2018-12-17,Operations,COO,96000,42,Non-binary,Remote,PhD,1,3.7,4.2,True
EMP-0651,2022-01-17,Operations,Ops Manager,74800,26,Male,Remote,Bachelor,2,3.6,4.9,True
EMP-0652,2016-01-04,Finance,Accountant,97400,57,Male,London,High School,34,3.7,9.6,True
EMP-0653,2023-06-16,Engineering,Senior Dev,99300,22,Male,Toronto,Bachelor,0,1.6,5.7,False
EMP-0654,2022-08-18,Legal,General Counsel,169000,22,Female,Berlin,PhD,0,4.7,1.3,True
EMP-0655,2022-04-20,Marketing,CMO,101000,55,Male,Remote,PhD,21,3.2,6.0,True
EMP-0656,2020-07-14,Product,VP of Product,159900,23,Male,New York,PhD,2,1.3,6.1,True
EMP-0657,2021-01-16,Finance,CFO,142000,50,Non-binary,Toronto,Master,29,3.1,5.9,True
EMP-0658,2018-11-16,HR,HR Director,84500,29,Non-binary,London,PhD,8,4.7,7.0,True
EMP-0659,2019-07-02,HR,Recruiter,68100,43,Female,Berlin,High School,0,1.1,4.8,False
EMP-0660,2020-04-13,Legal,Senior Counsel,145400,58,Female,Toronto,Master,10,2.6,1.9,False
EMP-0661,2023-02-06,Operations,Ops Analyst,71800,54,Female,London,Bachelor,1,2.1,7.6,False
EMP-0662,2019-05-06,Sales,Sales Manager,89500,44,Non-binary,New York,Master,11,2.3,7.5,True
EMP-0663,2015-09-16,Marketing,SEO Specialist,98000,23,Female,Sydney,Master,2,4.9,9.4,True
EMP-0664,2018-09-18,Operations,Ops Analyst,81200,56,Female,Sydney,High School,16,1.3,5.8,True
EMP-0665,2017-11-17,Operations,Ops Analyst,70300,46,Male,Berlin,PhD,18,1.1,3.7,True
EMP-0666,2022-04-26,Engineering,Engineering Manager,149400,57,Female,New York,Master,33,1.3,7.3,True
EMP-0667,2023-11-29,Marketing,Content Writer,80300,51,Male,London,Master,14,4.7,4.1,True
EMP-0668,2017-03-26,Product,Senior PM,141900,57,Male,New York,High School,36,1.6,9.3,True
EMP-0669,2017-02-27,Marketing,CMO,113600,40,Male,Remote,High School,13,4.3,5.9,True
EMP-0670,2019-02-02,Product,Product Manager,136300,23,Female,New York,High School,2,2.7,3.1,True
EMP-0671,2017-07-31,Product,Product Manager,146700,36,Male,New York,PhD,3,3.3,2.0,True
EMP-0672,2018-08-20,Product,Product Manager,140200,52,Female,Toronto,Bachelor,10,3.1,7.1,True
EMP-0673,2016-06-09,Product,Product Analyst,87900,37,Male,Sydney,PhD,11,2.9,5.3,True
EMP-0674,2021-03-02,Legal,General Counsel,133100,51,Male,Sydney,Bachelor,9,2.3,3.0,True
EMP-0675,2020-07-18,HR,Recruiter,74000,47,Female,Sydney,Bachelor,16,1.8,4.1,False
EMP-0676,2023-05-09,Sales,SDR,72900,52,Female,Remote,PhD,11,1.0,1.6,True
EMP-0677,2017-04-08,Legal,Associate,93000,55,Female,Toronto,Master,8,4.8,4.2,True
EMP-0678,2018-08-06,Finance,Accountant,111500,22,Non-binary,Sydney,High School,0,1.1,3.7,True
EMP-0679,2019-09-21,Sales,SDR,87100,46,Non-binary,Toronto,Master,16,5.0,9.3,False
EMP-0680,2023-01-04,Product,Product Manager,130200,32,Non-binary,Toronto,Master,10,3.3,7.9,False
EMP-0681,2015-10-04,Product,Product Analyst,96500,44,Male,Toronto,High School,0,3.1,8.7,True
EMP-0682,2015-02-24,Product,Product Analyst,116700,29,Female,New York,Bachelor,4,2.6,3.0,True
EMP-0683,2016-11-08,Engineering,Engineering Manager,173700,58,Non-binary,Remote,High School,37,1.3,7.8,True
EMP-0684,2019-11-17,Operations,Ops Manager,78500,25,Non-binary,London,PhD,2,1.8,3.7,True
EMP-0685,2020-01-20,HR,HR Manager,104400,35,Non-binary,London,Master,11,1.2,4.0,True
EMP-0686,2016-01-09,HR,HR Director,117400,46,Male,New York,Master,2,3.2,5.4,False
EMP-0687,2020-12-07,Sales,SDR,69900,30,Male,Sydney,PhD,9,2.6,3.4,True
EMP-0688,2017-12-18,Operations,COO,94000,33,Non-binary,Toronto,High School,7,4.4,3.0,True
EMP-0689,2015-10-29,Finance,Finance Manager,124300,56,Male,London,Bachelor,8,4.4,2.4,True
EMP-0690,2015-01-11,Finance,Finance Manager,112300,35,Female,Remote,Bachelor,7,4.4,2.2,True
EMP-0691,2023-04-12,Operations,Ops Manager,70900,54,Non-binary,Toronto,High School,19,3.6,1.7,True
EMP-0692,2020-02-01,HR,HR Director,115800,29,Non-binary,New York,High School,8,2.3,6.6,True
EMP-0693,2021-06-08,Legal,Paralegal,100200,34,Female,New York,High School,13,1.7,4.1,True
EMP-0694,2021-06-09,Legal,Senior Counsel,154300,38,Male,Remote,PhD,12,1.9,4.4,True
EMP-0695,2022-03-07,Marketing,SEO Specialist,76000,39,Non-binary,Remote,Bachelor,4,3.1,8.7,True
EMP-0696,2017-09-17,HR,HR Director,102100,32,Male,London,PhD,3,1.3,4.2,False
EMP-0697,2015-04-20,Sales,Account Executive,78800,55,Non-binary,New York,High School,1,1.4,4.3,False
EMP-0698,2019-09-30,Legal,Senior Counsel,126000,47,Non-binary,Sydney,Bachelor,18,4.1,5.8,True
EMP-0699,2021-05-17,Engineering,Lead Engineer,153500,35,Female,Toronto,Bachelor,2,2.7,5.2,True
EMP-0700,2018-01-04,Sales,VP of Sales,139700,48,Non-binary,Berlin,PhD,22,4.2,3.4,True
EMP-0701,2015-04-17,Product,Product Analyst,102900,44,Non-binary,Toronto,Bachelor,16,3.1,3.8,True
EMP-0702,2019-12-24,Product,Product Analyst,87800,32,Female,Toronto,Master,7,3.1,4.5,True
EMP-0703,2016-09-07,Engineering,Engineering Manager,151200,45,Female,Berlin,Master,9,4.0,5.4,True
EMP-0704,2019-02-19,Engineering,Senior Dev,102900,35,Male,Toronto,Master,14,2.5,9.7,True
EMP-0705,2022-09-27,Engineering,Engineering Manager,186000,37,Male,Remote,Bachelor,10,3.1,6.2,True
EMP-0706,2019-03-20,Finance,Finance Manager,113900,53,Non-binary,Berlin,Bachelor,18,2.1,9.0,True
EMP-0707,2017-05-11,Finance,Accountant,100300,57,Female,New York,PhD,7,3.0,7.2,True
EMP-0708,2020-07-09,Sales,SDR,86700,28,Male,Toronto,High School,5,4.6,5.3,True
EMP-0709,2017-04-05,Marketing,CMO,100900,32,Non-binary,Toronto,Bachelor,11,1.9,3.4,True
EMP-0710,2021-11-01,Legal,Senior Counsel,143500,37,Female,New York,Master,16,3.4,1.5,False
EMP-0711,2016-07-01,Marketing,SEO Specialist,93100,54,Female,New York,Bachelor,29,1.8,8.1,True
EMP-0712,2017-08-01,Finance,Analyst,97500,51,Female,Berlin,PhD,2,1.6,8.0,False
EMP-0713,2020-01-21,Sales,Account Executive,85400,35,Male,New York,Master,14,2.8,5.7,True
EMP-0714,2023-08-30,Marketing,SEO Specialist,80800,47,Non-binary,Toronto,High School,0,1.3,1.7,False
EMP-0715,2017-08-21,Marketing,SEO Specialist,96300,28,Male,Berlin,High School,3,3.6,8.0,False
EMP-0716,2021-01-18,Operations,Ops Analyst,73900,24,Non-binary,New York,PhD,1,3.3,5.0,True
EMP-0717,2018-10-14,Operations,COO,80500,47,Male,London,Master,3,3.4,6.0,True
EMP-0718,2021-09-19,Operations,Ops Manager,70200,52,Female,New York,Bachelor,15,1.9,2.2,True
EMP-0719,2021-06-08,Engineering,Junior Dev,83700,33,Female,London,High School,4,1.4,4.0,True
EMP-0720,2020-09-07,Engineering,Senior Dev,124600,48,Non-binary,New York,High School,24,1.4,2.6,True
EMP-0721,2019-06-23,Sales,Sales Manager,99800,46,Female,Toronto,High School,17,3.3,3.1,True
EMP-0722,2019-04-10,Engineering,Lead Engineer,149100,51,Non-binary,Remote,PhD,18,1.7,6.2,True
EMP-0723,2017-12-05,Product,Product Analyst,113500,23,Female,Sydney,PhD,2,4.3,5.2,True
EMP-0724,2020-12-21,Finance,Analyst,76200,54,Male,Toronto,PhD,1,2.0,4.0,True
EMP-0725,2022-01-31,Finance,Finance Manager,106300,26,Non-binary,New York,High School,4,4.4,7.1,True
EMP-0726,2019-02-04,Product,Senior PM,157200,32,Male,New York,PhD,6,3.3,1.9,True
EMP-0727,2020-06-08,Finance,Analyst,77700,58,Non-binary,Remote,PhD,31,2.9,5.7,True
EMP-0728,2015-01-09,Product,Product Analyst,122500,53,Female,Berlin,Bachelor,25,1.3,1.2,True
EMP-0729,2015-05-06,Operations,Ops Analyst,75100,27,Female,Remote,PhD,3,3.4,6.9,True
EMP-0730,2016-08-24,Engineering,Staff Engineer,156700,23,Male,Berlin,High School,2,3.7,1.8,True
EMP-0731,2022-07-25,HR,HR Coordinator,57400,48,Male,London,Master,10,1.0,1.6,True
EMP-0732,2023-06-12,Product,Product Analyst,109300,42,Female,London,PhD,5,3.8,9.1,True
EMP-0733,2021-02-01,HR,Recruiter,83300,26,Female,Berlin,PhD,4,5.0,3.9,False
EMP-0734,2022-12-17,Marketing,CMO,119400,38,Male,Toronto,Master,9,4.7,3.8,True
EMP-0735,2019-04-02,Marketing,SEO Specialist,81400,45,Male,Berlin,PhD,21,4.9,3.4,True
EMP-0736,2023-09-19,Finance,Analyst,70700,53,Female,New York,PhD,9,2.9,7.0,True
EMP-0737,2018-04-13,Marketing,Content Writer,79000,30,Male,Sydney,PhD,4,3.0,4.5,True
EMP-0738,2015-10-23,Engineering,Lead Engineer,133400,38,Non-binary,Berlin,Bachelor,16,3.0,3.2,True
EMP-0739,2021-01-31,Sales,Account Executive,98300,39,Male,Berlin,High School,9,2.6,4.3,True
EMP-0740,2015-10-13,Finance,CFO,131100,54,Male,Berlin,High School,28,3.7,5.8,True
EMP-0741,2015-04-03,Finance,Accountant,112400,25,Non-binary,Remote,Master,2,2.1,5.6,True
EMP-0742,2020-03-14,Operations,Ops Manager,68600,54,Male,Berlin,Master,7,4.4,8.8,True
EMP-0743,2019-10-08,HR,HR Coordinator,67400,35,Female,Sydney,Master,6,3.1,8.8,False
EMP-0744,2020-07-09,Operations,Ops Analyst,55500,57,Male,London,Master,4,3.0,10.0,True
EMP-0745,2016-10-06,HR,HR Coordinator,58600,54,Male,Berlin,Bachelor,33,4.8,7.5,True
EMP-0746,2018-04-05,Marketing,Marketing Manager,86000,52,Female,Sydney,High School,12,1.2,5.2,True
EMP-0747,2020-12-22,Marketing,Marketing Manager,122200,45,Male,Remote,PhD,2,3.2,8.4,True
EMP-0748,2015-12-16,Product,Product Manager,111900,55,Female,Toronto,High School,32,1.2,9.4,True
EMP-0749,2019-09-23,Engineering,Engineering Manager,155300,38,Male,Toronto,PhD,16,3.9,3.9,True
EMP-0750,2016-06-26,Finance,Analyst,98500,34,Non-binary,Berlin,Bachelor,11,3.9,1.4,True
EMP-0751,2017-05-29,Operations,Ops Analyst,79400,41,Female,Sydney,High School,13,2.1,7.0,True
EMP-0752,2023-01-22,Operations,Ops Manager,73300,57,Non-binary,Remote,PhD,22,2.7,3.7,True
EMP-0753,2017-08-16,Operations,Ops Analyst,71200,43,Male,London,PhD,7,1.6,7.1,True
EMP-0754,2021-10-25,Finance,Analyst,93900,53,Non-binary,Sydney,PhD,27,4.0,8.6,True
EMP-0755,2023-09-06,Operations,Ops Analyst,71900,27,Male,Berlin,Master,3,2.5,5.6,True
EMP-0756,2019-03-15,HR,Recruiter,63100,54,Female,London,PhD,15,1.1,2.2,False
EMP-0757,2019-10-07,Finance,Finance Manager,123000,49,Non-binary,London,PhD,4,2.1,2.1,False
EMP-0758,2022-04-06,Finance,Finance Manager,97100,26,Male,Sydney,Master,1,1.2,2.4,False
EMP-0759,2015-07-18,HR,HR Director,88700,41,Male,London,Bachelor,6,1.1,1.7,True
EMP-0760,2019-05-22,Product,Senior PM,125300,52,Non-binary,Sydney,High School,20,2.7,5.5,True
EMP-0761,2022-05-18,Operations,Ops Analyst,62600,33,Female,Sydney,High School,12,3.2,2.8,True
EMP-0762,2022-05-01,Marketing,Content Writer,70400,32,Non-binary,New York,PhD,3,3.1,1.1,False
EMP-0763,2017-06-06,Product,Product Analyst,93600,52,Male,Toronto,High School,5,3.3,5.2,True
EMP-0764,2022-12-25,Product,Product Manager,120700,52,Female,Sydney,Master,5,2.9,1.4,True
EMP-0765,2016-08-22,HR,HR Manager,88000,25,Female,Sydney,High School,0,3.7,8.6,True
EMP-0766,2021-01-19,Product,VP of Product,154700,49,Non-binary,London,High School,20,4.9,3.2,True
EMP-0767,2016-07-02,Marketing,Content Writer,60500,36,Female,Remote,PhD,2,4.2,1.2,True
EMP-0768,2022-09-27,Sales,VP of Sales,124200,48,Non-binary,New York,PhD,5,4.7,7.9,True
EMP-0769,2021-01-17,Operations,Ops Manager,69300,27,Non-binary,Sydney,Bachelor,4,2.5,5.2,True
EMP-0770,2020-10-07,Marketing,CMO,103600,43,Non-binary,London,PhD,19,2.7,8.5,True
EMP-0771,2022-12-02,Engineering,Staff Engineer,153500,52,Female,Berlin,PhD,27,4.1,2.9,True
EMP-0772,2017-04-21,Finance,Accountant,89500,26,Female,London,High School,0,3.1,1.4,True
EMP-0773,2021-04-07,Operations,Ops Analyst,72500,34,Male,Sydney,High School,7,1.5,5.7,True
EMP-0774,2021-10-23,Sales,VP of Sales,116900,33,Non-binary,London,PhD,12,1.7,7.3,True
EMP-0775,2020-09-23,Sales,VP of Sales,103800,51,Non-binary,Remote,High School,24,4.1,3.5,True
EMP-0776,2016-11-20,Legal,Senior Counsel,131000,55,Female,London,High School,9,2.3,8.6,False
EMP-0777,2015-10-29,Operations,COO,78700,30,Male,Remote,High School,3,1.6,7.8,True
EMP-0778,2020-04-13,Sales,Account Executive,89400,27,Male,Berlin,PhD,4,4.0,5.4,False
EMP-0779,2021-05-03,Sales,Account Executive,94300,26,Non-binary,Sydney,Bachelor,1,1.7,3.9,True
EMP-0780,2023-08-11,HR,HR Manager,92000,42,Female,Sydney,Master,2,1.3,8.6,True
EMP-0781,2017-07-10,HR,HR Director,104400,38,Female,New York,Bachelor,4,3.5,5.9,True
EMP-0782,2020-09-20,Operations,Ops Analyst,67700,52,Male,Berlin,Master,4,3.0,2.5,True
EMP-0783,2021-03-19,Operations,COO,109400,39,Male,Remote,High School,8,3.8,9.6,True
EMP-0784,2018-05-31,Finance,CFO,112500,53,Female,Remote,High School,8,4.4,8.9,True
EMP-0785,2020-03-22,Finance,Accountant,82800,56,Female,Berlin,Bachelor,12,3.9,7.0,True
EMP-0786,2018-10-23,Product,Product Manager,147700,53,Non-binary,Berlin,High School,10,3.0,6.2,True
EMP-0787,2018-12-04,Engineering,Staff Engineer,147200,49,Female,New York,High School,6,2.1,5.1,True
EMP-0788,2019-11-17,Finance,CFO,153200,38,Female,Sydney,PhD,16,3.7,9.8,True
EMP-0789,2016-03-09,Engineering,Junior Dev,84100,38,Male,London,Bachelor,13,4.0,7.4,True
EMP-0790,2017-07-22,Sales,SDR,87400,37,Male,Berlin,PhD,10,3.3,2.2,True
EMP-0791,2020-01-17,Product,Product Analyst,85600,24,Non-binary,London,Master,0,4.6,2.2,True
EMP-0792,2021-01-04,Operations,COO,98300,25,Female,Sydney,Master,4,2.2,10.0,True
EMP-0793,2022-09-14,Operations,COO,109800,29,Non-binary,Sydney,High School,2,2.2,4.3,True
EMP-0794,2018-01-05,Operations,COO,105400,28,Non-binary,Sydney,PhD,7,2.3,2.2,True
EMP-0795,2016-04-05,Product,Senior PM,134800,33,Non-binary,New York,Bachelor,10,1.5,4.2,False
EMP-0796,2017-06-07,Operations,Ops Manager,75800,26,Non-binary,New York,Master,1,4.4,6.1,True
EMP-0797,2022-11-02,Sales,Sales Manager,128000,30,Male,Sydney,High School,1,3.4,5.4,True
EMP-0798,2015-07-10,Finance,Analyst,94200,27,Male,Berlin,Bachelor,3,1.5,8.3,True
EMP-0799,2018-04-25,Sales,VP of Sales,133000,31,Non-binary,Toronto,Bachelor,10,2.6,9.7,True
EMP-0800,2021-08-15,Marketing,Content Writer,68900,54,Non-binary,Toronto,Master,13,2.1,5.6,True
EMP-0801,2020-12-04,Engineering,Staff Engineer,160900,31,Non-binary,Remote,High School,3,2.8,5.6,True
EMP-0802,2016-05-04,Engineering,Engineering Manager,145900,24,Non-binary,Berlin,PhD,3,2.3,4.2,True
EMP-0803,2021-01-01,Finance,CFO,159900,41,Non-binary,Sydney,Master,11,1.6,6.7,False
EMP-0804,2020-04-24,Legal,Paralegal,105400,42,Non-binary,Toronto,PhD,4,2.4,5.2,True
EMP-0805,2015-01-29,Legal,Senior Counsel,116000,45,Male,London,Master,4,2.4,2.6,True
EMP-0806,2015-01-30,Marketing,CMO,105300,42,Female,Berlin,High School,21,4.3,2.9,True
EMP-0807,2015-01-07,Finance,Finance Manager,106400,47,Non-binary,New York,Bachelor,4,1.2,3.5,True
EMP-0808,2017-01-06,Marketing,Content Writer,81100,36,Male,London,High School,5,1.2,6.0,True
EMP-0809,2016-09-18,HR,Recruiter,62300,27,Male,London,Bachelor,2,1.3,6.6,True
EMP-0810,2015-06-04,Engineering,Engineering Manager,165000,43,Male,Sydney,Bachelor,1,3.0,7.9,True
EMP-0811,2016-05-29,Finance,Accountant,112400,29,Non-binary,New York,PhD,2,3.9,2.4,True
EMP-0812,2022-10-16,Engineering,Senior Dev,108500,52,Female,New York,Bachelor,23,4.4,9.1,True
EMP-0813,2023-08-16,Marketing,CMO,136700,55,Female,New York,Bachelor,29,3.2,4.7,True
EMP-0814,2022-08-12,Legal,Paralegal,84500,41,Female,London,Bachelor,6,1.3,2.9,True
EMP-0815,2018-11-18,Legal,General Counsel,132100,53,Male,New York,Bachelor,5,2.6,9.0,True
EMP-0816,2016-01-09,Marketing,SEO Specialist,90900,30,Female,Remote,Master,3,4.7,10.0,True
EMP-0817,2022-01-04,Legal,Paralegal,87200,25,Female,Sydney,High School,0,2.1,7.5,True
EMP-0818,2020-11-28,Sales,SDR,82800,56,Male,London,Bachelor,21,1.9,4.8,True
EMP-0819,2019-09-11,Marketing,CMO,114300,22,Male,New York,High School,0,1.5,8.3,True
EMP-0820,2016-03-28,Finance,Finance Manager,118700,23,Male,Remote,Bachelor,2,2.6,1.8,True
EMP-0821,2021-08-11,Operations,Ops Analyst,70900,27,Non-binary,Sydney,High School,0,4.1,2.0,True
EMP-0822,2022-12-04,Operations,Ops Manager,88400,51,Female,Berlin,PhD,8,1.2,4.5,True
EMP-0823,2019-06-16,Marketing,Content Writer,70700,54,Non-binary,New York,PhD,17,1.2,7.6,True
EMP-0824,2018-12-13,HR,HR Coordinator,64600,33,Non-binary,New York,High School,4,4.5,9.8,True
EMP-0825,2020-01-09,Operations,COO,112700,26,Male,New York,Bachelor,4,4.1,6.8,True
EMP-0826,2021-10-19,Marketing,Content Writer,61800,55,Non-binary,Remote,PhD,25,1.7,6.1,False
EMP-0827,2020-03-30,Finance,Accountant,113100,50,Non-binary,New York,Bachelor,13,1.3,3.5,True
EMP-0828,2020-07-10,Product,Senior PM,149800,52,Male,New York,Master,28,1.8,8.7,True
EMP-0829,2020-11-29,Operations,Ops Manager,79400,56,Female,Toronto,Bachelor,9,3.1,6.1,True
EMP-0830,2018-10-23,Product,Senior PM,161700,48,Non-binary,New York,Bachelor,19,1.5,5.1,True
EMP-0831,2015-09-03,Marketing,CMO,127200,49,Non-binary,Berlin,Bachelor,11,3.4,3.1,True
EMP-0832,2023-07-06,Engineering,Engineering Manager,194300,28,Female,Berlin,High School,7,3.8,4.7,True
EMP-0833,2017-07-28,HR,HR Manager,94600,33,Female,Toronto,Master,12,3.0,8.6,True
EMP-0834,2022-02-20,HR,HR Coordinator,67300,29,Non-binary,Remote,PhD,7,3.2,1.6,True
EMP-0835,2017-02-27,Operations,COO,99500,24,Female,Toronto,Master,3,5.0,2.2,True
EMP-0836,2017-09-01,Operations,Ops Manager,85000,43,Male,Berlin,Master,0,1.4,7.1,False
EMP-0837,2017-01-13,HR,HR Coordinator,69300,48,Male,Toronto,Bachelor,6,2.7,8.6,True
EMP-0838,2016-09-14,Sales,Sales Manager,94900,52,Female,London,Master,1,4.9,3.7,True
EMP-0839,2020-06-14,HR,HR Coordinator,58600,22,Male,London,Bachelor,0,2.7,8.5,True
EMP-0840,2016-02-28,HR,HR Director,119000,43,Female,Berlin,High School,11,3.1,7.4,True
EMP-0841,2015-11-19,HR,HR Coordinator,65300,36,Non-binary,Remote,Master,4,2.8,2.1,True
EMP-0842,2022-07-19,Finance,CFO,122200,44,Non-binary,Sydney,PhD,19,2.0,7.4,True
EMP-0843,2017-04-04,Operations,Ops Analyst,78200,41,Male,London,Master,6,4.1,4.0,False
EMP-0844,2016-06-17,Operations,COO,105000,30,Female,Berlin,PhD,7,3.6,2.4,True
EMP-0845,2019-06-13,Sales,SDR,86500,57,Female,New York,Bachelor,5,1.5,1.2,True
EMP-0846,2020-06-18,Marketing,SEO Specialist,103900,52,Male,Toronto,High School,0,2.6,6.0,True
EMP-0847,2016-09-22,HR,Recruiter,80800,49,Male,Berlin,Master,3,4.7,8.1,False
EMP-0848,2021-01-17,Legal,Paralegal,95400,25,Non-binary,Sydney,High School,2,3.9,4.1,True
EMP-0849,2016-10-31,Operations,Ops Manager,75700,22,Non-binary,Remote,PhD,1,2.5,7.9,True
EMP-0850,2018-11-06,Legal,General Counsel,157900,52,Male,Sydney,High School,9,3.9,4.7,True
EMP-0851,2020-02-24,Legal,Paralegal,87000,35,Female,New York,High School,9,2.0,4.0,True
EMP-0852,2018-08-13,Marketing,SEO Specialist,87700,39,Non-binary,Berlin,Bachelor,18,4.0,6.6,True
EMP-0853,2015-03-27,Product,Senior PM,171500,44,Male,Toronto,High School,20,3.0,2.5,True
EMP-0854,2017-05-24,Product,Senior PM,125200,51,Non-binary,Berlin,High School,22,2.2,4.5,True
EMP-0855,2021-08-10,Product,Senior PM,122900,24,Male,Toronto,Bachelor,2,2.5,4.4,True
EMP-0856,2019-11-21,Finance,Analyst,89700,23,Female,Toronto,Bachelor,0,1.6,3.1,True
EMP-0857,2021-11-05,Sales,VP of Sales,135600,30,Male,New York,Master,7,1.6,2.5,False
EMP-0858,2016-03-16,Engineering,Junior Dev,108900,40,Non-binary,Berlin,Master,0,2.3,3.6,True
EMP-0859,2019-02-04,Finance,Finance Manager,121500,36,Male,London,PhD,12,3.4,5.2,True
EMP-0860,2017-12-13,Marketing,CMO,105100,28,Female,Remote,Master,6,4.0,7.3,True
EMP-0861,2018-12-26,Legal,Associate,92100,55,Male,London,High School,19,2.2,9.4,True
EMP-0862,2023-12-30,Operations,Ops Analyst,72800,43,Male,London,PhD,15,4.0,2.4,True
EMP-0863,2021-07-21,Operations,Ops Manager,84100,52,Male,Toronto,PhD,21,1.0,7.3,True
EMP-0864,2021-10-12,Sales,VP of Sales,147600,49,Non-binary,New York,Master,28,4.7,1.6,False
EMP-0865,2019-09-22,HR,HR Manager,95700,24,Non-binary,New York,Bachelor,3,4.4,8.9,True
EMP-0866,2020-02-18,HR,HR Director,99400,45,Female,Toronto,Bachelor,15,4.9,9.2,True
EMP-0867,2018-05-16,Engineering,Staff Engineer,166600,58,Non-binary,Remote,Bachelor,20,2.5,8.0,True
EMP-0868,2020-11-19,Sales,Sales Manager,98900,41,Male,Remote,Bachelor,0,4.3,9.0,True
EMP-0869,2019-09-16,Legal,General Counsel,148100,37,Female,Berlin,Master,11,1.6,2.8,True
EMP-0870,2022-03-15,Marketing,Content Writer,81600,57,Non-binary,Berlin,Bachelor,32,4.5,4.4,True
EMP-0871,2020-01-06,HR,HR Manager,75600,55,Non-binary,Remote,Bachelor,32,4.9,7.8,True
EMP-0872,2023-01-31,Finance,Accountant,83400,25,Female,Sydney,Master,2,4.8,2.7,True
EMP-0873,2022-10-26,HR,HR Coordinator,65100,26,Non-binary,Toronto,PhD,4,1.0,9.7,True
EMP-0874,2016-12-20,Legal,Senior Counsel,152800,48,Male,Sydney,Bachelor,19,2.6,6.2,True
EMP-0875,2017-10-26,Marketing,CMO,133000,41,Male,New York,High School,6,2.2,3.9,False
EMP-0876,2022-03-06,Marketing,CMO,108100,45,Female,Berlin,Bachelor,2,2.2,4.8,True
EMP-0877,2018-10-06,Sales,Account Executive,106900,42,Male,Berlin,Bachelor,21,3.8,2.4,True
EMP-0878,2021-07-20,Engineering,Junior Dev,113800,24,Female,Sydney,PhD,3,5.0,9.4,True
EMP-0879,2019-07-05,Legal,Senior Counsel,124500,49,Male,New York,Master,27,4.7,7.5,True
EMP-0880,2021-12-26,HR,HR Manager,75100,37,Female,Remote,Bachelor,3,2.0,6.7,True
EMP-0881,2019-06-02,Product,Product Manager,128900,43,Female,Remote,Bachelor,8,3.9,6.6,True
EMP-0882,2020-06-19,Legal,Associate,124800,41,Non-binary,New York,Bachelor,16,3.8,5.6,True
EMP-0883,2023-04-04,Product,Senior PM,146800,40,Male,Remote,Bachelor,19,3.0,4.3,True
EMP-0884,2019-08-13,Sales,SDR,81600,52,Male,Sydney,Master,29,1.8,8.7,True
EMP-0885,2022-07-09,Sales,Sales Manager,108100,25,Non-binary,New York,Bachelor,4,4.2,5.0,True
EMP-0886,2018-09-26,Sales,SDR,85900,25,Male,Remote,PhD,0,1.9,1.3,True
EMP-0887,2015-02-20,Marketing,Marketing Manager,101100,51,Non-binary,Berlin,Master,16,1.4,1.5,True
EMP-0888,2023-03-30,Legal,Associate,134900,32,Non-binary,Berlin,High School,1,4.7,9.6,True
EMP-0889,2018-09-16,Product,Product Manager,130800,57,Female,New York,PhD,7,4.4,4.4,True
EMP-0890,2018-06-20,Engineering,Lead Engineer,123900,30,Male,Berlin,Bachelor,2,3.8,4.9,True
EMP-0891,2020-08-23,Operations,Ops Manager,75400,31,Female,Sydney,High School,6,3.5,3.7,True
EMP-0892,2018-08-11,Marketing,Content Writer,67400,49,Non-binary,Berlin,High School,3,4.7,4.4,True
EMP-0893,2016-12-19,Product,Product Analyst,118800,47,Male,New York,PhD,24,1.3,5.9,True
EMP-0894,2017-01-17,Legal,General Counsel,134600,49,Female,Sydney,Master,0,4.6,3.9,True
EMP-0895,2018-02-12,Finance,Analyst,88700,31,Male,Sydney,High School,10,2.3,8.8,True
EMP-0896,2015-08-10,Finance,CFO,133700,54,Female,Remote,PhD,29,3.3,9.5,False
EMP-0897,2016-09-08,Engineering,Senior Dev,98400,49,Non-binary,Berlin,Bachelor,3,2.5,8.4,True
EMP-0898,2021-05-02,Sales,VP of Sales,126300,29,Male,Remote,High School,1,3.9,4.3,True
EMP-0899,2022-09-04,Product,Product Analyst,91600,40,Non-binary,Toronto,High School,15,3.0,4.7,True
EMP-0900,2020-04-27,Sales,Account Executive,100100,31,Non-binary,New York,Master,8,3.9,2.9,False
EMP-0901,2023-07-21,Sales,Account Executive,99200,34,Non-binary,Sydney,PhD,3,3.5,2.7,True
EMP-0902,2020-05-12,HR,HR Manager,84500,25,Non-binary,Sydney,PhD,4,5.0,9.4,True
EMP-0903,2019-09-28,Product,Senior PM,141600,53,Male,Toronto,Master,3,1.8,3.9,True
EMP-0904,2017-03-08,Operations,Ops Manager,82600,55,Female,Remote,High School,32,3.4,7.3,True
EMP-0905,2017-02-06,Legal,Paralegal,98400,39,Non-binary,Sydney,Master,13,1.5,4.0,True
EMP-0906,2023-12-01,Operations,Ops Manager,88000,33,Female,London,Bachelor,7,2.4,6.5,False
EMP-0907,2020-12-06,Engineering,Lead Engineer,149800,51,Male,Sydney,PhD,3,2.3,7.8,True
EMP-0908,2023-05-13,Legal,Associate,124800,58,Non-binary,New York,Bachelor,10,3.9,2.4,False
EMP-0909,2022-03-13,Operations,COO,112100,27,Non-binary,Berlin,Master,5,2.8,6.3,True
EMP-0910,2020-11-03,Legal,Associate,130600,35,Male,London,Bachelor,6,2.2,1.4,True
EMP-0911,2020-04-23,Product,VP of Product,177100,56,Female,New York,Bachelor,5,3.2,4.2,True
EMP-0912,2021-05-06,Marketing,CMO,110600,53,Male,Toronto,Master,5,5.0,7.9,True
EMP-0913,2017-11-01,Operations,COO,96900,41,Non-binary,Remote,High School,3,3.4,4.7,True
EMP-0914,2015-03-18,Legal,General Counsel,147900,58,Female,Berlin,Bachelor,5,1.6,1.6,True
EMP-0915,2015-02-16,Engineering,Senior Dev,116400,25,Non-binary,Berlin,Bachelor,1,4.5,7.8,True
EMP-0916,2022-04-11,Legal,Associate,109800,33,Female,Toronto,Bachelor,4,4.0,3.4,True
EMP-0917,2017-08-07,Marketing,Content Writer,64500,58,Female,Toronto,High School,3,2.5,2.6,False
EMP-0918,2019-08-05,Sales,Sales Manager,127300,28,Non-binary,London,Master,3,4.2,3.8,True
EMP-0919,2017-09-03,Operations,Ops Manager,80800,58,Female,London,PhD,36,2.4,7.2,False
EMP-0920,2022-10-11,Product,VP of Product,143000,43,Male,Berlin,PhD,15,1.7,3.4,True
EMP-0921,2016-12-21,Product,VP of Product,162500,26,Female,Remote,PhD,2,3.0,5.0,True
EMP-0922,2020-12-26,HR,HR Coordinator,69000,51,Non-binary,Sydney,High School,9,2.2,6.1,True
EMP-0923,2019-04-13,Engineering,Senior Dev,103700,39,Non-binary,Toronto,Master,16,2.8,5.0,True
EMP-0924,2015-02-11,Sales,SDR,92900,28,Female,New York,Master,3,4.0,9.1,True
EMP-0925,2018-12-26,Sales,SDR,82500,38,Male,Toronto,PhD,17,4.5,8.0,True
EMP-0926,2023-06-12,Sales,Account Executive,89400,40,Female,Remote,High School,13,1.2,6.8,True
EMP-0927,2015-06-20,Sales,Account Executive,91500,42,Non-binary,Berlin,Master,8,3.7,4.7,True
EMP-0928,2019-02-06,HR,HR Director,94500,51,Non-binary,Remote,Master,16,3.7,6.9,True
EMP-0929,2016-11-06,Product,Senior PM,174700,45,Non-binary,Toronto,Master,16,1.8,1.8,True
EMP-0930,2016-01-07,HR,Recruiter,77500,30,Non-binary,Remote,High School,2,2.2,7.9,True
EMP-0931,2019-04-25,Operations,Ops Manager,97200,29,Female,New York,PhD,0,3.7,4.9,True
EMP-0932,2022-02-02,Engineering,Lead Engineer,160400,44,Female,Toronto,Bachelor,19,1.1,4.6,True
EMP-0933,2015-01-10,Operations,Ops Manager,85200,47,Male,London,High School,13,2.8,5.3,True
EMP-0934,2023-07-01,Finance,Analyst,97700,22,Male,Toronto,Master,1,3.8,1.5,True
EMP-0935,2023-05-04,Finance,Accountant,119400,27,Male,Toronto,Master,2,1.9,8.5,True
EMP-0936,2023-12-06,Finance,Finance Manager,139900,52,Male,Remote,High School,10,4.4,6.7,True
EMP-0937,2018-12-12,Legal,Paralegal,106100,56,Female,Toronto,PhD,4,3.4,9.1,True
EMP-0938,2023-08-05,Product,Product Analyst,85400,47,Female,London,PhD,13,3.7,5.8,True
EMP-0939,2023-02-08,Engineering,Senior Dev,104500,24,Non-binary,New York,High School,2,4.0,8.9,True
EMP-0940,2023-11-29,Legal,Associate,122000,36,Female,New York,PhD,13,1.4,8.4,True
EMP-0941,2017-12-22,Operations,Ops Manager,88700,36,Male,Sydney,PhD,4,2.0,5.0,True
EMP-0942,2016-07-27,Sales,Account Executive,84500,29,Non-binary,Berlin,PhD,1,4.7,8.4,True
EMP-0943,2023-06-27,HR,HR Manager,90400,51,Non-binary,Remote,High School,22,2.8,9.3,True
EMP-0944,2016-09-28,Marketing,Marketing Manager,121900,49,Non-binary,Toronto,Bachelor,16,3.0,4.5,True
EMP-0945,2018-03-08,Finance,CFO,158500,35,Female,Remote,Bachelor,3,2.2,9.4,True
EMP-0946,2018-04-15,Operations,Ops Manager,96600,42,Male,Toronto,High School,11,3.7,5.7,False
EMP-0947,2019-06-02,HR,HR Manager,89500,37,Female,Berlin,Master,2,4.7,9.9,True
EMP-0948,2019-09-10,Sales,VP of Sales,114800,31,Non-binary,Toronto,Bachelor,8,2.2,5.0,False
EMP-0949,2022-01-20,Finance,Analyst,88700,43,Female,Toronto,Master,4,4.3,6.0,True
EMP-0950,2018-08-26,Legal,Associate,98200,45,Non-binary,New York,PhD,14,4.1,5.7,True
EMP-0951,2015-06-16,Engineering,Junior Dev,101800,58,Non-binary,Toronto,PhD,34,4.9,8.7,True
EMP-0952,2022-01-12,Operations,COO,93100,35,Non-binary,Sydney,High School,7,4.0,5.6,True
EMP-0953,2020-11-11,Product,Product Manager,122200,58,Male,Remote,Bachelor,35,4.0,3.1,True
EMP-0954,2017-09-22,Finance,Finance Manager,121900,24,Non-binary,Sydney,Bachelor,0,2.2,8.4,True
EMP-0955,2019-07-09,Marketing,CMO,98300,36,Male,Berlin,Master,11,3.8,2.7,True
EMP-0956,2015-02-25,HR,HR Manager,79300,37,Non-binary,Sydney,Bachelor,4,4.7,7.0,True
EMP-0957,2023-01-07,HR,HR Director,85600,57,Female,Toronto,High School,13,4.7,9.9,True
EMP-0958,2018-03-23,HR,Recruiter,66400,50,Male,New York,High School,4,2.7,2.9,False
EMP-0959,2016-08-07,Legal,Senior Counsel,127300,52,Male,New York,Master,13,2.5,3.7,False
EMP-0960,2019-08-14,Operations,Ops Manager,83200,30,Non-binary,Berlin,PhD,1,4.7,3.1,True
EMP-0961,2019-02-21,Marketing,CMO,124300,56,Male,Remote,High School,33,1.9,6.5,True
EMP-0962,2019-11-25,Marketing,SEO Specialist,77600,32,Female,New York,Bachelor,8,3.4,3.9,True
EMP-0963,2016-10-29,Engineering,Engineering Manager,148300,39,Male,Toronto,PhD,13,3.6,1.3,True
EMP-0964,2023-09-21,Operations,Ops Analyst,61600,57,Male,New York,Bachelor,29,4.7,7.3,True
EMP-0965,2022-02-27,Legal,General Counsel,141600,32,Male,Berlin,Master,4,4.6,8.5,False
EMP-0966,2017-09-29,Marketing,CMO,103200,41,Non-binary,New York,High School,8,1.8,3.3,True
EMP-0967,2023-10-31,Marketing,Content Writer,81500,43,Male,Toronto,Master,13,3.8,1.8,True
EMP-0968,2018-12-11,Legal,Senior Counsel,130300,48,Non-binary,Sydney,Bachelor,2,4.8,9.6,True
EMP-0969,2016-08-28,Sales,SDR,93300,46,Non-binary,Sydney,PhD,13,3.4,6.6,False
EMP-0970,2017-12-10,Legal,Paralegal,80700,47,Non-binary,Berlin,PhD,26,4.1,6.4,True
EMP-0971,2019-10-12,Legal,Senior Counsel,125800,23,Non-binary,Sydney,PhD,2,4.1,3.1,True
EMP-0972,2020-11-03,HR,Recruiter,77500,30,Non-binary,London,PhD,5,1.2,2.3,True
EMP-0973,2015-07-08,Legal,Associate,131700,34,Female,Sydney,Master,11,3.6,6.3,False
EMP-0974,2018-03-10,Operations,Ops Manager,84400,58,Female,Berlin,PhD,23,2.2,2.7,True
EMP-0975,2020-12-06,Engineering,Lead Engineer,147000,27,Female,Remote,High School,4,3.6,1.0,True
EMP-0976,2015-10-09,Finance,Analyst,90800,49,Female,Toronto,High School,15,4.6,1.1,False
EMP-0977,2016-06-29,Product,Senior PM,138700,29,Non-binary,London,PhD,4,2.8,8.1,True
EMP-0978,2018-01-28,Legal,Senior Counsel,129700,32,Non-binary,Berlin,Master,5,1.7,8.6,True
EMP-0979,2021-09-18,Legal,Senior Counsel,123200,56,Female,Berlin,High School,7,2.1,9.4,True
EMP-0980,2022-12-09,Operations,COO,110400,41,Male,Berlin,Bachelor,9,1.4,7.3,False
EMP-0981,2015-01-13,Legal,Senior Counsel,154000,45,Male,Sydney,High School,17,1.7,4.8,True
EMP-0982,2020-07-06,Operations,COO,77900,52,Female,London,High School,13,4.7,9.7,True
EMP-0983,2022-08-28,HR,HR Director,110700,27,Male,Berlin,PhD,1,4.7,2.7,False
EMP-0984,2021-09-22,Operations,Ops Analyst,80500,28,Female,Berlin,PhD,3,4.8,9.8,True
EMP-0985,2019-10-15,Operations,COO,88900,45,Non-binary,London,PhD,21,1.3,4.8,True
EMP-0986,2018-03-01,Sales,SDR,80400,32,Female,Berlin,High School,5,2.5,4.7,False
EMP-0987,2021-10-18,Legal,Paralegal,96200,55,Female,New York,Bachelor,32,3.8,2.2,True
EMP-0988,2016-04-14,Engineering,Junior Dev,101500,27,Male,Sydney,PhD,4,2.2,1.2,False
EMP-0989,2023-05-17,Finance,Analyst,96300,38,Female,Berlin,Bachelor,4,2.5,7.0,True
EMP-0990,2019-11-08,Finance,CFO,111400,48,Female,Remote,Bachelor,9,4.9,3.9,True
EMP-0991,2016-10-13,HR,HR Manager,71600,39,Male,London,Master,4,2.4,8.2,True
EMP-0992,2021-11-29,Sales,Account Executive,78500,35,Non-binary,New York,High School,13,2.1,1.2,True
EMP-0993,2017-06-12,Operations,COO,105300,53,Female,New York,Master,27,2.8,9.4,True
EMP-0994,2018-06-04,Product,Senior PM,146000,53,Female,Toronto,Bachelor,15,3.2,3.7,True
EMP-0995,2023-11-14,Legal,General Counsel,132300,30,Female,Sydney,High School,4,1.4,6.9,True
EMP-0996,2015-06-04,HR,Recruiter,62900,32,Non-binary,Sydney,PhD,7,1.1,1.6,False
EMP-0997,2022-12-02,Marketing,Content Writer,82100,58,Non-binary,Toronto,Master,22,2.4,5.7,True
EMP-0998,2022-12-06,Legal,Senior Counsel,111400,39,Female,New York,PhD,7,2.0,3.4,True
EMP-0999,2015-12-21,Sales,Account Executive,90500,56,Female,Berlin,PhD,14,4.6,4.1,True
EMP-1000,2021-05-28,Marketing,CMO,107000,24,Non-binary,Remote,High School,1,1.7,3.1,True
EMP-1001,2022-04-01,HR,HR Manager,73700,43,Female,Berlin,PhD,21,3.8,9.7,True
EMP-1002,2019-04-18,Sales,Account Executive,102400,29,Non-binary,London,Master,4,2.6,9.5,True
EMP-1003,2020-09-22,Product,VP of Product,143900,39,Female,Remote,Bachelor,9,1.9,8.0,True
EMP-1004,2020-11-01,Finance,Finance Manager,117800,50,Non-binary,London,Master,15,2.0,4.1,True
EMP-1005,2021-07-16,Finance,Accountant,87900,49,Male,London,Bachelor,27,1.9,8.7,True
EMP-1006,2019-07-13,Sales,Account Executive,111500,22,Non-binary,Remote,PhD,0,2.1,2.7,False
EMP-1007,2018-05-18,HR,HR Coordinator,51900,48,Female,Sydney,Bachelor,24,4.3,7.2,True
EMP-1008,2023-09-21,Engineering,Senior Dev,139900,50,Non-binary,Remote,High School,29,4.4,9.2,True
EMP-1009,2023-04-22,Operations,Ops Manager,73800,49,Non-binary,Remote,Master,8,2.2,7.7,True
EMP-1010,2020-11-02,Sales,Sales Manager,115100,51,Female,Toronto,Master,22,1.5,7.7,True
EMP-1011,2019-06-06,Sales,Sales Manager,118100,54,Non-binary,Remote,Bachelor,25,4.8,7.7,True
EMP-1012,2015-04-07,Finance,Analyst,97300,43,Female,London,High School,13,3.1,9.4,True
EMP-1013,2016-10-23,Sales,Sales Manager,121100,46,Male,London,PhD,19,2.4,9.2,True
EMP-1014,2017-02-11,Operations,Ops Analyst,72100,31,Female,Remote,Bachelor,1,3.5,8.9,True
EMP-1015,2017-05-12,Legal,General Counsel,160000,35,Female,Remote,Bachelor,7,2.2,1.9,True
EMP-1016,2019-07-10,Product,Senior PM,174300,46,Non-binary,Toronto,Master,19,2.8,4.6,True
EMP-1017,2020-05-05,Marketing,CMO,116400,54,Male,London,Master,6,2.0,1.8,True
EMP-1018,2021-12-21,Operations,Ops Manager,85400,50,Female,Remote,Bachelor,6,3.4,4.7,True
EMP-1019,2021-11-08,Legal,Senior Counsel,140800,51,Female,Toronto,PhD,15,1.5,5.2,True
EMP-1020,2020-08-05,Marketing,Content Writer,74200,54,Female,Remote,PhD,33,4.1,9.7,True
EMP-1021,2017-09-22,Legal,Senior Counsel,127200,43,Male,Berlin,High School,7,2.1,6.1,True
EMP-1022,2018-11-09,Marketing,Marketing Manager,122100,46,Male,Berlin,High School,8,1.4,7.2,True
EMP-1023,2020-10-12,Finance,Analyst,84200,28,Male,Toronto,Bachelor,4,1.6,2.1,True
EMP-1024,2017-02-12,Operations,Ops Analyst,64800,44,Female,Berlin,PhD,8,3.5,1.4,False
EMP-1025,2023-03-01,Marketing,CMO,110000,31,Male,New York,PhD,10,3.6,2.3,True
EMP-1026,2021-08-15,Engineering,Junior Dev,118000,43,Male,London,High School,10,1.5,9.9,True
EMP-1027,2019-07-22,Product,VP of Product,150300,37,Male,Remote,Master,16,1.9,9.6,True
EMP-1028,2018-05-28,Finance,CFO,139800,50,Non-binary,Sydney,High School,12,3.6,8.7,True
EMP-1029,2018-03-13,Legal,Associate,134200,54,Male,London,High School,11,2.0,8.8,True
EMP-1030,2018-09-23,Finance,Finance Manager,108000,54,Male,Sydney,PhD,20,1.4,6.6,True
EMP-1031,2019-12-26,HR,HR Director,102900,34,Male,Berlin,Bachelor,8,4.1,8.6,False
EMP-1032,2019-08-21,Product,VP of Product,158500,40,Male,Sydney,PhD,16,2.3,6.4,True
EMP-1033,2022-04-27,Sales,VP of Sales,148900,37,Male,New York,High School,14,4.6,1.7,True
EMP-1034,2019-11-12,Engineering,Junior Dev,103400,35,Non-binary,Sydney,PhD,5,3.4,1.8,True
EMP-1035,2019-08-04,Operations,COO,104100,30,Male,Sydney,High School,2,1.2,1.8,False
EMP-1036,2020-03-27,Sales,Sales Manager,103900,29,Male,Toronto,High School,4,1.9,6.4,True
EMP-1037,2023-06-21,HR,HR Manager,76900,58,Female,New York,Bachelor,27,2.9,3.0,True
EMP-1038,2015-04-10,Operations,Ops Analyst,57500,30,Male,London,Master,5,4.7,8.4,True
EMP-1039,2016-08-04,Legal,Associate,102500,48,Female,Sydney,Bachelor,7,1.9,2.6,True
EMP-1040,2021-09-03,HR,HR Manager,89200,36,Female,Berlin,PhD,3,1.7,7.5,True
EMP-1041,2016-07-09,Sales,SDR,67900,35,Non-binary,Toronto,Bachelor,9,4.9,4.3,False
EMP-1042,2022-09-29,Sales,SDR,72000,30,Non-binary,London,Master,8,3.0,7.8,True
EMP-1043,2023-04-06,Product,Senior PM,169600,30,Female,Sydney,High School,3,2.3,5.2,True
EMP-1044,2022-03-17,Finance,Finance Manager,119400,37,Male,New York,PhD,15,3.0,4.6,True
EMP-1045,2019-09-28,Engineering,Senior Dev,133300,32,Female,New York,Master,11,3.5,4.3,True
EMP-1046,2020-02-19,Product,Product Analyst,98200,35,Male,Sydney,High School,6,3.5,2.5,True
EMP-1047,2017-06-12,Finance,Analyst,78700,58,Male,New York,PhD,32,4.4,6.3,True
EMP-1048,2020-12-12,Product,Product Analyst,88300,22,Female,London,Master,1,2.1,2.1,False
EMP-1049,2021-07-14,Marketing,SEO Specialist,94100,50,Male,Berlin,High School,7,4.3,7.2,True
EMP-1050,2016-01-08,Marketing,CMO,109600,52,Male,New York,PhD,20,4.8,3.5,False
EMP-1051,2023-04-14,Legal,Associate,119400,34,Female,Remote,Bachelor,1,1.8,7.0,False
EMP-1052,2021-01-21,Operations,Ops Analyst,55300,55,Female,Sydney,Master,7,4.0,7.9,False
EMP-1053,2015-03-17,Marketing,SEO Specialist,73400,23,Female,Sydney,High School,2,4.0,6.7,True
EMP-1054,2017-05-12,Engineering,Junior Dev,108000,46,Female,London,Master,1,4.0,2.2,True
EMP-1055,2019-08-13,HR,HR Director,110200,38,Female,London,PhD,3,2.7,4.7,True
EMP-1056,2021-06-24,Legal,Paralegal,90100,24,Non-binary,Berlin,PhD,1,1.0,8.3,True
EMP-1057,2017-04-18,Marketing,Content Writer,76300,33,Female,London,Master,11,2.9,5.5,True
EMP-1058,2018-05-13,HR,Recruiter,85600,56,Male,Remote,Master,9,4.5,7.3,True
EMP-1059,2019-02-11,HR,HR Manager,104200,44,Female,New York,Bachelor,1,3.9,9.0,True
EMP-1060,2023-05-25,Legal,Associate,122000,43,Non-binary,Berlin,Bachelor,4,4.0,1.6,True
EMP-1061,2021-05-01,Finance,Finance Manager,119900,23,Non-binary,Berlin,High School,0,3.1,5.0,True
EMP-1062,2019-08-31,Engineering,Junior Dev,94000,26,Male,London,Master,5,1.2,2.5,True
EMP-1063,2023-12-18,Finance,Accountant,119500,39,Non-binary,Remote,Bachelor,11,3.6,6.4,True
EMP-1064,2018-07-23,Marketing,Marketing Manager,86700,38,Non-binary,Berlin,High School,1,3.9,7.5,True
EMP-1065,2022-09-24,Product,Product Analyst,101500,47,Female,London,PhD,25,4.8,6.8,True
EMP-1066,2023-01-05,Marketing,Marketing Manager,118200,24,Male,Toronto,PhD,0,1.1,2.7,True
EMP-1067,2017-02-24,Marketing,CMO,97700,57,Female,Toronto,Bachelor,10,2.3,9.4,True
EMP-1068,2023-10-12,Marketing,Marketing Manager,84100,30,Female,Sydney,High School,4,4.3,2.3,True
EMP-1069,2023-03-02,HR,HR Coordinator,56600,53,Female,Sydney,Master,0,3.7,4.0,True
EMP-1070,2015-07-18,Finance,Analyst,75100,47,Male,London,High School,25,4.3,7.1,False
EMP-1071,2016-03-31,Finance,Accountant,94100,27,Non-binary,Toronto,Master,4,5.0,4.9,True
EMP-1072,2020-04-02,Finance,Accountant,116100,22,Male,Berlin,Bachelor,0,4.3,6.9,True
EMP-1073,2017-04-27,Operations,COO,80000,23,Female,Berlin,High School,0,3.8,5.8,True
EMP-1074,2017-01-01,Marketing,Marketing Manager,87800,37,Male,Sydney,Master,1,2.1,5.4,True
EMP-1075,2016-07-20,Finance,Analyst,90200,33,Non-binary,Sydney,Master,12,1.2,3.6,True
EMP-1076,2020-12-09,Finance,Finance Manager,135600,54,Female,Sydney,Bachelor,28,4.6,4.2,True
EMP-1077,2018-05-27,Marketing,SEO Specialist,95500,47,Female,Toronto,Bachelor,17,1.9,9.0,True
EMP-1078,2019-10-03,Legal,Associate,123900,23,Non-binary,Sydney,PhD,1,4.3,3.7,True
EMP-1079,2022-01-05,Finance,Accountant,111300,44,Non-binary,Berlin,High School,7,1.5,8.0,True
EMP-1080,2015-02-28,Engineering,Engineering Manager,202000,37,Female,Sydney,Bachelor,16,2.8,2.4,False
EMP-1081,2015-04-03,Finance,Finance Manager,102500,38,Female,Berlin,Bachelor,7,3.5,4.7,True
EMP-1082,2019-01-26,Engineering,Engineering Manager,154700,33,Female,London,Bachelor,0,4.1,2.8,True
EMP-1083,2021-05-30,Marketing,Marketing Manager,104300,40,Female,Remote,Bachelor,19,2.9,2.6,False
EMP-1084,2023-02-26,Product,Senior PM,168500,57,Male,Remote,High School,7,1.8,9.2,True
EMP-1085,2019-07-22,Product,VP of Product,152700,46,Female,New York,High School,17,3.9,1.0,True
EMP-1086,2016-01-16,Product,Senior PM,120700,46,Male,New York,PhD,13,4.6,5.8,True
EMP-1087,2018-12-02,Marketing,Content Writer,79400,37,Female,Toronto,Master,1,4.3,9.0,True
EMP-1088,2017-11-14,Legal,Associate,98000,37,Female,Toronto,PhD,5,3.2,8.3,False
EMP-1089,2020-05-26,Operations,Ops Manager,82200,25,Non-binary,Toronto,PhD,3,3.0,1.2,True
EMP-1090,2022-08-25,Operations,Ops Manager,75100,50,Non-binary,Berlin,PhD,24,4.1,6.5,True
EMP-1091,2023-11-25,Engineering,Engineering Manager,150500,42,Female,Berlin,PhD,13,2.8,8.0,True
EMP-1092,2016-01-26,Marketing,Content Writer,74300,58,Female,New York,Bachelor,24,4.7,9.8,True
EMP-1093,2015-07-25,Engineering,Lead Engineer,149800,46,Male,London,Master,25,1.8,4.6,True
EMP-1094,2017-05-02,HR,Recruiter,89900,56,Male,Remote,Bachelor,13,4.8,5.9,True
EMP-1095,2019-12-15,HR,Recruiter,87200,24,Non-binary,London,Bachelor,1,2.9,4.9,True
EMP-1096,2017-05-19,Operations,Ops Analyst,63600,52,Non-binary,Berlin,High School,0,2.2,2.8,True
EMP-1097,2015-08-09,Finance,CFO,136600,42,Female,London,Bachelor,16,1.6,2.9,True
EMP-1098,2022-10-10,Sales,Account Executive,83700,54,Female,Remote,Master,30,2.8,2.9,True
EMP-1099,2017-03-24,Operations,Ops Manager,88400,38,Male,Sydney,Master,2,2.9,8.6,True
EMP-1100,2021-09-16,HR,Recruiter,67700,37,Female,Berlin,PhD,1,1.4,4.8,False
EMP-1101,2017-04-28,Finance,Accountant,108100,46,Non-binary,Sydney,Bachelor,0,4.8,3.1,False
EMP-1102,2020-05-28,Finance,Accountant,104600,37,Female,London,PhD,11,4.6,4.3,True
EMP-1103,2020-09-08,Marketing,CMO,134300,34,Male,London,Master,11,4.2,8.3,True
EMP-1104,2017-10-25,Legal,General Counsel,147700,55,Female,Remote,Bachelor,24,2.6,4.4,True
EMP-1105,2017-11-29,Finance,Analyst,76300,31,Female,London,High School,9,2.5,4.6,True
EMP-1106,2023-03-07,Product,Senior PM,168800,41,Non-binary,Toronto,PhD,7,3.9,5.9,True
EMP-1107,2023-06-29,Finance,Analyst,95600,58,Female,Berlin,High School,9,1.6,1.1,False
EMP-1108,2015-05-30,Product,Product Manager,149600,31,Non-binary,Sydney,Bachelor,4,3.7,7.1,True
EMP-1109,2015-03-03,Legal,Senior Counsel,154700,28,Female,Remote,Master,5,4.8,6.7,True
EMP-1110,2022-04-22,Engineering,Junior Dev,87800,49,Non-binary,Berlin,Master,18,4.6,4.6,True
EMP-1111,2022-07-19,Legal,Associate,125600,38,Male,London,High School,7,3.2,2.9,True
EMP-1112,2023-06-30,Engineering,Lead Engineer,152600,33,Non-binary,Berlin,Bachelor,1,4.3,1.6,True
EMP-1113,2021-07-15,Sales,Sales Manager,103400,50,Female,Sydney,Master,28,1.7,3.6,True
EMP-1114,2017-03-08,Engineering,Engineering Manager,209100,28,Male,London,High School,7,4.3,9.4,True
EMP-1115,2017-03-19,HR,HR Coordinator,58200,34,Male,London,PhD,2,1.3,2.7,True
EMP-1116,2016-11-13,Marketing,CMO,118300,43,Female,Toronto,Master,2,4.4,1.0,True
EMP-1117,2018-09-18,Sales,VP of Sales,128500,32,Female,Remote,Bachelor,10,4.0,4.0,False
EMP-1118,2021-08-30,Sales,Sales Manager,118900,24,Male,Sydney,Bachelor,2,1.4,8.6,True
EMP-1119,2018-06-28,Engineering,Junior Dev,102700,34,Male,New York,PhD,3,2.4,2.8,False
EMP-1120,2023-11-07,Operations,Ops Analyst,59900,31,Male,New York,Bachelor,8,1.4,3.2,True
EMP-1121,2021-06-27,Product,Product Manager,147000,49,Female,Toronto,PhD,4,4.2,3.2,True
EMP-1122,2017-02-13,Finance,Analyst,82100,48,Non-binary,London,PhD,23,2.5,2.7,True
EMP-1123,2020-02-09,Legal,Paralegal,92000,47,Female,London,Bachelor,9,3.0,6.1,True
EMP-1124,2023-06-28,Product,Product Analyst,93500,32,Female,Remote,Master,7,1.2,8.4,True
EMP-1125,2020-12-18,Sales,Account Executive,98100,36,Female,Remote,High School,6,1.1,5.5,True
EMP-1126,2023-06-23,Legal,Associate,120400,36,Female,Toronto,High School,14,4.2,2.9,True
EMP-1127,2021-07-25,Marketing,CMO,97300,24,Male,Toronto,PhD,0,3.4,9.0,False
EMP-1128,2021-08-12,Finance,Finance Manager,117600,29,Non-binary,Remote,PhD,3,3.3,6.3,True
EMP-1129,2017-10-05,Engineering,Engineering Manager,156700,51,Female,Sydney,PhD,1,4.2,3.2,True
EMP-1130,2018-12-04,Product,Senior PM,163200,48,Non-binary,Toronto,Bachelor,10,4.1,6.8,False
EMP-1131,2020-02-27,Legal,Paralegal,85400,23,Female,New York,High School,1,5.0,1.9,True
EMP-1132,2020-08-14,Marketing,Marketing Manager,105800,22,Male,Toronto,Master,1,2.3,1.8,True
EMP-1133,2020-11-12,Legal,Senior Counsel,114200,35,Non-binary,Remote,Master,14,2.0,4.0,True
EMP-1134,2022-07-01,Legal,General Counsel,168300,37,Non-binary,Berlin,Bachelor,10,2.9,7.8,True
EMP-1135,2023-10-27,Operations,Ops Manager,67400,35,Female,Remote,PhD,9,1.9,3.0,False
EMP-1136,2023-04-24,Marketing,Marketing Manager,122000,48,Non-binary,Berlin,High School,24,2.0,9.0,True
EMP-1137,2020-09-17,Marketing,Marketing Manager,89600,54,Female,London,Bachelor,26,2.9,5.0,True
EMP-1138,2016-07-11,Marketing,Content Writer,70200,56,Female,Remote,Bachelor,12,4.8,5.3,True
EMP-1139,2017-08-23,Engineering,Engineering Manager,192700,29,Female,Sydney,Master,1,3.3,6.4,True
EMP-1140,2019-10-24,Engineering,Engineering Manager,175900,43,Male,Sydney,Master,17,1.7,6.8,True
EMP-1141,2017-11-15,Legal,Associate,114400,53,Male,New York,Bachelor,30,4.8,7.3,True
EMP-1142,2018-08-15,Finance,Analyst,90500,48,Female,New York,Bachelor,14,3.8,7.9,True
EMP-1143,2022-01-28,HR,HR Manager,75800,49,Female,Berlin,PhD,1,4.1,4.1,True
EMP-1144,2021-04-03,HR,Recruiter,78600,41,Female,London,Bachelor,3,2.8,9.6,True
EMP-1145,2018-06-23,Operations,Ops Manager,75500,28,Male,New York,PhD,0,1.5,3.6,True
EMP-1146,2015-05-02,Product,Product Analyst,117800,38,Non-binary,London,High School,8,1.1,9.6,True
EMP-1147,2022-11-11,Sales,Account Executive,108900,23,Non-binary,Sydney,PhD,1,4.8,8.1,True
EMP-1148,2021-01-26,Finance,CFO,117000,26,Non-binary,London,Bachelor,3,2.8,2.5,True
EMP-1149,2016-07-01,Operations,COO,78100,55,Male,New York,Bachelor,32,1.5,10.0,False
EMP-1150,2022-03-03,HR,HR Manager,100400,44,Non-binary,New York,High School,2,1.1,4.6,True
EMP-1151,2022-10-13,Product,VP of Product,156900,32,Non-binary,Toronto,High School,0,1.2,8.4,True
EMP-1152,2023-05-28,Legal,Associate,103700,36,Female,Remote,High School,14,3.8,3.4,True
EMP-1153,2016-04-03,Engineering,Junior Dev,109500,26,Non-binary,London,Bachelor,5,4.4,4.4,False
EMP-1154,2015-02-20,HR,HR Manager,102100,36,Non-binary,Toronto,Master,8,1.4,8.2,False
EMP-1155,2015-04-29,Legal,Paralegal,93700,50,Male,Berlin,Bachelor,25,2.9,1.1,True
EMP-1156,2016-04-13,Sales,Sales Manager,100500,38,Male,Sydney,PhD,16,4.0,4.0,True
EMP-1157,2021-11-15,Marketing,CMO,136400,40,Female,Sydney,Bachelor,2,2.8,8.3,True
EMP-1158,2022-12-04,Sales,VP of Sales,138000,51,Non-binary,Berlin,Bachelor,3,3.2,7.6,True
EMP-1159,2021-08-30,Legal,Senior Counsel,113700,25,Female,Toronto,Master,3,2.2,6.6,False
EMP-1160,2022-02-22,HR,HR Coordinator,66600,56,Non-binary,Remote,PhD,23,3.7,6.9,True
EMP-1161,2015-05-25,Sales,Account Executive,109900,36,Non-binary,London,Master,11,3.0,5.1,True
EMP-1162,2017-08-08,Sales,SDR,76100,43,Male,Toronto,Bachelor,7,2.2,4.3,True
EMP-1163,2023-07-24,Finance,Accountant,98300,32,Female,London,High School,11,3.0,1.1,True
EMP-1164,2023-05-31,Operations,COO,97400,39,Female,Toronto,High School,14,4.1,7.6,True
EMP-1165,2021-11-03,HR,Recruiter,86600,43,Non-binary,Remote,Bachelor,4,2.4,3.4,True
EMP-1166,2017-09-03,Sales,SDR,72700,42,Non-binary,Sydney,Bachelor,0,2.3,7.0,True
EMP-1167,2022-02-06,Engineering,Senior Dev,133800,34,Male,London,Bachelor,4,4.8,6.1,True
EMP-1168,2020-04-09,Operations,COO,91700,29,Male,New York,Master,1,2.8,5.6,False
EMP-1169,2022-01-28,Product,VP of Product,167100,49,Male,Sydney,Master,14,2.2,8.8,True
EMP-1170,2015-05-16,Engineering,Junior Dev,88300,39,Non-binary,Sydney,Bachelor,3,4.9,3.9,True
EMP-1171,2015-11-12,Marketing,Content Writer,72300,25,Male,Sydney,High School,1,2.0,7.1,True
EMP-1172,2016-05-21,Marketing,Marketing Manager,103400,24,Female,New York,Bachelor,2,3.5,3.1,False
EMP-1173,2021-01-04,Marketing,Marketing Manager,118700,43,Non-binary,Berlin,PhD,16,1.3,9.5,False
EMP-1174,2023-08-12,Finance,Finance Manager,113800,45,Female,Remote,High School,7,3.9,9.2,True
EMP-1175,2023-08-18,Finance,Analyst,83800,29,Female,Sydney,Master,5,2.8,9.6,True
EMP-1176,2017-05-29,Engineering,Junior Dev,86400,57,Male,Remote,Bachelor,20,1.0,2.4,True
EMP-1177,2017-12-31,Operations,Ops Manager,67500,32,Male,Berlin,PhD,1,3.8,8.9,True
EMP-1178,2022-05-13,Product,Senior PM,174600,26,Male,Remote,Bachelor,0,4.7,7.5,True
EMP-1179,2019-06-11,HR,HR Director,83600,33,Female,New York,Master,9,4.9,5.9,True
EMP-1180,2017-03-25,Marketing,SEO Specialist,98400,28,Male,Remote,Master,6,1.1,8.8,True
EMP-1181,2016-09-15,Legal,Associate,121000,54,Non-binary,New York,PhD,27,4.8,4.6,True
EMP-1182,2016-06-21,Engineering,Senior Dev,128800,56,Female,Toronto,Bachelor,5,3.5,7.0,True
EMP-1183,2023-09-10,Finance,Accountant,83700,32,Male,Toronto,PhD,2,1.6,9.4,True
EMP-1184,2020-03-08,HR,HR Director,119700,58,Female,New York,PhD,17,3.9,5.2,True
EMP-1185,2016-04-25,Product,Senior PM,174400,33,Non-binary,London,High School,11,4.3,7.4,True
EMP-1186,2023-07-28,Sales,SDR,66800,36,Non-binary,Berlin,PhD,10,2.5,9.4,True
EMP-1187,2020-09-28,HR,Recruiter,73900,38,Non-binary,Sydney,Master,4,3.9,4.2,True
EMP-1188,2017-08-15,Marketing,SEO Specialist,103600,42,Non-binary,Toronto,High School,2,2.7,3.0,True
EMP-1189,2016-08-22,Finance,CFO,128300,35,Non-binary,Berlin,Master,5,1.1,5.6,False
EMP-1190,2021-02-16,Product,Product Analyst,124800,24,Male,Toronto,Master,3,3.0,3.4,True
EMP-1191,2015-03-21,HR,HR Manager,88300,49,Non-binary,London,High School,20,1.3,1.5,False
EMP-1192,2019-11-21,Marketing,SEO Specialist,89400,52,Female,London,High School,22,3.2,4.8,True
EMP-1193,2018-04-08,Engineering,Engineering Manager,203400,33,Male,Sydney,Master,8,4.3,7.1,True
EMP-1194,2015-08-03,Marketing,CMO,136900,53,Female,Remote,PhD,17,2.6,4.6,True
EMP-1195,2017-11-29,Finance,Accountant,83000,41,Female,New York,Master,16,1.6,3.4,True
EMP-1196,2017-11-07,Product,Senior PM,139000,46,Non-binary,London,Bachelor,18,4.4,9.6,True
EMP-1197,2019-10-21,Sales,VP of Sales,113800,40,Female,Sydney,High School,8,1.1,2.0,True
EMP-1198,2023-12-21,Sales,Sales Manager,96100,32,Non-binary,Sydney,PhD,3,4.5,7.6,True
EMP-1199,2020-11-19,Engineering,Engineering Manager,165300,51,Female,Sydney,Master,24,3.3,1.6,False
EMP-1200,2023-01-24,Sales,VP of Sales,111100,49,Non-binary,Berlin,Bachelor,11,3.9,1.3,True
EMP-1201,2015-10-31,HR,Recruiter,81500,34,Male,Remote,High School,3,1.2,5.7,True
EMP-1202,2021-09-10,Sales,SDR,68000,25,Male,Sydney,High School,0,1.1,2.4,True
EMP-1203,2021-10-24,Legal,Paralegal,88100,34,Male,New York,Master,2,1.6,6.9,True
EMP-1204,2015-03-23,HR,HR Manager,104800,31,Non-binary,Remote,High School,10,4.1,7.7,True
EMP-1205,2021-02-15,Legal,General Counsel,169600,26,Non-binary,Berlin,Bachelor,2,1.1,6.2,True
EMP-1206,2020-04-26,Marketing,Content Writer,79100,51,Male,London,High School,14,3.7,1.5,True
EMP-1207,2022-07-22,Sales,Sales Manager,121500,40,Male,London,Bachelor,3,1.7,5.5,True
EMP-1208,2015-02-08,Finance,Accountant,87400,28,Male,Sydney,PhD,6,3.3,5.2,True
EMP-1209,2021-06-07,HR,Recruiter,61900,47,Non-binary,Toronto,Master,15,4.0,1.5,True
EMP-1210,2019-04-23,Engineering,Senior Dev,106000,34,Female,London,Bachelor,10,2.2,3.7,True
EMP-1211,2020-04-14,Operations,COO,105900,56,Non-binary,London,PhD,6,4.1,1.4,True
EMP-1212,2017-01-08,HR,HR Director,112200,25,Male,Remote,PhD,2,2.3,9.2,True
EMP-1213,2021-06-13,Marketing,Content Writer,80000,43,Female,Berlin,PhD,12,3.5,9.8,True
EMP-1214,2018-05-08,Legal,Senior Counsel,150000,36,Non-binary,Berlin,Master,5,3.1,4.6,True
EMP-1215,2020-01-11,Marketing,SEO Specialist,85000,24,Female,Berlin,PhD,3,3.7,9.3,True
EMP-1216,2020-11-28,Sales,Account Executive,106500,58,Female,Remote,High School,27,4.3,7.0,True
EMP-1217,2017-02-20,Engineering,Staff Engineer,157700,39,Non-binary,London,PhD,17,1.5,7.0,True
EMP-1218,2016-06-27,Engineering,Lead Engineer,121600,41,Male,Berlin,Master,15,3.5,7.8,False
EMP-1219,2021-03-12,Product,Product Manager,133500,40,Male,Sydney,Master,19,2.5,3.1,True
EMP-1220,2021-06-12,Engineering,Engineering Manager,190400,38,Non-binary,Remote,High School,8,3.5,5.7,False
EMP-1221,2021-02-03,Legal,Paralegal,111900,51,Non-binary,New York,PhD,19,2.5,2.7,True
EMP-1222,2020-06-10,HR,HR Director,93100,25,Male,New York,PhD,1,2.2,8.6,False
EMP-1223,2016-08-03,HR,Recruiter,77900,50,Male,Toronto,Bachelor,19,1.1,1.0,True
EMP-1224,2015-03-10,HR,HR Coordinator,74700,54,Male,New York,High School,11,2.3,1.2,False
EMP-1225,2019-02-02,Finance,Accountant,114500,34,Male,New York,Bachelor,9,2.3,4.6,True
EMP-1226,2023-04-12,Engineering,Lead Engineer,146800,34,Non-binary,Toronto,PhD,1,3.9,6.0,True
EMP-1227,2022-12-05,Marketing,CMO,139000,50,Male,Sydney,High School,24,4.2,6.8,True
EMP-1228,2017-11-11,Legal,Paralegal,99400,31,Male,Sydney,Bachelor,0,4.0,4.8,True
EMP-1229,2019-08-23,Operations,COO,88800,32,Non-binary,Sydney,High School,6,1.8,8.1,True
EMP-1230,2015-04-15,Operations,COO,111500,40,Female,Remote,Master,1,2.5,8.4,True
EMP-1231,2020-12-28,Product,VP of Product,179600,43,Non-binary,Sydney,PhD,6,1.2,2.5,True
EMP-1232,2021-03-19,Sales,VP of Sales,119500,26,Male,Sydney,Bachelor,5,5.0,6.5,False
EMP-1233,2017-08-11,HR,Recruiter,85200,58,Male,Toronto,Master,15,1.9,9.8,True
EMP-1234,2022-01-04,Engineering,Lead Engineer,153800,39,Male,Berlin,PhD,0,2.2,8.2,False
EMP-1235,2016-07-29,Sales,VP of Sales,146800,47,Male,New York,PhD,7,1.5,3.9,True
EMP-1236,2022-05-17,Finance,CFO,121200,54,Male,Sydney,Master,1,1.1,9.0,True
EMP-1237,2022-02-14,Sales,Account Executive,111100,58,Male,Berlin,High School,29,2.3,9.8,True
EMP-1238,2018-11-12,Engineering,Staff Engineer,164100,41,Male,Toronto,High School,1,3.5,8.7,True
EMP-1239,2018-08-08,Sales,Account Executive,93600,32,Female,New York,Master,0,4.8,7.7,True
EMP-1240,2015-04-10,Engineering,Junior Dev,96000,37,Female,Berlin,PhD,1,3.8,9.7,True
EMP-1241,2022-10-10,Sales,SDR,76300,57,Male,London,High School,34,4.3,6.5,True
EMP-1242,2019-03-11,Product,Product Manager,116300,39,Non-binary,New York,Master,10,4.5,7.9,True
EMP-1243,2022-08-09,Operations,Ops Analyst,81000,52,Non-binary,Remote,Bachelor,25,3.6,8.4,True
EMP-1244,2016-06-01,Marketing,SEO Specialist,94500,52,Male,Toronto,PhD,2,3.4,5.8,True
EMP-1245,2017-07-24,Sales,VP of Sales,142800,27,Male,Remote,Bachelor,3,3.1,9.5,True
EMP-1246,2015-02-22,Sales,SDR,73000,43,Female,Berlin,PhD,14,2.2,7.0,True
EMP-1247,2017-02-18,Marketing,Marketing Manager,96100,28,Non-binary,Berlin,Master,7,1.1,5.8,True
EMP-1248,2022-11-27,HR,HR Director,107900,36,Female,Toronto,PhD,1,3.8,3.3,True
EMP-1249,2023-10-24,Engineering,Junior Dev,97700,35,Non-binary,London,PhD,5,4.4,4.4,True
EMP-1250,2021-11-19,Engineering,Junior Dev,90000,37,Female,New York,Master,6,1.9,7.3,False
EMP-1251,2020-01-10,Product,Senior PM,152100,41,Female,Toronto,High School,16,2.9,6.2,True
EMP-1252,2022-07-11,Marketing,SEO Specialist,78900,32,Male,Remote,Bachelor,9,1.3,7.0,True
EMP-1253,2016-12-15,Operations,Ops Manager,68500,33,Female,Toronto,Bachelor,11,3.5,7.2,True
EMP-1254,2022-10-24,Finance,Accountant,94600,42,Female,Remote,PhD,19,1.6,2.4,True
EMP-1255,2018-02-10,Engineering,Lead Engineer,119400,34,Non-binary,New York,Bachelor,9,2.6,1.9,True
EMP-1256,2015-04-22,Product,Product Manager,119200,36,Female,London,PhD,14,4.6,2.7,False
EMP-1257,2023-03-28,Finance,CFO,127700,30,Female,Berlin,High School,0,4.1,4.1,True
EMP-1258,2021-12-01,Sales,SDR,68400,27,Non-binary,Sydney,PhD,2,3.5,3.4,True
EMP-1259,2023-03-12,Finance,Accountant,105300,53,Non-binary,Sydney,PhD,24,1.1,4.5,False
EMP-1260,2015-05-16,Finance,Finance Manager,122300,52,Non-binary,Toronto,Bachelor,13,1.7,8.2,True
EMP-1261,2015-07-29,HR,Recruiter,69500,39,Male,Remote,High School,18,1.0,4.8,True
EMP-1262,2021-01-25,Operations,COO,82500,49,Male,Remote,Bachelor,14,2.7,4.6,False
EMP-1263,2019-08-12,HR,HR Coordinator,53700,58,Female,New York,Master,11,1.7,7.1,True
EMP-1264,2016-06-19,Product,Senior PM,136200,30,Female,Berlin,Master,9,4.2,2.3,True
EMP-1265,2018-08-20,Operations,Ops Manager,95300,30,Non-binary,Toronto,High School,5,1.2,3.2,True
EMP-1266,2015-07-03,Operations,COO,88900,41,Male,London,Master,1,4.3,8.9,True
EMP-1267,2023-10-29,Marketing,Content Writer,77700,44,Female,Toronto,High School,7,3.9,9.5,False
EMP-1268,2021-09-08,HR,HR Manager,82900,44,Female,Sydney,High School,4,1.3,8.1,True
EMP-1269,2021-01-18,Legal,Associate,106500,40,Female,Sydney,Bachelor,15,4.4,5.9,True
EMP-1270,2021-06-10,Operations,Ops Manager,78500,33,Male,Berlin,Bachelor,4,1.6,3.9,False
EMP-1271,2023-03-03,Engineering,Lead Engineer,137800,44,Male,New York,Bachelor,11,3.9,9.6,True
EMP-1272,2022-03-09,Legal,Associate,123800,41,Male,Toronto,PhD,7,1.6,6.0,True
EMP-1273,2015-09-10,Product,VP of Product,141200,29,Male,London,PhD,5,3.0,6.0,True
EMP-1274,2023-09-12,Finance,Analyst,96200,50,Female,Remote,PhD,25,3.1,6.3,True
EMP-1275,2023-05-30,HR,HR Coordinator,52000,25,Female,London,High School,2,4.5,6.8,False
EMP-1276,2022-06-27,Engineering,Lead Engineer,121900,57,Male,Toronto,Master,35,1.3,9.0,True
EMP-1277,2019-05-05,Finance,Accountant,113200,49,Male,Remote,Master,18,2.6,1.2,True
EMP-1278,2019-09-22,Finance,Finance Manager,100600,38,Male,Toronto,Master,8,2.6,9.0,True
EMP-1279,2015-05-31,Legal,Senior Counsel,111700,41,Non-binary,New York,High School,3,3.5,3.6,True
EMP-1280,2015-04-22,Legal,Senior Counsel,108700,56,Non-binary,Sydney,Master,28,3.4,2.9,True
EMP-1281,2017-04-29,Finance,CFO,130200,58,Non-binary,Berlin,High School,26,1.8,3.6,True
EMP-1282,2019-07-16,Marketing,Content Writer,67700,42,Male,Berlin,Master,13,2.0,1.8,True
EMP-1283,2017-11-14,Product,VP of Product,197800,49,Female,London,PhD,21,3.3,2.7,True
EMP-1284,2018-07-30,HR,HR Director,94600,25,Male,New York,PhD,3,1.6,4.6,False
EMP-1285,2015-07-30,Legal,Associate,131400,22,Male,Remote,Master,0,1.1,3.0,True
EMP-1286,2022-10-23,Marketing,SEO Specialist,94500,30,Male,London,Master,5,4.7,8.8,False
EMP-1287,2022-03-21,Legal,Senior Counsel,142400,29,Non-binary,Berlin,Master,5,3.9,3.8,True
EMP-1288,2016-07-28,HR,HR Coordinator,69500,29,Non-binary,Berlin,Bachelor,0,1.1,3.0,True
EMP-1289,2021-12-18,Product,Senior PM,166600,22,Male,Remote,Master,1,2.5,8.8,True
EMP-1290,2016-08-11,Marketing,SEO Specialist,86700,27,Non-binary,Sydney,High School,1,1.9,2.6,True
EMP-1291,2015-02-18,Product,VP of Product,162300,31,Non-binary,New York,Bachelor,6,1.6,4.0,True
EMP-1292,2017-07-10,Marketing,CMO,115900,27,Non-binary,Remote,PhD,0,3.8,6.9,True
EMP-1293,2016-08-18,Marketing,SEO Specialist,74400,47,Non-binary,Sydney,Master,13,1.4,1.7,True
EMP-1294,2021-02-28,Operations,Ops Manager,90600,47,Non-binary,Remote,Bachelor,20,2.7,2.5,False
EMP-1295,2021-08-31,Engineering,Staff Engineer,141700,34,Non-binary,Sydney,PhD,1,1.4,5.6,True
EMP-1296,2019-04-26,Operations,Ops Analyst,59000,39,Non-binary,New York,Bachelor,9,4.4,6.6,True
EMP-1297,2021-07-19,Sales,Account Executive,90900,27,Male,New York,PhD,0,2.6,9.4,False
EMP-1298,2017-10-24,Legal,Paralegal,85800,50,Non-binary,Berlin,High School,12,4.7,4.5,True
EMP-1299,2019-12-15,Operations,Ops Analyst,55900,39,Female,Sydney,PhD,16,1.1,8.4,True
EMP-1300,2016-08-20,HR,HR Coordinator,73700,36,Male,New York,PhD,10,4.8,3.1,True
EMP-1301,2015-02-18,Legal,General Counsel,148400,34,Female,Berlin,Bachelor,7,2.4,4.5,True
EMP-1302,2017-03-11,Sales,Account Executive,110700,27,Female,Sydney,Bachelor,2,2.8,7.5,True
EMP-1303,2021-06-06,Product,VP of Product,141100,47,Female,London,PhD,20,3.6,7.1,True
EMP-1304,2020-06-20,Operations,Ops Analyst,57300,39,Male,London,PhD,13,1.4,4.2,True
EMP-1305,2016-01-28,Operations,COO,85400,55,Female,London,PhD,24,2.0,3.3,True
EMP-1306,2016-10-12,HR,HR Coordinator,61100,36,Male,New York,Master,4,2.3,9.6,True
EMP-1307,2017-08-09,Legal,Associate,116900,57,Female,Sydney,Master,14,2.5,7.3,True
EMP-1308,2017-08-11,Marketing,Marketing Manager,99200,52,Non-binary,Remote,High School,0,1.1,8.3,True
EMP-1309,2021-08-19,Engineering,Lead Engineer,125100,29,Male,Remote,Master,8,1.7,7.2,True
EMP-1310,2022-10-21,Product,VP of Product,172000,56,Female,Sydney,Master,2,1.4,9.9,True
EMP-1311,2018-12-11,Legal,General Counsel,133900,41,Female,Berlin,Bachelor,14,4.6,8.6,True
EMP-1312,2016-12-02,Marketing,CMO,99100,47,Non-binary,New York,PhD,2,1.8,1.8,True
EMP-1313,2018-08-05,Operations,Ops Analyst,59300,53,Male,London,PhD,9,1.2,2.7,True
EMP-1314,2020-02-14,Engineering,Junior Dev,85100,56,Female,Toronto,High School,20,1.3,2.3,True
EMP-1315,2019-11-11,Finance,Accountant,100200,49,Female,Berlin,PhD,22,1.6,1.2,False
EMP-1316,2016-04-06,Marketing,CMO,99500,35,Non-binary,New York,High School,8,2.3,8.2,True
EMP-1317,2020-01-08,HR,HR Director,115800,34,Non-binary,Sydney,PhD,1,3.6,3.7,True
EMP-1318,2020-03-04,Product,Product Manager,147800,34,Male,Toronto,PhD,4,2.5,6.6,True
EMP-1319,2017-05-20,Sales,Sales Manager,114600,40,Non-binary,London,Master,12,4.5,5.4,True
EMP-1320,2016-01-08,Finance,Analyst,83200,40,Male,Toronto,PhD,8,2.8,3.8,False
EMP-1321,2019-04-08,HR,Recruiter,85000,23,Non-binary,London,PhD,0,2.0,3.2,True
EMP-1322,2015-01-29,Product,Product Manager,134800,51,Female,Sydney,High School,12,1.3,8.0,True
EMP-1323,2018-08-05,Marketing,Marketing Manager,116100,41,Male,New York,High School,6,4.3,1.5,True
EMP-1324,2021-09-11,Finance,Finance Manager,96500,53,Female,Berlin,Master,32,4.5,7.4,True
EMP-1325,2019-05-07,Sales,Sales Manager,109900,55,Female,Remote,High School,31,1.8,6.3,True
EMP-1326,2017-10-11,Finance,Analyst,83900,33,Male,Toronto,High School,10,2.2,4.3,True
EMP-1327,2018-09-08,Operations,Ops Analyst,79200,41,Female,London,Master,7,3.7,3.2,True
EMP-1328,2017-12-20,Product,Product Analyst,95700,55,Male,London,Bachelor,14,1.1,8.0,True
EMP-1329,2016-08-02,Sales,Account Executive,101100,52,Non-binary,Berlin,High School,16,2.5,4.9,True
EMP-1330,2022-09-10,Finance,Finance Manager,120400,30,Female,Toronto,PhD,5,1.4,6.3,True
EMP-1331,2023-07-01,Legal,General Counsel,146500,44,Female,Berlin,High School,23,4.2,7.7,True
EMP-1332,2020-02-06,Engineering,Lead Engineer,120200,42,Non-binary,Berlin,Master,11,1.4,2.4,True
EMP-1333,2017-10-26,Engineering,Staff Engineer,154600,39,Female,Sydney,High School,9,3.9,4.9,True
EMP-1334,2018-12-09,Legal,General Counsel,166500,23,Male,Sydney,High School,1,1.7,9.3,True
EMP-1335,2022-02-08,Marketing,SEO Specialist,87600,50,Non-binary,Sydney,High School,27,3.5,4.8,True
EMP-1336,2023-12-24,Operations,Ops Analyst,69500,35,Non-binary,Sydney,PhD,13,2.8,7.3,False
EMP-1337,2016-10-14,Product,Senior PM,165000,39,Non-binary,Remote,Master,1,2.7,3.6,True
EMP-1338,2016-07-14,Marketing,Content Writer,79600,58,Non-binary,Remote,Master,3,2.6,2.6,True
EMP-1339,2022-11-14,Sales,Sales Manager,102200,32,Non-binary,Remote,High School,10,1.1,8.7,True
EMP-1340,2021-02-14,HR,HR Manager,77400,28,Female,Sydney,Bachelor,1,3.9,8.1,False
EMP-1341,2019-07-18,Engineering,Junior Dev,113800,56,Female,Berlin,Master,30,3.3,3.5,False
EMP-1342,2016-12-08,Operations,Ops Manager,84200,53,Female,Sydney,High School,32,1.1,6.4,True
EMP-1343,2020-04-29,Legal,Paralegal,102400,32,Non-binary,London,High School,6,4.5,8.1,True
EMP-1344,2020-11-09,Marketing,Marketing Manager,92700,30,Female,Remote,PhD,5,2.0,8.0,True
EMP-1345,2015-07-20,HR,Recruiter,68900,39,Female,Toronto,Master,9,1.3,3.1,True
EMP-1346,2022-02-17,HR,HR Director,89100,22,Male,London,PhD,1,1.1,8.0,True
EMP-1347,2022-05-02,Operations,COO,97000,22,Male,Remote,Master,1,3.4,7.3,True
EMP-1348,2017-05-14,Finance,CFO,113300,34,Male,Berlin,High School,7,1.8,5.0,True
EMP-1349,2015-12-06,Marketing,CMO,133200,45,Non-binary,Toronto,High School,7,2.4,7.6,True
EMP-1350,2016-01-30,Engineering,Staff Engineer,153800,46,Non-binary,Toronto,High School,5,1.9,2.2,True
EMP-1351,2023-04-15,Engineering,Staff Engineer,132800,31,Male,Toronto,Bachelor,9,4.5,1.0,False
EMP-1352,2023-06-25,Engineering,Senior Dev,126100,26,Female,Toronto,Master,2,1.5,8.6,True
EMP-1353,2021-06-02,Legal,General Counsel,168700,22,Non-binary,London,Master,1,2.3,2.0,True
EMP-1354,2022-03-13,Finance,Accountant,106300,32,Female,New York,Bachelor,3,3.4,9.7,True
EMP-1355,2021-03-15,Marketing,Content Writer,87300,51,Male,London,High School,7,1.7,5.9,True
EMP-1356,2018-08-10,Engineering,Engineering Manager,164500,36,Male,Berlin,Master,5,1.9,4.1,True
EMP-1357,2020-11-24,Operations,Ops Manager,77400,58,Male,Berlin,PhD,20,4.8,7.5,True
EMP-1358,2023-07-13,Engineering,Engineering Manager,182500,41,Non-binary,New York,High School,13,1.3,2.0,True
EMP-1359,2019-10-06,Legal,Paralegal,78700,29,Male,London,PhD,0,2.2,1.5,True
EMP-1360,2016-01-07,Sales,Sales Manager,99500,25,Non-binary,Berlin,Master,2,4.7,3.2,True
EMP-1361,2017-07-19,Finance,Finance Manager,104800,40,Non-binary,Toronto,High School,2,1.0,8.6,True
EMP-1362,2016-11-03,Finance,Accountant,109800,42,Non-binary,New York,Bachelor,18,3.8,8.7,True
EMP-1363,2023-02-22,HR,HR Director,93000,34,Male,London,PhD,12,3.9,3.3,True
EMP-1364,2015-03-23,Product,Product Analyst,116800,30,Male,Remote,PhD,7,1.9,10.0,True
EMP-1365,2021-11-11,Operations,Ops Analyst,62600,45,Male,Remote,Master,9,2.7,7.6,True
EMP-1366,2022-09-11,HR,Recruiter,89700,25,Female,Berlin,Bachelor,3,2.3,9.4,True
EMP-1367,2021-09-30,Legal,General Counsel,175200,38,Female,Remote,Bachelor,3,2.4,3.4,True
EMP-1368,2018-07-31,Legal,Senior Counsel,117200,42,Non-binary,New York,High School,18,3.4,2.4,True
EMP-1369,2023-11-17,Operations,Ops Analyst,81000,35,Female,Berlin,Bachelor,6,3.5,6.0,False
EMP-1370,2016-03-04,Product,Product Analyst,122500,51,Male,New York,High School,14,3.9,5.2,False
EMP-1371,2017-01-16,Finance,Accountant,87000,23,Male,Remote,Master,0,4.1,8.9,True
EMP-1372,2017-03-11,Operations,COO,103800,52,Non-binary,London,Bachelor,20,1.3,6.5,True
EMP-1373,2018-02-07,Sales,VP of Sales,140500,30,Female,Berlin,PhD,1,3.4,5.4,True
EMP-1374,2018-03-14,Engineering,Senior Dev,115800,42,Male,London,High School,8,4.2,9.4,True
EMP-1375,2019-03-03,Marketing,Marketing Manager,90200,41,Non-binary,Remote,Master,19,3.0,6.6,True
EMP-1376,2018-06-07,Operations,Ops Analyst,66700,26,Non-binary,Sydney,PhD,0,2.1,1.7,True
EMP-1377,2015-10-31,Marketing,CMO,95400,45,Female,New York,High School,23,3.5,1.3,True
EMP-1378,2017-01-30,Operations,Ops Analyst,66600,58,Male,Sydney,High School,34,3.7,8.1,True
EMP-1379,2020-09-10,Marketing,Content Writer,83000,36,Male,Sydney,High School,13,1.2,5.9,True
EMP-1380,2019-01-04,HR,Recruiter,79400,55,Female,Sydney,High School,22,3.7,4.9,True
EMP-1381,2023-07-28,Product,VP of Product,150800,53,Female,Toronto,High School,11,4.0,3.2,False
EMP-1382,2023-05-18,HR,HR Director,84000,44,Male,New York,PhD,17,2.7,6.8,True
EMP-1383,2017-07-28,Operations,Ops Manager,72300,25,Female,London,High School,0,3.5,4.5,True
EMP-1384,2018-11-02,Marketing,Content Writer,70400,22,Non-binary,Sydney,Bachelor,1,3.9,7.6,True
EMP-1385,2018-08-13,Sales,Account Executive,92400,46,Male,Remote,Bachelor,7,1.4,2.6,True
EMP-1386,2015-06-25,Finance,Accountant,86600,31,Female,London,High School,0,1.5,9.1,False
EMP-1387,2019-09-09,Marketing,Marketing Manager,103400,24,Male,New York,Bachelor,2,3.8,4.4,True
EMP-1388,2022-02-09,Operations,COO,106100,58,Non-binary,New York,Master,26,3.3,3.9,True
EMP-1389,2017-10-09,Sales,Account Executive,85900,48,Female,Sydney,Bachelor,15,3.8,2.6,False
EMP-1390,2023-07-09,Legal,General Counsel,146500,55,Male,London,High School,30,1.7,5.4,True
EMP-1391,2019-01-06,Legal,Associate,113400,46,Female,Sydney,Master,11,4.1,8.7,True
EMP-1392,2015-03-04,Operations,Ops Manager,76000,40,Male,Sydney,PhD,9,1.2,1.8,False
EMP-1393,2017-02-19,HR,Recruiter,64100,46,Male,New York,Bachelor,14,3.9,6.4,True
EMP-1394,2019-09-09,Legal,General Counsel,160600,55,Non-binary,New York,Bachelor,1,5.0,1.9,False
EMP-1395,2015-10-10,Operations,COO,86900,38,Male,Berlin,Bachelor,12,3.7,1.9,True
EMP-1396,2023-12-11,Product,VP of Product,161900,30,Male,London,High School,4,4.6,4.2,True
EMP-1397,2017-02-28,Legal,General Counsel,151200,42,Female,Remote,Bachelor,5,2.4,2.1,True
EMP-1398,2018-09-13,Engineering,Lead Engineer,121100,50,Male,Sydney,Master,7,4.8,9.3,False
EMP-1399,2023-11-07,Legal,General Counsel,179300,43,Female,Remote,Master,11,3.5,3.1,True
EMP-1400,2023-12-03,Operations,COO,107300,45,Female,Berlin,High School,16,3.7,2.7,True
EMP-1401,2022-10-16,Product,Senior PM,152000,31,Female,Berlin,High School,7,1.9,3.8,True
EMP-1402,2023-01-22,Legal,General Counsel,162400,58,Female,London,Bachelor,31,4.2,3.9,True
EMP-1403,2019-05-25,Legal,Senior Counsel,143800,22,Female,Berlin,Bachelor,1,3.6,3.0,True
EMP-1404,2018-07-05,Legal,General Counsel,164000,45,Non-binary,London,Bachelor,6,3.3,7.6,True
EMP-1405,2019-12-26,Product,Senior PM,164300,43,Non-binary,Sydney,Master,16,3.0,9.8,True
EMP-1406,2020-05-17,Product,Product Manager,129400,54,Female,Berlin,PhD,4,2.2,9.5,True
EMP-1407,2017-11-03,Legal,Senior Counsel,140500,57,Male,New York,High School,34,1.4,6.5,True
EMP-1408,2018-09-18,Sales,Sales Manager,111100,32,Female,Remote,Master,4,3.8,8.5,False
EMP-1409,2021-10-18,Finance,Analyst,90300,44,Male,Sydney,PhD,4,2.1,4.8,True
EMP-1410,2019-01-25,Operations,Ops Analyst,68300,41,Female,Remote,Master,11,3.0,8.5,False
EMP-1411,2023-02-14,Operations,Ops Manager,91700,48,Male,London,Bachelor,8,1.9,8.0,True
EMP-1412,2018-11-26,Marketing,SEO Specialist,97900,33,Non-binary,Sydney,Master,11,4.3,5.5,False
EMP-1413,2020-12-17,Product,Senior PM,158100,49,Female,Sydney,Bachelor,24,2.2,6.3,True
EMP-1414,2018-02-25,HR,HR Director,100500,22,Male,Toronto,PhD,1,4.5,2.1,True
EMP-1415,2023-03-19,Sales,Sales Manager,118200,30,Male,London,Bachelor,1,4.3,5.6,False
EMP-1416,2018-12-06,Product,Senior PM,168500,40,Male,Remote,PhD,3,3.8,9.5,True
EMP-1417,2015-02-08,Operations,Ops Manager,93200,26,Non-binary,Berlin,PhD,3,2.6,1.7,True
EMP-1418,2016-01-23,Operations,COO,96900,30,Male,Sydney,High School,1,1.9,8.1,True
EMP-1419,2017-11-27,HR,HR Director,97600,36,Female,Toronto,Bachelor,7,2.6,3.7,True
EMP-1420,2020-10-22,Legal,General Counsel,169600,34,Female,Toronto,Master,10,2.7,5.5,False
EMP-1421,2022-03-20,Legal,Paralegal,111200,22,Female,New York,High School,0,3.0,5.3,True
EMP-1422,2017-10-07,Sales,VP of Sales,132100,43,Non-binary,New York,High School,16,5.0,9.5,True
EMP-1423,2015-03-13,Engineering,Engineering Manager,179800,54,Female,New York,Master,28,3.7,7.9,True
EMP-1424,2018-01-24,Marketing,Marketing Manager,113100,57,Non-binary,Berlin,High School,24,2.9,6.0,True
EMP-1425,2023-12-15,Product,Product Analyst,87700,34,Male,London,PhD,4,3.7,4.8,True
EMP-1426,2016-12-19,Marketing,Content Writer,78800,31,Male,London,PhD,6,1.1,1.3,True
EMP-1427,2016-07-17,Marketing,Marketing Manager,95700,43,Female,Sydney,PhD,20,4.7,5.9,False
EMP-1428,2019-11-08,Operations,COO,91100,22,Male,Sydney,Master,1,4.9,2.8,True
EMP-1429,2022-05-16,Marketing,Marketing Manager,118500,54,Female,Sydney,Master,9,1.5,1.8,True
EMP-1430,2021-03-21,Legal,Associate,99200,37,Non-binary,New York,High School,3,4.7,3.1,True
EMP-1431,2020-06-19,Product,VP of Product,151600,57,Non-binary,Remote,Master,8,2.8,2.6,True
EMP-1432,2020-05-28,Operations,COO,85800,30,Female,Berlin,Master,0,1.7,2.6,False
EMP-1433,2022-07-13,Sales,SDR,93200,36,Female,Berlin,Master,3,1.7,2.8,True
EMP-1434,2021-09-29,Legal,Paralegal,82300,50,Female,Toronto,Master,14,2.2,3.2,False
EMP-1435,2016-02-15,Product,VP of Product,162700,49,Female,Remote,Master,23,4.5,1.3,True
EMP-1436,2017-01-07,Sales,SDR,84300,30,Female,Toronto,Bachelor,5,3.5,8.2,True
EMP-1437,2021-09-17,Product,VP of Product,171000,42,Non-binary,London,Master,15,1.0,10.0,True
EMP-1438,2019-02-10,HR,HR Director,93600,33,Non-binary,Sydney,Bachelor,12,1.8,6.9,True
EMP-1439,2020-08-21,Marketing,Content Writer,61100,55,Female,Remote,High School,0,3.7,2.4,True
EMP-1440,2018-03-25,HR,HR Director,87600,44,Non-binary,New York,PhD,1,4.3,7.6,True
EMP-1441,2021-01-28,Operations,COO,95900,36,Non-binary,Sydney,Master,13,2.4,4.6,False
EMP-1442,2015-09-14,HR,HR Director,96600,33,Non-binary,New York,Bachelor,0,4.0,2.2,True
EMP-1443,2023-11-11,Sales,Account Executive,90400,29,Male,Remote,PhD,7,4.8,4.0,True
EMP-1444,2015-07-07,Legal,Paralegal,81200,51,Female,New York,PhD,13,1.4,6.0,True
EMP-1445,2018-02-12,Finance,CFO,134100,51,Female,Toronto,Bachelor,11,1.2,5.8,True
EMP-1446,2021-10-15,Marketing,Marketing Manager,112600,46,Non-binary,Remote,PhD,16,3.1,3.7,True
EMP-1447,2022-10-20,Marketing,CMO,135900,25,Non-binary,Berlin,Bachelor,0,2.1,3.6,True
EMP-1448,2017-02-19,Product,Senior PM,131500,31,Male,London,High School,7,1.1,1.6,False
EMP-1449,2015-03-17,Operations,COO,107200,51,Male,New York,Bachelor,27,1.0,6.1,True
EMP-1450,2019-11-05,Marketing,CMO,124100,38,Female,New York,PhD,0,4.4,3.2,True
EMP-1451,2018-03-27,Finance,Finance Manager,128400,49,Female,Remote,PhD,1,2.1,6.0,True
EMP-1452,2021-07-23,Engineering,Staff Engineer,169100,34,Female,London,Master,8,3.6,2.1,False
EMP-1453,2023-10-02,Product,Product Manager,137500,26,Male,London,High School,4,4.0,9.7,False
EMP-1454,2018-11-21,HR,Recruiter,88400,32,Female,Sydney,High School,8,3.6,2.4,True
EMP-1455,2017-02-13,Product,Product Analyst,122300,47,Male,Toronto,Master,22,4.3,2.1,True
EMP-1456,2019-02-10,Engineering,Lead Engineer,129600,25,Male,New York,High School,4,2.6,8.3,True
EMP-1457,2019-12-12,Sales,Account Executive,79400,54,Male,London,Bachelor,32,1.6,8.7,True
EMP-1458,2020-12-22,Sales,Account Executive,108300,42,Male,Sydney,Master,17,2.5,7.6,True
EMP-1459,2015-12-07,Engineering,Lead Engineer,139500,58,Non-binary,New York,PhD,24,1.5,4.9,True
EMP-1460,2017-07-09,Finance,Accountant,82000,33,Female,Toronto,Master,2,1.9,1.2,True
EMP-1461,2020-10-22,Operations,Ops Manager,84700,46,Male,Berlin,PhD,18,3.7,2.4,True
EMP-1462,2017-11-11,Finance,Analyst,93600,22,Male,Remote,High School,1,3.5,7.7,True
EMP-1463,2020-09-21,Product,Product Analyst,90000,53,Male,Berlin,PhD,25,2.3,1.7,True
EMP-1464,2018-10-15,Product,Product Analyst,118700,28,Non-binary,New York,PhD,6,4.4,5.0,True
EMP-1465,2022-11-24,Engineering,Engineering Manager,175500,46,Male,London,Bachelor,13,4.9,4.0,True
EMP-1466,2015-06-10,Product,Senior PM,138200,25,Non-binary,Toronto,Bachelor,0,1.5,2.7,True
EMP-1467,2018-08-29,Engineering,Engineering Manager,168700,40,Non-binary,Sydney,High School,13,2.2,1.6,True
EMP-1468,2021-11-24,Operations,Ops Manager,69400,46,Non-binary,Toronto,PhD,18,4.1,4.7,True
EMP-1469,2022-11-04,Operations,Ops Manager,87400,28,Male,Sydney,Bachelor,6,1.0,8.9,True
EMP-1470,2022-03-31,Marketing,CMO,125600,53,Non-binary,Berlin,High School,20,4.8,3.2,True
EMP-1471,2016-12-14,Legal,Paralegal,84100,39,Non-binary,Sydney,Bachelor,1,3.8,4.3,True
EMP-1472,2019-08-20,Product,Senior PM,171600,31,Female,Sydney,Master,8,4.0,7.3,True
EMP-1473,2019-08-04,Engineering,Engineering Manager,175000,34,Female,Remote,Master,12,3.2,5.6,True
EMP-1474,2018-02-11,Sales,Sales Manager,122600,40,Female,Sydney,High School,16,1.0,6.3,True
EMP-1475,2016-05-26,Finance,Accountant,87600,54,Female,Sydney,Master,32,1.9,6.8,True
EMP-1476,2020-07-23,Engineering,Senior Dev,130200,31,Male,Toronto,Bachelor,2,4.1,2.1,True
EMP-1477,2019-09-06,Product,VP of Product,194000,35,Non-binary,Sydney,Bachelor,2,4.0,7.4,True
EMP-1478,2023-04-12,HR,HR Director,100500,39,Non-binary,London,Master,0,1.7,2.4,True
EMP-1479,2021-05-25,Engineering,Staff Engineer,176300,58,Female,Berlin,PhD,7,3.4,3.1,True
EMP-1480,2022-06-18,Operations,Ops Manager,81800,31,Non-binary,Sydney,PhD,9,1.2,7.7,True
EMP-1481,2017-06-23,Finance,Accountant,98800,56,Female,London,Bachelor,7,3.9,4.9,True
EMP-1482,2020-03-09,Finance,Analyst,90800,25,Female,Berlin,High School,4,3.1,7.0,True
EMP-1483,2019-09-23,Engineering,Staff Engineer,147900,40,Female,Toronto,Bachelor,2,1.9,1.3,True
EMP-1484,2017-03-04,HR,HR Coordinator,74100,24,Male,Remote,Master,0,1.7,2.2,True
EMP-1485,2023-09-04,Product,Product Manager,116200,23,Male,Sydney,Master,0,1.6,6.2,True
EMP-1486,2019-10-14,HR,HR Coordinator,62100,58,Male,Toronto,Master,6,4.1,4.4,False
EMP-1487,2018-05-13,Engineering,Engineering Manager,207300,42,Female,Toronto,Master,15,2.4,8.6,True
EMP-1488,2023-12-02,Sales,Account Executive,85500,55,Male,London,PhD,22,4.4,8.3,True
EMP-1489,2016-12-12,Engineering,Staff Engineer,148800,31,Male,Toronto,Master,0,2.8,5.8,True
EMP-1490,2018-04-27,Legal,Associate,116600,47,Non-binary,Toronto,Bachelor,21,4.6,4.6,False
EMP-1491,2022-12-22,Operations,Ops Analyst,77900,39,Female,London,PhD,15,3.0,1.8,True
EMP-1492,2016-01-19,Engineering,Lead Engineer,128200,48,Non-binary,Remote,PhD,20,3.5,8.3,True
EMP-1493,2018-04-29,HR,Recruiter,67700,39,Non-binary,New York,Master,12,3.4,6.4,True
EMP-1494,2019-09-22,Legal,Paralegal,79000,35,Female,London,Master,1,1.9,8.5,True
EMP-1495,2019-11-30,HR,HR Coordinator,54200,57,Female,Sydney,High School,7,3.9,9.8,True
EMP-1496,2023-01-19,Marketing,Content Writer,65000,45,Female,London,PhD,2,3.6,6.7,True
EMP-1497,2022-08-05,HR,HR Manager,91500,38,Non-binary,New York,High School,3,2.0,5.8,True
EMP-1498,2018-12-10,Product,Product Manager,129900,44,Male,Berlin,PhD,3,2.3,1.6,True
EMP-1499,2015-02-27,Product,Product Analyst,109500,42,Non-binary,Toronto,High School,13,4.4,4.9,True
EMP-1500,2015-02-21,Engineering,Staff Engineer,171300,54,Male,Remote,Bachelor,7,3.2,4.7,True
EMP-1501,2023-12-08,HR,HR Director,100300,56,Male,Remote,High School,4,3.9,7.7,True
EMP-1502,2023-07-17,HR,HR Director,108700,57,Non-binary,Remote,High School,7,3.4,2.5,True
EMP-1503,2018-02-11,HR,HR Manager,82900,31,Female,London,Bachelor,3,2.5,3.9,True
EMP-1504,2021-02-05,Legal,Senior Counsel,107700,29,Female,Sydney,Master,5,4.1,1.1,True
EMP-1505,2015-11-08,HR,HR Manager,75400,39,Non-binary,Remote,Master,7,4.5,5.3,True
EMP-1506,2019-11-20,Marketing,Content Writer,84900,32,Non-binary,Sydney,Master,2,4.1,4.0,True
EMP-1507,2020-04-25,Operations,Ops Analyst,68400,58,Male,New York,PhD,3,3.2,9.3,True
EMP-1508,2022-11-25,HR,Recruiter,66000,30,Female,Berlin,PhD,6,1.5,9.9,True
EMP-1509,2021-12-18,Finance,Finance Manager,122500,51,Male,Remote,Master,1,3.3,8.1,True
EMP-1510,2015-01-23,HR,HR Director,99300,48,Female,Toronto,PhD,15,4.6,2.5,True
EMP-1511,2023-05-22,Finance,Finance Manager,114300,34,Male,New York,Master,7,2.2,3.0,True
EMP-1512,2018-09-23,Marketing,SEO Specialist,74100,24,Male,Sydney,Master,2,3.0,9.7,True
EMP-1513,2021-09-07,Operations,Ops Analyst,75300,56,Female,London,PhD,1,4.7,6.7,True
EMP-1514,2020-04-26,Legal,Associate,96200,48,Female,Berlin,Bachelor,26,2.8,8.5,True
EMP-1515,2015-09-29,Engineering,Junior Dev,104400,22,Non-binary,Berlin,PhD,0,3.3,1.1,True
EMP-1516,2022-11-18,Marketing,Content Writer,78100,52,Male,Berlin,Master,10,2.6,9.6,True
EMP-1517,2015-09-03,Engineering,Junior Dev,98500,31,Female,Remote,Master,0,3.4,3.6,True
EMP-1518,2016-05-30,Product,Product Analyst,112900,29,Non-binary,Remote,PhD,3,3.1,7.0,True
EMP-1519,2022-10-06,Sales,SDR,91900,33,Female,Sydney,High School,1,4.4,5.1,True
EMP-1520,2022-10-01,Product,Senior PM,136100,52,Non-binary,Berlin,Bachelor,13,2.7,9.3,True
EMP-1521,2020-09-03,Finance,Analyst,80300,29,Male,Remote,Master,4,3.1,7.6,True
EMP-1522,2019-08-09,Operations,Ops Manager,78500,46,Female,New York,Master,25,2.3,7.5,True
EMP-1523,2018-08-03,Engineering,Staff Engineer,133200,42,Female,London,Bachelor,11,3.1,5.8,False
EMP-1524,2019-08-28,Operations,Ops Analyst,56000,44,Male,New York,Master,12,4.2,7.1,True
EMP-1525,2016-11-22,Operations,Ops Analyst,73500,48,Female,Remote,PhD,17,4.9,5.0,True
EMP-1526,2017-09-03,Product,Senior PM,167700,57,Female,Berlin,PhD,4,3.3,6.7,True
EMP-1527,2021-12-13,Product,Senior PM,124300,34,Non-binary,New York,Master,10,4.2,8.7,True
EMP-1528,2020-12-28,Engineering,Lead Engineer,159100,38,Female,London,PhD,2,3.0,1.5,False
EMP-1529,2023-03-08,Legal,Senior Counsel,147100,31,Male,New York,Bachelor,9,2.2,7.0,True
EMP-1530,2021-02-23,Product,VP of Product,153000,27,Male,London,High School,2,2.3,3.7,True
EMP-1531,2019-05-04,Marketing,SEO Specialist,86500,44,Male,Berlin,High School,16,1.2,9.0,True
EMP-1532,2021-05-19,HR,HR Director,96200,44,Non-binary,Sydney,Master,21,1.4,3.8,True
EMP-1533,2017-10-12,Finance,CFO,153600,56,Non-binary,Berlin,High School,35,3.3,4.3,True
EMP-1534,2020-12-13,HR,HR Coordinator,71100,52,Female,Remote,Bachelor,9,2.2,2.9,True
EMP-1535,2022-06-02,HR,HR Manager,97400,43,Female,Berlin,Master,4,3.4,3.8,True
EMP-1536,2019-11-05,Engineering,Lead Engineer,151200,47,Non-binary,Toronto,Bachelor,18,1.6,7.6,True
EMP-1537,2020-06-19,HR,HR Coordinator,59000,45,Female,Toronto,Bachelor,20,2.6,7.9,True
EMP-1538,2018-10-08,Engineering,Lead Engineer,140000,44,Male,Sydney,High School,18,1.8,5.2,True
EMP-1539,2020-11-18,HR,HR Coordinator,52600,53,Male,Remote,Master,7,2.3,5.0,True
EMP-1540,2019-05-01,HR,Recruiter,88300,39,Non-binary,Sydney,High School,18,4.4,2.4,True
EMP-1541,2023-01-29,Sales,Sales Manager,118200,53,Female,Sydney,Bachelor,26,2.7,9.8,True
EMP-1542,2020-07-25,Marketing,Content Writer,64800,43,Non-binary,Berlin,Master,20,1.4,7.1,True
EMP-1543,2015-08-31,Operations,COO,102300,39,Male,Remote,Bachelor,7,4.0,7.1,True
EMP-1544,2020-11-21,Finance,CFO,109500,49,Non-binary,Remote,Bachelor,18,3.6,8.4,True
EMP-1545,2017-09-22,HR,HR Manager,73600,51,Male,Sydney,High School,21,2.2,9.1,True
EMP-1546,2020-10-30,Operations,Ops Manager,74200,40,Female,London,Master,7,4.3,6.4,True
EMP-1547,2018-06-14,Engineering,Engineering Manager,168700,51,Male,Toronto,Master,14,2.5,2.4,False
EMP-1548,2018-10-17,HR,Recruiter,72400,29,Female,Toronto,PhD,8,2.0,1.4,True
EMP-1549,2016-04-29,Legal,Associate,125300,48,Male,Berlin,Bachelor,27,1.7,8.1,True
EMP-1550,2020-06-03,Sales,SDR,79500,40,Female,London,Master,5,3.2,5.6,True
EMP-1551,2018-07-01,Engineering,Lead Engineer,139500,45,Non-binary,Berlin,Master,11,5.0,8.3,True
EMP-1552,2019-01-31,Legal,General Counsel,137400,26,Female,Toronto,PhD,3,3.1,8.9,True
EMP-1553,2020-07-26,Legal,General Counsel,129700,26,Non-binary,Sydney,PhD,4,3.9,8.3,False
EMP-1554,2022-03-19,Engineering,Senior Dev,130800,38,Male,Remote,PhD,17,1.9,3.6,True
EMP-1555,2019-12-24,HR,HR Coordinator,55100,39,Male,London,High School,16,2.4,7.6,True
EMP-1556,2016-12-13,Legal,General Counsel,128000,51,Male,Toronto,PhD,7,2.9,1.7,True
EMP-1557,2017-10-22,Finance,Analyst,93700,41,Non-binary,Berlin,Bachelor,12,4.2,5.3,True
EMP-1558,2015-06-02,Operations,Ops Analyst,75000,52,Female,Sydney,High School,15,3.8,7.2,False
EMP-1559,2023-06-11,Finance,Analyst,91900,44,Male,Sydney,Master,0,3.3,1.8,True
EMP-1560,2016-11-08,Marketing,Marketing Manager,87200,35,Female,New York,PhD,14,1.3,5.6,True
EMP-1561,2019-08-17,Operations,Ops Analyst,58100,23,Female,Remote,PhD,2,4.6,7.0,True
EMP-1562,2019-12-14,Legal,Paralegal,108400,28,Male,Sydney,High School,4,1.5,6.7,True
EMP-1563,2016-07-19,Sales,Account Executive,106600,57,Female,London,PhD,35,2.8,2.1,True
EMP-1564,2016-11-29,Engineering,Junior Dev,85800,33,Male,London,Bachelor,3,2.6,8.5,True
EMP-1565,2022-07-24,HR,HR Director,96300,30,Male,Remote,Bachelor,3,3.2,4.6,True
EMP-1566,2020-08-26,Finance,Accountant,85100,26,Non-binary,Berlin,Bachelor,5,2.3,9.2,True
EMP-1567,2022-10-07,HR,Recruiter,82700,40,Non-binary,New York,Master,6,3.8,5.1,True
EMP-1568,2019-08-31,HR,Recruiter,76400,51,Non-binary,London,Bachelor,13,3.7,2.9,True
EMP-1569,2019-06-15,Product,Senior PM,151900,52,Female,Berlin,Master,16,1.3,1.6,True
EMP-1570,2018-04-29,Sales,Sales Manager,113700,44,Male,Berlin,Bachelor,6,3.2,2.3,False
EMP-1571,2020-09-19,Finance,Accountant,97700,57,Male,New York,PhD,36,1.3,1.7,True
EMP-1572,2015-07-04,Legal,Senior Counsel,155000,48,Male,Sydney,High School,21,3.2,5.8,False
EMP-1573,2018-02-19,Operations,Ops Analyst,65700,42,Non-binary,Remote,Master,4,2.1,9.0,False
EMP-1574,2023-09-03,Product,Senior PM,174300,41,Male,New York,Bachelor,6,4.8,3.5,True
EMP-1575,2019-07-23,Sales,Sales Manager,92900,52,Female,New York,Master,1,4.3,3.6,True
EMP-1576,2023-08-18,Sales,Sales Manager,120500,36,Male,London,Bachelor,13,4.7,2.3,True
EMP-1577,2017-06-14,Engineering,Engineering Manager,212600,49,Male,Toronto,PhD,1,2.7,8.8,True
EMP-1578,2016-02-14,Operations,Ops Manager,70100,54,Female,Remote,Bachelor,1,4.1,2.5,True
EMP-1579,2019-10-11,Product,VP of Product,192800,34,Non-binary,Toronto,Bachelor,1,3.2,5.8,False
EMP-1580,2020-10-21,Marketing,SEO Specialist,85300,45,Non-binary,Sydney,High School,17,1.1,4.6,True
EMP-1581,2017-05-06,Engineering,Lead Engineer,121700,37,Male,London,PhD,0,4.4,4.1,True
EMP-1582,2023-01-04,Product,Senior PM,129800,28,Male,London,PhD,4,4.7,8.3,True
EMP-1583,2018-01-31,Marketing,Marketing Manager,114900,22,Male,Remote,Bachelor,0,4.9,2.9,True
EMP-1584,2016-12-30,Finance,Analyst,91200,41,Female,New York,Master,20,4.2,8.9,True
EMP-1585,2022-05-12,Legal,Senior Counsel,147000,53,Non-binary,Toronto,PhD,15,1.4,4.1,True
EMP-1586,2018-03-26,Sales,VP of Sales,123400,24,Non-binary,New York,Bachelor,3,2.7,5.9,True
EMP-1587,2018-05-19,Engineering,Junior Dev,106500,46,Male,Toronto,Bachelor,21,1.1,7.4,True
EMP-1588,2017-12-17,Operations,Ops Manager,87800,51,Non-binary,Sydney,Bachelor,30,3.3,2.7,True
EMP-1589,2022-12-29,Product,Senior PM,138400,47,Male,Remote,Master,2,2.6,7.7,True
EMP-1590,2021-08-29,HR,HR Director,112300,26,Female,Remote,Bachelor,2,1.7,4.9,True
EMP-1591,2015-02-11,Legal,Associate,96100,56,Female,Toronto,PhD,23,3.0,5.0,True
EMP-1592,2018-07-29,Operations,Ops Manager,85800,50,Male,Toronto,Bachelor,17,1.2,3.9,True
EMP-1593,2018-02-21,Finance,Finance Manager,104900,34,Non-binary,New York,Bachelor,5,2.5,4.3,True
EMP-1594,2018-03-08,Operations,COO,91900,41,Non-binary,New York,PhD,16,4.1,9.5,True
EMP-1595,2018-10-23,Marketing,SEO Specialist,93700,28,Female,Berlin,High School,1,3.2,4.2,True
EMP-1596,2017-07-31,Finance,CFO,119500,29,Male,New York,Bachelor,8,2.4,1.7,True
EMP-1597,2019-01-16,Product,Product Manager,117700,55,Male,London,Bachelor,22,1.9,8.1,True
EMP-1598,2018-08-04,HR,Recruiter,72400,40,Non-binary,London,PhD,8,3.9,6.6,False
EMP-1599,2016-08-26,Legal,General Counsel,143300,30,Non-binary,London,Master,4,1.3,5.9,True
EMP-1600,2016-08-16,Operations,Ops Manager,70300,55,Male,London,Bachelor,3,4.5,7.7,True
EMP-1601,2022-10-25,HR,HR Coordinator,54900,32,Female,Berlin,Bachelor,6,2.1,5.5,True
EMP-1602,2019-11-24,Finance,Accountant,86600,46,Female,London,PhD,18,2.4,7.9,False
EMP-1603,2019-08-20,Product,Product Manager,139200,41,Female,New York,Master,14,3.4,8.6,True
EMP-1604,2018-09-22,Legal,Senior Counsel,151400,33,Non-binary,Toronto,Bachelor,9,4.2,2.2,False
EMP-1605,2019-03-21,HR,HR Coordinator,62600,37,Male,Remote,Bachelor,15,1.3,2.8,True
EMP-1606,2022-10-26,HR,Recruiter,68400,23,Non-binary,Berlin,Master,1,2.2,8.3,True
EMP-1607,2020-05-27,Finance,Analyst,91600,22,Non-binary,Remote,PhD,0,2.4,2.3,True
EMP-1608,2022-08-11,Sales,Account Executive,86700,32,Male,Berlin,Bachelor,1,1.3,7.3,True
EMP-1609,2021-09-26,Finance,CFO,128900,41,Female,New York,Master,11,1.2,9.7,True
EMP-1610,2016-01-15,Operations,Ops Manager,96800,41,Female,Toronto,PhD,8,3.6,3.7,True
EMP-1611,2022-06-09,HR,HR Manager,97200,56,Female,Remote,PhD,27,3.3,7.1,True
EMP-1612,2023-05-22,Marketing,CMO,107800,55,Non-binary,Remote,High School,14,4.6,2.2,True
EMP-1613,2023-01-04,Engineering,Engineering Manager,148400,38,Non-binary,Sydney,High School,1,2.4,9.3,True
EMP-1614,2022-09-14,Product,Senior PM,125200,58,Non-binary,Remote,Master,26,4.2,3.2,True
EMP-1615,2021-07-28,Operations,COO,99800,40,Non-binary,New York,PhD,7,2.0,5.1,True
EMP-1616,2015-02-24,Sales,Sales Manager,97500,44,Female,London,Master,9,3.7,1.6,False
EMP-1617,2019-12-26,Legal,Senior Counsel,122200,22,Female,Remote,High School,0,4.7,8.2,True
EMP-1618,2016-09-15,Sales,Sales Manager,121400,53,Male,Sydney,Bachelor,0,3.7,8.5,True
EMP-1619,2021-12-15,HR,HR Coordinator,65800,55,Male,Sydney,Bachelor,15,2.4,2.3,False
EMP-1620,2015-04-05,HR,HR Manager,80600,45,Non-binary,Toronto,Master,8,4.1,5.0,True
EMP-1621,2018-02-28,HR,HR Manager,99800,56,Female,London,Bachelor,20,1.7,7.3,True
EMP-1622,2019-05-25,Marketing,SEO Specialist,104900,46,Female,New York,Bachelor,7,1.4,5.0,True
EMP-1623,2018-01-31,Operations,COO,88300,41,Non-binary,London,PhD,9,2.6,1.1,True
EMP-1624,2023-10-27,Operations,COO,88900,34,Male,Toronto,PhD,5,2.4,7.2,True
EMP-1625,2019-05-19,Engineering,Staff Engineer,170100,56,Non-binary,Sydney,Master,15,3.5,7.4,True
EMP-1626,2015-07-14,Sales,SDR,68900,24,Female,New York,Bachelor,0,1.7,5.4,False
EMP-1627,2023-12-20,HR,HR Manager,78500,25,Male,Berlin,High School,2,3.4,4.3,True
EMP-1628,2020-11-15,HR,HR Director,93000,24,Female,Berlin,PhD,1,2.8,8.3,True
EMP-1629,2023-05-05,Operations,Ops Manager,97400,30,Male,Toronto,High School,7,2.3,2.6,True
EMP-1630,2016-12-13,Product,Senior PM,158000,45,Non-binary,Toronto,Master,16,1.4,9.1,True
EMP-1631,2019-02-25,Product,Product Analyst,121800,29,Non-binary,Remote,Master,3,3.7,8.5,False
EMP-1632,2015-01-24,Legal,Senior Counsel,108400,49,Female,Remote,PhD,3,1.7,6.2,True
EMP-1633,2020-03-23,Product,Senior PM,142200,33,Male,Berlin,Bachelor,8,3.5,3.2,True
EMP-1634,2015-02-06,Engineering,Staff Engineer,180400,57,Male,Sydney,PhD,30,3.6,6.9,False
EMP-1635,2021-08-13,HR,HR Director,88300,55,Male,Sydney,High School,20,4.7,5.2,True
EMP-1636,2018-10-11,Engineering,Engineering Manager,147300,23,Female,New York,Master,2,4.5,9.6,False
EMP-1637,2016-01-14,Product,Product Analyst,111200,50,Male,Remote,Bachelor,18,1.8,6.4,True
EMP-1638,2022-04-06,Sales,Sales Manager,119600,29,Non-binary,Berlin,PhD,1,4.7,7.4,True
EMP-1639,2021-07-11,Engineering,Lead Engineer,115200,52,Male,Berlin,High School,24,3.1,2.9,True
EMP-1640,2023-07-11,Sales,VP of Sales,147300,29,Female,Toronto,Master,2,4.6,6.8,True
EMP-1641,2017-01-22,Product,Product Analyst,107100,56,Male,Berlin,Master,18,3.6,3.4,True
EMP-1642,2020-10-16,HR,HR Manager,104400,30,Female,Berlin,Bachelor,0,3.6,8.8,False
EMP-1643,2021-11-02,Engineering,Senior Dev,133400,36,Female,Toronto,High School,15,3.9,4.7,True
EMP-1644,2022-10-12,Sales,SDR,74700,28,Male,New York,PhD,2,1.9,5.9,True
EMP-1645,2020-04-16,Marketing,CMO,136600,27,Non-binary,Berlin,Bachelor,2,1.1,9.5,True
EMP-1646,2017-11-13,Operations,Ops Analyst,77000,45,Non-binary,Sydney,Bachelor,17,2.1,2.9,True
EMP-1647,2023-10-02,Legal,Associate,98400,48,Non-binary,New York,Master,4,2.1,7.3,True
EMP-1648,2021-10-08,HR,HR Manager,84200,51,Non-binary,Toronto,Bachelor,18,2.4,6.6,True
EMP-1649,2022-07-14,Marketing,CMO,117800,42,Non-binary,New York,Master,1,3.2,3.9,True
EMP-1650,2019-11-14,Sales,Account Executive,89500,57,Male,New York,Master,20,3.0,6.2,True
EMP-1651,2019-05-15,Engineering,Staff Engineer,167100,22,Non-binary,London,Bachelor,0,1.6,8.4,True
EMP-1652,2019-08-17,Legal,Senior Counsel,109200,31,Non-binary,New York,Master,5,3.5,1.0,True
EMP-1653,2021-06-30,Legal,Senior Counsel,156900,37,Non-binary,Remote,Master,0,2.2,6.9,True
EMP-1654,2020-08-10,Finance,CFO,136800,48,Male,Toronto,Bachelor,4,1.2,9.8,True
EMP-1655,2022-08-16,HR,HR Coordinator,65100,50,Non-binary,Toronto,High School,4,1.7,1.0,True
EMP-1656,2021-04-06,Sales,VP of Sales,117900,39,Non-binary,Remote,PhD,12,2.9,6.4,False
EMP-1657,2020-06-11,Operations,Ops Manager,88200,44,Male,London,PhD,21,4.4,7.9,True
EMP-1658,2018-01-28,Sales,Account Executive,82500,32,Female,Remote,PhD,8,1.6,6.7,True
EMP-1659,2018-11-17,Operations,COO,110900,35,Male,Sydney,High School,12,2.0,5.5,True
EMP-1660,2017-11-29,Finance,CFO,135200,27,Non-binary,New York,High School,2,3.9,4.4,True
EMP-1661,2022-02-13,Product,Product Manager,145000,41,Non-binary,Berlin,High School,17,1.2,8.3,True
EMP-1662,2020-02-17,Sales,VP of Sales,147100,51,Non-binary,New York,Bachelor,12,3.6,4.1,True
EMP-1663,2015-12-26,Sales,Sales Manager,125400,48,Non-binary,Berlin,Master,26,4.1,7.2,True
EMP-1664,2015-04-04,Marketing,Marketing Manager,99300,52,Male,Sydney,High School,24,1.7,5.5,True
EMP-1665,2023-11-06,Sales,VP of Sales,147000,28,Male,Toronto,PhD,5,3.0,6.9,True
EMP-1666,2017-06-18,Operations,Ops Analyst,59100,48,Non-binary,Sydney,Bachelor,16,2.0,9.7,True
EMP-1667,2016-05-10,Product,Senior PM,164500,43,Male,New York,Bachelor,12,4.4,3.8,True
EMP-1668,2018-12-29,Finance,Analyst,69400,32,Non-binary,New York,PhD,6,4.3,1.4,True
EMP-1669,2015-04-30,Product,VP of Product,173900,31,Male,London,Bachelor,2,1.8,8.9,True
EMP-1670,2019-01-15,Sales,SDR,73200,56,Non-binary,Remote,Bachelor,23,2.0,6.8,True
EMP-1671,2018-06-27,Sales,SDR,79900,40,Female,Toronto,Master,16,1.4,5.2,False
EMP-1672,2018-12-24,Sales,VP of Sales,132200,29,Male,Remote,Bachelor,1,3.9,9.2,True
EMP-1673,2018-09-27,Finance,Finance Manager,120900,45,Non-binary,London,PhD,13,2.2,5.6,True
EMP-1674,2020-10-03,Finance,Finance Manager,133400,36,Non-binary,Remote,PhD,1,4.6,7.6,True
EMP-1675,2018-05-29,Legal,General Counsel,179200,33,Non-binary,Remote,High School,0,1.5,8.1,True
EMP-1676,2020-08-14,HR,HR Coordinator,69500,52,Non-binary,Sydney,PhD,20,4.9,2.8,True
EMP-1677,2021-01-23,HR,Recruiter,64100,58,Male,London,High School,3,2.2,9.2,True
EMP-1678,2020-02-15,Sales,Sales Manager,110800,34,Female,Toronto,PhD,2,3.5,9.2,True
EMP-1679,2019-05-31,Product,VP of Product,146300,57,Male,London,PhD,29,2.1,2.2,True
EMP-1680,2017-10-23,Marketing,Content Writer,78500,50,Male,London,High School,8,2.9,4.7,True
EMP-1681,2016-06-10,Finance,Accountant,89700,30,Non-binary,Remote,Bachelor,1,4.7,6.6,True
EMP-1682,2023-04-05,Finance,Accountant,106500,22,Male,Remote,Bachelor,0,3.8,7.5,False
EMP-1683,2019-07-15,Engineering,Engineering Manager,207700,45,Female,London,PhD,24,2.5,5.3,True
EMP-1684,2020-01-13,Engineering,Lead Engineer,150800,51,Female,New York,PhD,2,2.0,5.4,True
EMP-1685,2023-09-09,Product,Product Manager,106000,30,Female,London,PhD,9,2.3,7.1,False
EMP-1686,2019-06-12,Marketing,Content Writer,80000,40,Female,London,Bachelor,18,4.6,3.6,True
EMP-1687,2020-03-31,Legal,Senior Counsel,136200,33,Female,Sydney,Master,12,1.9,9.9,True
EMP-1688,2016-01-05,HR,HR Coordinator,72000,32,Female,Toronto,PhD,2,3.9,9.6,False
EMP-1689,2019-03-04,Operations,Ops Analyst,61800,26,Male,Toronto,High School,4,3.4,2.7,False
EMP-1690,2019-04-13,Legal,Senior Counsel,120000,42,Male,Toronto,Bachelor,15,2.0,4.7,True
EMP-1691,2015-01-01,Marketing,Marketing Manager,109500,34,Female,Remote,PhD,4,4.1,4.4,False
EMP-1692,2018-06-08,Sales,SDR,86600,26,Male,New York,PhD,5,4.4,1.8,True
EMP-1693,2019-02-14,HR,HR Coordinator,56900,32,Female,Remote,High School,9,3.8,4.9,True
EMP-1694,2018-03-02,HR,HR Director,84800,27,Non-binary,Remote,High School,2,4.3,4.8,False
EMP-1695,2023-04-15,Finance,Analyst,86500,32,Male,Remote,Master,6,3.0,7.8,False
EMP-1696,2015-05-20,Marketing,CMO,139300,49,Male,Berlin,Master,6,3.0,8.3,True
EMP-1697,2016-04-02,HR,HR Manager,100500,39,Female,Sydney,PhD,4,4.3,9.7,True
EMP-1698,2021-05-05,Product,Product Manager,129900,29,Non-binary,Sydney,Bachelor,5,4.1,3.6,True
EMP-1699,2018-10-14,Product,Product Manager,109900,46,Male,London,PhD,23,1.3,2.8,True
EMP-1700,2021-03-14,Product,Senior PM,151100,52,Female,New York,High School,22,2.6,7.2,True
EMP-1701,2017-05-16,HR,Recruiter,85300,22,Non-binary,Toronto,Bachelor,0,5.0,1.7,True
EMP-1702,2022-11-01,HR,HR Manager,80100,24,Female,Berlin,High School,1,1.5,1.1,True
EMP-1703,2016-03-10,HR,HR Director,117300,29,Male,Toronto,Master,7,4.0,7.3,True
EMP-1704,2017-04-14,Engineering,Engineering Manager,194700,35,Non-binary,Remote,PhD,2,3.2,2.1,True
EMP-1705,2017-06-25,Sales,VP of Sales,139400,26,Female,Remote,PhD,3,3.8,3.2,True
EMP-1706,2016-09-22,Engineering,Lead Engineer,160900,51,Female,London,High School,18,3.0,5.7,True
EMP-1707,2023-10-01,Product,Senior PM,134800,52,Non-binary,London,Master,19,4.2,9.8,True
EMP-1708,2015-07-27,Finance,CFO,157100,43,Female,Berlin,High School,17,2.0,5.1,False
EMP-1709,2023-02-11,Operations,Ops Analyst,68300,30,Non-binary,Berlin,High School,5,1.9,5.6,True
EMP-1710,2019-11-06,Legal,Associate,124900,38,Non-binary,London,Master,16,3.6,9.5,True
EMP-1711,2017-05-23,Marketing,Marketing Manager,94600,31,Male,London,Bachelor,1,2.8,4.8,True
EMP-1712,2019-12-24,Legal,Associate,117000,50,Male,Remote,PhD,10,2.4,4.7,True
EMP-1713,2018-08-08,Operations,COO,111100,54,Male,London,High School,11,2.3,2.7,True
EMP-1714,2022-04-01,Engineering,Engineering Manager,175100,31,Non-binary,Sydney,Master,0,1.1,1.0,True
EMP-1715,2021-11-20,Marketing,Content Writer,81400,37,Non-binary,Berlin,Bachelor,11,3.6,7.8,True
EMP-1716,2020-10-25,Finance,Analyst,79300,31,Non-binary,London,High School,10,3.6,5.9,True
EMP-1717,2017-08-21,Sales,Account Executive,94400,29,Male,Toronto,High School,5,1.4,7.9,True
EMP-1718,2019-06-23,HR,HR Manager,99900,23,Non-binary,Toronto,Master,2,3.5,8.4,True
EMP-1719,2018-09-14,Sales,Sales Manager,90400,48,Non-binary,Sydney,High School,11,4.3,6.6,True
EMP-1720,2023-09-03,HR,Recruiter,84400,40,Male,London,High School,3,3.2,9.2,True
EMP-1721,2022-12-19,Sales,VP of Sales,124900,24,Female,New York,PhD,3,3.1,2.6,True
EMP-1722,2023-09-06,Sales,VP of Sales,141900,39,Female,New York,Master,4,4.0,5.7,False
EMP-1723,2022-10-03,Marketing,Content Writer,82800,51,Non-binary,Sydney,High School,23,4.6,5.1,True
EMP-1724,2018-08-29,Operations,Ops Analyst,63800,26,Non-binary,London,PhD,4,1.0,6.0,True
EMP-1725,2023-07-24,HR,HR Coordinator,69100,49,Non-binary,London,PhD,11,1.2,8.2,True
EMP-1726,2023-03-29,Legal,Paralegal,101400,25,Male,Remote,PhD,2,4.6,7.9,True
EMP-1727,2016-09-27,Product,Senior PM,170800,31,Female,Berlin,Bachelor,0,3.5,1.1,True
EMP-1728,2022-02-01,Operations,COO,105800,29,Female,London,High School,2,4.4,2.3,True
EMP-1729,2018-03-18,Operations,Ops Manager,68500,24,Non-binary,Remote,Bachelor,1,4.5,4.5,True
EMP-1730,2020-02-14,Operations,Ops Manager,89000,51,Female,Berlin,High School,10,1.1,8.1,False
EMP-1731,2018-03-29,Marketing,SEO Specialist,74500,42,Non-binary,London,High School,12,2.1,2.2,True
EMP-1732,2017-01-30,Finance,Finance Manager,138000,45,Female,Toronto,High School,19,1.6,2.8,True
EMP-1733,2019-06-16,Product,Senior PM,128800,37,Female,Toronto,Master,3,1.5,6.7,True
EMP-1734,2018-02-07,Sales,VP of Sales,130400,26,Non-binary,Toronto,High School,4,2.7,6.7,True
EMP-1735,2017-11-14,Engineering,Junior Dev,87300,42,Male,New York,PhD,5,2.3,8.5,False
EMP-1736,2015-11-23,Finance,Analyst,87600,23,Female,London,PhD,0,4.7,5.5,True
EMP-1737,2022-07-06,Product,Senior PM,153200,42,Non-binary,London,High School,15,4.8,6.1,True
EMP-1738,2020-01-25,Operations,COO,88900,28,Female,London,PhD,7,3.2,7.1,False
EMP-1739,2018-06-25,Engineering,Senior Dev,115700,55,Non-binary,New York,Master,31,4.9,1.7,True
EMP-1740,2018-09-08,Engineering,Senior Dev,97400,50,Female,New York,Master,27,4.3,6.4,True
EMP-1741,2022-01-22,HR,Recruiter,76200,56,Male,Toronto,High School,16,1.5,4.4,True
EMP-1742,2016-04-24,Operations,Ops Manager,84800,56,Female,Sydney,High School,18,2.2,3.8,True
EMP-1743,2015-09-14,Operations,COO,87600,33,Non-binary,Berlin,High School,11,2.6,3.6,True
EMP-1744,2015-05-18,Operations,Ops Analyst,65900,33,Female,Toronto,PhD,9,2.4,9.1,True
EMP-1745,2019-10-16,Product,VP of Product,174600,31,Female,New York,PhD,8,2.8,9.9,True
EMP-1746,2021-08-18,Sales,SDR,90400,25,Non-binary,Remote,Master,2,4.5,6.2,True
EMP-1747,2017-08-20,HR,HR Manager,101900,26,Female,New York,PhD,2,4.7,7.7,True
EMP-1748,2023-08-02,Engineering,Lead Engineer,124000,50,Non-binary,London,PhD,26,1.1,2.4,True
EMP-1749,2015-11-02,Sales,Account Executive,93300,57,Female,Berlin,Bachelor,1,4.4,4.7,True
EMP-1750,2021-09-02,Engineering,Staff Engineer,178500,50,Male,Remote,PhD,16,3.5,3.3,True
EMP-1751,2016-04-24,Product,Product Analyst,124300,27,Female,New York,Bachelor,6,1.7,8.6,True
EMP-1752,2020-02-15,Finance,Finance Manager,99100,32,Non-binary,New York,Master,6,4.5,2.7,True
EMP-1753,2017-02-28,HR,HR Manager,91600,52,Female,Toronto,PhD,30,1.7,4.2,True
EMP-1754,2019-07-01,Product,Product Analyst,116700,49,Male,Remote,Master,6,4.1,8.0,True
EMP-1755,2020-02-10,Marketing,CMO,106400,22,Male,New York,Master,0,3.6,5.3,True
EMP-1756,2021-10-07,Sales,Sales Manager,103700,40,Female,London,Bachelor,15,4.8,7.6,True
EMP-1757,2017-03-21,Engineering,Engineering Manager,146900,51,Female,Remote,Bachelor,15,4.4,3.8,True
EMP-1758,2016-06-25,Legal,Paralegal,110800,52,Male,Berlin,High School,28,2.4,1.7,False
EMP-1759,2022-03-02,Sales,VP of Sales,126100,56,Non-binary,London,Bachelor,25,3.8,4.8,False
EMP-1760,2020-05-13,HR,HR Director,86500,30,Male,New York,Bachelor,2,1.0,3.6,True
EMP-1761,2017-02-25,Product,VP of Product,196500,27,Male,Remote,Bachelor,2,2.5,9.8,True
EMP-1762,2020-05-18,Legal,Senior Counsel,150000,52,Non-binary,New York,High School,11,4.3,6.3,True
EMP-1763,2016-06-24,Sales,Account Executive,96700,40,Female,Remote,Bachelor,7,3.9,7.8,False
EMP-1764,2015-04-05,Finance,Accountant,105100,48,Non-binary,New York,Master,15,3.3,2.4,True
EMP-1765,2018-08-02,Sales,SDR,90900,38,Female,Toronto,PhD,3,3.2,2.8,True
EMP-1766,2022-10-07,Engineering,Engineering Manager,211500,28,Female,Toronto,Bachelor,5,2.7,6.6,True
EMP-1767,2019-08-21,Finance,Analyst,78400,48,Non-binary,Toronto,Master,24,3.0,9.5,True
EMP-1768,2023-05-03,Marketing,Marketing Manager,88000,45,Non-binary,New York,Bachelor,5,4.0,3.6,True
EMP-1769,2023-01-07,Sales,Account Executive,107300,31,Non-binary,London,High School,5,4.1,3.6,True
EMP-1770,2018-10-25,Operations,Ops Analyst,75800,47,Non-binary,Sydney,Bachelor,5,1.5,3.4,True
EMP-1771,2018-07-27,Finance,Finance Manager,105200,42,Non-binary,New York,PhD,14,3.7,7.0,True
EMP-1772,2016-03-30,Sales,Sales Manager,92800,31,Non-binary,London,High School,10,3.4,3.9,True
EMP-1773,2023-01-22,Marketing,SEO Specialist,75300,39,Female,Berlin,High School,7,1.4,8.2,True
EMP-1774,2016-03-20,Marketing,CMO,106800,47,Male,Sydney,PhD,24,2.8,2.0,True
EMP-1775,2017-01-05,Product,Product Analyst,121900,33,Non-binary,New York,PhD,9,2.1,1.9,False
EMP-1776,2019-06-04,Operations,Ops Manager,72800,38,Male,London,Master,9,3.3,3.8,True
EMP-1777,2022-12-13,Product,Product Manager,143000,45,Non-binary,Toronto,Bachelor,4,1.2,1.9,True
EMP-1778,2022-08-19,Operations,Ops Analyst,70100,33,Non-binary,Sydney,High School,7,1.9,9.2,True
EMP-1779,2023-04-09,Finance,Accountant,107900,48,Female,New York,Master,16,1.5,7.8,False
EMP-1780,2019-10-02,Marketing,CMO,95800,41,Male,Toronto,Bachelor,11,1.3,3.9,False
EMP-1781,2015-11-09,Product,Product Manager,120000,35,Male,Berlin,High School,14,1.0,9.7,False
EMP-1782,2021-03-30,HR,HR Manager,104200,54,Female,London,PhD,11,4.4,7.9,True
EMP-1783,2019-07-03,Legal,Senior Counsel,143300,37,Non-binary,Sydney,Bachelor,16,1.4,5.4,True
EMP-1784,2021-10-02,Legal,Paralegal,81600,39,Female,Toronto,High School,9,3.3,6.8,True
EMP-1785,2020-03-12,Marketing,Content Writer,84900,25,Non-binary,London,Master,4,4.2,3.6,True
EMP-1786,2018-12-16,Finance,Finance Manager,123400,35,Non-binary,Toronto,Master,12,2.7,4.8,True
EMP-1787,2019-11-10,Engineering,Senior Dev,123600,50,Male,London,PhD,3,2.9,2.7,True
EMP-1788,2019-04-11,Finance,Analyst,83700,53,Female,New York,PhD,6,2.6,3.6,True
EMP-1789,2022-03-20,Sales,VP of Sales,149400,24,Female,Berlin,PhD,3,1.1,1.4,True
EMP-1790,2021-05-26,Sales,Account Executive,110100,37,Non-binary,New York,Master,7,3.1,4.4,True
EMP-1791,2017-12-23,Finance,CFO,126100,56,Non-binary,Berlin,PhD,4,4.7,8.4,True
EMP-1792,2015-03-07,Marketing,Marketing Manager,87700,28,Male,Berlin,Master,5,1.9,6.3,True
EMP-1793,2021-02-15,HR,HR Manager,102500,54,Non-binary,Remote,Bachelor,10,4.5,8.5,True
EMP-1794,2016-12-10,Marketing,Content Writer,66700,29,Male,New York,Bachelor,7,4.0,2.8,True
EMP-1795,2021-07-05,Legal,General Counsel,166400,56,Female,London,Master,3,1.0,9.6,True
EMP-1796,2023-12-08,Finance,Analyst,71200,46,Female,Toronto,Master,13,2.7,7.1,True
EMP-1797,2023-09-22,HR,HR Director,112600,55,Female,Toronto,Bachelor,15,4.0,4.3,True
EMP-1798,2019-03-05,Sales,VP of Sales,117100,23,Male,Sydney,High School,1,3.1,7.0,True
EMP-1799,2022-07-03,Engineering,Engineering Manager,153700,30,Male,New York,PhD,9,3.4,1.3,True
EMP-1800,2021-03-20,Legal,Associate,105700,25,Non-binary,Remote,High School,1,1.3,7.2,True
EMP-1801,2020-04-16,Legal,General Counsel,124300,50,Male,London,PhD,8,2.6,3.1,True
EMP-1802,2016-01-02,Legal,General Counsel,175900,25,Male,London,PhD,1,1.7,6.0,True
EMP-1803,2023-05-28,Product,Product Analyst,116500,34,Male,New York,PhD,2,4.8,9.3,True
EMP-1804,2018-05-11,HR,HR Coordinator,51100,49,Male,Remote,Bachelor,7,4.7,5.9,True
EMP-1805,2016-05-13,HR,HR Director,116600,49,Male,Toronto,Bachelor,26,2.0,7.6,True
EMP-1806,2019-03-26,HR,HR Director,115400,49,Female,Berlin,High School,22,1.8,8.3,True
EMP-1807,2019-04-05,Legal,Associate,93500,38,Female,New York,Bachelor,3,1.4,7.1,True
EMP-1808,2017-05-30,Product,VP of Product,170300,25,Male,Sydney,PhD,1,2.5,1.9,True
EMP-1809,2023-12-14,Legal,Paralegal,81900,55,Female,Sydney,PhD,24,3.8,6.7,True
EMP-1810,2022-02-21,Legal,Associate,105200,40,Male,Toronto,Bachelor,15,4.1,1.2,True
EMP-1811,2018-05-20,Sales,SDR,85000,37,Male,New York,PhD,13,4.9,4.3,True
EMP-1812,2021-01-11,Engineering,Junior Dev,98900,26,Male,Toronto,Bachelor,2,2.7,3.6,False
EMP-1813,2021-03-04,Finance,Accountant,83300,29,Female,New York,Master,1,4.8,4.4,True
EMP-1814,2022-08-19,Product,Product Manager,136300,40,Female,Berlin,Bachelor,14,1.3,5.1,False
EMP-1815,2023-08-02,Finance,Accountant,118400,24,Female,New York,Bachelor,1,1.5,1.3,True
EMP-1816,2017-06-25,Legal,Paralegal,97000,43,Non-binary,London,Bachelor,2,4.6,5.9,True
EMP-1817,2017-08-04,HR,HR Manager,94300,25,Female,London,Master,3,3.1,5.2,True
EMP-1818,2020-04-05,Marketing,Content Writer,73100,26,Female,Sydney,Master,2,2.9,3.1,True
EMP-1819,2018-06-07,Legal,Senior Counsel,150600,54,Female,Berlin,PhD,6,4.6,8.8,False
EMP-1820,2022-05-05,HR,Recruiter,62000,51,Female,London,Bachelor,18,2.2,3.4,True
EMP-1821,2018-05-31,Engineering,Engineering Manager,168300,34,Female,London,Master,1,3.8,8.0,True
EMP-1822,2020-03-07,Legal,Senior Counsel,108700,53,Male,Sydney,Bachelor,0,4.6,4.6,True
EMP-1823,2015-08-12,Marketing,CMO,122800,25,Male,London,PhD,3,2.0,7.7,True
EMP-1824,2015-01-01,HR,Recruiter,77400,53,Female,London,Master,28,4.5,7.1,True
EMP-1825,2018-02-12,Sales,Account Executive,107000,58,Non-binary,New York,PhD,3,3.6,7.1,True
EMP-1826,2022-06-05,Sales,Sales Manager,90200,55,Male,New York,Master,23,4.0,5.6,True
EMP-1827,2016-10-20,Legal,Associate,133400,39,Male,Sydney,Bachelor,13,2.9,7.8,True
EMP-1828,2021-03-28,Operations,COO,78900,35,Female,Sydney,Bachelor,5,5.0,2.1,True
EMP-1829,2018-10-02,Operations,Ops Analyst,63400,52,Female,Remote,High School,15,4.2,5.6,True
EMP-1830,2023-11-28,HR,HR Coordinator,52800,26,Non-binary,Toronto,High School,3,2.4,7.5,True
EMP-1831,2018-05-31,Engineering,Senior Dev,123800,51,Non-binary,Berlin,High School,18,4.8,2.5,True
EMP-1832,2017-04-23,Finance,Analyst,83700,35,Female,Berlin,Master,8,2.3,4.3,True
EMP-1833,2015-04-26,Legal,Senior Counsel,152200,51,Female,London,High School,3,1.4,5.2,True
EMP-1834,2020-09-09,Operations,Ops Analyst,59800,25,Non-binary,London,Bachelor,4,1.3,4.6,True
EMP-1835,2017-11-09,Finance,Accountant,95800,58,Non-binary,London,High School,19,1.3,5.0,True
EMP-1836,2017-10-09,Sales,Account Executive,94100,29,Non-binary,New York,Master,0,2.9,8.0,True
EMP-1837,2021-01-23,Operations,COO,89100,56,Non-binary,New York,Bachelor,9,4.6,8.2,True
EMP-1838,2019-11-23,Sales,VP of Sales,108700,49,Male,Sydney,PhD,5,3.7,2.3,True
EMP-1839,2020-11-22,Legal,General Counsel,162700,35,Male,London,Bachelor,13,3.8,9.4,True
EMP-1840,2023-08-28,HR,HR Coordinator,66000,41,Male,New York,Master,19,2.8,8.8,True
EMP-1841,2023-12-26,HR,HR Manager,97900,22,Male,Sydney,Bachelor,1,4.1,2.4,False
EMP-1842,2016-06-18,Sales,SDR,87500,46,Male,New York,PhD,24,4.6,9.5,True
EMP-1843,2020-02-15,HR,HR Manager,80600,47,Non-binary,Sydney,Master,13,2.4,9.8,True
EMP-1844,2015-05-16,Finance,Finance Manager,104500,43,Female,Toronto,PhD,14,3.9,5.6,False
EMP-1845,2019-12-02,Finance,Accountant,119900,30,Female,London,High School,1,3.7,7.8,True
EMP-1846,2015-02-11,Legal,Associate,117500,27,Non-binary,Berlin,High School,1,4.8,1.6,True
EMP-1847,2015-12-10,Engineering,Senior Dev,124900,25,Female,Sydney,Bachelor,0,1.2,6.9,True
EMP-1848,2020-02-12,Product,Product Manager,142800,39,Male,Sydney,High School,3,2.2,6.1,True
EMP-1849,2020-01-12,Product,Senior PM,172100,46,Male,Sydney,High School,24,3.1,5.0,True
EMP-1850,2015-12-15,Product,VP of Product,196500,46,Female,Berlin,Master,21,4.8,7.0,True
EMP-1851,2020-08-24,Marketing,Marketing Manager,104600,54,Female,Remote,Master,32,4.4,5.7,True
EMP-1852,2018-09-12,Sales,SDR,76500,58,Non-binary,London,PhD,25,2.2,9.2,True
EMP-1853,2021-07-15,Engineering,Lead Engineer,123100,29,Male,London,Bachelor,6,1.5,5.3,False
EMP-1854,2018-08-18,Engineering,Senior Dev,131800,55,Male,Berlin,PhD,20,1.1,3.1,True
EMP-1855,2019-11-26,Operations,Ops Analyst,73000,40,Female,New York,Bachelor,11,2.0,3.2,True
EMP-1856,2018-07-26,Operations,Ops Manager,85800,51,Male,Toronto,PhD,4,2.3,8.3,True
EMP-1857,2020-06-20,Operations,COO,94400,25,Non-binary,New York,High School,0,4.6,1.9,False
EMP-1858,2018-12-17,Legal,Paralegal,77900,37,Female,Berlin,Master,1,4.2,9.2,True
EMP-1859,2020-11-13,Finance,Finance Manager,132400,44,Female,Toronto,Bachelor,18,1.2,4.9,True
EMP-1860,2017-04-22,HR,HR Manager,87900,33,Female,Remote,Master,3,2.0,8.0,True
EMP-1861,2022-12-09,Legal,Senior Counsel,140300,49,Male,Sydney,High School,23,1.7,6.3,True
EMP-1862,2016-02-07,Product,Product Manager,125400,51,Male,Sydney,PhD,24,1.4,1.3,True
EMP-1863,2023-01-04,Marketing,Content Writer,81000,29,Male,Sydney,PhD,7,2.1,4.5,False
EMP-1864,2022-09-28,HR,HR Coordinator,71100,58,Female,Sydney,PhD,2,1.9,7.1,True
EMP-1865,2020-03-16,Legal,Senior Counsel,141600,27,Female,New York,Bachelor,1,3.3,9.8,True
EMP-1866,2019-11-21,Marketing,CMO,103400,23,Female,London,Master,1,1.1,8.8,True
EMP-1867,2016-08-28,Operations,COO,111000,36,Female,Sydney,High School,12,3.5,1.7,True
EMP-1868,2018-04-19,Legal,Senior Counsel,110100,27,Non-binary,Sydney,High School,3,2.1,7.3,True
EMP-1869,2020-10-31,Sales,Account Executive,81800,54,Male,New York,High School,29,1.6,3.4,True
EMP-1870,2019-08-19,Finance,Analyst,76300,40,Non-binary,Toronto,PhD,10,3.5,2.5,True
EMP-1871,2019-01-20,Product,Product Analyst,114100,26,Male,New York,High School,4,1.7,9.4,True
EMP-1872,2018-08-17,Product,Senior PM,121700,40,Non-binary,Sydney,PhD,15,1.2,7.8,True
EMP-1873,2018-04-13,Operations,Ops Analyst,58500,25,Male,Remote,Master,2,1.3,3.3,True
EMP-1874,2023-01-27,HR,HR Director,82700,54,Female,London,High School,5,4.9,2.6,False
EMP-1875,2019-05-27,Legal,Paralegal,98100,55,Non-binary,Remote,PhD,8,4.6,1.4,True
EMP-1876,2021-07-24,Marketing,Marketing Manager,122400,41,Male,Berlin,High School,6,4.8,1.5,True
EMP-1877,2016-08-19,Marketing,CMO,114900,24,Non-binary,Remote,PhD,1,1.4,6.9,True
EMP-1878,2015-09-16,Sales,SDR,65300,46,Non-binary,London,High School,23,2.6,5.8,True
EMP-1879,2015-03-30,HR,HR Coordinator,69900,57,Female,Remote,High School,26,1.9,9.6,True
EMP-1880,2021-01-19,HR,HR Director,96400,46,Male,London,Bachelor,5,1.4,2.3,True
EMP-1881,2022-03-25,Finance,Accountant,104300,56,Male,London,High School,9,3.1,4.8,True
EMP-1882,2016-03-22,Engineering,Senior Dev,110800,33,Female,Sydney,Bachelor,9,4.2,4.2,True
EMP-1883,2016-08-21,Finance,Accountant,106600,26,Female,Remote,Bachelor,5,2.8,6.6,True
EMP-1884,2018-04-10,Engineering,Staff Engineer,136100,34,Non-binary,Remote,High School,4,2.8,3.2,True
EMP-1885,2020-05-27,HR,Recruiter,74100,45,Non-binary,New York,PhD,3,4.5,10.0,True
EMP-1886,2016-11-22,Product,VP of Product,143000,51,Female,Sydney,High School,20,2.0,2.9,True
EMP-1887,2018-04-26,Marketing,SEO Specialist,102800,49,Non-binary,Sydney,PhD,13,1.2,4.2,False
EMP-1888,2015-06-14,Engineering,Senior Dev,103300,36,Male,Sydney,High School,2,1.1,7.5,True
EMP-1889,2023-11-05,HR,HR Coordinator,75000,45,Female,Berlin,PhD,0,3.0,8.8,True
EMP-1890,2018-10-29,HR,HR Coordinator,62300,55,Male,Sydney,PhD,0,4.3,7.3,True
EMP-1891,2015-05-05,Product,Senior PM,162300,28,Female,Berlin,Master,7,4.8,3.4,True
EMP-1892,2023-10-02,Engineering,Junior Dev,106400,52,Female,London,PhD,26,4.3,5.5,True
EMP-1893,2023-03-05,HR,Recruiter,61700,42,Female,Sydney,PhD,5,3.9,6.0,True
EMP-1894,2015-05-24,Product,Senior PM,165400,38,Female,Sydney,High School,3,5.0,7.3,True
EMP-1895,2023-08-21,Operations,Ops Manager,78600,36,Female,Berlin,PhD,5,3.8,2.2,True
EMP-1896,2017-04-30,Finance,CFO,111300,34,Female,Toronto,High School,4,3.6,5.4,False
EMP-1897,2020-04-08,Product,Product Manager,107100,29,Female,Remote,Master,1,4.3,8.8,True
EMP-1898,2018-11-11,HR,Recruiter,72500,55,Male,Berlin,PhD,18,3.9,7.1,False
EMP-1899,2019-03-31,Sales,Account Executive,77100,49,Male,Toronto,Master,5,1.1,9.7,True
EMP-1900,2016-04-02,Legal,Senior Counsel,141700,26,Male,London,Bachelor,1,1.6,2.3,True
EMP-1901,2023-09-13,Legal,Senior Counsel,125700,50,Non-binary,Remote,High School,6,3.5,6.2,True
EMP-1902,2023-08-15,Sales,SDR,82700,36,Non-binary,Toronto,Master,10,3.5,3.5,True
EMP-1903,2020-01-28,Marketing,Content Writer,76200,41,Non-binary,Berlin,Bachelor,7,1.2,5.4,True
EMP-1904,2022-11-21,HR,HR Director,114100,54,Non-binary,Toronto,High School,0,3.9,9.0,True
EMP-1905,2020-05-20,Engineering,Junior Dev,100800,29,Male,London,Master,3,2.8,2.6,True
EMP-1906,2016-02-25,Sales,VP of Sales,123800,33,Female,Remote,Bachelor,8,2.8,1.4,True
EMP-1907,2023-07-29,Marketing,Content Writer,80800,28,Non-binary,Berlin,PhD,1,3.9,1.2,True
EMP-1908,2021-08-19,Sales,Account Executive,81300,29,Female,Remote,Bachelor,5,2.4,4.4,True
EMP-1909,2020-11-03,Finance,Analyst,92200,22,Female,Berlin,PhD,0,3.6,3.2,True
EMP-1910,2016-07-05,Product,Product Manager,110500,40,Male,Berlin,PhD,0,3.7,6.9,False
EMP-1911,2021-11-22,Operations,Ops Analyst,72600,27,Non-binary,Sydney,Bachelor,4,4.7,6.5,True
EMP-1912,2020-04-17,Product,VP of Product,193100,42,Non-binary,Sydney,Master,19,2.4,7.2,True
EMP-1913,2023-06-06,Legal,Paralegal,92900,32,Male,New York,Master,4,2.2,3.2,True
EMP-1914,2015-10-17,Engineering,Engineering Manager,198900,41,Non-binary,Toronto,Master,12,3.2,1.3,True
EMP-1915,2016-11-01,Operations,COO,104200,38,Male,New York,Bachelor,12,2.9,4.8,True
EMP-1916,2023-09-20,Legal,General Counsel,146300,32,Male,Remote,High School,1,3.9,5.5,True
EMP-1917,2016-12-31,Engineering,Staff Engineer,130100,47,Male,New York,PhD,25,2.1,1.3,True
EMP-1918,2017-04-20,Sales,Account Executive,100400,40,Male,Sydney,Bachelor,12,3.4,5.8,False
EMP-1919,2019-04-23,Engineering,Staff Engineer,141800,29,Non-binary,New York,High School,2,3.4,3.4,True
EMP-1920,2021-02-24,Engineering,Engineering Manager,168200,45,Male,Toronto,Bachelor,8,1.5,1.2,True
EMP-1921,2022-04-06,Finance,Finance Manager,101400,50,Male,Remote,Bachelor,8,2.2,6.3,False
EMP-1922,2017-03-29,Product,Product Manager,103900,27,Female,New York,High School,1,3.7,6.7,True
EMP-1923,2018-07-11,HR,HR Director,93200,46,Non-binary,Sydney,High School,6,3.8,3.5,False
EMP-1924,2019-12-09,Operations,COO,91700,53,Female,Remote,High School,18,3.9,5.2,True
EMP-1925,2015-01-10,Legal,Paralegal,104000,25,Male,Sydney,Master,4,3.8,3.2,False
EMP-1926,2015-03-19,Product,Senior PM,125400,47,Female,Toronto,High School,18,3.1,5.0,True
EMP-1927,2019-09-10,Finance,Analyst,77700,46,Non-binary,Remote,Master,12,4.0,8.0,True
EMP-1928,2020-03-24,Engineering,Staff Engineer,151200,41,Non-binary,London,Bachelor,8,4.8,2.5,True
EMP-1929,2019-05-25,Operations,Ops Manager,66700,49,Male,London,Bachelor,14,3.9,4.2,True
EMP-1930,2023-09-02,Engineering,Lead Engineer,149900,45,Non-binary,Berlin,High School,3,4.5,7.8,True
EMP-1931,2021-02-09,Engineering,Staff Engineer,165300,22,Non-binary,Remote,Bachelor,0,2.2,3.5,True
EMP-1932,2018-06-10,Engineering,Senior Dev,141700,23,Non-binary,Remote,Bachelor,2,3.6,5.5,True
EMP-1933,2016-06-03,Finance,Analyst,99600,23,Female,Sydney,PhD,2,2.4,9.3,True
EMP-1934,2022-04-03,Marketing,Marketing Manager,102800,47,Female,New York,Master,13,1.7,1.9,True
EMP-1935,2017-04-11,Legal,Associate,131500,42,Female,Sydney,PhD,4,3.4,10.0,True
EMP-1936,2018-11-21,Sales,VP of Sales,147900,54,Non-binary,Remote,Bachelor,31,1.2,4.5,True
EMP-1937,2015-05-11,Marketing,Marketing Manager,83400,37,Male,Berlin,PhD,2,3.6,3.0,True
EMP-1938,2022-04-12,Marketing,SEO Specialist,82900,35,Male,New York,Bachelor,11,2.8,2.8,True
EMP-1939,2019-02-05,Engineering,Lead Engineer,142800,23,Male,London,Master,0,4.2,7.9,True
EMP-1940,2015-03-20,Operations,Ops Manager,81800,47,Male,Sydney,PhD,22,1.2,1.9,False
EMP-1941,2016-04-25,HR,HR Director,90600,32,Male,Remote,Bachelor,11,1.2,2.1,True
EMP-1942,2020-03-11,Product,Product Manager,130600,52,Male,Toronto,PhD,29,4.6,7.9,True
EMP-1943,2019-08-08,Engineering,Junior Dev,110100,56,Male,Berlin,PhD,14,3.6,8.4,True
EMP-1944,2022-08-24,Sales,Sales Manager,94900,39,Non-binary,Toronto,High School,1,1.2,9.6,True
EMP-1945,2015-04-04,Engineering,Staff Engineer,142800,34,Non-binary,New York,PhD,12,1.8,2.6,True
EMP-1946,2015-10-27,Product,VP of Product,142000,34,Male,Berlin,PhD,11,2.6,9.3,True
EMP-1947,2020-05-26,Operations,COO,81800,56,Female,London,Master,2,2.0,7.1,False
EMP-1948,2020-11-28,Legal,Senior Counsel,152600,34,Female,London,Bachelor,10,4.0,7.1,True
EMP-1949,2015-01-17,Legal,Associate,118800,48,Female,Remote,Bachelor,21,2.1,5.7,False
EMP-1950,2016-05-10,Product,Product Analyst,100400,41,Non-binary,Sydney,High School,2,1.8,9.1,True
EMP-1951,2015-06-30,Operations,Ops Analyst,62700,40,Female,Remote,High School,4,4.3,6.5,True
EMP-1952,2022-02-19,Finance,Accountant,114300,22,Non-binary,Sydney,Master,1,4.8,9.5,True
EMP-1953,2022-12-12,HR,HR Manager,85200,36,Non-binary,London,PhD,2,3.8,5.2,True
EMP-1954,2022-02-09,Product,Product Manager,132900,31,Female,New York,Master,5,1.7,7.1,True
EMP-1955,2021-01-08,Operations,Ops Analyst,59800,34,Non-binary,Toronto,Master,6,3.3,6.3,True
EMP-1956,2015-01-08,Marketing,CMO,115700,38,Non-binary,Sydney,Bachelor,3,3.7,8.6,True
EMP-1957,2018-06-30,Legal,General Counsel,127800,57,Non-binary,New York,Bachelor,34,1.4,1.1,False
EMP-1958,2020-04-12,Product,Senior PM,174800,30,Female,Remote,Bachelor,8,4.0,9.0,True
EMP-1959,2018-06-02,HR,Recruiter,80200,58,Male,Berlin,High School,12,4.7,1.2,True
EMP-1960,2020-07-24,Legal,General Counsel,152200,52,Male,Sydney,Bachelor,11,1.1,6.1,True
EMP-1961,2020-03-19,Sales,Sales Manager,102900,27,Non-binary,London,Bachelor,4,4.8,9.8,True
EMP-1962,2019-06-16,Engineering,Engineering Manager,166900,49,Non-binary,Remote,High School,23,3.2,7.4,True
EMP-1963,2022-06-15,Operations,Ops Analyst,68000,41,Male,Berlin,High School,14,4.5,4.8,True
EMP-1964,2020-08-24,Operations,COO,96500,40,Non-binary,Sydney,Master,9,4.9,1.7,True
EMP-1965,2016-12-29,Engineering,Senior Dev,132400,44,Non-binary,Sydney,PhD,17,4.0,9.9,False
EMP-1966,2022-05-14,Sales,SDR,88400,46,Female,Berlin,Bachelor,10,2.2,4.2,True
EMP-1967,2023-02-27,Marketing,SEO Specialist,75200,48,Female,New York,PhD,6,1.4,3.8,True
EMP-1968,2017-07-22,Finance,Analyst,91800,43,Non-binary,Berlin,Master,10,4.5,8.6,False
EMP-1969,2021-09-08,Legal,Senior Counsel,156000,41,Male,Remote,Bachelor,18,1.2,9.9,True
EMP-1970,2019-04-21,HR,Recruiter,78100,48,Female,New York,Bachelor,16,3.9,9.0,True
EMP-1971,2017-03-07,HR,HR Manager,94400,54,Non-binary,New York,PhD,19,4.1,7.7,True
EMP-1972,2022-06-10,Sales,Sales Manager,110500,35,Male,Berlin,Master,10,1.1,6.4,True
EMP-1973,2020-11-20,Sales,VP of Sales,122100,40,Non-binary,Berlin,Master,14,2.1,4.2,False
EMP-1974,2020-02-16,Legal,Associate,118600,56,Female,Berlin,PhD,6,4.2,10.0,True
EMP-1975,2017-10-20,Legal,Associate,106000,46,Male,Sydney,High School,1,1.1,10.0,True
EMP-1976,2019-12-03,Finance,Analyst,92900,35,Male,Berlin,PhD,1,2.3,3.8,True
EMP-1977,2020-01-25,Legal,Paralegal,111700,26,Female,Sydney,High School,1,1.1,7.8,True
EMP-1978,2021-11-10,Engineering,Engineering Manager,207400,27,Male,New York,Master,6,1.1,8.6,True
EMP-1979,2015-06-23,Operations,Ops Manager,82900,22,Female,Toronto,Bachelor,0,3.6,3.0,True
EMP-1980,2021-08-12,Operations,COO,78400,27,Female,Toronto,Bachelor,6,2.6,4.3,True
EMP-1981,2021-08-05,Sales,SDR,72900,38,Non-binary,Toronto,High School,10,1.5,9.6,True
EMP-1982,2022-05-07,Finance,Analyst,77200,50,Female,Sydney,Master,2,1.4,7.5,True
EMP-1983,2020-12-22,Sales,Account Executive,90100,41,Male,Toronto,High School,9,3.8,2.4,True
EMP-1984,2021-05-23,Marketing,Content Writer,80000,27,Non-binary,Berlin,Bachelor,6,3.7,1.1,True
EMP-1985,2017-10-27,Operations,COO,90300,46,Male,Remote,Master,1,2.2,6.7,True
EMP-1986,2022-05-12,Finance,Finance Manager,125600,42,Female,London,PhD,16,3.1,7.0,True
EMP-1987,2016-04-07,Marketing,CMO,136800,46,Non-binary,Toronto,High School,15,2.5,7.5,True
EMP-1988,2018-02-15,Operations,Ops Analyst,69000,57,Male,Berlin,High School,33,1.6,8.1,True
EMP-1989,2023-10-17,HR,HR Coordinator,67900,37,Non-binary,New York,High School,15,2.7,9.0,True
EMP-1990,2015-04-07,Sales,SDR,69800,31,Female,New York,Master,2,3.4,9.3,True
EMP-1991,2019-05-29,Sales,Sales Manager,127900,56,Male,Sydney,Bachelor,24,2.9,7.8,True
EMP-1992,2017-08-23,Marketing,Content Writer,71900,36,Male,Toronto,Bachelor,11,3.0,1.7,False
EMP-1993,2017-06-19,Legal,Paralegal,88600,57,Male,New York,Master,13,3.3,2.9,True
EMP-1994,2020-05-29,Operations,Ops Manager,92000,46,Non-binary,New York,Master,1,1.6,2.4,True
EMP-1995,2020-09-29,Marketing,CMO,125300,56,Male,Remote,High School,35,4.9,7.3,True
EMP-1996,2018-10-09,Legal,General Counsel,159800,56,Female,Toronto,PhD,25,1.0,7.6,True
EMP-1997,2016-12-30,Operations,Ops Manager,89100,54,Non-binary,Berlin,High School,30,2.9,3.4,True
EMP-1998,2019-11-20,Legal,Senior Counsel,145800,31,Male,Toronto,Master,1,1.4,1.1,True
EMP-1999,2021-11-29,Sales,VP of Sales,141900,23,Male,Remote,Master,1,1.3,1.2,True
EMP-2000,2023-02-07,Finance,Analyst,71600,41,Non-binary,Sydney,High School,14,1.5,8.2,True
EMP-2001,2020-09-13,Finance,CFO,113800,47,Non-binary,Berlin,Master,23,3.4,2.4,True
EMP-2002,2023-06-18,Engineering,Staff Engineer,146000,49,Non-binary,London,High School,23,4.7,6.3,True
EMP-2003,2018-07-13,Engineering,Lead Engineer,149700,24,Male,Berlin,PhD,1,1.6,2.9,True
EMP-2004,2023-04-11,Finance,Finance Manager,114600,35,Female,Toronto,PhD,7,1.5,6.0,True
EMP-2005,2018-11-26,Finance,Accountant,98700,46,Female,Berlin,PhD,8,2.1,6.3,True
EMP-2006,2018-11-11,Legal,General Counsel,177100,37,Non-binary,Toronto,Bachelor,14,1.3,5.6,True
EMP-2007,2016-12-16,Engineering,Senior Dev,101700,31,Non-binary,Sydney,Master,3,3.2,2.9,True
EMP-2008,2016-11-24,Operations,Ops Analyst,57200,38,Male,Berlin,Bachelor,15,4.9,8.7,True
EMP-2009,2023-03-06,Sales,Sales Manager,112600,23,Non-binary,Berlin,High School,1,4.6,6.8,True
EMP-2010,2017-10-29,Sales,VP of Sales,122100,22,Female,Sydney,High School,1,1.1,4.6,True
EMP-2011,2023-02-18,HR,HR Coordinator,56900,23,Female,Berlin,Master,2,4.6,3.5,True
EMP-2012,2015-06-21,Finance,CFO,157600,23,Non-binary,Berlin,PhD,2,1.4,9.2,True
EMP-2013,2018-07-24,HR,HR Director,102600,49,Non-binary,New York,Master,2,3.9,3.4,True
EMP-2014,2016-01-28,Legal,Senior Counsel,131900,34,Male,Berlin,Bachelor,3,2.9,3.5,True
EMP-2015,2021-11-28,Product,Product Manager,120500,53,Non-binary,New York,PhD,30,1.5,8.1,True
EMP-2016,2018-06-08,Engineering,Lead Engineer,131400,55,Male,Berlin,Bachelor,5,2.5,5.1,True
EMP-2017,2016-09-11,HR,HR Manager,104500,37,Non-binary,Toronto,High School,8,1.5,4.0,False
EMP-2018,2023-10-22,Sales,SDR,66400,56,Non-binary,Toronto,PhD,16,1.4,3.2,True
EMP-2019,2020-04-01,Marketing,CMO,135600,55,Female,Remote,PhD,5,4.9,5.7,True
EMP-2020,2023-03-09,Marketing,Content Writer,80200,48,Female,Toronto,Bachelor,19,2.7,4.3,False
EMP-2021,2022-10-05,Operations,Ops Manager,95100,31,Female,New York,Master,0,3.7,4.3,True
EMP-2022,2017-10-27,Legal,Paralegal,112400,41,Non-binary,Remote,High School,15,3.0,2.8,True
EMP-2023,2017-05-31,Sales,SDR,88200,37,Female,Remote,Bachelor,12,1.8,9.7,True
EMP-2024,2019-08-30,Product,Senior PM,174200,49,Female,Remote,PhD,21,1.6,4.5,False
EMP-2025,2022-03-08,Legal,General Counsel,132100,41,Non-binary,Sydney,Master,7,1.2,7.0,True
EMP-2026,2019-02-10,Product,Senior PM,147300,43,Female,Remote,Master,2,3.3,6.2,True
EMP-2027,2015-01-06,Product,Product Manager,105800,42,Non-binary,Berlin,Bachelor,20,4.7,5.2,True
EMP-2028,2021-10-18,Product,Senior PM,122500,39,Non-binary,Sydney,High School,3,4.9,2.0,True
EMP-2029,2019-11-21,Legal,Senior Counsel,108600,32,Female,New York,PhD,8,2.9,2.1,True
EMP-2030,2020-09-11,HR,HR Coordinator,60500,57,Non-binary,Toronto,High School,23,4.6,4.3,True
EMP-2031,2022-05-16,HR,HR Manager,101400,32,Non-binary,London,Bachelor,8,2.1,6.2,True
EMP-2032,2017-04-17,Sales,SDR,71500,24,Non-binary,London,Master,2,2.5,5.6,True
EMP-2033,2015-05-05,Product,VP of Product,159700,50,Female,Remote,High School,13,3.9,4.2,True
EMP-2034,2022-06-24,Sales,Account Executive,82000,43,Non-binary,Berlin,PhD,7,3.4,5.4,False
EMP-2035,2015-12-13,Finance,CFO,125400,26,Female,Remote,Bachelor,3,4.1,6.8,False
EMP-2036,2017-03-07,Operations,Ops Manager,72900,55,Non-binary,London,PhD,9,3.7,6.5,True
EMP-2037,2022-05-10,HR,HR Coordinator,55100,48,Non-binary,New York,Master,4,1.1,8.5,True
EMP-2038,2018-04-25,Engineering,Junior Dev,95700,34,Non-binary,Berlin,PhD,3,1.1,2.4,False
EMP-2039,2021-02-02,HR,HR Director,103200,55,Non-binary,Berlin,PhD,9,1.0,4.4,True
EMP-2040,2020-01-23,Product,VP of Product,166500,30,Male,Berlin,High School,9,3.5,1.9,True
EMP-2041,2015-10-21,HR,Recruiter,63500,34,Non-binary,Remote,High School,2,4.5,6.4,True
EMP-2042,2019-12-25,Product,Senior PM,136700,32,Female,London,Master,1,4.4,9.2,True
EMP-2043,2022-05-25,Sales,Account Executive,88400,22,Non-binary,Remote,Master,1,3.8,9.5,True
EMP-2044,2023-10-22,Product,VP of Product,152100,37,Male,Berlin,Bachelor,15,3.2,2.1,True
EMP-2045,2020-08-01,Engineering,Lead Engineer,132800,54,Non-binary,Berlin,Bachelor,26,2.9,3.9,True
EMP-2046,2022-02-01,Engineering,Engineering Manager,171700,32,Male,New York,Bachelor,2,3.1,1.8,True
EMP-2047,2019-03-30,Operations,COO,81700,42,Female,Berlin,Bachelor,3,1.2,8.2,False
EMP-2048,2018-10-26,Marketing,CMO,129500,46,Non-binary,Berlin,High School,5,2.8,5.1,True
EMP-2049,2023-10-17,Marketing,SEO Specialist,82100,26,Male,New York,Master,4,1.0,6.8,True
EMP-2050,2022-06-19,HR,HR Director,102100,33,Male,London,High School,10,4.7,3.5,False
EMP-2051,2015-06-27,HR,HR Director,108700,57,Male,Remote,Bachelor,14,2.1,3.2,True
EMP-2052,2018-03-15,HR,HR Manager,102700,35,Male,Remote,High School,13,3.8,2.7,True
EMP-2053,2020-04-19,Operations,COO,101900,32,Male,Toronto,Master,10,4.3,2.5,False
EMP-2054,2022-02-28,HR,HR Director,112600,43,Male,London,High School,3,3.4,1.5,True
EMP-2055,2019-10-21,HR,Recruiter,89800,27,Male,Sydney,Master,3,1.3,5.3,True
EMP-2056,2023-09-25,Engineering,Engineering Manager,153900,42,Female,Remote,Bachelor,3,2.6,6.1,True
EMP-2057,2019-05-08,HR,Recruiter,85300,42,Female,Berlin,Bachelor,21,2.3,5.4,True
EMP-2058,2021-06-07,Marketing,Content Writer,77100,25,Non-binary,London,Master,2,4.4,5.8,True
EMP-2059,2022-01-29,Product,Product Manager,114700,54,Female,Berlin,Master,0,3.2,6.4,True
EMP-2060,2020-01-23,Engineering,Engineering Manager,166800,50,Female,Berlin,PhD,22,2.1,2.1,False
EMP-2061,2022-08-09,Engineering,Staff Engineer,174900,24,Male,Berlin,Bachelor,1,5.0,4.3,True
EMP-2062,2019-06-04,Operations,COO,86600,51,Male,Toronto,High School,14,2.1,4.9,True
EMP-2063,2020-12-03,Finance,Accountant,99100,50,Non-binary,Berlin,Bachelor,20,5.0,8.5,True
EMP-2064,2018-05-03,Engineering,Lead Engineer,130500,48,Non-binary,New York,Master,20,5.0,5.7,True
EMP-2065,2015-08-28,Finance,Accountant,106300,57,Male,New York,Master,24,3.5,2.2,True
EMP-2066,2022-03-25,Operations,COO,90200,33,Non-binary,Sydney,Master,11,2.5,4.7,True
EMP-2067,2021-05-07,Finance,Finance Manager,120400,35,Male,Remote,High School,7,5.0,6.8,True
EMP-2068,2019-05-22,HR,HR Manager,86500,44,Male,Sydney,High School,15,4.4,9.0,False
EMP-2069,2019-07-01,Product,Product Analyst,95400,23,Female,Toronto,PhD,2,2.5,7.9,True
EMP-2070,2021-02-23,Finance,Analyst,99900,46,Male,Sydney,Bachelor,11,3.0,9.1,True
EMP-2071,2023-01-03,Engineering,Staff Engineer,165600,26,Non-binary,New York,PhD,2,2.3,8.6,False
EMP-2072,2023-11-23,Sales,Sales Manager,96000,53,Female,Toronto,Master,18,1.4,4.7,True
EMP-2073,2021-05-16,Marketing,CMO,96800,30,Female,London,PhD,2,3.2,8.7,True
EMP-2074,2022-08-19,Sales,SDR,75000,34,Female,Berlin,Master,0,3.8,9.6,True
EMP-2075,2018-10-17,Engineering,Staff Engineer,165800,29,Male,Sydney,High School,8,1.4,3.3,True
EMP-2076,2022-02-06,Finance,CFO,111400,46,Female,London,High School,16,3.9,3.2,True
EMP-2077,2019-08-04,Operations,Ops Analyst,69700,55,Female,Toronto,PhD,34,2.1,2.5,True
EMP-2078,2021-07-14,Operations,Ops Manager,90100,36,Non-binary,Remote,Bachelor,9,2.1,3.7,True
EMP-2079,2015-09-14,Product,Product Manager,124000,33,Male,New York,High School,10,2.9,9.3,True
EMP-2080,2018-01-23,Finance,CFO,141900,34,Female,Toronto,Master,8,3.5,4.8,True
EMP-2081,2018-01-23,Finance,Accountant,105600,25,Male,New York,High School,1,1.3,2.1,True
EMP-2082,2017-09-16,Engineering,Staff Engineer,135700,48,Male,Remote,PhD,13,1.6,6.0,True
EMP-2083,2023-10-02,HR,HR Manager,87800,44,Non-binary,New York,Master,12,1.7,3.3,True
EMP-2084,2022-07-22,Finance,Accountant,108700,34,Male,Berlin,High School,11,4.1,5.4,False
EMP-2085,2023-12-19,Operations,COO,83500,50,Female,London,High School,10,2.5,3.2,True
EMP-2086,2017-01-06,Marketing,Marketing Manager,86900,32,Male,Remote,Master,5,2.3,6.2,True
EMP-2087,2018-08-04,Operations,Ops Manager,76000,24,Male,Berlin,PhD,2,1.9,5.4,True
EMP-2088,2015-08-08,HR,HR Coordinator,64500,26,Female,Sydney,Bachelor,1,1.2,9.2,True
EMP-2089,2019-06-25,Engineering,Engineering Manager,211000,43,Non-binary,Berlin,Bachelor,19,2.3,7.9,True
EMP-2090,2021-10-30,Operations,Ops Analyst,57300,51,Non-binary,London,Master,30,3.1,1.2,True
EMP-2091,2021-06-22,HR,HR Manager,102200,52,Non-binary,Remote,High School,6,3.6,4.3,True
EMP-2092,2019-03-31,Engineering,Lead Engineer,127600,38,Male,New York,PhD,8,1.4,7.4,False
EMP-2093,2020-11-13,Operations,COO,85100,42,Non-binary,Berlin,Bachelor,21,2.9,1.4,True
EMP-2094,2018-10-31,Marketing,CMO,135500,38,Non-binary,London,High School,17,2.1,6.0,True
EMP-2095,2022-11-11,Operations,COO,85400,33,Male,London,Bachelor,11,3.3,5.5,True
EMP-2096,2016-08-06,Finance,Analyst,100000,49,Male,Remote,PhD,26,2.3,2.4,True
EMP-2097,2016-01-05,Legal,General Counsel,173800,50,Non-binary,Remote,High School,18,2.7,5.5,True
EMP-2098,2021-04-11,HR,HR Coordinator,66800,54,Non-binary,Remote,High School,29,4.5,4.5,False
EMP-2099,2019-03-04,Product,Product Manager,140200,40,Non-binary,Remote,Master,13,4.8,7.5,True
EMP-2100,2017-09-11,Sales,SDR,80100,48,Non-binary,Toronto,High School,9,1.3,1.2,True
EMP-2101,2018-06-14,Finance,Analyst,83900,37,Male,Berlin,PhD,14,3.2,8.0,True
EMP-2102,2022-02-02,Finance,Analyst,78700,33,Male,London,PhD,11,1.7,10.0,True
EMP-2103,2020-06-03,Engineering,Engineering Manager,187400,31,Non-binary,New York,Master,2,4.4,1.0,True
EMP-2104,2020-07-12,HR,Recruiter,78300,40,Female,Berlin,PhD,12,2.2,4.6,True
EMP-2105,2022-03-02,Operations,COO,89500,58,Female,Remote,High School,33,3.9,2.4,True
EMP-2106,2017-09-30,Operations,Ops Manager,77700,36,Male,Remote,Bachelor,13,1.1,5.0,True
EMP-2107,2023-05-14,Finance,Analyst,71100,46,Male,Sydney,High School,1,1.1,9.5,True
EMP-2108,2023-10-30,Sales,VP of Sales,113200,50,Female,Berlin,PhD,26,1.3,3.0,False
EMP-2109,2023-12-17,Legal,Paralegal,100700,57,Male,Sydney,PhD,13,2.5,4.7,True
EMP-2110,2017-05-20,Product,Senior PM,125300,25,Female,Sydney,PhD,0,3.9,1.3,False
EMP-2111,2020-02-08,Engineering,Junior Dev,106200,52,Male,London,PhD,18,3.7,6.2,True
EMP-2112,2015-05-22,Finance,CFO,108900,33,Male,New York,Bachelor,3,4.9,2.3,True
EMP-2113,2021-08-27,Engineering,Junior Dev,83500,42,Non-binary,Remote,PhD,21,3.4,2.7,True
EMP-2114,2021-05-27,Marketing,SEO Specialist,101600,33,Male,Remote,High School,3,4.7,8.2,True
EMP-2115,2019-08-10,Sales,SDR,65200,24,Male,Toronto,PhD,2,2.2,6.8,True
EMP-2116,2017-12-04,Legal,General Counsel,134100,56,Female,Sydney,High School,17,4.1,4.4,True
EMP-2117,2017-10-17,HR,HR Coordinator,64500,22,Non-binary,Sydney,PhD,0,3.8,3.2,True
EMP-2118,2021-06-02,Sales,Sales Manager,122900,57,Male,Berlin,PhD,10,4.0,9.7,True
EMP-2119,2016-11-30,Legal,Senior Counsel,140200,48,Male,New York,Master,4,2.7,2.4,True
EMP-2120,2021-01-16,Sales,Account Executive,107700,46,Non-binary,Berlin,PhD,8,3.9,7.8,False
EMP-2121,2021-04-28,HR,HR Manager,82500,39,Male,Sydney,Master,16,1.6,8.3,True
EMP-2122,2016-11-14,Sales,Account Executive,101100,58,Female,Sydney,High School,6,1.9,3.5,True
EMP-2123,2020-07-11,HR,HR Coordinator,66900,53,Non-binary,Berlin,PhD,19,4.9,4.3,True
EMP-2124,2015-04-11,Marketing,CMO,109400,41,Male,Toronto,Bachelor,4,1.5,5.4,True
EMP-2125,2023-08-29,Marketing,Marketing Manager,90500,42,Male,Berlin,High School,13,3.8,3.9,True
EMP-2126,2018-08-05,Product,Product Analyst,92200,27,Non-binary,Berlin,Master,0,3.0,5.5,True
EMP-2127,2022-05-08,Product,Product Analyst,98000,51,Male,New York,High School,16,2.3,1.8,True
EMP-2128,2018-08-25,Sales,SDR,73700,23,Male,Toronto,High School,2,3.6,9.1,True
EMP-2129,2015-08-04,HR,HR Director,88100,52,Female,New York,High School,28,4.4,3.4,True
EMP-2130,2017-06-24,Sales,SDR,89600,26,Non-binary,Toronto,High School,4,3.2,9.6,True
EMP-2131,2015-01-30,Sales,Sales Manager,107700,58,Female,Sydney,Master,23,2.4,1.8,True
EMP-2132,2019-12-03,Marketing,SEO Specialist,100900,55,Non-binary,Berlin,Bachelor,15,2.9,2.2,True
EMP-2133,2019-03-20,Operations,COO,97400,29,Male,New York,High School,6,4.9,8.9,True
EMP-2134,2022-07-23,Engineering,Lead Engineer,150000,52,Non-binary,Sydney,PhD,30,2.3,1.8,True
EMP-2135,2015-07-20,Product,Senior PM,174400,33,Male,Sydney,PhD,11,1.3,6.3,True
EMP-2136,2018-08-06,Operations,Ops Manager,90900,57,Female,Remote,High School,20,2.6,3.1,False
EMP-2137,2017-07-12,Engineering,Senior Dev,127400,41,Male,Remote,Master,5,4.2,2.3,True
EMP-2138,2017-02-04,Sales,SDR,89300,46,Non-binary,Berlin,High School,23,2.3,7.6,True
EMP-2139,2022-04-14,Sales,VP of Sales,102500,22,Male,Toronto,Master,0,4.1,4.8,True
EMP-2140,2017-05-24,Legal,General Counsel,136300,24,Male,Toronto,PhD,1,2.3,1.7,True
EMP-2141,2021-07-31,Product,Product Analyst,104200,39,Non-binary,Berlin,High School,16,2.3,9.3,False
EMP-2142,2021-07-20,HR,HR Coordinator,53800,31,Male,Remote,Master,8,1.1,2.1,True
EMP-2143,2022-03-06,Marketing,CMO,125500,47,Female,Berlin,Bachelor,2,3.0,9.5,True
EMP-2144,2019-07-25,Operations,Ops Manager,73000,57,Male,Sydney,Master,2,3.3,2.7,True
EMP-2145,2023-12-24,HR,HR Coordinator,74700,58,Male,Toronto,Bachelor,19,1.2,3.0,True
EMP-2146,2017-07-27,HR,HR Manager,71900,58,Male,Toronto,Master,10,3.6,6.6,True
EMP-2147,2019-08-01,Marketing,Content Writer,62000,57,Male,Toronto,Master,7,1.1,5.4,True
EMP-2148,2015-07-05,Operations,Ops Analyst,60500,50,Male,Sydney,Bachelor,6,1.5,6.2,True
EMP-2149,2023-02-09,Legal,Associate,96300,35,Male,Berlin,High School,4,3.2,1.8,False
EMP-2150,2017-08-09,Product,Product Analyst,117100,36,Non-binary,Remote,High School,2,4.7,9.9,True
EMP-2151,2017-08-13,Engineering,Junior Dev,92200,43,Female,London,Bachelor,17,3.7,4.6,True
EMP-2152,2018-04-10,Sales,Account Executive,77900,24,Male,Toronto,Bachelor,2,1.4,4.9,True
EMP-2153,2015-06-04,Engineering,Lead Engineer,136400,30,Male,New York,Bachelor,7,2.7,7.0,True
EMP-2154,2019-10-08,Legal,Senior Counsel,139700,33,Female,Sydney,Master,11,4.4,8.9,False
EMP-2155,2021-08-13,Engineering,Lead Engineer,121900,25,Male,London,Bachelor,2,3.3,4.4,True
EMP-2156,2022-11-25,Finance,Accountant,94700,25,Non-binary,Sydney,High School,0,4.0,5.9,True
EMP-2157,2018-11-15,Marketing,Marketing Manager,115900,35,Male,Sydney,High School,0,2.1,6.0,False
EMP-2158,2017-07-14,Operations,Ops Analyst,60000,34,Non-binary,Remote,Master,7,1.9,6.1,True
EMP-2159,2023-05-02,Operations,COO,103800,53,Non-binary,Berlin,PhD,5,4.2,1.3,True
EMP-2160,2021-01-04,Product,Product Manager,143000,52,Female,London,Master,4,3.6,2.3,True
EMP-2161,2016-08-23,Product,Product Analyst,113300,55,Female,Toronto,PhD,34,4.9,9.1,True
EMP-2162,2022-10-23,Engineering,Senior Dev,138900,42,Female,Remote,PhD,7,1.6,2.2,False
EMP-2163,2019-12-03,Legal,Paralegal,103400,57,Female,Sydney,Master,30,4.1,5.3,True
EMP-2164,2022-03-06,Finance,Accountant,89000,26,Non-binary,Berlin,Bachelor,5,2.2,3.0,True
EMP-2165,2015-09-03,Marketing,Content Writer,78900,44,Non-binary,Sydney,High School,10,1.5,7.9,True
EMP-2166,2019-07-26,Sales,Sales Manager,107400,42,Female,Remote,PhD,9,1.9,9.5,True
EMP-2167,2020-02-03,Marketing,CMO,108600,49,Non-binary,Remote,Master,19,1.6,9.9,False
EMP-2168,2023-01-22,Marketing,Content Writer,79100,32,Non-binary,Sydney,PhD,9,1.8,3.2,True
EMP-2169,2016-09-24,HR,HR Director,112700,54,Male,Sydney,PhD,19,2.8,5.2,True
EMP-2170,2019-08-31,Marketing,CMO,122900,50,Male,New York,High School,8,1.3,8.3,True
EMP-2171,2021-04-20,Finance,Finance Manager,102900,47,Female,London,High School,12,3.6,6.0,True
EMP-2172,2021-11-04,Marketing,Content Writer,78100,32,Non-binary,Sydney,Bachelor,7,3.9,5.2,True
EMP-2173,2016-07-28,Marketing,CMO,129000,45,Male,Sydney,High School,0,4.3,3.5,True
EMP-2174,2020-02-21,Legal,General Counsel,151800,29,Male,London,Master,2,3.7,4.7,True
EMP-2175,2019-10-15,Product,Product Manager,109500,45,Female,Berlin,High School,0,1.2,4.1,True
EMP-2176,2015-11-08,Marketing,SEO Specialist,83100,40,Male,Toronto,Bachelor,8,3.8,8.4,True
EMP-2177,2016-02-26,Sales,Sales Manager,91300,27,Non-binary,New York,High School,6,2.6,9.0,False
EMP-2178,2020-10-06,HR,HR Manager,100900,32,Female,New York,Master,5,1.5,4.1,True
EMP-2179,2023-08-24,Engineering,Staff Engineer,179900,22,Non-binary,Berlin,Master,1,3.5,4.6,True
EMP-2180,2017-05-05,Product,Product Manager,132800,24,Male,London,Bachelor,0,4.3,1.6,True
EMP-2181,2018-10-04,Product,Product Analyst,106400,35,Non-binary,London,PhD,13,4.0,5.5,True
EMP-2182,2015-09-24,HR,HR Manager,76800,33,Non-binary,New York,Bachelor,11,4.8,7.5,True
EMP-2183,2023-03-08,Finance,CFO,138300,45,Non-binary,London,PhD,21,3.8,4.0,True
EMP-2184,2022-05-04,Engineering,Engineering Manager,204100,46,Male,Sydney,High School,12,3.3,3.4,True
EMP-2185,2015-10-18,HR,HR Director,113600,44,Male,New York,High School,1,2.8,8.4,False
EMP-2186,2015-09-08,Sales,Account Executive,109300,53,Non-binary,London,Bachelor,3,1.8,9.3,True
EMP-2187,2020-02-08,Finance,Finance Manager,126400,35,Male,New York,PhD,2,2.6,1.9,True
EMP-2188,2023-12-05,Legal,Paralegal,99900,25,Female,Toronto,PhD,2,2.8,8.7,True
EMP-2189,2015-02-06,Sales,VP of Sales,133900,43,Non-binary,Toronto,Master,4,2.5,3.0,True
EMP-2190,2020-01-04,Legal,Senior Counsel,137500,56,Female,Remote,Master,4,4.2,1.3,True
EMP-2191,2016-02-13,Operations,Ops Manager,82700,58,Non-binary,Berlin,High School,30,3.2,6.8,True
EMP-2192,2022-04-14,Operations,Ops Analyst,73800,52,Non-binary,Berlin,Bachelor,0,2.8,2.5,False
EMP-2193,2019-08-16,Product,Product Manager,129300,49,Male,New York,Bachelor,4,2.9,4.3,True
EMP-2194,2017-04-19,Legal,Senior Counsel,115700,53,Male,London,PhD,21,1.5,1.2,False
EMP-2195,2015-04-19,Finance,Analyst,78100,27,Non-binary,Sydney,Bachelor,3,4.3,3.0,True
EMP-2196,2022-02-25,Operations,Ops Manager,82600,30,Non-binary,Remote,Master,2,4.6,8.4,True
EMP-2197,2019-06-22,Product,VP of Product,151200,39,Non-binary,New York,PhD,2,4.9,6.0,True
EMP-2198,2019-07-14,Operations,COO,101000,22,Female,Remote,PhD,0,3.1,2.9,False
EMP-2199,2022-09-24,Legal,Senior Counsel,147300,42,Female,Toronto,PhD,0,1.2,1.4,False
EMP-2200,2015-10-31,Engineering,Engineering Manager,186200,38,Female,Toronto,Master,17,1.9,8.2,True
EMP-2201,2021-03-11,Legal,Associate,116200,49,Female,New York,High School,11,4.7,4.6,True
EMP-2202,2022-07-01,HR,Recruiter,85200,50,Male,New York,PhD,1,3.4,5.3,True
EMP-2203,2022-04-10,Engineering,Senior Dev,116500,27,Male,New York,Master,4,4.9,3.0,False
EMP-2204,2016-10-27,Engineering,Senior Dev,131400,27,Male,Berlin,Master,4,3.9,6.5,True
EMP-2205,2019-12-12,Engineering,Junior Dev,106900,53,Female,New York,PhD,3,2.1,6.8,False
EMP-2206,2015-06-13,Finance,Finance Manager,115600,50,Female,Toronto,PhD,6,2.8,4.0,True
EMP-2207,2015-07-16,Product,VP of Product,192500,35,Non-binary,London,Master,0,2.7,6.2,True
EMP-2208,2021-07-22,Sales,SDR,90200,30,Male,Toronto,High School,3,4.8,8.7,True
EMP-2209,2016-06-27,HR,HR Manager,87700,43,Non-binary,Toronto,Bachelor,19,5.0,7.8,True
EMP-2210,2020-08-31,Marketing,CMO,115700,50,Female,Sydney,Bachelor,7,3.4,5.3,True
EMP-2211,2022-01-22,Engineering,Lead Engineer,114400,55,Non-binary,Sydney,Master,24,1.0,3.1,False
EMP-2212,2022-03-30,Marketing,CMO,112300,39,Male,New York,PhD,4,3.0,2.0,True
EMP-2213,2015-06-24,Marketing,SEO Specialist,82400,40,Female,Sydney,High School,9,4.0,5.8,False
EMP-2214,2023-08-29,Product,Product Analyst,117500,29,Male,Toronto,High School,7,2.1,3.9,True
EMP-2215,2020-09-24,Finance,CFO,142100,27,Female,Toronto,PhD,5,5.0,1.0,True
EMP-2216,2021-06-17,Legal,General Counsel,133000,33,Female,New York,Bachelor,10,3.1,6.3,True
EMP-2217,2023-02-20,HR,HR Manager,85300,41,Male,London,High School,16,2.4,5.3,True
EMP-2218,2021-07-29,Sales,VP of Sales,118800,38,Male,Toronto,Bachelor,3,3.1,3.5,True
EMP-2219,2021-08-14,Legal,General Counsel,123800,37,Male,London,Master,10,2.0,4.6,True
EMP-2220,2018-10-26,Legal,Paralegal,90500,53,Non-binary,Sydney,High School,22,3.8,7.3,False
EMP-2221,2017-05-16,Engineering,Lead Engineer,117100,44,Female,New York,PhD,4,1.2,7.2,False
EMP-2222,2016-02-15,Marketing,SEO Specialist,104600,50,Non-binary,Toronto,High School,7,1.9,6.5,True
EMP-2223,2016-04-13,HR,HR Director,108100,44,Male,Berlin,Master,5,4.3,6.6,True
EMP-2224,2017-11-05,Finance,Accountant,110900,52,Female,New York,PhD,30,4.7,8.8,True
EMP-2225,2019-06-11,Product,Product Analyst,89900,49,Non-binary,Toronto,Master,25,2.3,8.4,True
EMP-2226,2021-10-19,Sales,SDR,74600,29,Female,London,Bachelor,0,2.6,8.9,True
EMP-2227,2021-11-09,Product,VP of Product,170200,28,Non-binary,New York,Bachelor,4,3.3,9.1,True
EMP-2228,2020-08-26,Marketing,Content Writer,60300,45,Male,New York,Bachelor,1,3.9,5.2,True
EMP-2229,2019-12-16,Operations,Ops Manager,74200,45,Female,New York,High School,13,4.3,3.0,True
EMP-2230,2023-03-05,Marketing,Content Writer,62400,55,Male,Remote,Master,32,3.3,6.9,True
EMP-2231,2018-10-23,Operations,Ops Analyst,64400,51,Male,London,PhD,28,2.5,7.9,True
EMP-2232,2020-06-16,Marketing,Marketing Manager,106200,51,Female,New York,High School,27,3.8,4.8,True
EMP-2233,2021-11-13,Product,VP of Product,155400,50,Female,New York,High School,2,3.3,8.7,True
EMP-2234,2016-04-11,Legal,Paralegal,98600,23,Non-binary,Sydney,PhD,1,4.7,7.3,True
EMP-2235,2020-09-26,Legal,Senior Counsel,142300,51,Female,Remote,Bachelor,28,2.5,2.6,True
EMP-2236,2022-09-16,Sales,SDR,92800,54,Male,Berlin,Master,16,4.1,5.4,True
EMP-2237,2022-11-04,Operations,Ops Manager,88200,25,Non-binary,Remote,Bachelor,4,1.1,5.7,True
EMP-2238,2023-10-24,Product,Product Analyst,106800,50,Non-binary,Berlin,Bachelor,22,1.4,1.7,True
EMP-2239,2016-03-11,Operations,COO,88700,38,Female,Remote,High School,8,2.0,7.5,True
EMP-2240,2023-05-05,Finance,CFO,159200,35,Female,New York,Master,11,4.1,3.5,True
EMP-2241,2020-01-21,Legal,Senior Counsel,132600,56,Male,Toronto,PhD,7,4.7,9.2,True
EMP-2242,2018-09-13,Finance,Analyst,68800,48,Male,London,High School,21,1.9,5.7,True
EMP-2243,2016-06-10,HR,HR Director,105400,51,Non-binary,New York,PhD,2,4.5,7.3,True
EMP-2244,2019-01-28,HR,HR Manager,100400,55,Female,Toronto,Bachelor,9,2.6,8.9,True
EMP-2245,2018-02-16,Finance,Accountant,101600,26,Non-binary,Remote,Master,1,4.9,4.1,False
EMP-2246,2017-07-23,Sales,SDR,85200,51,Male,Sydney,PhD,7,3.4,9.7,True
EMP-2247,2023-06-04,Legal,Paralegal,88600,46,Female,Toronto,PhD,3,1.4,3.3,True
EMP-2248,2015-06-20,HR,HR Manager,75500,44,Male,New York,Master,3,2.7,1.3,True
EMP-2249,2019-09-03,Operations,Ops Manager,67100,30,Male,Berlin,Bachelor,8,2.5,6.5,False
EMP-2250,2015-10-11,HR,HR Manager,79900,23,Male,New York,High School,2,4.0,10.0,True
EMP-2251,2018-05-19,Sales,VP of Sales,103900,23,Male,New York,Bachelor,2,4.3,1.7,True
EMP-2252,2021-12-17,Operations,COO,84700,23,Female,New York,High School,0,1.2,2.3,False
EMP-2253,2015-12-30,Finance,Analyst,79300,44,Male,New York,PhD,7,2.1,9.4,True
EMP-2254,2021-01-13,Legal,Paralegal,104300,42,Male,New York,High School,7,3.4,1.0,True
EMP-2255,2023-04-02,Product,Product Analyst,120900,58,Male,London,Bachelor,3,2.4,4.7,True
EMP-2256,2020-11-16,HR,Recruiter,69500,55,Male,Remote,Bachelor,12,1.0,6.1,True
EMP-2257,2023-04-20,HR,HR Manager,82600,55,Female,Toronto,Master,14,3.6,3.2,True
EMP-2258,2021-01-16,Marketing,SEO Specialist,77400,41,Male,Sydney,PhD,18,2.6,5.3,True
EMP-2259,2023-09-11,Legal,Paralegal,97600,40,Non-binary,London,Bachelor,5,2.2,1.7,True
EMP-2260,2020-02-06,HR,Recruiter,86800,44,Female,Sydney,Bachelor,23,2.8,2.9,False
EMP-2261,2015-02-05,Sales,VP of Sales,114800,30,Male,New York,Master,3,4.7,6.5,True
EMP-2262,2017-08-23,Finance,CFO,147000,39,Female,London,Master,12,2.1,3.9,True
EMP-2263,2020-07-21,Marketing,Content Writer,74700,49,Female,London,Bachelor,6,1.8,4.0,True
EMP-2264,2015-02-21,HR,Recruiter,75300,39,Non-binary,London,Bachelor,11,4.6,6.9,False
EMP-2265,2018-06-23,Operations,Ops Manager,77600,29,Non-binary,London,High School,6,3.3,4.5,True
EMP-2266,2016-01-28,Legal,General Counsel,131400,46,Non-binary,London,Bachelor,22,2.2,1.1,False
EMP-2267,2019-01-30,Legal,Paralegal,78800,25,Non-binary,Sydney,PhD,2,3.9,4.8,False
EMP-2268,2020-07-12,Engineering,Junior Dev,117100,45,Female,London,High School,24,2.7,1.9,True
EMP-2269,2020-06-09,HR,HR Director,96100,47,Non-binary,New York,Master,21,1.2,5.6,True
EMP-2270,2022-12-31,Legal,Senior Counsel,149700,38,Male,London,Bachelor,9,4.7,3.7,True
EMP-2271,2022-04-12,Operations,COO,85600,22,Female,Sydney,Bachelor,1,4.6,8.4,True
EMP-2272,2016-11-28,Sales,VP of Sales,135700,41,Male,New York,Master,17,3.7,1.8,True
EMP-2273,2019-01-10,Operations,Ops Analyst,64200,33,Non-binary,Toronto,Bachelor,3,1.8,7.3,True
EMP-2274,2016-03-06,Sales,VP of Sales,141700,25,Female,Toronto,PhD,3,2.0,1.8,True
EMP-2275,2023-08-04,Marketing,CMO,123400,42,Male,Remote,Bachelor,10,2.6,8.3,True
EMP-2276,2023-03-29,Sales,SDR,65600,44,Female,Sydney,Master,12,2.7,4.9,True
EMP-2277,2019-11-21,Operations,COO,108700,28,Female,Toronto,Master,7,5.0,1.3,True
EMP-2278,2016-03-30,Sales,Sales Manager,118600,33,Male,Remote,Master,10,2.9,3.9,True
EMP-2279,2017-05-02,Marketing,Marketing Manager,114500,50,Non-binary,London,High School,7,2.0,4.2,False
EMP-2280,2021-07-21,Marketing,Marketing Manager,91100,46,Non-binary,New York,Master,20,1.0,8.5,True
EMP-2281,2015-08-21,Marketing,Marketing Manager,105500,22,Non-binary,Toronto,High School,1,2.4,3.2,True
EMP-2282,2015-08-16,Engineering,Engineering Manager,146600,58,Non-binary,London,PhD,14,1.1,9.8,True
EMP-2283,2016-07-29,Legal,General Counsel,161100,52,Non-binary,New York,Bachelor,21,3.2,8.0,True
EMP-2284,2015-04-15,HR,HR Director,106300,25,Male,New York,PhD,2,2.6,3.1,False
EMP-2285,2022-11-23,Product,Product Manager,108000,57,Non-binary,Toronto,Master,36,1.6,9.1,True
EMP-2286,2023-04-29,HR,HR Manager,89900,35,Female,London,Master,2,2.6,2.9,False
EMP-2287,2020-06-29,Product,Product Analyst,111900,58,Non-binary,New York,High School,35,3.3,6.2,True
EMP-2288,2019-06-22,Product,VP of Product,146100,53,Female,Sydney,High School,15,4.8,8.8,True
EMP-2289,2017-12-07,Sales,VP of Sales,126600,51,Female,London,High School,2,5.0,8.4,True
EMP-2290,2021-05-13,HR,HR Director,108400,31,Male,Remote,PhD,2,2.9,1.2,True
EMP-2291,2018-02-28,Finance,CFO,136800,26,Male,New York,PhD,0,5.0,5.8,True
EMP-2292,2016-06-16,Sales,SDR,76000,22,Male,Remote,High School,0,2.2,3.9,True
EMP-2293,2018-01-04,Legal,Senior Counsel,153200,36,Non-binary,London,PhD,15,1.5,6.0,True
EMP-2294,2021-09-29,Finance,Analyst,87500,48,Female,Sydney,Bachelor,26,1.5,8.2,False
EMP-2295,2021-12-27,Operations,Ops Analyst,62800,35,Male,New York,Bachelor,2,2.2,1.9,True
EMP-2296,2020-06-11,Legal,Senior Counsel,146300,26,Male,New York,Master,5,4.2,6.5,True
EMP-2297,2016-02-23,Operations,Ops Manager,94300,58,Female,Toronto,Bachelor,37,1.9,6.3,True
EMP-2298,2022-07-11,Sales,Sales Manager,99700,31,Female,Toronto,Master,2,3.9,5.4,True
EMP-2299,2016-07-25,Legal,Associate,118000,28,Male,Toronto,PhD,4,3.6,9.2,True
EMP-2300,2020-04-16,Product,Product Analyst,93400,30,Non-binary,Berlin,Bachelor,9,3.6,7.7,True
EMP-2301,2020-05-12,Product,VP of Product,146400,50,Female,New York,High School,12,5.0,3.3,True
EMP-2302,2020-07-26,Engineering,Staff Engineer,163900,57,Male,New York,PhD,10,2.4,5.3,True
EMP-2303,2015-09-16,Operations,COO,87400,23,Male,London,High School,0,3.9,2.9,True
EMP-2304,2016-05-12,Sales,VP of Sales,148700,51,Non-binary,Sydney,Master,6,4.0,6.3,True
EMP-2305,2018-02-27,Engineering,Junior Dev,91200,29,Male,Remote,Master,1,2.6,6.3,True
EMP-2306,2018-12-17,Operations,COO,88200,42,Female,New York,Master,2,3.7,3.4,False
EMP-2307,2015-02-21,Marketing,CMO,122100,35,Male,London,PhD,8,4.3,3.4,True
EMP-2308,2022-11-18,Legal,Paralegal,104400,53,Female,Sydney,Master,30,3.7,8.8,True
EMP-2309,2022-09-11,Operations,COO,111000,45,Male,London,Master,13,1.3,5.8,True
EMP-2310,2022-10-09,Product,Senior PM,168100,50,Non-binary,Berlin,Bachelor,21,4.1,6.1,True
EMP-2311,2019-08-26,Operations,COO,103900,32,Male,Toronto,Master,6,1.9,1.2,True
EMP-2312,2022-05-04,Legal,Associate,116700,48,Non-binary,London,High School,8,4.9,9.2,True
EMP-2313,2016-04-10,Operations,Ops Manager,80000,26,Non-binary,Sydney,Master,1,4.0,7.0,False
EMP-2314,2016-09-10,Engineering,Junior Dev,81900,58,Male,Berlin,Master,6,3.1,6.2,True
EMP-2315,2023-12-15,Marketing,SEO Specialist,90300,27,Female,London,PhD,1,1.3,9.8,False
EMP-2316,2020-10-13,Operations,COO,98600,41,Male,New York,PhD,12,2.8,7.2,True
EMP-2317,2019-01-30,Sales,SDR,73000,52,Female,Berlin,Master,18,3.6,2.9,True
EMP-2318,2015-08-18,Product,VP of Product,139600,38,Non-binary,New York,Bachelor,2,1.9,2.6,True
EMP-2319,2016-11-05,Finance,Finance Manager,131600,53,Male,Remote,Bachelor,0,4.4,6.9,True
EMP-2320,2020-06-18,Engineering,Junior Dev,109900,34,Non-binary,Toronto,Bachelor,13,2.0,4.4,True
EMP-2321,2016-01-17,Engineering,Lead Engineer,124200,57,Male,Toronto,Master,6,4.9,2.0,True
EMP-2322,2022-04-15,Operations,COO,96700,28,Male,Toronto,PhD,0,4.4,2.5,True
EMP-2323,2017-04-27,Sales,SDR,87300,42,Non-binary,New York,Bachelor,8,2.4,6.6,False
EMP-2324,2023-10-30,Operations,Ops Analyst,76200,31,Male,Remote,High School,6,3.7,5.9,False
EMP-2325,2022-06-15,Operations,COO,109200,29,Non-binary,Toronto,PhD,2,3.6,1.6,True
EMP-2326,2023-05-31,Product,VP of Product,141300,26,Male,Toronto,Master,4,2.3,9.2,True
EMP-2327,2021-10-24,Legal,Associate,108000,54,Male,New York,High School,12,3.9,7.4,True
EMP-2328,2022-08-11,Sales,Sales Manager,115300,56,Male,London,Master,17,3.8,8.5,False
EMP-2329,2022-01-11,Finance,CFO,141100,50,Female,Toronto,Bachelor,29,1.5,3.7,True
EMP-2330,2015-11-03,Finance,Analyst,80500,49,Male,Berlin,Master,24,3.8,1.3,True
EMP-2331,2016-12-16,Legal,Senior Counsel,121900,36,Female,London,PhD,10,3.5,4.1,True
EMP-2332,2015-01-17,Engineering,Engineering Manager,204000,45,Female,Remote,PhD,21,3.9,4.5,True
EMP-2333,2020-08-09,Marketing,CMO,99900,26,Non-binary,Toronto,Bachelor,4,2.9,3.7,True
EMP-2334,2018-05-03,Engineering,Senior Dev,133400,58,Female,Remote,Bachelor,0,4.1,2.4,True
EMP-2335,2020-10-16,Marketing,Content Writer,85900,53,Non-binary,Sydney,PhD,16,3.5,1.5,True
EMP-2336,2018-02-20,Engineering,Staff Engineer,158500,40,Non-binary,London,High School,12,1.4,1.9,True
EMP-2337,2020-12-24,HR,Recruiter,71000,39,Female,New York,Master,8,2.7,6.1,True
EMP-2338,2019-12-14,Marketing,SEO Specialist,91000,33,Non-binary,Sydney,Master,0,1.4,8.7,True
EMP-2339,2020-02-23,Product,Product Manager,125000,26,Male,Berlin,Master,2,1.1,5.6,True
EMP-2340,2020-09-04,Operations,Ops Analyst,57700,27,Non-binary,New York,PhD,5,4.6,9.5,True
EMP-2341,2023-01-04,Product,Product Analyst,94300,24,Female,New York,Master,0,2.6,3.9,True
EMP-2342,2022-05-22,Legal,Associate,103900,28,Male,London,Master,6,2.9,6.9,True
EMP-2343,2018-06-06,HR,Recruiter,81400,47,Non-binary,Remote,Master,18,2.2,2.4,True
EMP-2344,2016-10-05,Finance,Finance Manager,138700,49,Non-binary,Toronto,Master,5,2.2,9.6,True
EMP-2345,2021-02-01,Product,Product Manager,114200,55,Non-binary,Toronto,High School,29,3.8,5.7,True
EMP-2346,2023-06-19,Sales,SDR,82900,54,Male,London,High School,25,4.5,6.7,True
EMP-2347,2018-09-06,Sales,Sales Manager,130500,47,Female,New York,Master,12,4.1,5.2,True
EMP-2348,2021-07-01,Legal,Paralegal,87600,30,Non-binary,London,PhD,6,1.8,6.3,True
EMP-2349,2016-12-08,Marketing,SEO Specialist,76400,34,Female,Sydney,Master,11,1.4,5.1,False
EMP-2350,2017-02-22,Product,Product Analyst,115500,35,Non-binary,Sydney,Master,14,5.0,8.4,True
EMP-2351,2021-04-16,Legal,General Counsel,141000,37,Female,Sydney,High School,7,4.6,5.4,True
EMP-2352,2017-06-14,Marketing,Content Writer,71200,52,Non-binary,New York,High School,16,4.5,5.7,True
EMP-2353,2016-11-07,Engineering,Staff Engineer,156900,34,Female,Toronto,Master,4,4.9,8.4,True
EMP-2354,2016-08-23,Marketing,Marketing Manager,121700,42,Female,New York,Bachelor,3,1.8,1.5,True
EMP-2355,2019-07-15,Engineering,Senior Dev,106700,22,Non-binary,London,Master,1,3.4,4.0,True
EMP-2356,2020-12-06,Operations,Ops Manager,90500,39,Male,Toronto,Bachelor,0,2.8,6.8,False
EMP-2357,2022-12-21,Engineering,Senior Dev,102600,35,Female,Toronto,Bachelor,12,1.2,2.7,False
EMP-2358,2020-11-13,HR,Recruiter,81700,40,Male,Berlin,Master,0,3.0,7.4,True
EMP-2359,2018-08-08,Product,Product Manager,121800,44,Female,Berlin,PhD,4,4.4,8.7,True
EMP-2360,2018-08-27,Sales,Account Executive,90300,26,Non-binary,Berlin,Bachelor,4,3.0,6.8,True
EMP-2361,2019-06-06,Finance,Accountant,88700,56,Female,London,Bachelor,1,3.0,6.2,True
EMP-2362,2018-08-25,HR,Recruiter,70100,30,Non-binary,New York,High School,9,4.7,6.0,True
EMP-2363,2017-11-01,Sales,SDR,67000,49,Non-binary,Berlin,PhD,1,2.8,4.6,True
EMP-2364,2019-11-17,Engineering,Engineering Manager,208200,28,Non-binary,Remote,High School,7,4.4,5.1,True
EMP-2365,2016-07-20,Legal,Associate,108900,31,Male,Sydney,Bachelor,3,4.3,5.0,True
EMP-2366,2021-03-23,Product,Senior PM,124900,51,Male,Sydney,PhD,6,4.5,1.4,True
EMP-2367,2020-01-23,Marketing,SEO Specialist,89000,54,Non-binary,Berlin,Bachelor,3,4.5,2.0,True
EMP-2368,2020-06-07,Product,Product Manager,110400,46,Female,Toronto,PhD,5,4.9,5.0,True
EMP-2369,2023-06-20,Product,Product Analyst,96400,26,Male,London,High School,1,4.3,4.4,True
EMP-2370,2020-11-26,Marketing,CMO,126600,30,Non-binary,Remote,PhD,7,4.0,1.6,True
EMP-2371,2019-08-08,Product,Product Analyst,123400,49,Male,Remote,Master,23,5.0,4.4,True
EMP-2372,2016-07-14,Finance,Accountant,117500,33,Non-binary,New York,High School,10,1.6,7.0,True
EMP-2373,2015-06-11,Finance,Analyst,99800,34,Female,London,Master,4,1.4,7.7,True
EMP-2374,2017-01-25,Product,Product Analyst,93400,50,Female,London,PhD,17,3.2,9.7,True
EMP-2375,2022-12-14,Marketing,Content Writer,62700,58,Female,New York,PhD,16,2.5,2.7,True
EMP-2376,2023-10-11,Sales,Sales Manager,111300,39,Male,New York,Bachelor,10,2.8,8.1,True
EMP-2377,2020-09-04,Sales,Account Executive,97800,33,Male,Remote,High School,11,1.1,2.1,True
EMP-2378,2023-01-22,Finance,Accountant,91500,57,Non-binary,Sydney,PhD,30,4.2,2.6,True
EMP-2379,2016-07-26,Sales,Account Executive,95400,23,Male,London,Bachelor,2,4.9,6.8,True
EMP-2380,2018-08-21,Legal,General Counsel,154100,42,Female,Sydney,High School,17,2.2,2.0,True
EMP-2381,2016-11-25,Legal,Senior Counsel,107200,24,Female,London,High School,0,2.9,3.4,True
EMP-2382,2016-06-01,Product,VP of Product,152800,25,Non-binary,Sydney,PhD,2,3.0,6.8,True
EMP-2383,2016-06-14,Finance,Accountant,95400,36,Male,Sydney,PhD,9,3.9,7.7,True
EMP-2384,2016-04-26,HR,Recruiter,82500,41,Non-binary,Toronto,PhD,6,2.4,5.6,True
EMP-2385,2019-05-09,HR,HR Manager,75400,42,Non-binary,London,Bachelor,15,4.1,1.5,True
EMP-2386,2021-11-08,Product,Product Manager,109100,33,Female,New York,PhD,10,2.2,6.2,True
EMP-2387,2015-07-15,HR,Recruiter,72800,46,Male,Sydney,Bachelor,25,4.9,1.6,True
EMP-2388,2021-01-29,Sales,SDR,79800,47,Non-binary,London,PhD,9,2.5,5.3,True
EMP-2389,2017-07-03,HR,HR Coordinator,63300,47,Non-binary,Sydney,PhD,20,2.4,5.7,True
EMP-2390,2021-08-26,Engineering,Senior Dev,108200,23,Non-binary,Toronto,High School,0,2.9,5.6,True
EMP-2391,2018-03-27,Legal,Senior Counsel,143500,35,Male,New York,Bachelor,12,4.9,2.5,True
EMP-2392,2023-05-05,Sales,Sales Manager,110500,45,Non-binary,Berlin,Master,18,5.0,3.7,True
EMP-2393,2017-11-05,Legal,Paralegal,90600,39,Non-binary,London,PhD,10,1.3,4.9,False
EMP-2394,2019-02-08,Marketing,CMO,95300,51,Non-binary,Sydney,High School,12,1.8,6.3,True
EMP-2395,2020-02-11,Engineering,Lead Engineer,138900,35,Male,New York,High School,3,1.6,5.9,False
EMP-2396,2015-07-18,Operations,Ops Manager,76100,31,Female,Sydney,Bachelor,2,3.1,1.5,True
EMP-2397,2021-04-05,Sales,VP of Sales,124600,53,Female,Berlin,Master,14,2.0,2.2,True
EMP-2398,2018-05-05,Marketing,SEO Specialist,96200,39,Male,Toronto,High School,13,1.4,10.0,False
EMP-2399,2019-06-13,Legal,Senior Counsel,154500,34,Non-binary,Sydney,PhD,12,1.9,6.9,True
EMP-2400,2022-03-02,Marketing,SEO Specialist,103100,26,Female,Berlin,High School,5,2.4,3.0,True
EMP-2401,2018-07-18,Legal,Senior Counsel,148400,53,Male,Sydney,Master,30,1.9,3.0,True
EMP-2402,2017-12-19,Sales,Account Executive,100700,57,Male,Remote,PhD,22,4.9,8.9,True
EMP-2403,2021-11-09,Operations,Ops Analyst,66300,47,Female,Berlin,PhD,7,4.2,3.7,True
EMP-2404,2019-10-30,Operations,Ops Analyst,72700,54,Male,Remote,PhD,31,3.6,4.2,True
EMP-2405,2021-12-03,Operations,COO,90700,26,Male,Berlin,High School,3,2.8,9.2,True
EMP-2406,2022-01-18,Finance,Accountant,118200,48,Female,Berlin,Master,2,2.6,5.6,False
EMP-2407,2021-12-14,Finance,Accountant,117600,54,Female,London,Master,24,4.4,2.0,True
EMP-2408,2022-03-11,Legal,Associate,93700,45,Non-binary,Berlin,Master,3,4.0,4.0,True
EMP-2409,2017-03-28,Marketing,Content Writer,81200,29,Non-binary,London,High School,6,4.6,7.4,True
EMP-2410,2020-12-30,Marketing,SEO Specialist,74600,36,Female,Sydney,Master,11,3.6,1.7,True
EMP-2411,2019-05-08,Product,Product Analyst,105900,39,Male,Berlin,Bachelor,10,2.8,4.3,True
EMP-2412,2019-12-23,Product,Product Manager,108300,57,Female,New York,High School,12,2.9,5.6,True
EMP-2413,2021-03-04,Marketing,Marketing Manager,99700,22,Female,New York,Master,1,5.0,7.7,True
EMP-2414,2015-07-29,Sales,SDR,66200,54,Non-binary,London,Master,4,4.7,2.0,True
EMP-2415,2019-09-08,Finance,Accountant,105100,27,Non-binary,Berlin,High School,1,4.9,9.4,True
EMP-2416,2021-08-02,Marketing,Content Writer,75300,37,Non-binary,Berlin,Master,1,2.4,5.8,True
EMP-2417,2021-12-26,Legal,Associate,107900,36,Non-binary,Sydney,Bachelor,2,3.9,3.6,True
EMP-2418,2018-05-01,Finance,CFO,127100,38,Non-binary,Sydney,PhD,17,2.9,4.1,True
EMP-2419,2022-10-14,Product,Senior PM,162700,50,Non-binary,Sydney,High School,27,4.7,2.2,True
EMP-2420,2017-07-02,HR,HR Coordinator,65100,36,Female,New York,Bachelor,15,1.1,8.8,True
EMP-2421,2016-02-26,Sales,Account Executive,82300,34,Non-binary,New York,PhD,8,3.5,1.7,True
EMP-2422,2017-09-24,Finance,CFO,132900,41,Non-binary,London,PhD,20,1.3,7.5,True
EMP-2423,2017-09-16,Finance,CFO,114600,52,Female,Berlin,Master,27,2.6,2.1,True
EMP-2424,2023-01-08,Engineering,Lead Engineer,132100,22,Female,Berlin,PhD,1,3.6,7.0,True
EMP-2425,2015-04-07,Product,Product Analyst,93400,26,Female,London,PhD,2,4.7,3.1,True
EMP-2426,2017-09-02,Product,Product Analyst,93200,46,Non-binary,London,High School,16,4.5,5.3,True
EMP-2427,2021-07-10,Product,Senior PM,174900,25,Non-binary,Remote,Bachelor,2,4.8,8.6,True
EMP-2428,2018-03-08,Operations,Ops Manager,93300,23,Male,Sydney,Bachelor,0,2.5,1.7,True
EMP-2429,2015-11-06,Engineering,Senior Dev,120500,50,Female,London,High School,13,1.4,2.1,True
EMP-2430,2023-03-04,Engineering,Senior Dev,110500,54,Male,Berlin,PhD,7,1.4,7.9,True
EMP-2431,2022-11-09,Marketing,Content Writer,79000,58,Female,New York,Master,16,3.4,5.7,True
EMP-2432,2022-11-20,Operations,Ops Analyst,69400,38,Non-binary,Berlin,High School,4,1.0,1.4,True
EMP-2433,2016-10-04,Product,Senior PM,150000,49,Male,London,Bachelor,17,2.5,6.1,True
EMP-2434,2018-03-13,Sales,VP of Sales,148600,41,Non-binary,New York,Master,18,4.6,7.9,False
EMP-2435,2015-11-01,Marketing,Marketing Manager,104400,54,Male,Sydney,PhD,21,3.5,8.8,True
EMP-2436,2021-08-07,Engineering,Staff Engineer,155300,51,Female,New York,Master,16,2.4,2.8,True
EMP-2437,2018-01-03,Operations,Ops Analyst,79300,55,Male,Remote,Bachelor,14,1.6,8.5,True
EMP-2438,2015-08-04,Product,Product Analyst,97700,27,Non-binary,London,Master,5,2.5,7.3,True
EMP-2439,2018-04-18,HR,HR Coordinator,72300,32,Non-binary,Berlin,PhD,11,3.7,9.6,True
EMP-2440,2022-11-11,Product,Product Manager,126600,28,Non-binary,New York,PhD,2,1.5,3.6,True
EMP-2441,2018-05-16,Marketing,Marketing Manager,104900,54,Male,New York,PhD,22,3.3,2.0,True
EMP-2442,2021-04-12,Engineering,Senior Dev,112400,33,Non-binary,Berlin,High School,9,2.0,9.5,True
EMP-2443,2021-12-06,Sales,Account Executive,105600,27,Male,Remote,Master,3,2.2,4.5,True
EMP-2444,2015-10-24,HR,Recruiter,75900,56,Male,Berlin,Master,32,4.8,6.9,True
EMP-2445,2022-03-29,Legal,Paralegal,106100,57,Non-binary,New York,High School,10,3.8,4.5,True
EMP-2446,2018-07-08,Finance,CFO,128700,33,Non-binary,Remote,PhD,4,1.7,6.1,True
EMP-2447,2020-09-06,Finance,Analyst,96700,32,Non-binary,New York,Bachelor,4,2.7,8.9,True
EMP-2448,2021-11-08,Operations,Ops Analyst,56600,41,Non-binary,Sydney,High School,12,3.2,4.5,True
EMP-2449,2015-05-03,HR,HR Director,104200,25,Male,Berlin,Bachelor,4,4.0,5.9,True
EMP-2450,2022-03-26,HR,HR Coordinator,70900,52,Non-binary,New York,Bachelor,21,3.1,7.5,True
EMP-2451,2020-04-12,Legal,Associate,100400,38,Non-binary,London,High School,13,1.0,2.4,True
EMP-2452,2019-07-26,Marketing,CMO,126500,48,Female,Remote,PhD,6,2.5,8.1,True
EMP-2453,2020-02-18,Finance,Accountant,118400,57,Female,London,PhD,21,1.3,8.3,True
EMP-2454,2022-07-14,Marketing,CMO,101600,42,Female,Toronto,PhD,8,4.1,4.6,True
EMP-2455,2020-10-22,HR,HR Manager,77500,27,Female,London,Master,6,1.3,3.3,True
EMP-2456,2023-10-26,Operations,Ops Analyst,66400,40,Female,London,High School,15,4.4,1.2,True
EMP-2457,2022-02-18,Finance,CFO,128200,53,Non-binary,Toronto,High School,32,1.9,8.1,True
EMP-2458,2021-12-16,Operations,Ops Manager,86700,27,Non-binary,Berlin,Master,3,2.3,1.6,True
EMP-2459,2022-07-22,Marketing,CMO,104100,56,Female,New York,Bachelor,31,2.4,4.6,True
EMP-2460,2022-05-10,Marketing,Marketing Manager,119200,29,Female,Toronto,High School,5,2.7,9.0,True
EMP-2461,2018-08-12,Finance,Accountant,111800,27,Non-binary,New York,Bachelor,3,2.1,5.2,True
EMP-2462,2022-10-18,Operations,COO,103200,55,Male,London,High School,4,4.4,7.1,True
EMP-2463,2023-11-10,Legal,Senior Counsel,133700,37,Female,Berlin,Bachelor,12,2.3,5.9,True
EMP-2464,2018-03-10,Sales,SDR,83700,42,Female,Toronto,PhD,20,3.2,2.2,True
EMP-2465,2020-02-10,Engineering,Engineering Manager,154100,50,Male,Toronto,High School,24,3.1,4.3,True
EMP-2466,2019-02-07,Engineering,Senior Dev,140700,42,Female,Berlin,High School,6,3.9,6.4,False
EMP-2467,2021-07-04,Operations,COO,110300,36,Non-binary,London,High School,3,2.3,1.7,False
EMP-2468,2015-12-24,Product,Product Manager,109100,49,Female,New York,Bachelor,0,3.2,9.7,True
EMP-2469,2018-05-06,Engineering,Staff Engineer,174100,35,Female,London,High School,11,4.9,8.4,True
EMP-2470,2019-02-24,Marketing,Marketing Manager,116200,26,Non-binary,Sydney,High School,5,4.3,6.3,True
EMP-2471,2018-02-28,Operations,Ops Manager,88200,31,Female,Remote,Bachelor,7,1.2,3.1,True
EMP-2472,2018-09-24,HR,HR Manager,82900,53,Non-binary,Toronto,Master,30,1.8,6.5,True
EMP-2473,2023-01-22,Product,Product Manager,104800,41,Male,New York,PhD,1,2.4,8.4,True
EMP-2474,2023-06-06,Product,VP of Product,154700,35,Non-binary,Sydney,PhD,3,1.8,5.3,True
EMP-2475,2023-10-25,Operations,Ops Manager,77800,58,Non-binary,New York,PhD,34,1.0,6.9,True
EMP-2476,2018-01-16,Operations,Ops Analyst,63400,23,Male,Berlin,High School,1,2.5,5.5,True
EMP-2477,2015-04-24,Operations,Ops Manager,72800,34,Non-binary,Sydney,High School,9,1.7,6.2,True
EMP-2478,2018-04-17,Marketing,SEO Specialist,100400,43,Male,Sydney,PhD,9,2.7,5.8,True
EMP-2479,2023-09-09,Engineering,Senior Dev,124800,58,Non-binary,New York,Bachelor,10,3.3,3.8,True
EMP-2480,2020-01-31,Legal,General Counsel,175900,44,Female,Toronto,Master,4,2.4,9.3,True
EMP-2481,2015-12-13,Engineering,Staff Engineer,156900,27,Female,Toronto,Bachelor,5,1.2,2.9,True
EMP-2482,2015-12-16,Operations,COO,109200,46,Male,London,Master,9,2.9,7.3,True
EMP-2483,2019-11-10,HR,Recruiter,68800,23,Female,Berlin,High School,1,1.9,2.3,True
EMP-2484,2016-03-09,Product,Product Analyst,116900,44,Female,London,Master,14,1.2,8.0,True
EMP-2485,2018-02-11,Product,Product Manager,133900,53,Male,Sydney,Bachelor,9,1.3,8.6,True
EMP-2486,2015-06-01,Finance,CFO,131100,43,Female,New York,High School,15,2.0,3.0,False
EMP-2487,2019-07-09,HR,HR Coordinator,64000,58,Female,Berlin,Bachelor,11,1.2,9.4,True
EMP-2488,2023-12-27,Product,Product Manager,141400,35,Non-binary,Sydney,High School,7,2.7,1.3,True
EMP-2489,2015-04-18,Engineering,Lead Engineer,124600,26,Female,Sydney,High School,4,4.5,9.2,True
EMP-2490,2021-07-21,Product,Product Analyst,101700,40,Non-binary,Sydney,Master,5,5.0,5.2,True
EMP-2491,2019-08-14,Engineering,Lead Engineer,132000,40,Non-binary,Remote,Bachelor,17,4.7,7.9,True
EMP-2492,2016-07-30,Sales,Account Executive,77700,58,Female,Toronto,Bachelor,4,1.6,2.8,True
EMP-2493,2023-01-26,Marketing,CMO,131500,26,Male,Toronto,Master,4,4.6,1.3,True
EMP-2494,2023-12-08,Finance,Analyst,76400,44,Non-binary,Berlin,Bachelor,4,3.1,3.3,True
EMP-2495,2017-09-19,Product,Product Analyst,87100,54,Female,Remote,Master,25,3.1,3.2,True
EMP-2496,2015-08-01,Finance,Analyst,68300,51,Female,Toronto,High School,0,1.9,9.1,True
EMP-2497,2017-04-05,Legal,Senior Counsel,150900,50,Male,Remote,PhD,25,3.2,7.5,True
EMP-2498,2017-02-13,Sales,SDR,68100,58,Non-binary,Berlin,PhD,30,3.1,9.4,True
EMP-2499,2019-03-12,Engineering,Senior Dev,123700,28,Male,London,Bachelor,3,1.9,5.2,True
EMP-2500,2016-09-15,Sales,Sales Manager,104100,47,Non-binary,New York,PhD,20,1.4,9.4,True
EMP-2501,2020-06-14,Sales,VP of Sales,145800,22,Male,Berlin,Bachelor,0,2.3,3.3,True
EMP-2502,2018-07-15,Finance,Accountant,110300,39,Non-binary,Toronto,High School,6,2.5,7.6,True
EMP-2503,2023-08-18,Legal,General Counsel,141300,37,Female,Sydney,Bachelor,7,4.5,3.0,True
EMP-2504,2019-02-25,Product,Product Manager,134900,27,Female,Toronto,PhD,2,1.7,4.9,True
EMP-2505,2015-06-08,Finance,CFO,159400,55,Female,Berlin,Master,28,3.1,8.5,True
EMP-2506,2016-06-02,HR,HR Manager,96400,54,Female,Berlin,PhD,26,1.0,1.9,True
EMP-2507,2018-12-02,Product,Product Analyst,104600,45,Non-binary,Toronto,High School,21,2.4,9.4,True
EMP-2508,2021-06-18,Sales,SDR,72500,44,Non-binary,London,Master,15,1.2,9.8,True
EMP-2509,2019-03-24,HR,Recruiter,86100,35,Male,London,High School,9,4.4,3.3,True
EMP-2510,2023-10-12,Legal,Senior Counsel,128800,56,Non-binary,Toronto,Master,34,2.4,3.7,True
EMP-2511,2023-01-11,Engineering,Staff Engineer,175200,51,Male,Berlin,Bachelor,14,2.5,9.8,True
EMP-2512,2015-06-22,Finance,Finance Manager,122900,29,Non-binary,New York,High School,8,1.4,5.0,False
EMP-2513,2016-07-07,Legal,Senior Counsel,134600,49,Male,Toronto,Bachelor,17,2.3,7.5,True
EMP-2514,2015-03-02,Product,Senior PM,155400,39,Male,Toronto,Bachelor,15,4.1,8.9,False
EMP-2515,2021-09-27,Engineering,Senior Dev,122800,27,Non-binary,Remote,Bachelor,3,3.4,8.8,True
EMP-2516,2021-08-29,Product,Senior PM,172400,24,Non-binary,London,Bachelor,0,4.3,7.9,True
EMP-2517,2023-01-09,Marketing,SEO Specialist,77300,28,Non-binary,Remote,PhD,5,3.9,4.7,True
EMP-2518,2018-02-01,HR,HR Coordinator,65400,52,Male,Toronto,PhD,21,4.8,3.9,True
EMP-2519,2022-07-19,Sales,Account Executive,98800,28,Male,Sydney,Bachelor,6,3.7,5.0,True
EMP-2520,2023-02-13,Finance,CFO,112600,36,Non-binary,New York,PhD,15,2.6,5.2,True
EMP-2521,2023-11-05,HR,HR Manager,95500,55,Female,London,PhD,3,2.7,7.1,False
EMP-2522,2015-09-27,Finance,Accountant,86400,37,Male,Berlin,PhD,14,2.5,7.8,True
EMP-2523,2016-03-01,Sales,SDR,64100,37,Male,Sydney,Master,10,5.0,9.4,True
EMP-2524,2018-08-08,Marketing,CMO,105400,52,Female,London,Master,12,2.1,2.7,True
EMP-2525,2017-10-26,Operations,Ops Analyst,64400,45,Non-binary,London,High School,18,3.1,6.5,True
EMP-2526,2019-04-16,Sales,Sales Manager,95800,33,Non-binary,Sydney,Master,0,1.9,7.0,True
EMP-2527,2015-09-21,Finance,CFO,127000,39,Male,Toronto,High School,5,3.8,3.0,True
EMP-2528,2018-06-09,Product,Product Manager,107900,54,Male,Sydney,Bachelor,29,2.1,6.3,True
EMP-2529,2023-06-01,Product,Senior PM,128200,22,Male,Remote,Master,0,1.1,7.4,True
EMP-2530,2021-03-21,HR,Recruiter,70600,27,Female,London,Bachelor,6,3.4,8.1,True
EMP-2531,2020-11-17,Engineering,Engineering Manager,188500,38,Male,Remote,Master,6,1.2,5.2,True
EMP-2532,2017-09-24,HR,HR Manager,92300,26,Non-binary,Toronto,Bachelor,1,3.3,6.6,True
EMP-2533,2018-04-01,Product,Senior PM,136900,36,Non-binary,Toronto,High School,11,4.3,9.9,True
EMP-2534,2019-10-20,Operations,COO,79900,38,Female,Berlin,PhD,17,2.6,9.7,True
EMP-2535,2020-09-24,Finance,CFO,117700,36,Female,Berlin,Master,5,1.4,3.3,True
EMP-2536,2016-05-16,Sales,SDR,86100,44,Male,New York,PhD,1,3.0,6.4,True
EMP-2537,2019-02-26,Marketing,CMO,105400,22,Non-binary,Sydney,Bachelor,1,2.8,4.0,True
EMP-2538,2020-12-01,Engineering,Senior Dev,121300,42,Female,Berlin,Master,17,2.8,1.7,True
EMP-2539,2020-04-08,Legal,Associate,102100,33,Female,Toronto,Master,4,4.8,2.5,True
EMP-2540,2023-10-11,Product,Product Manager,104400,40,Female,Berlin,Master,11,3.0,1.7,True
EMP-2541,2015-03-13,Legal,Paralegal,108700,33,Female,New York,Bachelor,8,4.9,5.5,True
EMP-2542,2019-09-30,Sales,Account Executive,81800,58,Non-binary,London,High School,0,4.9,3.9,True
EMP-2543,2016-10-19,HR,Recruiter,82000,54,Male,Remote,Bachelor,32,2.0,9.6,True
EMP-2544,2022-03-19,Engineering,Lead Engineer,142600,25,Male,Remote,Master,0,3.1,9.3,False
EMP-2545,2016-09-17,Engineering,Lead Engineer,138200,23,Female,Berlin,Master,2,2.2,4.9,True
EMP-2546,2017-04-26,Engineering,Junior Dev,118400,28,Non-binary,Remote,Master,6,2.5,3.7,True
EMP-2547,2019-08-07,Finance,Finance Manager,138600,29,Male,Berlin,High School,7,1.9,8.2,True
EMP-2548,2017-12-14,Engineering,Junior Dev,114100,28,Male,Toronto,Bachelor,2,3.5,3.9,True
EMP-2549,2023-03-26,Marketing,Content Writer,76300,32,Female,Remote,PhD,5,1.0,4.1,True
EMP-2550,2019-04-18,Operations,Ops Analyst,58300,46,Female,Sydney,PhD,24,3.6,7.3,False
EMP-2551,2023-08-13,Operations,Ops Manager,83900,25,Male,New York,High School,2,4.6,5.9,True
EMP-2552,2017-07-20,Sales,Sales Manager,94600,54,Male,New York,Bachelor,2,4.2,2.9,False
EMP-2553,2019-03-17,Marketing,Marketing Manager,101600,55,Female,Sydney,Master,23,5.0,9.8,False
EMP-2554,2021-11-20,Operations,Ops Manager,70100,53,Non-binary,London,Master,29,3.8,8.6,True
EMP-2555,2016-11-23,Product,VP of Product,171400,42,Female,New York,Bachelor,14,3.1,5.8,True
EMP-2556,2017-01-18,HR,HR Coordinator,67500,58,Non-binary,London,High School,37,1.8,9.7,True
EMP-2557,2017-12-20,Legal,Senior Counsel,123800,47,Male,London,PhD,5,2.5,8.4,True
EMP-2558,2022-05-12,Sales,Account Executive,77900,53,Non-binary,New York,High School,11,4.1,6.3,True
EMP-2559,2015-04-27,Engineering,Junior Dev,83400,54,Non-binary,London,High School,23,3.3,5.9,True
EMP-2560,2016-08-14,Engineering,Staff Engineer,179500,49,Male,Remote,Master,15,3.3,1.9,True
EMP-2561,2016-12-05,Product,Product Analyst,93900,23,Male,New York,Bachelor,2,3.6,9.4,True
EMP-2562,2015-09-26,Legal,General Counsel,123000,25,Male,Remote,Bachelor,1,3.6,1.0,True
EMP-2563,2021-09-17,Engineering,Engineering Manager,186700,42,Female,London,PhD,1,3.6,7.7,True
EMP-2564,2016-05-22,Legal,Paralegal,108400,58,Non-binary,London,Bachelor,35,3.0,2.1,True
EMP-2565,2021-09-29,Finance,CFO,112000,50,Female,New York,High School,12,1.4,9.9,True
EMP-2566,2017-03-30,Marketing,CMO,139300,50,Female,New York,PhD,9,3.4,6.4,True
EMP-2567,2015-04-09,Sales,Account Executive,100500,56,Male,Toronto,Master,5,2.0,6.5,True
EMP-2568,2016-12-04,Engineering,Engineering Manager,173400,32,Non-binary,London,PhD,8,1.9,7.2,True
EMP-2569,2017-01-14,HR,Recruiter,81600,54,Non-binary,Berlin,PhD,8,3.9,2.0,True
EMP-2570,2021-08-06,Legal,General Counsel,128800,40,Male,Toronto,PhD,5,1.2,9.9,True
EMP-2571,2022-03-13,Operations,Ops Manager,80100,31,Non-binary,Sydney,Bachelor,6,1.6,2.5,False
EMP-2572,2023-09-05,Finance,Finance Manager,123900,46,Male,Remote,Bachelor,0,3.1,8.3,True
EMP-2573,2015-05-06,Legal,Senior Counsel,112600,46,Female,Toronto,Bachelor,2,1.1,9.2,True
EMP-2574,2023-05-11,Sales,VP of Sales,104700,38,Non-binary,Berlin,High School,12,4.2,8.5,False
EMP-2575,2021-07-28,HR,HR Director,111300,26,Female,Remote,Master,4,1.8,2.4,True
EMP-2576,2015-09-14,Operations,COO,104500,27,Non-binary,London,PhD,6,3.2,3.1,True
EMP-2577,2016-11-28,Product,VP of Product,194800,41,Female,Sydney,High School,4,1.7,4.4,True
EMP-2578,2019-01-05,Finance,Finance Manager,131100,52,Female,Berlin,Master,3,4.5,1.6,True
EMP-2579,2020-11-20,HR,HR Manager,99700,51,Male,Sydney,PhD,10,3.8,4.7,True
EMP-2580,2020-02-25,Engineering,Lead Engineer,148200,51,Female,Toronto,Master,19,4.4,2.7,True
EMP-2581,2019-07-04,Sales,Sales Manager,94300,28,Female,London,PhD,0,1.4,7.1,True
EMP-2582,2018-07-24,Finance,CFO,130200,44,Female,London,Master,9,1.9,4.4,True
EMP-2583,2021-09-24,Engineering,Junior Dev,86200,50,Male,Remote,PhD,8,3.3,7.6,False
EMP-2584,2018-12-28,Operations,Ops Manager,91300,22,Female,London,High School,0,2.0,8.7,True
EMP-2585,2017-07-14,Legal,Associate,102300,54,Female,Sydney,High School,32,2.6,7.5,True
EMP-2586,2023-02-06,Product,Senior PM,123400,27,Male,New York,PhD,3,2.0,2.5,True
EMP-2587,2017-11-19,Marketing,CMO,106100,41,Female,New York,High School,9,3.7,9.6,True
EMP-2588,2020-06-07,HR,HR Manager,75600,49,Male,Remote,PhD,10,3.9,9.8,True
EMP-2589,2016-03-15,Marketing,Marketing Manager,108300,51,Male,Berlin,Master,1,4.2,3.6,False
EMP-2590,2015-03-06,Legal,Associate,122800,39,Non-binary,Berlin,PhD,6,2.2,1.2,True
EMP-2591,2018-05-07,HR,HR Director,97200,31,Non-binary,Sydney,PhD,0,1.9,2.4,True
EMP-2592,2016-05-11,Sales,SDR,87900,30,Non-binary,Sydney,Bachelor,6,3.2,2.8,True
EMP-2593,2016-05-26,Finance,Finance Manager,126200,22,Female,Berlin,High School,0,3.5,9.6,True
EMP-2594,2015-09-26,HR,HR Coordinator,57300,36,Male,Berlin,High School,2,4.9,2.8,True
EMP-2595,2019-11-28,HR,HR Manager,73300,27,Female,New York,Master,6,2.8,4.9,False
EMP-2596,2019-11-25,Sales,VP of Sales,141300,27,Male,Remote,High School,0,1.5,4.4,True
EMP-2597,2022-03-17,HR,HR Coordinator,51300,43,Non-binary,Toronto,High School,6,1.7,3.6,False
EMP-2598,2022-03-27,Finance,Finance Manager,135600,38,Male,Toronto,PhD,8,3.4,5.4,True
EMP-2599,2020-05-04,Engineering,Staff Engineer,166000,25,Male,Remote,Master,3,2.7,4.3,True
EMP-2600,2015-07-26,Legal,Associate,118500,58,Male,Berlin,Bachelor,25,4.1,7.9,True
EMP-2601,2021-06-06,Marketing,Marketing Manager,88300,58,Male,Berlin,Bachelor,21,1.2,9.3,True
EMP-2602,2020-05-14,Legal,Paralegal,108200,49,Non-binary,London,High School,6,3.6,9.4,True
EMP-2603,2020-04-25,Product,Product Analyst,122800,52,Female,Sydney,High School,17,2.8,7.3,True
EMP-2604,2015-06-15,Marketing,Marketing Manager,87200,45,Non-binary,London,Bachelor,8,3.5,2.3,True
EMP-2605,2021-04-14,Operations,Ops Manager,70200,56,Non-binary,Berlin,Master,35,3.8,7.5,True
EMP-2606,2023-12-13,Sales,SDR,79600,51,Male,New York,PhD,14,3.2,6.1,True
EMP-2607,2022-09-18,Finance,Analyst,85000,22,Female,Berlin,PhD,0,3.1,4.9,True
EMP-2608,2020-07-29,Operations,Ops Analyst,67300,43,Non-binary,Sydney,Bachelor,18,4.2,8.5,True
EMP-2609,2019-03-24,HR,HR Manager,81800,44,Non-binary,Berlin,PhD,2,3.0,8.3,False
EMP-2610,2018-09-21,Sales,Sales Manager,117800,34,Non-binary,Toronto,PhD,11,3.1,7.8,True
EMP-2611,2023-06-08,Product,Product Manager,107300,22,Male,Berlin,Master,1,4.7,2.2,True
EMP-2612,2020-08-26,HR,HR Director,91400,27,Non-binary,New York,Master,4,3.3,4.8,True
EMP-2613,2022-08-26,Sales,Sales Manager,96900,36,Female,New York,High School,10,4.2,3.5,True
EMP-2614,2018-09-09,Finance,Finance Manager,126000,42,Male,Berlin,PhD,15,4.1,5.2,True
EMP-2615,2018-10-07,Marketing,CMO,131700,42,Male,London,Bachelor,16,1.4,2.5,True
EMP-2616,2021-11-13,HR,HR Coordinator,64900,45,Non-binary,New York,PhD,3,2.1,2.7,True
EMP-2617,2016-03-09,Marketing,Marketing Manager,102700,44,Non-binary,New York,High School,0,3.0,1.8,True
EMP-2618,2016-11-18,Legal,General Counsel,131100,49,Female,London,Bachelor,10,4.1,2.8,True
EMP-2619,2016-05-11,Finance,Accountant,85200,27,Male,New York,High School,6,4.3,8.2,True
EMP-2620,2023-03-20,Product,Product Manager,105000,42,Male,Remote,Master,18,4.0,2.5,True
EMP-2621,2020-07-11,Product,VP of Product,167600,53,Non-binary,Toronto,Master,13,2.9,8.2,True
EMP-2622,2018-09-05,HR,HR Manager,104800,22,Male,Sydney,PhD,0,4.7,9.0,True
EMP-2623,2017-06-19,HR,HR Coordinator,71300,38,Male,Berlin,Master,15,4.5,1.9,False
EMP-2624,2022-09-22,Operations,COO,100300,55,Female,Toronto,High School,29,4.5,4.2,False
EMP-2625,2021-06-12,Marketing,Marketing Manager,102000,54,Male,London,High School,7,3.8,1.4,True
EMP-2626,2022-09-21,Finance,Accountant,112900,37,Non-binary,Remote,High School,8,4.6,9.9,True
EMP-2627,2018-02-05,Legal,Senior Counsel,134300,35,Female,New York,High School,14,1.2,9.2,False
EMP-2628,2023-01-29,HR,HR Coordinator,58100,44,Non-binary,Remote,PhD,17,1.5,5.6,True
EMP-2629,2017-06-08,Marketing,SEO Specialist,97700,42,Male,Berlin,Master,7,2.6,8.2,True
EMP-2630,2022-08-12,HR,HR Manager,94200,45,Female,New York,Master,16,2.4,5.4,True
EMP-2631,2018-01-17,HR,HR Coordinator,71200,39,Male,London,High School,5,5.0,7.8,True
EMP-2632,2015-05-18,Finance,Analyst,96600,26,Female,Toronto,High School,4,3.4,7.2,True
EMP-2633,2021-12-09,Sales,VP of Sales,110300,49,Female,Remote,Master,17,3.7,2.2,True
EMP-2634,2019-12-29,Sales,SDR,72700,35,Non-binary,Sydney,High School,2,3.8,6.8,True
EMP-2635,2015-02-14,Marketing,Marketing Manager,94400,35,Non-binary,London,High School,11,3.4,2.8,True
EMP-2636,2015-11-03,Marketing,Content Writer,80400,52,Non-binary,Remote,Master,9,4.5,5.1,True
EMP-2637,2018-10-08,Product,Product Manager,119200,58,Female,New York,High School,9,3.5,8.4,True
EMP-2638,2015-04-23,Product,Senior PM,169200,25,Male,London,High School,0,4.9,4.1,True
EMP-2639,2018-02-27,Finance,Finance Manager,95800,27,Male,Berlin,High School,4,1.0,5.7,True
EMP-2640,2021-10-05,Product,VP of Product,195200,37,Male,Berlin,Master,15,2.0,3.7,True
EMP-2641,2022-06-02,Product,Product Manager,111300,54,Male,New York,PhD,1,3.0,2.2,True
EMP-2642,2022-08-31,Marketing,Marketing Manager,103100,29,Female,Remote,Master,8,2.9,5.5,True
EMP-2643,2023-10-05,Engineering,Junior Dev,112600,44,Non-binary,New York,Bachelor,11,4.9,2.9,True
EMP-2644,2023-03-08,Finance,Finance Manager,137900,40,Non-binary,Toronto,PhD,3,2.7,6.7,True
EMP-2645,2022-01-16,HR,HR Coordinator,51000,47,Male,Sydney,PhD,15,4.6,5.6,True
EMP-2646,2023-05-02,Product,Product Manager,127400,49,Female,Sydney,High School,21,3.3,9.3,True
EMP-2647,2020-10-13,Marketing,SEO Specialist,81900,43,Male,Remote,High School,18,3.2,9.9,True
EMP-2648,2018-02-25,Operations,Ops Analyst,64700,27,Female,London,High School,3,2.7,8.0,True
EMP-2649,2021-12-19,HR,HR Director,96000,42,Non-binary,Berlin,High School,20,3.3,5.6,True
EMP-2650,2018-12-29,Marketing,CMO,137000,40,Male,London,High School,13,3.9,2.8,True
EMP-2651,2020-04-26,Product,Senior PM,147100,50,Female,Sydney,Master,19,4.3,5.8,True
EMP-2652,2015-11-05,Sales,Sales Manager,89600,45,Male,Sydney,Master,1,4.8,6.7,True
EMP-2653,2020-10-24,Operations,COO,109300,24,Male,Toronto,PhD,3,2.7,7.5,False
EMP-2654,2022-12-12,Legal,Associate,99900,25,Male,Remote,Master,4,1.7,5.2,True
EMP-2655,2023-09-24,Engineering,Engineering Manager,183800,51,Female,New York,Master,25,1.7,2.3,True
EMP-2656,2022-09-29,Marketing,Content Writer,84500,24,Male,Sydney,Bachelor,1,3.5,3.3,True
EMP-2657,2015-02-02,HR,HR Director,100000,47,Male,New York,Bachelor,21,1.9,5.6,True
EMP-2658,2019-11-28,Finance,Analyst,78100,28,Female,New York,PhD,3,3.9,3.0,True
EMP-2659,2021-06-24,Legal,General Counsel,138300,52,Female,Sydney,PhD,9,3.1,9.5,True
EMP-2660,2019-08-22,Legal,General Counsel,153100,42,Female,Toronto,Master,20,3.8,4.9,True
EMP-2661,2018-09-22,Legal,Senior Counsel,118400,53,Non-binary,Sydney,Bachelor,28,1.7,3.2,True
EMP-2662,2017-06-24,Finance,Finance Manager,98100,43,Non-binary,Berlin,Master,17,3.3,2.7,True
EMP-2663,2015-06-20,Legal,General Counsel,129100,28,Non-binary,London,PhD,3,1.6,6.1,False
EMP-2664,2023-03-02,Legal,Senior Counsel,135900,49,Non-binary,Remote,Bachelor,19,3.9,8.6,True
EMP-2665,2020-10-20,Operations,Ops Analyst,75500,31,Female,Remote,PhD,7,3.8,8.4,True
EMP-2666,2020-08-27,Operations,COO,105200,51,Female,New York,High School,13,3.4,9.1,True
EMP-2667,2015-12-02,Product,Product Manager,140900,31,Female,London,PhD,3,1.4,9.3,True
EMP-2668,2017-05-19,HR,HR Coordinator,59200,48,Male,London,Master,9,3.6,1.2,True
EMP-2669,2015-09-18,HR,HR Director,87600,33,Non-binary,Remote,High School,8,2.8,8.5,True
EMP-2670,2023-11-24,Operations,Ops Manager,91900,36,Non-binary,Sydney,Bachelor,12,1.5,4.3,True
EMP-2671,2018-04-28,Product,VP of Product,147800,51,Non-binary,Remote,Bachelor,21,2.5,10.0,True
EMP-2672,2022-11-25,Legal,Associate,127200,46,Non-binary,Sydney,High School,9,1.0,1.3,True
EMP-2673,2023-11-18,Marketing,CMO,117400,33,Male,Remote,Bachelor,11,2.8,6.7,True
EMP-2674,2017-09-23,Product,Senior PM,172100,24,Male,New York,Bachelor,2,2.7,7.6,False
EMP-2675,2018-12-20,HR,HR Coordinator,62500,42,Female,Sydney,High School,8,4.1,9.8,True
EMP-2676,2022-08-05,Operations,Ops Analyst,58700,51,Female,New York,Master,1,3.3,1.2,True
EMP-2677,2022-07-31,Sales,Sales Manager,112100,23,Male,Sydney,Master,2,3.4,8.7,True
EMP-2678,2015-12-24,HR,HR Coordinator,64200,54,Female,Remote,High School,8,2.5,5.0,True
EMP-2679,2017-06-24,Sales,Account Executive,88900,38,Non-binary,Sydney,PhD,12,4.4,5.0,False
EMP-2680,2023-04-08,Marketing,Content Writer,72200,52,Male,London,PhD,22,3.4,2.0,True
EMP-2681,2021-11-25,Engineering,Senior Dev,99500,30,Female,Remote,PhD,2,4.8,6.8,False
EMP-2682,2022-04-26,HR,HR Manager,95300,31,Non-binary,Remote,PhD,1,3.9,4.3,True
EMP-2683,2017-07-19,HR,HR Coordinator,69400,51,Female,Remote,High School,14,2.8,6.8,True
EMP-2684,2017-12-31,Product,Product Analyst,104000,25,Female,Remote,Bachelor,1,1.7,2.0,True
EMP-2685,2015-05-06,Operations,COO,101400,31,Non-binary,London,High School,1,2.8,5.9,True
EMP-2686,2017-10-20,Operations,Ops Analyst,71400,55,Non-binary,Berlin,Bachelor,4,4.5,8.9,True
EMP-2687,2018-12-18,Engineering,Engineering Manager,204900,49,Female,New York,Bachelor,26,4.0,2.1,True
EMP-2688,2016-10-03,Operations,COO,89000,52,Male,London,High School,8,3.7,1.4,False
EMP-2689,2022-09-22,Engineering,Engineering Manager,173800,48,Female,New York,Bachelor,15,1.5,4.2,True
EMP-2690,2015-03-27,Sales,SDR,83700,25,Female,Remote,High School,3,1.9,5.4,True
EMP-2691,2015-08-13,Product,Senior PM,173700,24,Non-binary,New York,Bachelor,2,1.8,6.6,True
EMP-2692,2020-05-28,Sales,Sales Manager,124500,50,Non-binary,Toronto,PhD,26,1.7,5.6,True
EMP-2693,2019-01-15,Finance,Accountant,92100,24,Male,Toronto,Bachelor,0,2.0,1.8,True
EMP-2694,2021-10-11,Engineering,Junior Dev,99200,28,Female,Sydney,PhD,5,1.5,4.1,True
EMP-2695,2015-02-05,Finance,Finance Manager,97200,36,Female,New York,Master,10,4.6,5.5,False
EMP-2696,2020-10-07,Finance,Analyst,79900,58,Male,Sydney,Master,30,2.4,1.4,True
EMP-2697,2022-06-14,Sales,Account Executive,93900,41,Non-binary,Toronto,Master,18,4.5,2.0,True
EMP-2698,2023-11-04,Operations,Ops Analyst,81200,42,Non-binary,Toronto,PhD,0,1.0,6.9,True
EMP-2699,2018-09-28,Operations,Ops Manager,82900,51,Non-binary,London,High School,18,1.6,7.1,True
EMP-2700,2015-10-19,Sales,SDR,64800,28,Male,Toronto,High School,1,3.4,8.0,False
EMP-2701,2016-03-09,Sales,Account Executive,81900,22,Male,Toronto,High School,1,1.1,5.8,True
EMP-2702,2022-06-01,Finance,Finance Manager,133600,44,Male,London,High School,17,2.1,6.2,True
EMP-2703,2015-02-16,Engineering,Junior Dev,100700,45,Male,Toronto,Master,7,2.6,9.2,True
EMP-2704,2022-04-07,Operations,COO,85400,58,Male,Remote,Master,12,2.7,5.4,False
EMP-2705,2017-07-08,Operations,Ops Manager,91600,25,Female,Sydney,PhD,1,2.0,1.5,True
EMP-2706,2018-03-11,Engineering,Staff Engineer,174800,57,Non-binary,Sydney,Master,4,4.5,6.2,True
EMP-2707,2023-04-05,HR,HR Manager,86500,39,Non-binary,New York,High School,8,3.5,3.3,True
EMP-2708,2023-01-28,Finance,Analyst,81700,47,Female,New York,PhD,15,4.7,7.3,True
EMP-2709,2018-06-01,Product,Product Manager,109000,38,Non-binary,Remote,Master,17,1.9,4.2,True
EMP-2710,2018-05-01,Engineering,Senior Dev,97600,40,Male,Remote,PhD,1,4.3,2.1,True
EMP-2711,2017-05-09,Product,Product Manager,134100,33,Male,Toronto,Master,4,2.4,7.0,True
EMP-2712,2019-10-08,HR,HR Coordinator,70200,55,Female,Toronto,Bachelor,27,3.5,3.0,True
EMP-2713,2018-05-24,Product,Product Analyst,88700,35,Non-binary,London,Master,4,2.9,4.9,False
EMP-2714,2022-01-23,Legal,Associate,126300,47,Male,Toronto,Master,8,4.3,2.2,True
EMP-2715,2015-09-26,Operations,Ops Analyst,63400,53,Non-binary,Sydney,Bachelor,4,2.1,7.9,False
EMP-2716,2020-10-24,Product,Senior PM,138200,47,Male,Toronto,PhD,12,2.3,1.3,True
EMP-2717,2019-08-19,Engineering,Engineering Manager,166400,41,Non-binary,Toronto,Bachelor,4,1.6,3.7,True
EMP-2718,2021-09-13,Engineering,Staff Engineer,180800,48,Male,Berlin,Bachelor,2,1.5,8.9,True
EMP-2719,2019-07-26,Finance,Finance Manager,96700,33,Female,Berlin,Master,5,3.6,2.8,True
EMP-2720,2022-07-27,Sales,Sales Manager,125300,27,Male,Remote,Bachelor,6,1.3,7.5,True
EMP-2721,2019-05-21,Finance,Analyst,90000,56,Non-binary,Sydney,Bachelor,7,2.2,2.5,True
EMP-2722,2018-04-20,Finance,CFO,116800,25,Non-binary,London,Bachelor,2,2.6,4.6,True
EMP-2723,2021-03-31,HR,HR Coordinator,51200,42,Female,New York,Bachelor,20,1.0,7.5,True
EMP-2724,2022-10-31,Marketing,Marketing Manager,96400,42,Non-binary,Toronto,PhD,16,4.0,9.2,True
EMP-2725,2015-09-26,HR,HR Coordinator,74600,55,Male,London,PhD,16,3.5,6.2,True
EMP-2726,2018-05-18,Legal,Associate,97400,58,Male,New York,PhD,2,2.5,1.0,True
EMP-2727,2018-06-23,Legal,General Counsel,166600,28,Male,Remote,Bachelor,3,4.3,4.4,True
EMP-2728,2018-05-06,Product,Senior PM,174700,38,Non-binary,Toronto,Bachelor,9,1.0,1.1,True
EMP-2729,2019-08-08,HR,HR Director,100800,43,Female,Toronto,Bachelor,9,3.7,4.9,True
EMP-2730,2017-02-27,Marketing,Content Writer,84900,32,Female,Remote,Master,7,4.7,2.1,True
EMP-2731,2015-03-31,Operations,COO,87000,33,Non-binary,Sydney,PhD,9,2.2,1.6,True
EMP-2732,2020-06-27,Operations,Ops Manager,67900,53,Male,London,High School,23,1.7,4.4,True
EMP-2733,2023-09-25,Legal,Associate,106500,31,Non-binary,Berlin,Master,3,2.5,8.2,True
EMP-2734,2021-12-16,Engineering,Senior Dev,142000,43,Non-binary,New York,PhD,14,3.1,6.4,True
EMP-2735,2018-05-28,HR,Recruiter,66100,53,Non-binary,Berlin,Master,20,4.6,7.7,True
EMP-2736,2020-11-01,HR,Recruiter,67300,38,Non-binary,London,High School,12,2.2,7.6,True
EMP-2737,2019-03-12,Marketing,SEO Specialist,102300,35,Male,Berlin,PhD,11,2.4,2.9,True
EMP-2738,2023-06-24,Sales,SDR,78400,56,Non-binary,Berlin,High School,30,1.9,6.4,True
EMP-2739,2022-08-14,HR,Recruiter,63400,53,Non-binary,Remote,High School,13,3.2,1.3,True
EMP-2740,2018-11-10,HR,Recruiter,76900,30,Non-binary,Berlin,Master,5,2.1,2.2,True
EMP-2741,2022-09-07,Finance,CFO,110800,33,Female,Toronto,Master,7,2.6,4.8,True
EMP-2742,2022-11-02,Finance,CFO,154400,50,Female,London,PhD,0,2.2,4.4,True
EMP-2743,2023-03-12,Legal,Senior Counsel,119400,41,Male,Toronto,Bachelor,16,2.8,3.7,True
EMP-2744,2019-07-31,Operations,Ops Analyst,78000,38,Male,Toronto,Master,17,1.3,6.7,False
EMP-2745,2022-09-06,Sales,VP of Sales,118100,55,Non-binary,New York,High School,19,4.3,4.6,True
EMP-2746,2020-07-31,Product,Product Analyst,109200,48,Male,New York,Bachelor,21,4.8,4.0,True
EMP-2747,2022-09-10,Marketing,CMO,99500,44,Male,London,Bachelor,0,3.6,3.7,True
EMP-2748,2023-04-23,HR,Recruiter,71400,24,Non-binary,Berlin,High School,3,3.6,2.8,False
EMP-2749,2016-04-19,Engineering,Staff Engineer,152500,37,Non-binary,Remote,Bachelor,4,3.4,2.1,True
EMP-2750,2017-06-30,Sales,Sales Manager,124600,57,Male,London,PhD,1,1.8,3.8,True
EMP-2751,2019-11-10,HR,HR Director,117400,27,Female,Sydney,High School,6,1.4,7.7,True
EMP-2752,2018-04-02,Product,Product Manager,131000,25,Female,Berlin,Master,0,4.9,9.8,True
EMP-2753,2020-09-15,Finance,CFO,154200,26,Female,Remote,Master,1,4.6,1.4,True
EMP-2754,2016-04-15,HR,Recruiter,80000,37,Female,Sydney,Master,10,3.7,5.1,True
EMP-2755,2020-10-20,Sales,Sales Manager,106400,28,Male,Toronto,PhD,1,1.8,6.5,False
EMP-2756,2021-07-03,Finance,Analyst,92700,51,Male,Remote,Bachelor,22,2.0,4.6,True
EMP-2757,2017-07-08,HR,Recruiter,86500,42,Male,Toronto,Master,15,4.0,1.1,True
EMP-2758,2022-01-16,HR,HR Director,97700,44,Non-binary,Sydney,PhD,23,1.9,5.1,True
EMP-2759,2018-03-18,Marketing,Marketing Manager,103400,52,Male,Toronto,High School,4,1.0,6.0,True
EMP-2760,2021-01-30,Sales,SDR,89800,50,Male,Toronto,Bachelor,9,3.2,3.3,True
EMP-2761,2015-06-06,HR,HR Director,87000,33,Female,New York,High School,1,4.3,3.9,True
EMP-2762,2018-03-27,Operations,COO,86600,23,Female,New York,Master,2,3.1,2.4,True
EMP-2763,2015-11-16,Marketing,Marketing Manager,118300,47,Female,Toronto,Master,17,4.7,5.8,True
EMP-2764,2015-02-25,Legal,General Counsel,132600,24,Male,Berlin,Master,3,4.6,5.5,True
EMP-2765,2019-02-03,Legal,General Counsel,137700,45,Non-binary,Berlin,PhD,10,4.2,2.4,True
EMP-2766,2022-09-11,Sales,Account Executive,85600,49,Female,New York,High School,19,2.2,8.7,True
EMP-2767,2015-03-12,HR,HR Director,115300,49,Female,New York,Bachelor,21,1.5,3.2,True
EMP-2768,2015-04-27,Sales,SDR,88200,29,Non-binary,Sydney,PhD,5,2.8,8.3,True
EMP-2769,2022-01-28,Sales,VP of Sales,111800,23,Non-binary,Sydney,Bachelor,0,1.1,4.9,True
EMP-2770,2017-12-04,Product,Senior PM,155900,34,Female,Remote,Bachelor,10,4.7,1.3,True
EMP-2771,2019-05-10,Engineering,Staff Engineer,188500,35,Non-binary,Berlin,Bachelor,13,2.8,8.5,True
EMP-2772,2019-06-13,Marketing,SEO Specialist,86000,40,Male,Remote,Bachelor,18,3.9,8.2,True
EMP-2773,2018-04-11,Finance,Accountant,101800,45,Female,Sydney,High School,2,3.4,4.3,True
EMP-2774,2016-07-08,Operations,COO,88000,24,Male,Toronto,PhD,3,4.3,5.7,True
EMP-2775,2022-04-23,Operations,COO,100500,26,Non-binary,London,PhD,1,2.4,1.5,True
EMP-2776,2015-12-19,Engineering,Staff Engineer,175100,23,Female,New York,Master,0,3.4,1.4,True
EMP-2777,2020-01-27,Legal,Associate,102800,39,Non-binary,Toronto,Bachelor,16,2.1,1.7,True
EMP-2778,2021-02-10,Marketing,Content Writer,64700,43,Female,Sydney,High School,5,5.0,5.5,True
EMP-2779,2019-07-12,Legal,Paralegal,80100,42,Female,London,PhD,16,2.2,5.3,False
EMP-2780,2017-12-20,Product,Senior PM,152100,42,Male,Berlin,High School,10,2.1,8.5,False
EMP-2781,2022-04-13,Product,Product Analyst,95900,38,Female,Remote,High School,11,3.2,9.6,True
EMP-2782,2022-12-30,Engineering,Senior Dev,97300,48,Non-binary,London,PhD,23,4.5,3.5,False
EMP-2783,2017-01-30,HR,HR Director,105700,24,Female,Toronto,PhD,0,2.3,2.4,True
EMP-2784,2016-06-25,Operations,Ops Manager,93900,52,Non-binary,Sydney,Master,31,3.3,5.0,False
EMP-2785,2016-11-19,Finance,Accountant,101200,48,Non-binary,London,Bachelor,7,4.7,9.4,True
EMP-2786,2016-05-06,Finance,Accountant,114500,29,Male,Berlin,High School,6,4.3,9.1,False
EMP-2787,2017-07-22,Product,Senior PM,149300,57,Male,Sydney,Bachelor,7,4.3,2.2,True
EMP-2788,2016-07-21,Operations,Ops Analyst,55800,41,Non-binary,Remote,High School,2,3.9,8.2,True
EMP-2789,2018-08-22,Product,VP of Product,179000,31,Non-binary,Remote,Master,4,3.3,9.5,True
EMP-2790,2018-07-12,Finance,Accountant,90100,50,Female,Toronto,Master,9,1.3,9.3,True
EMP-2791,2019-02-21,Marketing,Marketing Manager,84100,52,Female,Remote,Bachelor,28,4.4,2.0,True
EMP-2792,2022-07-29,Legal,General Counsel,171600,39,Male,Sydney,Master,18,2.2,4.6,True
EMP-2793,2018-05-29,Product,VP of Product,178600,51,Non-binary,Toronto,Master,18,4.5,6.9,True
EMP-2794,2015-05-12,Engineering,Lead Engineer,122800,38,Female,Sydney,Bachelor,6,5.0,1.2,True
EMP-2795,2020-12-26,Sales,SDR,90600,44,Female,New York,PhD,13,2.2,3.6,True
EMP-2796,2021-07-31,Engineering,Junior Dev,107200,27,Female,Remote,High School,3,3.9,4.2,True
EMP-2797,2016-04-08,Operations,COO,102700,58,Male,London,Master,31,1.7,6.5,False
EMP-2798,2021-08-04,Marketing,SEO Specialist,75400,48,Female,London,PhD,17,3.6,8.0,False
EMP-2799,2015-02-28,Sales,Sales Manager,93000,28,Non-binary,New York,PhD,1,3.2,6.4,True
EMP-2800,2022-05-15,Product,Senior PM,131600,50,Female,Toronto,PhD,21,4.4,9.9,True
EMP-2801,2017-12-18,Finance,Accountant,102300,32,Non-binary,Berlin,Master,7,4.3,3.0,True
EMP-2802,2020-08-26,HR,HR Coordinator,70600,26,Female,Toronto,High School,1,3.7,5.0,True
EMP-2803,2018-07-26,Product,Product Manager,108100,33,Female,Toronto,Master,11,3.3,6.8,True
EMP-2804,2020-01-04,Legal,Senior Counsel,140600,37,Female,Toronto,High School,6,3.5,1.4,True
EMP-2805,2022-05-12,Product,Product Manager,124500,41,Female,Berlin,PhD,7,1.8,1.1,True
EMP-2806,2023-12-19,HR,Recruiter,63000,54,Male,Sydney,Bachelor,15,4.6,7.6,True
EMP-2807,2019-02-24,Engineering,Staff Engineer,131800,44,Female,Sydney,High School,7,1.5,2.9,True
EMP-2808,2017-04-23,Legal,Associate,104700,26,Non-binary,New York,Bachelor,4,2.7,6.9,True
EMP-2809,2022-04-18,Legal,Paralegal,77100,53,Male,Toronto,Master,8,3.2,6.5,True
EMP-2810,2015-02-24,Sales,Account Executive,107700,24,Non-binary,Toronto,Master,1,3.0,3.3,True
EMP-2811,2019-09-02,Engineering,Lead Engineer,162700,55,Female,Berlin,High School,31,1.7,9.7,True
EMP-2812,2022-03-15,Sales,SDR,82300,27,Non-binary,New York,Master,4,2.9,9.2,True
EMP-2813,2020-10-16,Product,Product Manager,120800,24,Male,Sydney,PhD,3,2.4,2.7,True
EMP-2814,2020-01-17,Legal,Paralegal,104000,54,Female,Sydney,High School,14,3.6,3.6,False
EMP-2815,2017-06-12,Finance,CFO,122500,39,Male,London,Master,11,1.6,1.5,True
EMP-2816,2019-10-25,Operations,Ops Manager,84800,49,Male,Remote,Master,22,2.7,6.7,True
EMP-2817,2017-04-05,Finance,Accountant,98400,31,Non-binary,Remote,PhD,8,4.5,6.8,True
EMP-2818,2022-10-12,Sales,VP of Sales,123800,57,Non-binary,New York,Bachelor,1,1.4,4.6,False
EMP-2819,2020-05-04,Product,Product Analyst,92200,24,Female,Sydney,High School,1,2.5,5.7,True
EMP-2820,2022-03-23,Finance,Accountant,101800,33,Non-binary,Toronto,Bachelor,11,1.6,4.5,False
EMP-2821,2018-07-29,Engineering,Junior Dev,98100,53,Male,London,Bachelor,25,1.1,2.8,True
EMP-2822,2021-03-07,HR,HR Coordinator,62600,34,Non-binary,Berlin,Bachelor,13,3.6,6.0,True
EMP-2823,2021-03-25,Engineering,Staff Engineer,136700,46,Female,London,PhD,1,4.9,4.9,True
EMP-2824,2016-10-21,Legal,Paralegal,82000,26,Non-binary,Sydney,Bachelor,1,1.1,4.5,False
EMP-2825,2019-04-28,Sales,Sales Manager,108600,23,Female,Remote,High School,0,3.1,1.5,True
EMP-2826,2016-11-09,Operations,COO,104300,40,Female,London,Master,17,1.6,5.4,True
EMP-2827,2021-10-28,Marketing,Content Writer,79500,46,Male,London,High School,12,2.2,3.2,True
EMP-2828,2023-01-18,Sales,Account Executive,101100,45,Non-binary,Remote,PhD,7,4.4,3.0,True
EMP-2829,2017-01-27,Finance,Finance Manager,107800,45,Male,London,High School,1,3.7,3.3,True
EMP-2830,2015-07-26,Legal,General Counsel,127700,41,Female,Remote,Master,19,1.1,5.2,True
EMP-2831,2015-01-23,Engineering,Lead Engineer,143700,48,Non-binary,Berlin,High School,25,1.6,7.6,True
EMP-2832,2017-02-04,Engineering,Senior Dev,130000,33,Non-binary,London,High School,1,4.3,9.8,True
EMP-2833,2021-12-12,HR,Recruiter,77000,53,Female,New York,Bachelor,2,4.4,8.3,True
EMP-2834,2015-08-03,HR,Recruiter,65000,49,Male,Berlin,Bachelor,22,3.0,9.2,True
EMP-2835,2020-08-10,Engineering,Lead Engineer,119000,34,Male,Sydney,High School,9,3.2,5.7,False
EMP-2836,2020-06-12,Product,Senior PM,133400,55,Male,Berlin,PhD,33,3.0,7.2,True
EMP-2837,2015-05-11,Sales,Sales Manager,106300,28,Non-binary,Sydney,PhD,2,4.5,5.7,True
EMP-2838,2020-07-05,Marketing,Content Writer,59900,52,Male,Toronto,Master,8,2.8,8.5,True
EMP-2839,2018-05-23,Engineering,Engineering Manager,207300,26,Male,Remote,PhD,3,1.1,1.1,True
EMP-2840,2023-06-07,HR,HR Coordinator,70800,29,Male,Toronto,High School,7,4.2,1.1,True
EMP-2841,2021-01-23,Marketing,Content Writer,75400,46,Male,New York,High School,23,1.4,3.9,True
EMP-2842,2023-02-21,Operations,Ops Manager,81700,57,Female,Toronto,High School,4,3.9,3.1,False
EMP-2843,2019-09-13,Finance,Analyst,98200,52,Male,Berlin,Master,18,2.4,7.2,True
EMP-2844,2019-08-18,Engineering,Senior Dev,102100,55,Female,Berlin,High School,25,1.1,9.1,True
EMP-2845,2016-10-05,Engineering,Engineering Manager,184200,33,Non-binary,London,High School,12,3.1,9.4,True
EMP-2846,2022-04-29,Operations,COO,89900,22,Female,Sydney,PhD,0,4.1,5.7,True
EMP-2847,2022-10-23,Engineering,Senior Dev,100900,26,Male,Remote,Bachelor,5,1.6,5.3,False
EMP-2848,2019-05-15,Product,Senior PM,121800,23,Female,New York,Bachelor,0,2.7,1.1,True
EMP-2849,2016-07-28,Product,VP of Product,161200,48,Male,London,High School,11,2.8,9.9,True
EMP-2850,2020-02-08,Finance,Finance Manager,120600,52,Male,Remote,Bachelor,19,2.8,2.4,True
EMP-2851,2016-03-02,Engineering,Engineering Manager,193800,35,Non-binary,New York,PhD,13,4.2,2.5,True
EMP-2852,2023-11-04,Marketing,Content Writer,66900,52,Female,Toronto,Master,2,4.0,7.3,True
EMP-2853,2017-07-19,Operations,COO,104700,39,Male,London,High School,4,1.4,8.4,True
EMP-2854,2015-10-05,Legal,General Counsel,153900,22,Non-binary,Sydney,High School,1,3.9,7.4,False
EMP-2855,2016-03-01,Legal,Paralegal,78500,54,Female,Toronto,PhD,9,4.6,8.3,True
EMP-2856,2020-10-13,Engineering,Engineering Manager,161600,40,Non-binary,Berlin,Master,14,2.0,7.1,True
EMP-2857,2015-02-10,Engineering,Senior Dev,104200,34,Non-binary,Remote,Bachelor,8,4.3,7.0,True
EMP-2858,2018-07-13,Marketing,Marketing Manager,96300,43,Non-binary,Sydney,Master,7,3.8,1.3,True
EMP-2859,2021-05-07,Sales,Account Executive,103000,57,Female,Berlin,High School,4,2.5,3.4,True
EMP-2860,2015-03-27,Legal,Associate,122400,33,Non-binary,London,Master,8,1.2,5.5,False
EMP-2861,2020-11-04,Sales,Account Executive,83600,39,Male,Berlin,Master,1,4.0,5.2,False
EMP-2862,2018-08-21,HR,HR Coordinator,65000,35,Female,Berlin,Master,1,2.4,9.9,True
EMP-2863,2019-12-21,Finance,Finance Manager,100600,37,Non-binary,Berlin,Bachelor,1,3.5,7.5,True
EMP-2864,2018-06-20,Engineering,Junior Dev,101000,36,Non-binary,New York,PhD,11,3.7,4.6,True
EMP-2865,2016-10-05,Engineering,Junior Dev,95300,29,Female,London,PhD,2,4.8,2.8,True
EMP-2866,2023-06-27,HR,HR Director,110200,24,Non-binary,Berlin,High School,2,1.8,7.0,True
EMP-2867,2020-06-19,Finance,Analyst,82300,30,Non-binary,Sydney,High School,3,2.1,8.4,True
EMP-2868,2016-05-14,Operations,Ops Analyst,62100,54,Non-binary,New York,High School,24,2.6,2.0,True
EMP-2869,2017-09-20,Marketing,SEO Specialist,103700,49,Male,Berlin,PhD,17,4.0,7.0,True
EMP-2870,2020-06-05,Legal,General Counsel,145600,29,Female,Berlin,High School,8,3.8,1.1,True
EMP-2871,2015-04-06,Operations,COO,113500,46,Female,Sydney,Master,8,3.9,9.6,True
EMP-2872,2015-07-23,Sales,SDR,69900,42,Female,New York,High School,4,4.7,1.1,True
EMP-2873,2021-09-24,HR,HR Director,112500,33,Female,London,PhD,8,4.4,7.2,False
EMP-2874,2017-03-10,Product,Product Analyst,114200,54,Male,London,Bachelor,14,2.2,7.2,True
EMP-2875,2019-12-29,Legal,Associate,106000,30,Male,Remote,Bachelor,6,1.3,6.0,True
EMP-2876,2019-02-19,HR,HR Coordinator,59700,38,Female,Toronto,Bachelor,6,2.5,5.1,True
EMP-2877,2022-04-09,Marketing,Content Writer,69800,24,Male,Berlin,Bachelor,1,1.0,9.5,True
EMP-2878,2022-12-19,Engineering,Junior Dev,83800,45,Male,New York,PhD,14,1.8,2.0,True
EMP-2879,2023-01-08,Sales,VP of Sales,120700,34,Male,London,High School,0,1.0,7.6,False
EMP-2880,2016-02-02,Engineering,Staff Engineer,153100,49,Male,London,PhD,21,4.5,4.2,True
EMP-2881,2016-05-23,HR,HR Director,116800,53,Male,Sydney,Master,17,4.0,8.0,True
EMP-2882,2023-08-31,HR,HR Manager,90100,31,Non-binary,New York,Bachelor,6,1.4,4.2,True
EMP-2883,2016-09-05,HR,Recruiter,75000,28,Non-binary,London,Bachelor,2,3.8,7.0,False
EMP-2884,2022-07-18,Product,Product Manager,124200,48,Female,Toronto,Master,17,4.8,1.0,True
EMP-2885,2020-09-21,Product,VP of Product,142400,32,Female,New York,High School,4,2.4,6.7,True
EMP-2886,2020-07-23,Sales,SDR,82500,50,Non-binary,London,Master,1,4.1,6.6,True
EMP-2887,2022-08-29,Engineering,Engineering Manager,184800,30,Non-binary,London,High School,5,3.5,8.6,True
EMP-2888,2022-01-29,Finance,Analyst,98700,29,Non-binary,New York,Master,6,2.5,7.4,False
EMP-2889,2021-04-03,Engineering,Junior Dev,86100,23,Male,New York,High School,2,2.7,9.7,True
EMP-2890,2021-03-31,Finance,Accountant,87300,32,Female,Remote,PhD,0,1.5,3.8,True
EMP-2891,2015-04-02,Legal,Paralegal,99200,38,Non-binary,Remote,Master,2,1.1,7.4,True
EMP-2892,2022-03-22,Finance,Analyst,85500,23,Non-binary,Berlin,High School,1,4.4,5.8,True
EMP-2893,2023-07-27,Sales,Sales Manager,129800,25,Non-binary,Sydney,PhD,3,3.1,6.0,True
EMP-2894,2022-09-19,HR,HR Manager,80000,25,Female,London,PhD,2,1.5,2.7,True
EMP-2895,2019-01-15,Operations,Ops Analyst,70800,43,Male,Remote,High School,17,2.7,6.6,True
EMP-2896,2021-10-06,Legal,General Counsel,170800,32,Non-binary,New York,Master,9,4.6,4.2,True
EMP-2897,2015-02-06,Finance,Finance Manager,135300,30,Non-binary,Remote,Bachelor,1,2.9,5.9,True
EMP-2898,2020-08-03,Engineering,Senior Dev,101300,33,Non-binary,London,PhD,10,2.5,5.3,False
EMP-2899,2022-10-21,HR,HR Director,101900,29,Female,Sydney,High School,4,2.7,9.2,True
EMP-2900,2015-09-08,Legal,General Counsel,155000,54,Male,Berlin,High School,15,2.9,8.5,True
EMP-2901,2017-03-15,Engineering,Engineering Manager,200300,31,Non-binary,Toronto,Master,7,1.1,2.9,True
EMP-2902,2019-10-23,Operations,Ops Manager,85600,48,Male,New York,Bachelor,9,3.3,5.1,True
EMP-2903,2020-10-15,Marketing,SEO Specialist,80600,36,Male,Toronto,Master,10,4.7,8.7,False
EMP-2904,2021-02-07,Operations,COO,88200,30,Male,Toronto,Bachelor,8,1.2,2.3,True
EMP-2905,2019-09-30,Product,VP of Product,146400,47,Non-binary,Toronto,PhD,24,4.5,5.6,True
EMP-2906,2017-11-10,Legal,Paralegal,78500,25,Female,Remote,Master,1,2.0,3.8,True
EMP-2907,2021-03-18,Product,Product Analyst,123500,28,Male,Toronto,PhD,2,4.9,2.8,True
EMP-2908,2015-02-28,Sales,VP of Sales,108200,54,Non-binary,Toronto,Bachelor,27,4.7,5.3,True
EMP-2909,2015-11-07,HR,Recruiter,68900,52,Non-binary,Toronto,PhD,19,1.8,3.4,False
EMP-2910,2016-03-15,Finance,Accountant,114100,54,Female,Toronto,PhD,26,1.3,4.3,False
EMP-2911,2023-05-12,Engineering,Engineering Manager,162500,52,Female,Toronto,Master,7,2.1,9.2,True
EMP-2912,2017-01-16,Finance,CFO,141200,23,Female,London,PhD,0,2.8,7.6,True
EMP-2913,2018-07-02,Legal,General Counsel,153800,47,Male,London,PhD,2,2.9,7.3,False
EMP-2914,2023-04-26,Finance,Finance Manager,132100,45,Non-binary,Toronto,Master,7,2.3,8.6,True
EMP-2915,2017-05-08,Marketing,Content Writer,87500,42,Non-binary,Remote,PhD,3,1.7,4.0,True
EMP-2916,2021-10-07,Engineering,Lead Engineer,135200,38,Non-binary,Remote,Master,2,2.8,7.6,False
EMP-2917,2022-05-01,Operations,Ops Manager,82800,36,Female,Berlin,High School,12,1.2,1.5,True
EMP-2918,2022-05-01,Product,Product Analyst,100900,30,Male,London,Master,5,4.4,7.1,False
EMP-2919,2023-04-16,Legal,Associate,111300,29,Female,Sydney,Bachelor,8,1.2,3.6,False
EMP-2920,2023-08-22,Operations,Ops Analyst,62100,51,Non-binary,Toronto,Master,29,3.7,7.4,True
EMP-2921,2016-10-24,Sales,SDR,67500,36,Female,London,PhD,2,2.8,5.2,True
EMP-2922,2018-04-11,Sales,Sales Manager,120500,44,Female,London,PhD,16,1.0,5.9,True
EMP-2923,2016-07-30,HR,HR Coordinator,61500,36,Male,New York,High School,11,2.7,9.3,True
EMP-2924,2017-03-01,Finance,Accountant,98300,24,Male,Remote,Master,3,2.9,2.5,False
EMP-2925,2020-03-04,HR,HR Director,88500,44,Female,Berlin,Bachelor,4,3.0,9.7,True
EMP-2926,2018-07-11,Finance,CFO,120400,33,Male,New York,Master,1,2.2,6.9,True
EMP-2927,2015-02-04,Operations,Ops Analyst,69900,40,Non-binary,New York,Bachelor,4,3.1,7.5,True
EMP-2928,2022-06-18,Finance,Analyst,71800,53,Female,Sydney,PhD,20,2.6,9.8,True
EMP-2929,2020-02-28,HR,HR Director,88700,54,Non-binary,London,High School,16,4.4,6.2,False
EMP-2930,2019-04-07,Engineering,Staff Engineer,147800,49,Female,Toronto,Bachelor,2,3.8,1.8,True
EMP-2931,2023-11-19,Engineering,Lead Engineer,141900,37,Male,Remote,Bachelor,1,2.2,5.4,True
EMP-2932,2021-08-03,Operations,COO,112400,58,Non-binary,New York,Master,15,4.5,2.6,False
EMP-2933,2015-05-21,Engineering,Junior Dev,89300,38,Non-binary,Berlin,PhD,17,3.3,8.8,True
EMP-2934,2023-10-13,Product,Senior PM,158500,35,Female,New York,PhD,14,1.2,5.1,True
EMP-2935,2022-01-03,Sales,Account Executive,94100,45,Male,Berlin,High School,11,3.4,8.1,True
EMP-2936,2016-04-03,Operations,Ops Analyst,74800,42,Non-binary,Berlin,Master,13,2.5,5.4,True
EMP-2937,2016-01-10,Marketing,SEO Specialist,71900,41,Non-binary,New York,Master,1,3.1,9.2,True
EMP-2938,2016-11-03,HR,HR Coordinator,68400,57,Male,Remote,High School,13,2.3,8.0,True
EMP-2939,2022-05-21,Finance,Analyst,78700,38,Non-binary,Remote,Bachelor,6,1.9,4.7,True
EMP-2940,2023-07-29,Sales,Sales Manager,119500,55,Female,London,Bachelor,9,4.6,1.2,False
EMP-2941,2023-08-19,HR,HR Manager,82300,52,Male,Berlin,Master,7,1.8,8.9,True
EMP-2942,2016-12-19,Legal,Senior Counsel,131300,39,Male,Toronto,PhD,2,4.2,9.4,True
EMP-2943,2016-01-15,HR,HR Coordinator,54900,37,Male,London,Bachelor,8,1.6,4.2,False
EMP-2944,2022-06-11,Legal,Paralegal,100200,43,Female,New York,Master,8,4.6,8.0,True
EMP-2945,2023-06-08,Finance,CFO,129400,48,Female,London,Master,13,4.5,8.2,True
EMP-2946,2023-03-26,HR,HR Coordinator,63500,51,Non-binary,New York,PhD,9,1.1,2.5,True
EMP-2947,2017-10-13,Operations,COO,78700,44,Female,Sydney,Master,18,5.0,7.3,True
EMP-2948,2017-09-09,Operations,COO,105400,50,Female,Sydney,PhD,23,2.3,7.4,True
EMP-2949,2023-01-10,Marketing,CMO,116800,35,Female,Remote,PhD,7,2.0,4.3,True
EMP-2950,2020-09-21,Operations,Ops Manager,89300,37,Male,Sydney,High School,15,4.5,7.2,False
EMP-2951,2018-11-29,Product,VP of Product,142000,52,Female,New York,Bachelor,30,3.4,7.7,True
EMP-2952,2017-04-25,HR,HR Director,114500,56,Non-binary,New York,Bachelor,1,4.9,7.1,True
EMP-2953,2021-04-16,Finance,CFO,111700,23,Male,London,High School,1,2.1,3.3,True
EMP-2954,2019-03-21,Finance,CFO,143200,45,Non-binary,New York,High School,18,2.6,5.5,True
EMP-2955,2017-02-02,Legal,Associate,110700,47,Male,Berlin,Master,13,2.1,6.0,True
EMP-2956,2023-07-10,Product,Product Manager,104900,45,Non-binary,Berlin,Master,0,2.7,7.0,True
EMP-2957,2023-01-10,Finance,Accountant,87400,39,Female,Remote,Master,16,3.9,1.8,True
EMP-2958,2017-07-15,Product,Product Manager,140700,39,Male,London,Bachelor,1,4.9,9.3,True
EMP-2959,2016-09-05,HR,Recruiter,83700,34,Male,New York,Master,7,2.8,4.8,True
EMP-2960,2022-09-29,Engineering,Senior Dev,135500,45,Non-binary,London,High School,10,4.0,4.5,True
EMP-2961,2022-05-17,Operations,Ops Manager,90700,28,Male,Berlin,High School,0,2.3,9.4,True
EMP-2962,2021-09-19,HR,HR Director,108400,28,Male,Remote,Bachelor,2,4.7,4.9,True
EMP-2963,2022-11-04,Product,VP of Product,170200,46,Female,London,Master,17,4.0,1.1,False
EMP-2964,2016-01-14,Marketing,Marketing Manager,112300,36,Male,Berlin,Bachelor,14,3.6,3.7,True
EMP-2965,2023-11-28,Engineering,Junior Dev,102200,40,Male,London,Master,5,4.8,8.4,True
EMP-2966,2017-12-05,Engineering,Senior Dev,130900,54,Female,Remote,PhD,24,1.3,5.3,True
EMP-2967,2019-06-14,Finance,CFO,122800,23,Non-binary,New York,PhD,1,1.6,5.4,False
EMP-2968,2017-05-27,Legal,Senior Counsel,112600,34,Male,New York,Bachelor,7,3.0,8.7,True
EMP-2969,2023-09-30,HR,HR Coordinator,67700,39,Non-binary,London,PhD,6,1.2,5.2,True
EMP-2970,2015-10-29,Marketing,SEO Specialist,97100,54,Non-binary,Toronto,High School,9,1.1,9.3,True
EMP-2971,2022-06-23,Sales,SDR,83600,30,Male,London,Bachelor,1,2.0,2.2,False
EMP-2972,2021-10-23,Product,VP of Product,184500,44,Male,Sydney,High School,11,3.4,5.2,True
EMP-2973,2022-12-30,Sales,Sales Manager,126700,54,Male,London,Master,17,2.7,7.4,True
EMP-2974,2017-11-24,Legal,Senior Counsel,139900,50,Non-binary,London,PhD,1,2.4,9.7,True
EMP-2975,2021-02-26,Operations,COO,98300,34,Non-binary,Toronto,High School,6,2.0,6.5,True
EMP-2976,2015-11-19,Operations,COO,83900,34,Non-binary,New York,Bachelor,8,4.0,9.5,False
EMP-2977,2020-12-17,HR,HR Manager,96300,46,Non-binary,Remote,High School,1,3.4,2.6,True
EMP-2978,2023-04-05,Marketing,Marketing Manager,89700,39,Female,Berlin,High School,1,4.8,8.4,True
EMP-2979,2017-03-03,Legal,Associate,95400,36,Male,Remote,High School,5,1.6,4.6,True
EMP-2980,2020-05-02,Engineering,Staff Engineer,153300,29,Male,Berlin,High School,1,4.8,7.7,True
EMP-2981,2016-05-12,Operations,Ops Analyst,58100,39,Male,London,PhD,3,3.9,5.1,False
EMP-2982,2023-08-10,Product,Product Analyst,102800,37,Male,Berlin,High School,3,1.7,5.8,True
EMP-2983,2023-07-21,Engineering,Staff Engineer,177200,33,Male,Sydney,PhD,2,3.4,8.7,True
EMP-2984,2019-03-09,Sales,VP of Sales,109700,42,Female,Sydney,Master,21,2.7,1.7,False
EMP-2985,2023-01-04,Engineering,Lead Engineer,133200,28,Female,Berlin,Bachelor,3,2.9,1.9,False
EMP-2986,2023-06-14,Legal,Paralegal,86300,32,Male,Sydney,High School,11,1.9,9.8,True
EMP-2987,2021-04-27,Engineering,Engineering Manager,148000,52,Male,New York,Bachelor,8,1.3,3.7,True
EMP-2988,2016-11-28,Engineering,Junior Dev,110700,43,Female,New York,Bachelor,13,1.8,5.4,True
EMP-2989,2020-10-13,Finance,Finance Manager,107600,27,Non-binary,London,Bachelor,0,3.1,9.1,True
EMP-2990,2019-12-04,Marketing,Marketing Manager,103400,29,Male,Sydney,Bachelor,6,4.9,1.9,False
EMP-2991,2018-01-06,Product,Product Analyst,85900,24,Non-binary,Toronto,High School,0,1.7,2.4,False
EMP-2992,2019-09-09,Marketing,CMO,133200,29,Male,New York,Bachelor,0,3.9,3.0,True
EMP-2993,2019-10-24,Sales,Account Executive,76600,52,Female,Sydney,High School,14,4.4,7.0,True
EMP-2994,2016-08-14,Operations,Ops Manager,86400,58,Female,Remote,Bachelor,31,2.0,2.7,True
EMP-2995,2015-05-28,HR,HR Manager,93100,27,Non-binary,Toronto,PhD,1,2.8,2.6,True
EMP-2996,2022-10-02,Finance,Accountant,115400,30,Male,London,PhD,0,1.3,9.8,False
EMP-2997,2016-11-20,Finance,Finance Manager,138700,22,Male,Berlin,Bachelor,0,1.9,8.2,True
EMP-2998,2018-01-15,Sales,SDR,72800,52,Non-binary,Remote,Bachelor,0,2.1,3.0,True
EMP-2999,2019-09-28,Product,Product Manager,109200,53,Male,Remote,Master,18,3.1,9.6,False
EMP-3000,2019-03-01,Product,VP of Product,193500,38,Male,London,High School,1,1.9,1.0,True
EMP-3001,2021-01-01,Engineering,Staff Engineer,160400,52,Non-binary,Remote,Bachelor,15,2.7,3.8,True
EMP-3002,2019-03-02,Sales,VP of Sales,132700,49,Female,Sydney,PhD,3,1.0,3.8,False
EMP-3003,2020-09-07,Engineering,Senior Dev,111600,40,Non-binary,Sydney,Bachelor,15,3.2,9.7,True
EMP-3004,2022-02-27,HR,HR Director,109400,57,Non-binary,Berlin,Bachelor,20,2.4,9.1,True
EMP-3005,2015-11-03,Engineering,Staff Engineer,169300,48,Male,New York,Master,21,1.5,9.2,True
EMP-3006,2017-07-04,HR,HR Coordinator,58700,47,Male,Toronto,Master,1,4.4,2.6,False
EMP-3007,2022-03-19,Marketing,SEO Specialist,95200,39,Non-binary,Berlin,Master,7,1.2,9.3,False
EMP-3008,2019-10-12,Legal,Paralegal,82600,26,Male,Berlin,Bachelor,1,2.6,4.7,True
EMP-3009,2023-01-31,Operations,COO,91600,23,Female,Berlin,Master,2,4.5,4.5,True
EMP-3010,2019-09-08,HR,Recruiter,88600,40,Male,Berlin,Master,9,4.3,6.9,True
EMP-3011,2018-02-07,Finance,Finance Manager,137000,53,Male,Remote,High School,3,4.5,9.6,True
EMP-3012,2017-11-19,Finance,Finance Manager,127100,23,Non-binary,Sydney,PhD,0,4.0,8.0,True
EMP-3013,2022-12-26,Product,Product Analyst,122600,58,Male,London,High School,37,4.4,4.3,True
EMP-3014,2015-04-01,Operations,COO,79100,56,Non-binary,Sydney,Bachelor,5,4.1,4.8,True
EMP-3015,2018-07-02,Engineering,Engineering Manager,160000,58,Female,Berlin,PhD,0,4.4,5.6,True
EMP-3016,2016-12-20,Marketing,Content Writer,80900,46,Female,Sydney,Master,16,1.8,2.0,True
EMP-3017,2018-03-06,Engineering,Engineering Manager,210400,31,Male,Berlin,Bachelor,8,3.9,6.3,True
EMP-3018,2022-07-28,HR,HR Coordinator,69400,52,Non-binary,Toronto,Master,15,2.4,4.8,True
EMP-3019,2022-12-15,Engineering,Lead Engineer,161200,35,Non-binary,Berlin,PhD,5,1.6,4.8,True
EMP-3020,2020-09-01,Finance,CFO,122100,32,Male,Toronto,Bachelor,9,5.0,4.3,False
EMP-3021,2019-06-02,Legal,General Counsel,152500,49,Male,London,Master,27,2.5,9.3,True
EMP-3022,2018-04-16,HR,HR Director,104500,32,Male,Toronto,PhD,7,3.4,5.7,False
EMP-3023,2017-02-25,Engineering,Senior Dev,111300,42,Male,Berlin,PhD,15,1.9,6.3,False
EMP-3024,2019-11-16,HR,Recruiter,73100,23,Female,Remote,Master,2,1.6,5.1,True
EMP-3025,2021-08-11,Marketing,Content Writer,83600,41,Male,Sydney,High School,1,3.9,2.7,True
EMP-3026,2020-11-11,Engineering,Lead Engineer,141900,34,Male,Berlin,Master,12,3.1,5.8,False
EMP-3027,2022-12-25,HR,HR Coordinator,59800,57,Female,Berlin,High School,19,3.6,9.9,True
EMP-3028,2016-04-07,Operations,Ops Analyst,69000,35,Non-binary,Berlin,PhD,4,4.7,5.3,True
EMP-3029,2021-08-05,Legal,Senior Counsel,144800,38,Female,Toronto,PhD,8,3.8,7.9,True
EMP-3030,2020-12-11,Marketing,CMO,129000,26,Non-binary,Remote,Master,5,1.6,7.1,True
EMP-3031,2020-02-16,Finance,Accountant,91600,58,Male,Sydney,Bachelor,4,3.0,6.1,True
EMP-3032,2018-10-19,HR,HR Coordinator,58100,40,Male,Berlin,High School,18,3.4,4.0,True
EMP-3033,2019-08-05,Sales,Sales Manager,100100,35,Female,Remote,PhD,4,2.3,6.1,True
EMP-3034,2023-05-07,Marketing,CMO,130700,54,Non-binary,New York,Master,7,3.5,2.6,True
EMP-3035,2016-07-07,Legal,General Counsel,159100,58,Male,Berlin,Master,12,4.6,9.2,True
EMP-3036,2023-08-05,Marketing,Content Writer,84100,42,Male,London,Master,9,1.3,2.6,True
EMP-3037,2016-12-01,Marketing,Content Writer,85600,52,Non-binary,New York,High School,20,1.5,8.1,True
EMP-3038,2022-04-28,Sales,VP of Sales,133600,47,Non-binary,Remote,Master,3,2.7,6.8,False
EMP-3039,2019-03-21,Engineering,Lead Engineer,147600,26,Male,New York,High School,5,4.0,9.4,True
EMP-3040,2020-04-21,HR,Recruiter,61300,41,Male,Toronto,Bachelor,5,4.4,1.2,True
EMP-3041,2017-02-05,Finance,Accountant,87300,52,Male,Toronto,PhD,0,2.2,9.9,True
EMP-3042,2018-07-12,HR,Recruiter,69100,54,Male,Sydney,Master,13,4.9,2.9,True
EMP-3043,2021-05-08,Engineering,Lead Engineer,126700,36,Non-binary,New York,Master,5,3.1,6.4,True
EMP-3044,2021-01-18,Engineering,Lead Engineer,119500,52,Male,Toronto,Bachelor,22,4.5,9.9,True
EMP-3045,2018-05-25,Product,Product Manager,121900,44,Male,New York,High School,7,4.7,1.1,True
EMP-3046,2017-10-12,Operations,Ops Manager,87200,30,Male,Toronto,PhD,3,1.8,2.5,False
EMP-3047,2019-02-05,Legal,Paralegal,100300,33,Female,Berlin,Master,6,2.5,5.5,True
EMP-3048,2017-12-27,Sales,Account Executive,92400,52,Female,Toronto,PhD,21,2.1,5.4,True
EMP-3049,2015-10-03,Marketing,SEO Specialist,97700,46,Female,Berlin,PhD,11,4.6,7.6,False
EMP-3050,2019-07-24,Marketing,Marketing Manager,106600,46,Non-binary,Remote,High School,9,4.9,3.1,True
EMP-3051,2021-08-21,Finance,Accountant,82200,38,Male,Remote,Bachelor,13,3.8,9.4,False
EMP-3052,2015-03-30,Sales,SDR,68900,57,Non-binary,Berlin,Master,31,4.9,7.6,True
EMP-3053,2017-06-25,HR,HR Coordinator,53500,30,Female,New York,Bachelor,1,3.0,7.8,True
EMP-3054,2019-04-19,HR,Recruiter,65300,44,Non-binary,Berlin,High School,7,2.9,4.5,False
EMP-3055,2020-01-11,Engineering,Junior Dev,113400,58,Female,Berlin,High School,19,4.0,6.9,True
EMP-3056,2018-12-11,Sales,SDR,69100,53,Male,Berlin,PhD,19,4.9,8.3,False
EMP-3057,2018-09-15,HR,HR Director,91100,58,Male,Sydney,PhD,4,3.9,6.9,True
EMP-3058,2023-11-11,Product,Senior PM,140800,33,Male,London,PhD,11,1.9,2.3,True
EMP-3059,2015-08-24,Legal,Senior Counsel,151900,23,Male,New York,Master,1,3.0,8.7,True
EMP-3060,2016-11-25,HR,HR Manager,71800,37,Female,Toronto,Bachelor,7,3.6,8.4,True
EMP-3061,2021-11-24,Product,VP of Product,189700,37,Non-binary,Toronto,Bachelor,7,4.3,4.6,True
EMP-3062,2016-08-10,HR,HR Manager,88000,49,Non-binary,London,Master,2,2.3,4.2,False
EMP-3063,2016-12-25,Sales,VP of Sales,116500,36,Female,Sydney,Bachelor,0,1.8,5.6,False
EMP-3064,2019-04-26,HR,HR Manager,74200,38,Female,Remote,PhD,11,1.2,9.7,True
EMP-3065,2015-12-17,Finance,Analyst,89500,29,Non-binary,Berlin,Bachelor,8,4.0,5.7,False
EMP-3066,2016-12-20,HR,HR Director,101500,57,Non-binary,Toronto,PhD,26,3.0,2.1,True
EMP-3067,2019-05-19,Product,Senior PM,161100,29,Female,New York,High School,4,3.0,5.0,True
EMP-3068,2015-07-01,Operations,Ops Analyst,59900,34,Female,Sydney,High School,6,4.2,5.3,True
EMP-3069,2017-06-13,Sales,SDR,77900,34,Male,New York,Master,9,3.1,7.6,False
EMP-3070,2019-05-24,Engineering,Lead Engineer,163300,26,Male,New York,PhD,0,3.2,5.2,True
EMP-3071,2020-06-23,Engineering,Lead Engineer,146300,34,Non-binary,New York,Bachelor,10,4.0,3.9,True
EMP-3072,2015-05-22,Operations,Ops Manager,70700,46,Female,Sydney,PhD,19,4.8,6.5,True
EMP-3073,2020-05-22,Marketing,CMO,131300,58,Non-binary,Berlin,Bachelor,22,1.9,10.0,True
EMP-3074,2020-11-24,HR,HR Director,86600,54,Male,Toronto,PhD,24,3.5,5.0,True
EMP-3075,2023-09-30,Legal,General Counsel,172800,33,Female,Remote,High School,11,4.6,1.3,False
EMP-3076,2021-01-10,Operations,COO,113300,58,Female,Sydney,High School,25,4.8,1.8,True
EMP-3077,2017-04-11,Sales,SDR,66600,46,Female,New York,Master,25,1.9,3.1,True
EMP-3078,2019-06-09,Marketing,CMO,123900,43,Non-binary,Berlin,High School,9,4.1,4.4,True
EMP-3079,2015-04-09,Product,Senior PM,151000,46,Male,Remote,Bachelor,8,4.5,5.0,False
EMP-3080,2018-06-20,Marketing,SEO Specialist,83500,38,Non-binary,Toronto,Bachelor,14,4.6,3.6,True
EMP-3081,2015-09-13,Engineering,Lead Engineer,163600,28,Non-binary,Sydney,Master,5,2.4,9.9,True
EMP-3082,2022-11-27,Engineering,Staff Engineer,148900,41,Female,Toronto,PhD,8,1.6,4.7,True
EMP-3083,2022-09-11,HR,HR Director,94700,29,Male,Toronto,High School,8,4.9,7.0,True
EMP-3084,2018-07-31,Product,Product Analyst,92200,58,Female,Toronto,Bachelor,7,2.1,4.7,True
EMP-3085,2018-09-22,Engineering,Junior Dev,86000,26,Female,New York,Master,2,2.6,3.7,True
EMP-3086,2019-07-07,Legal,Senior Counsel,151900,31,Female,Toronto,PhD,9,2.8,9.8,True
EMP-3087,2015-02-05,Product,Product Manager,138600,34,Non-binary,Remote,Bachelor,0,4.1,9.2,True
EMP-3088,2018-06-05,Sales,SDR,81200,30,Non-binary,London,Bachelor,1,4.5,7.3,True
EMP-3089,2021-12-25,HR,HR Manager,73900,22,Female,Remote,Bachelor,0,3.1,2.3,True
EMP-3090,2016-08-26,Product,Product Manager,104400,44,Male,New York,Master,9,4.2,6.8,True
EMP-3091,2016-08-12,Marketing,Content Writer,86200,53,Male,New York,PhD,11,1.4,6.7,False
EMP-3092,2017-06-17,HR,HR Director,108900,53,Male,Remote,Bachelor,13,3.5,6.6,False
EMP-3093,2015-12-22,Marketing,Content Writer,66600,50,Non-binary,New York,High School,5,2.4,4.7,True
EMP-3094,2017-09-01,Legal,Paralegal,81000,33,Female,London,Bachelor,12,1.5,8.0,False
EMP-3095,2018-06-09,Sales,Sales Manager,131200,25,Male,Berlin,High School,0,4.5,8.0,True
EMP-3096,2016-03-24,Engineering,Staff Engineer,137400,50,Male,Berlin,PhD,26,3.9,9.1,True
EMP-3097,2016-02-17,Marketing,Content Writer,64400,39,Non-binary,London,Bachelor,14,1.3,3.2,True
EMP-3098,2020-06-08,Sales,Sales Manager,98600,54,Male,Sydney,High School,9,3.1,3.2,True
EMP-3099,2015-02-23,Engineering,Senior Dev,129300,36,Non-binary,New York,Bachelor,1,3.8,7.7,True
EMP-3100,2023-07-05,Sales,SDR,67200,51,Male,New York,High School,16,4.3,6.4,True
EMP-3101,2021-04-02,Legal,Senior Counsel,136800,36,Female,Berlin,High School,5,3.4,8.7,False
EMP-3102,2015-08-15,Finance,CFO,122900,30,Male,Toronto,PhD,7,3.1,4.1,True
EMP-3103,2016-02-19,Finance,CFO,117900,55,Non-binary,New York,Bachelor,17,3.7,3.1,True
EMP-3104,2022-06-28,Finance,Finance Manager,133800,24,Non-binary,Toronto,High School,3,2.8,6.1,True
EMP-3105,2015-08-28,Product,VP of Product,156100,32,Non-binary,Sydney,Bachelor,3,1.5,6.2,True
EMP-3106,2023-08-22,Sales,SDR,88300,55,Non-binary,Berlin,High School,7,3.0,2.3,True
EMP-3107,2015-04-03,Legal,Associate,98100,32,Male,London,Bachelor,3,2.2,6.7,True
EMP-3108,2017-11-11,Product,Senior PM,121800,54,Male,Sydney,Master,24,1.9,7.1,True
EMP-3109,2016-04-08,Engineering,Engineering Manager,147600,36,Non-binary,Sydney,Bachelor,10,1.9,1.4,True
EMP-3110,2019-07-25,Marketing,CMO,109100,58,Non-binary,Toronto,Bachelor,5,1.6,6.4,True
EMP-3111,2019-04-07,Operations,COO,93300,54,Male,Remote,PhD,1,2.2,2.8,True
EMP-3112,2023-09-20,Legal,Paralegal,89800,57,Female,Sydney,PhD,29,4.2,7.1,True
EMP-3113,2018-07-13,Legal,Paralegal,78900,51,Female,Toronto,PhD,21,4.4,3.9,True
EMP-3114,2015-10-07,Product,VP of Product,164100,36,Female,Sydney,High School,4,2.1,5.0,True
EMP-3115,2020-07-21,Sales,SDR,67800,58,Female,Remote,Bachelor,10,3.1,9.8,True
EMP-3116,2019-04-27,Product,Senior PM,129200,54,Non-binary,New York,Bachelor,3,1.5,5.9,True
EMP-3117,2021-05-02,Legal,General Counsel,153300,29,Female,Toronto,Bachelor,4,4.2,3.7,True
EMP-3118,2020-08-31,Marketing,Content Writer,59800,57,Non-binary,London,Master,22,1.2,8.0,True
EMP-3119,2023-12-06,Operations,COO,77700,40,Male,Remote,Bachelor,1,3.9,3.4,True
EMP-3120,2020-02-17,Engineering,Senior Dev,112900,42,Non-binary,New York,High School,11,4.2,9.3,True
EMP-3121,2021-10-17,Product,VP of Product,153500,44,Female,Remote,Master,0,1.7,3.6,True
EMP-3122,2021-06-11,Finance,CFO,151400,24,Female,Toronto,Master,2,1.3,6.6,True
EMP-3123,2016-12-04,Product,Product Manager,149200,54,Female,Berlin,High School,10,2.5,3.4,True
EMP-3124,2021-10-07,Marketing,CMO,129000,58,Female,London,Master,9,2.3,6.4,True
EMP-3125,2021-03-27,Sales,Account Executive,85700,43,Non-binary,London,Master,6,4.0,9.9,True
EMP-3126,2016-08-25,Engineering,Junior Dev,110300,56,Non-binary,Toronto,High School,31,1.7,3.1,True
EMP-3127,2021-01-17,Operations,COO,84600,24,Non-binary,New York,PhD,2,4.7,5.0,True
EMP-3128,2023-10-24,HR,HR Coordinator,74300,55,Non-binary,Sydney,Master,11,5.0,2.1,True
EMP-3129,2017-06-28,Legal,Senior Counsel,130900,32,Non-binary,Toronto,Master,5,3.2,2.7,False
EMP-3130,2020-01-16,Sales,SDR,91200,30,Female,London,PhD,9,1.1,4.4,False
EMP-3131,2022-11-07,Marketing,Marketing Manager,96200,46,Non-binary,Sydney,PhD,3,1.2,6.4,True
EMP-3132,2018-05-02,Engineering,Lead Engineer,117800,46,Female,Toronto,High School,9,2.3,4.9,True
EMP-3133,2016-10-13,Operations,Ops Manager,93300,42,Female,New York,Bachelor,1,3.1,6.4,True
EMP-3134,2016-04-26,Product,VP of Product,154400,38,Non-binary,Toronto,Bachelor,17,4.6,1.5,False
EMP-3135,2018-07-30,Product,Product Analyst,92300,38,Female,New York,Master,4,1.9,8.7,True
EMP-3136,2015-12-30,Operations,COO,104800,27,Male,Berlin,Master,1,3.4,9.6,True
EMP-3137,2018-01-14,Operations,Ops Analyst,79300,39,Non-binary,Berlin,High School,4,2.3,2.0,True
EMP-3138,2015-12-21,Operations,COO,100800,31,Female,New York,PhD,2,3.7,1.5,True
EMP-3139,2022-05-03,Finance,Finance Manager,118600,25,Female,Sydney,Master,1,1.3,1.6,True
EMP-3140,2015-01-14,Sales,Sales Manager,103900,44,Female,Toronto,PhD,16,3.9,8.4,True
EMP-3141,2017-07-11,Finance,Analyst,78800,37,Non-binary,New York,PhD,4,2.0,2.8,False
EMP-3142,2015-10-27,Sales,Account Executive,103200,40,Male,New York,Bachelor,4,3.0,3.8,True
EMP-3143,2017-05-10,Engineering,Staff Engineer,165100,29,Male,Remote,Master,5,2.2,6.2,True
EMP-3144,2017-08-16,Finance,Accountant,104300,42,Female,Toronto,Bachelor,0,3.3,3.9,True
EMP-3145,2018-10-10,Finance,Finance Manager,139900,54,Female,Berlin,High School,10,1.8,3.0,True
EMP-3146,2023-03-23,Operations,COO,107800,29,Male,London,High School,8,2.5,5.6,True
EMP-3147,2021-09-11,Operations,Ops Manager,71500,25,Non-binary,New York,Bachelor,2,3.9,9.4,True
EMP-3148,2016-02-04,Sales,Account Executive,87900,34,Female,Remote,PhD,9,1.6,4.9,True
EMP-3149,2022-01-09,Finance,CFO,129400,31,Female,Sydney,Master,7,3.1,9.4,True
EMP-3150,2016-08-04,Marketing,SEO Specialist,92800,49,Non-binary,Berlin,PhD,18,4.1,8.3,True
EMP-3151,2016-11-04,Engineering,Engineering Manager,169800,34,Non-binary,New York,Master,13,1.1,5.6,True
EMP-3152,2017-12-20,Operations,Ops Manager,85000,34,Non-binary,Toronto,Bachelor,5,4.9,6.1,True
EMP-3153,2018-09-07,Legal,General Counsel,142100,46,Non-binary,Berlin,High School,12,2.4,3.5,True
EMP-3154,2015-11-11,Product,Product Manager,126900,30,Non-binary,Berlin,PhD,7,1.2,2.8,True
EMP-3155,2021-03-05,Engineering,Junior Dev,118300,58,Female,New York,Master,26,2.8,9.6,True
EMP-3156,2015-05-02,Engineering,Engineering Manager,165000,44,Female,London,PhD,20,3.6,4.2,True
EMP-3157,2023-04-07,Operations,Ops Manager,76000,27,Male,Toronto,Master,4,4.4,6.6,True
EMP-3158,2021-12-19,Marketing,SEO Specialist,91000,29,Non-binary,Remote,Bachelor,2,3.2,7.2,True
EMP-3159,2015-02-13,Legal,General Counsel,150300,41,Female,Berlin,High School,1,2.9,7.0,True
EMP-3160,2017-07-16,Marketing,Content Writer,76200,50,Male,Sydney,Bachelor,7,3.9,8.7,True
EMP-3161,2015-01-11,HR,HR Manager,78600,57,Female,London,PhD,19,3.8,4.5,True
EMP-3162,2017-05-01,Engineering,Senior Dev,118600,24,Female,Remote,Master,0,1.4,5.3,True
EMP-3163,2016-04-30,Engineering,Junior Dev,99900,53,Female,London,Master,11,1.1,1.6,True
EMP-3164,2016-09-21,Legal,Associate,121600,52,Non-binary,Berlin,PhD,19,3.5,1.8,True
EMP-3165,2021-03-05,Finance,Accountant,117600,51,Male,Remote,PhD,28,3.7,4.7,True
EMP-3166,2018-09-08,Legal,Associate,98100,25,Male,Toronto,Bachelor,1,1.4,8.2,False
EMP-3167,2018-04-23,Engineering,Senior Dev,120000,49,Non-binary,Remote,Bachelor,12,3.1,6.1,True
EMP-3168,2016-09-12,Product,VP of Product,150100,22,Male,New York,High School,1,3.2,8.5,True
EMP-3169,2022-05-12,Legal,Senior Counsel,154000,38,Male,Remote,Master,3,4.7,3.9,True
EMP-3170,2017-09-23,Finance,Analyst,83100,47,Female,London,Master,24,3.8,7.5,True
EMP-3171,2019-06-07,HR,HR Director,92100,56,Female,Remote,Master,11,3.2,8.2,True
EMP-3172,2020-11-14,Marketing,CMO,117600,44,Male,Toronto,Master,4,1.9,4.5,True
EMP-3173,2015-07-31,Product,Product Manager,144900,44,Male,Remote,Master,0,2.0,4.9,True
EMP-3174,2018-03-11,Sales,Account Executive,85800,48,Non-binary,Remote,High School,24,3.3,2.2,True
EMP-3175,2017-05-17,Marketing,Marketing Manager,106000,40,Male,Toronto,PhD,19,2.7,6.4,True
EMP-3176,2022-04-22,Marketing,Marketing Manager,103600,34,Non-binary,London,High School,4,1.5,7.3,True
EMP-3177,2023-02-22,Finance,CFO,133500,30,Non-binary,Berlin,High School,0,3.7,7.5,True
EMP-3178,2020-07-24,Finance,Analyst,82500,42,Non-binary,London,PhD,19,4.0,3.5,True
EMP-3179,2019-08-16,Finance,CFO,110300,49,Non-binary,Remote,PhD,6,1.3,4.3,True
EMP-3180,2020-11-06,Legal,Senior Counsel,119500,26,Male,Toronto,PhD,5,2.8,1.5,True
EMP-3181,2021-01-08,Product,Senior PM,134200,52,Male,Remote,Master,3,1.0,7.6,False
EMP-3182,2015-12-03,Engineering,Lead Engineer,136700,44,Female,Toronto,Bachelor,9,2.3,1.4,True
EMP-3183,2021-12-31,Legal,Associate,130000,58,Non-binary,London,Bachelor,34,3.5,5.5,True
EMP-3184,2017-06-20,Operations,Ops Manager,87500,28,Male,Sydney,Bachelor,0,3.9,8.0,True
EMP-3185,2016-11-30,Operations,Ops Manager,85600,46,Male,Berlin,High School,22,2.4,2.2,True
EMP-3186,2018-01-17,HR,Recruiter,77100,58,Female,New York,Master,17,1.8,1.4,True
EMP-3187,2019-03-06,Product,Senior PM,170200,32,Non-binary,Sydney,Master,6,3.3,5.1,True
EMP-3188,2019-03-14,Operations,COO,79600,56,Male,Sydney,High School,25,3.1,1.7,True
EMP-3189,2022-02-20,Finance,Analyst,88900,53,Male,New York,Bachelor,20,1.0,9.4,True
EMP-3190,2016-06-06,Marketing,CMO,96600,51,Male,London,Master,23,1.0,3.6,True
EMP-3191,2021-08-27,Legal,General Counsel,175800,28,Female,London,PhD,6,2.8,4.8,True
EMP-3192,2016-12-24,Sales,Account Executive,99200,35,Male,Sydney,High School,14,3.0,6.5,True
EMP-3193,2016-07-28,Operations,Ops Analyst,69300,52,Non-binary,Toronto,High School,22,3.9,8.3,True
EMP-3194,2016-12-13,HR,HR Manager,75400,24,Non-binary,Sydney,Master,0,4.6,4.7,True
EMP-3195,2016-01-18,Product,Senior PM,147000,40,Non-binary,Sydney,High School,8,4.6,9.1,True
EMP-3196,2020-06-17,Operations,Ops Analyst,61900,49,Female,New York,PhD,3,3.0,7.7,True
EMP-3197,2022-03-02,Marketing,Marketing Manager,120400,54,Non-binary,Berlin,Master,18,4.9,2.2,True
EMP-3198,2016-03-21,Marketing,SEO Specialist,99200,54,Male,London,PhD,16,4.1,1.3,False
EMP-3199,2018-10-09,Product,Product Analyst,104100,46,Non-binary,Remote,High School,10,1.7,5.5,True
EMP-3200,2021-06-25,Finance,Analyst,86400,37,Female,New York,PhD,4,2.1,9.2,True
EMP-3201,2023-02-18,Operations,COO,100000,25,Female,Sydney,High School,2,1.3,4.1,True
EMP-3202,2015-03-19,Legal,General Counsel,160200,37,Non-binary,Sydney,High School,10,3.1,2.7,True
EMP-3203,2021-05-03,Engineering,Senior Dev,138800,47,Male,Toronto,Bachelor,23,1.9,2.5,True
EMP-3204,2022-05-25,Finance,Analyst,75100,50,Female,Berlin,Bachelor,28,2.2,7.9,True
EMP-3205,2020-10-08,Legal,General Counsel,160800,38,Female,London,High School,13,3.0,8.0,True
EMP-3206,2018-04-27,Product,VP of Product,183300,54,Non-binary,New York,Master,14,3.0,4.0,True
EMP-3207,2021-11-22,Engineering,Engineering Manager,204400,53,Male,Remote,Bachelor,8,2.1,6.4,True
EMP-3208,2018-02-25,Legal,Associate,132300,30,Non-binary,London,PhD,8,3.9,8.5,True
EMP-3209,2017-06-24,Engineering,Junior Dev,93000,48,Female,New York,PhD,27,4.6,6.7,True
EMP-3210,2019-06-06,Operations,Ops Manager,79500,42,Male,London,High School,8,3.5,4.4,True
EMP-3211,2023-07-27,Operations,Ops Analyst,76200,58,Male,Berlin,Bachelor,21,4.6,6.3,True
EMP-3212,2017-12-03,Product,VP of Product,192000,52,Non-binary,Sydney,Bachelor,12,3.3,1.4,True
EMP-3213,2020-02-07,Sales,Sales Manager,115000,52,Non-binary,Sydney,PhD,31,2.4,6.6,True
EMP-3214,2016-05-17,Product,Product Analyst,104400,42,Male,Toronto,High School,15,2.5,8.9,True
EMP-3215,2020-03-19,Product,Product Manager,106700,37,Non-binary,Toronto,High School,15,4.6,7.5,True
EMP-3216,2019-04-08,Sales,Account Executive,95100,36,Non-binary,Remote,Master,3,3.8,4.7,True
EMP-3217,2017-04-23,Operations,Ops Analyst,70700,40,Non-binary,Berlin,Master,1,2.8,9.1,True
EMP-3218,2019-08-11,Operations,Ops Manager,85500,33,Male,Sydney,Bachelor,4,2.0,7.2,False
EMP-3219,2022-05-03,Sales,Account Executive,92400,33,Non-binary,Toronto,Bachelor,10,2.0,1.5,True
EMP-3220,2020-11-03,Product,Product Analyst,85600,26,Male,New York,High School,1,4.3,4.1,True
EMP-3221,2016-10-14,Engineering,Lead Engineer,116800,36,Male,Toronto,Bachelor,4,2.1,3.9,True
EMP-3222,2018-12-25,Marketing,Content Writer,73100,39,Female,Remote,PhD,0,3.3,3.4,True
EMP-3223,2021-09-28,Finance,CFO,118000,51,Male,New York,Master,18,2.5,1.2,True
EMP-3224,2021-11-15,Marketing,SEO Specialist,91300,44,Female,Remote,Master,23,4.1,4.9,True
EMP-3225,2021-07-13,Product,Senior PM,135300,54,Non-binary,Remote,High School,30,2.6,6.4,True
EMP-3226,2020-05-10,Operations,COO,102600,40,Male,Remote,High School,5,2.1,1.6,True
EMP-3227,2020-08-03,Product,VP of Product,195300,56,Female,Sydney,Bachelor,6,4.0,4.7,True
EMP-3228,2017-01-29,Operations,Ops Analyst,63200,56,Non-binary,Sydney,PhD,19,1.3,7.0,True
EMP-3229,2018-01-05,Product,Senior PM,125900,31,Non-binary,London,High School,7,4.8,9.3,True
EMP-3230,2020-06-21,Finance,CFO,156000,47,Non-binary,Toronto,PhD,0,3.3,1.5,True
EMP-3231,2020-06-12,HR,HR Director,118000,28,Female,Toronto,PhD,4,2.3,4.0,True
EMP-3232,2017-04-11,Product,Senior PM,128900,57,Non-binary,Toronto,Master,34,2.0,1.0,True
EMP-3233,2015-02-14,Operations,Ops Manager,93800,56,Female,Toronto,High School,26,3.2,8.6,True
EMP-3234,2022-03-08,Marketing,CMO,128400,33,Non-binary,Sydney,Master,12,1.2,4.0,False
EMP-3235,2021-01-09,Marketing,Content Writer,69100,42,Non-binary,New York,Bachelor,13,1.4,1.1,True
EMP-3236,2018-09-22,HR,Recruiter,86400,31,Male,Sydney,Master,7,1.4,3.5,True
EMP-3237,2018-09-17,HR,Recruiter,79700,54,Male,London,PhD,25,2.0,4.8,True
EMP-3238,2018-08-24,Marketing,Marketing Manager,84000,39,Male,New York,High School,14,2.6,9.9,True
EMP-3239,2016-05-17,HR,HR Coordinator,73100,44,Male,New York,Master,8,4.6,5.1,True
EMP-3240,2019-11-05,Marketing,SEO Specialist,100900,46,Male,Remote,Bachelor,19,4.7,3.6,True
EMP-3241,2019-02-28,Finance,Analyst,68300,27,Male,New York,Bachelor,0,2.1,2.1,True
EMP-3242,2017-04-29,Operations,Ops Analyst,56400,27,Non-binary,Remote,Bachelor,4,2.2,2.7,True
EMP-3243,2017-05-08,Legal,Senior Counsel,148700,53,Male,Toronto,Master,2,3.7,8.8,False
EMP-3244,2023-08-08,HR,HR Coordinator,62000,44,Non-binary,Remote,High School,9,1.7,1.6,True
EMP-3245,2017-11-06,Engineering,Staff Engineer,166400,47,Male,Toronto,PhD,4,2.5,8.9,True
EMP-3246,2021-03-02,Engineering,Junior Dev,113400,27,Female,Remote,Bachelor,5,4.6,8.4,True
EMP-3247,2022-07-04,Legal,Paralegal,86900,22,Non-binary,Toronto,PhD,0,1.3,9.5,True
EMP-3248,2022-08-16,Finance,CFO,135600,44,Female,New York,High School,0,4.5,8.1,True
EMP-3249,2019-01-21,Finance,CFO,133700,24,Non-binary,Remote,Bachelor,3,3.9,8.1,True
EMP-3250,2021-05-23,Sales,Sales Manager,128400,51,Male,New York,High School,27,2.5,6.4,True
EMP-3251,2017-09-03,Marketing,CMO,101200,44,Non-binary,Toronto,PhD,5,4.4,1.4,True
EMP-3252,2023-05-02,Legal,General Counsel,161600,42,Female,Remote,Bachelor,2,2.6,7.4,True
EMP-3253,2022-08-15,Legal,Senior Counsel,137400,43,Non-binary,Toronto,High School,1,1.5,2.1,True
EMP-3254,2021-04-27,Legal,General Counsel,130900,50,Female,Sydney,Master,2,1.3,1.5,True
EMP-3255,2019-09-05,HR,HR Director,113300,41,Non-binary,London,Master,5,1.4,1.6,True
EMP-3256,2023-09-06,HR,HR Director,90400,23,Male,Remote,Master,1,2.5,7.0,True
EMP-3257,2021-03-10,Engineering,Engineering Manager,186500,28,Non-binary,Remote,Bachelor,3,3.4,9.7,True
EMP-3258,2016-04-18,Sales,Sales Manager,89600,45,Female,New York,Bachelor,2,2.0,5.9,True
EMP-3259,2018-09-22,Finance,CFO,155600,43,Male,Berlin,High School,22,3.4,9.5,False
EMP-3260,2023-12-02,Engineering,Junior Dev,103600,25,Male,London,Master,0,4.7,1.2,True
EMP-3261,2021-08-20,Legal,Paralegal,84500,46,Female,London,Bachelor,12,1.3,3.4,False
EMP-3262,2023-09-25,HR,HR Director,106000,29,Male,Berlin,Master,4,3.4,6.9,False
EMP-3263,2020-05-21,Marketing,CMO,137000,35,Male,New York,High School,5,1.7,3.3,True
EMP-3264,2017-01-18,Engineering,Junior Dev,85000,47,Male,Sydney,PhD,12,1.9,6.5,True
EMP-3265,2021-03-28,HR,Recruiter,70800,57,Female,Toronto,PhD,28,1.8,3.9,False
EMP-3266,2022-06-14,Sales,Account Executive,88700,26,Male,Remote,PhD,1,3.8,3.4,True
EMP-3267,2015-05-21,HR,HR Director,108200,44,Non-binary,London,PhD,20,1.5,5.2,True
EMP-3268,2021-03-08,Sales,VP of Sales,136600,40,Male,London,PhD,12,4.6,5.5,True
EMP-3269,2022-05-08,Finance,CFO,154300,30,Male,Berlin,Master,9,4.3,4.3,True
EMP-3270,2018-09-30,Finance,Analyst,70500,43,Female,New York,Bachelor,6,1.3,8.4,True
EMP-3271,2015-02-05,Sales,Sales Manager,118700,34,Male,Toronto,Bachelor,2,1.8,1.7,True
EMP-3272,2016-09-01,Marketing,SEO Specialist,101700,39,Female,Berlin,High School,15,4.4,9.4,True
EMP-3273,2019-05-04,Marketing,SEO Specialist,96500,31,Non-binary,Toronto,PhD,6,4.0,5.6,True
EMP-3274,2016-12-16,Sales,VP of Sales,115800,38,Female,Sydney,High School,6,4.9,2.9,True
EMP-3275,2018-05-27,Engineering,Senior Dev,129000,51,Female,London,High School,22,3.4,5.8,True
EMP-3276,2022-12-27,Marketing,Marketing Manager,105000,35,Female,Sydney,PhD,8,1.3,1.2,True
EMP-3277,2023-07-19,Engineering,Junior Dev,105100,30,Female,London,Master,6,3.6,7.0,False
EMP-3278,2019-05-16,Legal,General Counsel,156700,56,Male,Sydney,Master,4,3.3,2.2,True
EMP-3279,2021-08-03,Marketing,CMO,104700,26,Male,London,Bachelor,3,1.7,3.6,True
EMP-3280,2017-12-05,Engineering,Staff Engineer,182100,23,Non-binary,Berlin,Bachelor,0,4.6,4.9,False
EMP-3281,2023-02-08,Product,Product Analyst,97300,50,Female,Remote,Master,19,2.0,7.9,False
EMP-3282,2022-04-21,Marketing,Marketing Manager,101900,48,Male,Toronto,PhD,0,3.2,2.3,True
EMP-3283,2023-04-09,Operations,COO,100800,32,Male,Toronto,High School,6,4.1,7.7,True
EMP-3284,2017-04-18,Legal,General Counsel,131100,56,Non-binary,Remote,Bachelor,15,2.9,8.8,True
EMP-3285,2023-12-15,Engineering,Junior Dev,99600,46,Non-binary,Toronto,Bachelor,7,2.1,2.9,True
EMP-3286,2016-09-12,Operations,Ops Manager,88700,57,Male,Toronto,PhD,17,2.5,7.4,True
EMP-3287,2022-08-08,Legal,Senior Counsel,138100,25,Female,Toronto,Bachelor,3,2.5,7.0,True
EMP-3288,2023-11-01,Engineering,Senior Dev,117200,48,Female,Sydney,PhD,11,1.9,6.4,True
EMP-3289,2016-02-19,Operations,COO,100800,31,Male,New York,Bachelor,3,1.7,2.3,True
EMP-3290,2023-02-19,HR,HR Director,89400,47,Female,Toronto,Bachelor,14,2.9,2.0,True
EMP-3291,2015-07-12,Legal,Associate,108300,49,Non-binary,London,High School,5,3.3,3.4,True
EMP-3292,2016-05-21,Engineering,Engineering Manager,145900,37,Female,Sydney,Master,9,2.7,4.7,True
EMP-3293,2020-08-02,Product,Product Analyst,108600,44,Female,Sydney,Bachelor,2,3.5,6.1,True
EMP-3294,2016-12-05,Operations,COO,84300,53,Non-binary,Sydney,Master,22,3.6,9.6,True
EMP-3295,2018-10-23,Legal,Senior Counsel,128200,27,Male,London,High School,0,3.2,1.9,True
EMP-3296,2020-11-22,HR,HR Director,105300,35,Non-binary,London,PhD,13,5.0,7.2,True
EMP-3297,2023-06-21,Legal,Senior Counsel,127600,49,Non-binary,Toronto,PhD,16,2.5,1.2,True
EMP-3298,2017-11-27,Marketing,CMO,125100,27,Male,Remote,PhD,3,4.2,2.2,True
EMP-3299,2023-11-05,Product,Product Manager,120000,55,Female,New York,Master,25,3.2,9.6,True
EMP-3300,2022-02-19,HR,HR Manager,94100,26,Male,Remote,High School,0,1.3,4.2,True
EMP-3301,2023-03-31,Legal,Senior Counsel,115800,26,Female,Remote,Master,5,3.0,5.4,True
EMP-3302,2017-03-08,Finance,CFO,147200,39,Female,New York,High School,8,3.1,1.2,True
EMP-3303,2016-03-03,Operations,Ops Manager,72300,40,Female,Toronto,PhD,18,3.9,8.7,True
EMP-3304,2017-02-19,Engineering,Senior Dev,141000,40,Female,London,Bachelor,13,3.1,1.7,True
EMP-3305,2020-11-23,Operations,COO,94600,30,Male,Sydney,High School,6,4.8,5.6,True
EMP-3306,2015-01-30,Legal,Associate,106700,46,Female,Sydney,PhD,22,2.6,2.6,True
EMP-3307,2023-12-17,Marketing,CMO,120800,35,Non-binary,London,Master,7,1.5,7.5,True
EMP-3308,2022-08-21,Sales,Account Executive,88100,32,Male,Toronto,High School,8,2.3,7.2,True
EMP-3309,2019-05-05,HR,HR Coordinator,55600,48,Non-binary,Sydney,Master,18,2.8,7.5,True
EMP-3310,2017-08-11,Legal,General Counsel,179300,38,Male,Remote,Master,16,1.9,2.8,True
EMP-3311,2017-01-17,Legal,Paralegal,78400,39,Male,Remote,High School,12,1.1,8.3,True
EMP-3312,2023-05-19,Marketing,Marketing Manager,84200,43,Non-binary,New York,High School,14,4.1,9.4,True
EMP-3313,2019-05-09,Engineering,Junior Dev,100100,40,Non-binary,Toronto,High School,12,2.5,5.4,True
EMP-3314,2016-07-20,Marketing,Content Writer,87500,48,Female,Sydney,Bachelor,5,3.8,2.5,True
EMP-3315,2016-08-16,Operations,COO,99800,48,Female,Remote,High School,4,1.8,8.4,True
EMP-3316,2020-03-15,Legal,Associate,104600,38,Non-binary,Berlin,Master,4,1.9,9.5,True
EMP-3317,2019-05-28,Marketing,Content Writer,69400,24,Non-binary,New York,Master,3,2.6,4.5,True
EMP-3318,2016-02-14,Product,Senior PM,162000,28,Female,Berlin,High School,6,4.7,3.2,True
EMP-3319,2016-11-02,Finance,Accountant,94200,50,Non-binary,Berlin,Bachelor,27,1.0,1.3,True
EMP-3320,2022-08-10,Marketing,CMO,109000,38,Female,Sydney,Bachelor,11,2.1,3.9,True
EMP-3321,2015-04-05,Marketing,Marketing Manager,113800,27,Female,Sydney,Bachelor,1,4.7,5.1,True
EMP-3322,2018-12-05,Finance,Accountant,102900,41,Male,New York,High School,20,4.4,5.3,True
EMP-3323,2017-03-19,Engineering,Engineering Manager,162400,28,Non-binary,New York,Bachelor,2,4.4,2.3,True
EMP-3324,2018-08-11,Legal,Senior Counsel,135900,57,Non-binary,London,Master,13,4.6,2.8,True
EMP-3325,2017-08-05,Engineering,Staff Engineer,150200,46,Female,New York,High School,6,2.5,1.5,True
EMP-3326,2021-03-18,Product,Senior PM,158000,51,Male,London,Bachelor,2,3.8,2.2,False
EMP-3327,2015-08-28,Marketing,CMO,114300,24,Female,Sydney,Master,2,3.9,3.2,True
EMP-3328,2015-10-15,HR,HR Coordinator,52200,38,Male,New York,Master,4,1.7,3.1,True
EMP-3329,2016-05-07,Engineering,Engineering Manager,196300,24,Non-binary,Sydney,PhD,1,2.4,9.7,True
EMP-3330,2018-03-27,Legal,Senior Counsel,110800,45,Non-binary,London,Master,19,2.0,6.8,True
EMP-3331,2022-09-24,Marketing,CMO,97200,46,Male,Sydney,Master,22,4.9,5.0,True
EMP-3332,2020-02-21,Finance,Finance Manager,114700,45,Male,New York,Master,3,4.3,7.3,True
EMP-3333,2021-01-01,Finance,Accountant,84200,46,Non-binary,Sydney,PhD,14,4.3,5.0,True
EMP-3334,2016-08-18,Legal,Associate,121700,43,Non-binary,Berlin,PhD,3,4.4,8.0,False
EMP-3335,2021-11-13,HR,HR Coordinator,66700,49,Non-binary,Sydney,PhD,10,4.5,8.1,True
EMP-3336,2021-11-08,Marketing,CMO,128600,31,Non-binary,London,Master,7,2.5,6.1,True
EMP-3337,2017-12-24,Legal,Paralegal,106800,51,Male,London,PhD,22,1.5,2.9,True
EMP-3338,2023-07-10,Engineering,Senior Dev,121400,47,Female,London,Bachelor,26,1.0,6.8,True
EMP-3339,2015-03-10,Operations,Ops Analyst,65100,35,Male,Sydney,Master,14,2.8,1.2,False
EMP-3340,2017-07-09,Operations,COO,81400,43,Non-binary,London,Master,19,4.7,1.5,True
EMP-3341,2016-01-27,Sales,VP of Sales,112800,50,Female,London,High School,13,1.8,4.8,True
EMP-3342,2019-10-22,HR,Recruiter,77000,55,Non-binary,London,PhD,7,3.7,6.0,True
EMP-3343,2016-09-15,HR,HR Director,111900,46,Non-binary,New York,Master,2,3.5,8.1,True
EMP-3344,2023-03-09,Sales,Sales Manager,119400,57,Non-binary,London,High School,9,1.2,3.9,True
EMP-3345,2023-07-07,Finance,Accountant,113700,32,Non-binary,Sydney,Bachelor,2,3.2,4.2,True
EMP-3346,2021-12-22,Operations,COO,108300,48,Female,London,High School,15,2.1,3.9,False
EMP-3347,2015-01-19,Finance,Accountant,111300,24,Female,Remote,Bachelor,2,1.9,10.0,True
EMP-3348,2021-02-04,Operations,Ops Manager,72600,35,Male,London,PhD,6,3.1,1.3,False
EMP-3349,2020-04-12,Legal,Senior Counsel,112100,36,Female,Berlin,Bachelor,10,3.8,7.7,True
EMP-3350,2017-01-06,HR,HR Coordinator,55700,49,Female,Berlin,High School,14,3.7,6.5,True
EMP-3351,2022-12-19,Finance,Accountant,86200,31,Male,Berlin,High School,10,2.8,9.0,False
EMP-3352,2015-03-09,Product,VP of Product,192200,43,Non-binary,Berlin,Bachelor,18,3.1,8.3,True
EMP-3353,2018-04-13,HR,HR Director,90800,36,Non-binary,Toronto,Master,5,4.5,3.1,True
EMP-3354,2019-02-04,Marketing,SEO Specialist,78100,34,Non-binary,London,Master,8,2.2,9.1,True
EMP-3355,2017-05-21,Legal,Senior Counsel,116600,52,Non-binary,London,High School,22,3.6,7.3,False
EMP-3356,2015-01-31,HR,HR Director,89400,33,Non-binary,London,PhD,0,3.2,7.8,True
EMP-3357,2016-03-31,Finance,Analyst,94700,46,Male,Sydney,PhD,10,4.0,7.7,True
EMP-3358,2020-11-28,Engineering,Junior Dev,116800,36,Female,Toronto,High School,6,2.7,3.5,True
EMP-3359,2019-10-23,HR,HR Manager,81500,42,Female,Sydney,High School,13,1.2,9.4,True
EMP-3360,2018-09-30,Finance,Accountant,99700,57,Female,Sydney,Master,8,2.7,9.9,True
EMP-3361,2023-01-06,Product,Product Manager,106200,25,Male,New York,Master,1,4.0,8.1,True
EMP-3362,2022-01-29,Marketing,Content Writer,82300,22,Non-binary,Berlin,PhD,1,1.8,7.3,True
EMP-3363,2016-06-05,Marketing,CMO,135000,57,Non-binary,London,High School,27,2.3,7.7,True
EMP-3364,2022-07-20,Legal,Senior Counsel,115700,28,Female,New York,High School,3,2.8,5.0,True
EMP-3365,2020-08-07,Finance,Accountant,82000,29,Non-binary,New York,Master,5,4.0,3.0,True
EMP-3366,2015-05-26,HR,HR Coordinator,60900,27,Non-binary,Toronto,PhD,5,2.2,6.2,False
EMP-3367,2020-01-29,Product,Senior PM,169400,50,Non-binary,Remote,High School,5,1.7,9.1,True
EMP-3368,2023-04-14,Legal,Senior Counsel,119700,43,Male,Sydney,Master,14,3.1,3.4,False
EMP-3369,2015-11-19,Engineering,Lead Engineer,141400,40,Female,Toronto,PhD,13,4.4,7.0,True
EMP-3370,2015-06-16,Engineering,Lead Engineer,142700,52,Female,Sydney,PhD,30,1.0,6.1,True
EMP-3371,2023-11-26,Legal,General Counsel,142400,22,Male,Remote,Bachelor,1,1.9,3.8,True
EMP-3372,2017-07-09,Operations,Ops Manager,66500,24,Non-binary,Sydney,High School,3,2.7,9.7,True
EMP-3373,2018-04-20,HR,HR Manager,88800,35,Non-binary,New York,Bachelor,10,1.7,8.9,True
EMP-3374,2022-11-14,HR,HR Director,119200,22,Female,London,High School,0,2.6,7.1,True
EMP-3375,2017-09-23,Operations,COO,96500,26,Female,Remote,Master,3,3.2,3.3,True
EMP-3376,2016-07-26,Engineering,Senior Dev,135200,22,Male,London,PhD,0,4.8,6.0,True
EMP-3377,2021-05-05,Engineering,Senior Dev,125900,24,Female,London,High School,0,1.5,8.3,True
EMP-3378,2022-06-24,HR,HR Coordinator,72900,57,Female,Berlin,Bachelor,10,1.3,7.5,True
EMP-3379,2020-11-18,Marketing,SEO Specialist,78700,51,Male,Remote,PhD,1,3.7,3.9,True
EMP-3380,2016-04-29,Product,VP of Product,178200,46,Female,Berlin,Bachelor,16,2.9,6.6,True
EMP-3381,2023-09-05,Sales,VP of Sales,106000,50,Non-binary,Berlin,Bachelor,18,1.3,2.1,True
EMP-3382,2019-03-23,Product,Product Analyst,98600,46,Male,Toronto,Master,24,4.5,2.4,False
EMP-3383,2020-08-01,Operations,COO,88300,28,Male,Remote,PhD,5,3.6,2.4,True
EMP-3384,2015-05-30,Operations,COO,89500,23,Male,Berlin,Bachelor,1,4.0,9.7,True
EMP-3385,2019-05-07,Legal,Paralegal,99700,44,Non-binary,New York,High School,3,1.6,3.5,True
EMP-3386,2023-09-27,Operations,Ops Manager,94500,22,Female,Remote,Master,0,4.2,3.3,False
EMP-3387,2016-04-29,Marketing,SEO Specialist,86100,56,Non-binary,Sydney,Bachelor,35,4.3,8.7,True
EMP-3388,2015-08-16,Sales,Sales Manager,94800,44,Female,New York,High School,20,4.9,6.7,False
EMP-3389,2023-07-21,Sales,VP of Sales,115100,58,Non-binary,Berlin,PhD,9,1.7,6.2,False
EMP-3390,2018-10-15,Finance,Analyst,91100,38,Female,Toronto,High School,11,1.9,2.9,True
EMP-3391,2017-12-21,Sales,Account Executive,96400,22,Non-binary,Toronto,Bachelor,0,1.5,9.8,True
EMP-3392,2019-11-20,Operations,COO,107100,50,Non-binary,New York,PhD,23,2.1,6.1,True
EMP-3393,2022-08-14,Legal,Paralegal,101300,55,Male,London,PhD,9,2.5,3.7,True
EMP-3394,2023-05-30,HR,HR Manager,91400,56,Female,Remote,Master,20,1.3,4.0,True
EMP-3395,2023-09-30,Product,VP of Product,176100,23,Male,New York,Master,2,3.2,6.3,True
EMP-3396,2018-05-04,HR,Recruiter,85600,49,Male,Sydney,Bachelor,27,4.6,5.2,False
EMP-3397,2019-03-13,Marketing,SEO Specialist,92800,35,Non-binary,London,PhD,5,3.7,5.6,True
EMP-3398,2017-06-02,HR,Recruiter,70300,45,Female,London,Bachelor,20,3.0,3.7,False
EMP-3399,2019-08-04,Sales,VP of Sales,131500,27,Non-binary,New York,Bachelor,2,1.4,6.4,True
EMP-3400,2018-12-17,Sales,SDR,86900,26,Female,Remote,PhD,1,1.2,1.5,True
EMP-3401,2019-05-11,HR,Recruiter,67200,57,Non-binary,London,High School,22,3.9,4.5,True
EMP-3402,2018-10-22,Legal,Senior Counsel,137700,53,Male,Toronto,High School,29,4.7,8.3,False
EMP-3403,2016-01-27,Sales,Sales Manager,125800,22,Male,Berlin,High School,1,4.1,6.3,False
EMP-3404,2020-08-26,Operations,COO,109700,48,Non-binary,London,PhD,24,3.5,4.3,True
EMP-3405,2017-12-31,HR,HR Coordinator,64300,33,Male,Toronto,Master,9,2.6,9.3,True
EMP-3406,2020-04-01,Sales,Account Executive,77400,58,Non-binary,Berlin,Bachelor,0,1.7,5.6,True
EMP-3407,2017-03-09,Engineering,Engineering Manager,178800,47,Male,Sydney,PhD,6,4.9,1.1,True
EMP-3408,2023-08-22,Marketing,SEO Specialist,74400,45,Non-binary,Berlin,PhD,17,4.5,8.8,True
EMP-3409,2016-01-11,HR,HR Coordinator,53700,36,Female,Toronto,PhD,2,3.0,9.4,False
EMP-3410,2020-11-25,Product,Product Manager,106800,40,Male,New York,PhD,5,1.5,5.6,True
EMP-3411,2020-06-22,Finance,Analyst,96500,34,Male,New York,PhD,2,2.7,9.9,True
EMP-3412,2019-12-26,Legal,General Counsel,174900,40,Female,New York,High School,16,4.5,5.0,True
EMP-3413,2017-06-07,Operations,COO,93400,50,Non-binary,Toronto,Master,2,2.9,2.9,True
EMP-3414,2017-06-18,Engineering,Junior Dev,91200,37,Non-binary,Remote,Bachelor,1,4.3,2.3,True
EMP-3415,2020-03-07,Marketing,CMO,133300,36,Female,New York,Master,13,1.2,7.7,False
EMP-3416,2018-02-21,Marketing,Marketing Manager,119800,23,Male,Sydney,PhD,2,4.7,7.8,True
EMP-3417,2016-06-03,Product,Product Manager,107700,53,Non-binary,Sydney,High School,23,3.3,3.5,False
EMP-3418,2018-04-12,Legal,Senior Counsel,140400,36,Female,London,High School,12,3.5,1.3,True
EMP-3419,2020-10-15,Finance,CFO,135800,25,Non-binary,Toronto,High School,1,2.7,4.6,True
EMP-3420,2017-06-14,HR,Recruiter,65200,33,Female,London,High School,5,2.8,2.3,False
EMP-3421,2015-06-11,Finance,Analyst,70900,56,Female,New York,Bachelor,4,4.0,6.5,True
EMP-3422,2017-10-05,Marketing,Marketing Manager,119100,44,Male,Berlin,Bachelor,2,3.6,8.4,True
EMP-3423,2021-05-10,Legal,Associate,105200,48,Non-binary,Remote,High School,0,1.8,2.8,True
EMP-3424,2021-07-08,Finance,Analyst,94300,35,Male,New York,Master,8,3.8,3.4,True
EMP-3425,2021-08-24,Marketing,Content Writer,78200,57,Male,Toronto,High School,36,2.9,6.2,True
EMP-3426,2022-08-15,Legal,Senior Counsel,137100,41,Female,Berlin,Master,1,1.1,6.7,True
EMP-3427,2015-03-21,HR,HR Manager,98700,43,Female,Remote,High School,12,4.6,1.7,True
EMP-3428,2018-09-04,Finance,Finance Manager,105900,42,Female,Remote,PhD,9,4.6,6.6,True
EMP-3429,2022-04-03,Operations,Ops Manager,86700,28,Non-binary,Sydney,Master,7,2.3,9.1,True
EMP-3430,2020-12-17,Engineering,Engineering Manager,170500,43,Female,Remote,Bachelor,20,3.7,4.7,True
EMP-3431,2018-10-04,Product,VP of Product,192000,34,Female,Berlin,Bachelor,11,4.9,8.9,True
EMP-3432,2021-04-14,Legal,Associate,94500,53,Female,Remote,Bachelor,24,4.5,1.2,True
EMP-3433,2015-08-25,Finance,Analyst,85300,24,Male,Berlin,Bachelor,0,2.8,6.8,True
EMP-3434,2020-12-08,Engineering,Engineering Manager,207200,23,Male,London,Master,0,2.9,5.6,False
EMP-3435,2020-01-19,Engineering,Lead Engineer,117100,26,Female,Remote,Master,0,3.2,2.9,True
EMP-3436,2020-03-04,Sales,VP of Sales,133600,53,Female,New York,PhD,16,4.1,1.3,True
EMP-3437,2023-06-21,Sales,Account Executive,94900,35,Male,Remote,Bachelor,4,3.3,3.0,False
EMP-3438,2023-09-01,Engineering,Senior Dev,113500,55,Non-binary,Remote,Bachelor,7,3.3,5.8,False
EMP-3439,2022-01-28,Engineering,Junior Dev,104900,48,Female,London,PhD,27,1.8,8.3,True
EMP-3440,2019-11-08,HR,Recruiter,81200,46,Female,Remote,Master,6,3.0,5.3,True
EMP-3441,2020-02-19,Sales,Sales Manager,103500,35,Male,Remote,High School,3,4.3,7.6,True
EMP-3442,2019-05-01,Finance,CFO,129400,43,Female,Toronto,Bachelor,3,2.6,3.6,True
EMP-3443,2015-11-14,Engineering,Engineering Manager,171100,22,Male,Toronto,PhD,1,2.6,2.0,True
EMP-3444,2016-01-26,Engineering,Junior Dev,100200,44,Female,Remote,Bachelor,23,3.6,9.8,True
EMP-3445,2018-04-15,Sales,Sales Manager,112100,40,Female,Toronto,PhD,6,4.8,3.3,True
EMP-3446,2017-12-07,Engineering,Staff Engineer,161200,43,Female,Sydney,Bachelor,2,2.3,7.7,True
EMP-3447,2021-12-07,Finance,Accountant,109800,29,Non-binary,London,High School,1,1.7,8.2,True
EMP-3448,2016-03-27,Finance,Analyst,94400,51,Female,Toronto,Bachelor,2,4.2,4.7,True
EMP-3449,2017-11-11,Marketing,CMO,135100,56,Non-binary,Toronto,High School,29,1.9,2.9,True
EMP-3450,2020-11-12,Finance,Accountant,115200,52,Non-binary,Berlin,PhD,28,1.5,8.8,True
EMP-3451,2022-09-25,Product,Product Manager,146900,55,Male,New York,High School,10,3.3,6.1,True
EMP-3452,2016-02-17,Engineering,Engineering Manager,204500,57,Non-binary,New York,Bachelor,36,1.5,2.5,True
EMP-3453,2022-05-09,Product,VP of Product,151600,45,Non-binary,Remote,Master,2,2.9,9.4,True
EMP-3454,2019-04-02,Sales,Account Executive,110300,33,Non-binary,Berlin,Master,12,4.1,6.9,True
EMP-3455,2015-10-08,Legal,Associate,96800,27,Non-binary,Toronto,Bachelor,0,3.9,1.3,False
EMP-3456,2020-05-23,Sales,SDR,68600,52,Non-binary,London,Bachelor,27,4.3,1.9,False
EMP-3457,2023-01-11,Marketing,CMO,128200,28,Non-binary,London,Master,0,2.6,9.5,True
EMP-3458,2017-04-28,Engineering,Lead Engineer,163200,35,Non-binary,New York,High School,0,1.8,4.4,True
EMP-3459,2022-09-17,Marketing,Marketing Manager,102900,37,Non-binary,Toronto,Bachelor,7,3.0,4.4,True
EMP-3460,2019-04-04,Operations,Ops Analyst,67100,43,Male,Berlin,Bachelor,6,2.4,8.7,True
EMP-3461,2016-12-22,Sales,SDR,70300,53,Male,Toronto,PhD,29,3.1,8.7,True
EMP-3462,2017-08-31,Finance,CFO,152300,27,Male,Berlin,PhD,1,2.3,1.2,True
EMP-3463,2018-06-01,Marketing,SEO Specialist,95300,47,Male,London,High School,26,3.3,9.5,True
EMP-3464,2017-04-01,Product,Senior PM,134500,45,Non-binary,Sydney,Master,3,3.2,1.9,True
EMP-3465,2015-10-12,Engineering,Engineering Manager,150200,24,Non-binary,London,Bachelor,3,4.6,2.1,True
EMP-3466,2018-08-20,Marketing,CMO,137000,36,Non-binary,New York,Bachelor,5,3.5,2.0,True
EMP-3467,2015-06-30,Sales,Sales Manager,114700,39,Male,London,Master,9,1.7,6.0,True
EMP-3468,2015-06-27,Product,Senior PM,147300,52,Non-binary,London,Bachelor,28,3.6,7.9,True
EMP-3469,2022-01-02,Engineering,Lead Engineer,164000,23,Non-binary,New York,Master,1,2.4,5.8,True
EMP-3470,2021-03-29,Operations,Ops Manager,77300,50,Female,Toronto,PhD,11,4.1,6.7,True
EMP-3471,2017-12-22,Engineering,Engineering Manager,187400,56,Non-binary,Toronto,Master,9,2.2,9.8,True
EMP-3472,2018-08-19,Engineering,Junior Dev,118500,53,Male,Berlin,Bachelor,25,2.3,8.6,True
EMP-3473,2019-07-17,Engineering,Engineering Manager,160600,42,Male,Berlin,PhD,9,3.3,1.7,True
EMP-3474,2023-11-21,HR,HR Manager,80500,56,Male,Toronto,PhD,13,4.5,4.8,False
EMP-3475,2015-03-26,Operations,Ops Manager,82400,45,Male,New York,Master,8,3.2,9.2,True
EMP-3476,2021-03-26,Sales,Sales Manager,89700,36,Male,London,PhD,13,3.7,8.7,True
EMP-3477,2019-06-04,HR,HR Director,119900,50,Non-binary,London,Bachelor,0,3.3,6.4,True
EMP-3478,2021-10-28,Operations,Ops Manager,67700,40,Female,Sydney,Bachelor,18,1.4,6.3,True
EMP-3479,2022-01-15,Marketing,CMO,128900,49,Male,New York,High School,26,2.4,6.8,True
EMP-3480,2019-03-08,Operations,Ops Analyst,69300,29,Male,Toronto,Master,3,3.5,6.9,True
EMP-3481,2018-05-30,Sales,Sales Manager,123400,38,Male,Toronto,High School,11,2.0,3.4,True
EMP-3482,2020-06-27,Product,Product Analyst,118400,55,Male,New York,Bachelor,27,2.4,7.3,True
EMP-3483,2022-04-12,HR,HR Coordinator,58000,24,Female,Toronto,Bachelor,3,4.9,5.5,True
EMP-3484,2022-12-04,Marketing,CMO,131000,47,Non-binary,New York,High School,17,4.7,8.3,True
EMP-3485,2022-10-27,Product,Product Analyst,112300,53,Non-binary,Remote,PhD,15,2.7,4.9,True
EMP-3486,2017-01-11,HR,HR Director,93900,30,Female,London,Bachelor,5,2.4,8.5,True
EMP-3487,2019-01-02,Engineering,Staff Engineer,177600,24,Female,Remote,Master,2,4.9,3.5,True
EMP-3488,2019-06-05,Marketing,Marketing Manager,100700,53,Female,Remote,High School,28,1.1,4.2,True
EMP-3489,2023-11-14,Operations,COO,106800,58,Non-binary,Berlin,High School,33,4.3,4.5,True
EMP-3490,2019-06-17,Operations,COO,88000,30,Male,London,High School,7,4.3,3.9,False
EMP-3491,2023-01-24,HR,HR Coordinator,58900,44,Non-binary,Sydney,High School,8,4.3,8.0,True
EMP-3492,2023-08-13,Sales,VP of Sales,147200,31,Male,Remote,Bachelor,6,2.3,8.6,True
EMP-3493,2022-06-29,Engineering,Junior Dev,87900,27,Female,London,Bachelor,4,4.9,5.4,True
EMP-3494,2018-03-25,HR,HR Director,97100,42,Non-binary,Toronto,PhD,16,4.9,1.1,True
EMP-3495,2023-11-21,Engineering,Junior Dev,113900,35,Non-binary,New York,Bachelor,9,1.6,8.3,True
EMP-3496,2021-03-13,Marketing,Marketing Manager,101900,53,Female,Remote,PhD,19,4.4,9.9,True
EMP-3497,2018-06-04,Finance,Analyst,68500,31,Female,Sydney,PhD,2,4.3,3.6,True
EMP-3498,2016-09-25,Engineering,Staff Engineer,132600,41,Male,Remote,Bachelor,2,4.5,3.0,True
EMP-3499,2015-04-05,Engineering,Staff Engineer,171200,33,Non-binary,Sydney,Bachelor,7,2.4,5.8,True
EMP-3500,2017-04-12,HR,Recruiter,70400,54,Non-binary,Toronto,High School,19,4.1,1.9,True
EMP-3501,2020-08-25,Legal,Paralegal,110800,22,Female,London,Bachelor,1,3.0,7.3,False
EMP-3502,2018-06-20,Sales,SDR,84500,57,Male,Remote,PhD,9,3.8,6.7,True
EMP-3503,2022-03-24,Marketing,CMO,127200,43,Male,Sydney,PhD,5,3.0,8.6,True
EMP-3504,2019-01-13,Legal,Paralegal,110100,41,Non-binary,New York,Master,17,4.3,4.2,True
EMP-3505,2017-05-16,Finance,Finance Manager,111600,32,Female,Toronto,PhD,5,1.0,2.5,True
EMP-3506,2019-03-27,Product,Senior PM,172600,35,Non-binary,Toronto,High School,4,1.2,4.6,False
EMP-3507,2021-10-27,Sales,VP of Sales,124600,53,Male,New York,Master,14,4.2,7.8,True
EMP-3508,2019-01-31,Finance,CFO,152000,39,Non-binary,Remote,Master,11,1.8,8.1,True
EMP-3509,2023-08-06,Operations,Ops Manager,74700,50,Male,New York,PhD,25,4.3,3.1,True
EMP-3510,2019-09-29,HR,HR Manager,72200,31,Male,Remote,Bachelor,8,3.4,9.2,True
EMP-3511,2023-10-16,Finance,Finance Manager,122700,52,Male,Toronto,High School,11,1.3,7.7,True
EMP-3512,2023-07-27,Legal,Paralegal,99600,29,Female,London,PhD,7,4.8,5.0,True
EMP-3513,2015-04-18,Product,Senior PM,162100,35,Non-binary,Toronto,Bachelor,4,4.0,5.7,True
EMP-3514,2018-10-01,Sales,Account Executive,98600,27,Female,Sydney,PhD,0,2.3,4.1,True
EMP-3515,2015-03-23,Sales,SDR,80700,34,Female,London,PhD,1,4.6,6.5,True
EMP-3516,2019-03-17,Marketing,Marketing Manager,94400,22,Non-binary,Berlin,PhD,0,1.3,7.7,True
EMP-3517,2023-09-02,Operations,COO,86000,45,Non-binary,Sydney,Bachelor,20,4.9,7.2,True
EMP-3518,2017-05-03,Product,Senior PM,142600,58,Non-binary,Toronto,Bachelor,36,4.9,5.6,True
EMP-3519,2017-12-26,Marketing,SEO Specialist,82800,36,Non-binary,Toronto,High School,11,4.0,7.6,True
EMP-3520,2016-06-17,Finance,CFO,156800,39,Male,Berlin,High School,10,4.2,5.8,True
EMP-3521,2016-04-03,Product,VP of Product,179000,52,Male,Remote,Bachelor,30,4.0,3.0,True
EMP-3522,2018-09-25,Sales,SDR,83100,32,Non-binary,Sydney,PhD,5,2.3,6.9,True
EMP-3523,2016-07-04,Product,VP of Product,198600,56,Male,New York,High School,5,3.3,2.5,True
EMP-3524,2022-11-01,HR,HR Coordinator,54800,32,Non-binary,Toronto,Bachelor,6,5.0,9.6,True
EMP-3525,2016-05-26,Sales,Sales Manager,115700,56,Female,Sydney,PhD,4,2.6,1.7,False
EMP-3526,2016-10-25,Sales,SDR,74900,33,Female,Toronto,PhD,4,1.0,5.5,True
EMP-3527,2016-01-01,Engineering,Junior Dev,102600,27,Male,New York,PhD,4,4.9,1.6,True
EMP-3528,2017-12-24,Finance,Accountant,114900,43,Male,London,Bachelor,12,2.1,4.7,True
EMP-3529,2017-10-11,Sales,Sales Manager,128400,23,Female,London,High School,0,2.8,8.3,True
EMP-3530,2016-01-06,Engineering,Junior Dev,91500,42,Female,London,Bachelor,10,4.9,4.6,True
EMP-3531,2020-03-12,Legal,Senior Counsel,129700,29,Non-binary,Remote,PhD,6,4.5,2.2,True
EMP-3532,2015-12-18,HR,HR Coordinator,61300,51,Female,New York,Bachelor,24,2.3,2.4,True
EMP-3533,2023-09-20,Finance,Finance Manager,120100,42,Female,New York,Master,1,4.3,3.3,True
EMP-3534,2017-07-13,Operations,Ops Manager,86500,39,Non-binary,Toronto,PhD,6,3.5,3.3,True
EMP-3535,2021-07-15,HR,Recruiter,86400,29,Male,New York,High School,0,4.0,9.8,False
EMP-3536,2023-09-23,HR,HR Manager,80700,53,Female,New York,Bachelor,18,3.8,4.8,True
EMP-3537,2015-08-05,Engineering,Lead Engineer,123900,56,Female,Berlin,Master,28,3.9,2.9,True
EMP-3538,2017-08-30,HR,HR Director,111900,31,Female,Toronto,Bachelor,1,1.3,4.4,True
EMP-3539,2018-05-14,Engineering,Junior Dev,111900,34,Non-binary,Remote,Bachelor,4,1.9,8.8,True
EMP-3540,2023-06-07,HR,Recruiter,77600,51,Non-binary,New York,Bachelor,8,4.8,8.2,False
EMP-3541,2020-03-02,Legal,Senior Counsel,148300,50,Male,New York,High School,22,3.6,7.9,True
EMP-3542,2019-08-02,Operations,Ops Analyst,60600,35,Female,New York,High School,4,1.6,8.3,True
EMP-3543,2022-01-01,Engineering,Junior Dev,98300,28,Female,London,Bachelor,7,3.7,4.1,True
EMP-3544,2018-05-11,HR,HR Manager,73100,37,Non-binary,Sydney,High School,2,1.7,1.5,True
EMP-3545,2015-05-28,Finance,CFO,117800,52,Male,Berlin,Bachelor,26,4.4,9.0,True
EMP-3546,2019-03-04,Legal,General Counsel,162100,49,Male,Remote,High School,6,4.7,8.7,True
EMP-3547,2023-12-24,HR,HR Director,97400,50,Male,Berlin,High School,21,1.7,9.8,False
EMP-3548,2022-09-24,Legal,Senior Counsel,140800,51,Male,Remote,PhD,1,2.3,7.7,True
EMP-3549,2021-01-17,HR,HR Director,92900,25,Non-binary,London,High School,1,2.8,1.3,True
EMP-3550,2023-11-12,HR,HR Coordinator,65300,34,Non-binary,Berlin,Bachelor,5,3.1,4.0,True
EMP-3551,2022-12-09,Legal,Associate,99800,37,Non-binary,Toronto,High School,2,3.9,2.8,True
EMP-3552,2020-09-15,Marketing,Content Writer,74600,34,Female,Toronto,PhD,12,2.3,4.5,False
EMP-3553,2021-01-05,Product,Product Analyst,103500,43,Male,New York,PhD,3,4.7,2.0,True
EMP-3554,2020-10-21,Marketing,CMO,98800,51,Female,London,PhD,19,2.7,8.6,True
EMP-3555,2023-01-19,Finance,Finance Manager,136800,30,Female,Sydney,Master,5,3.7,7.0,True
EMP-3556,2016-04-23,Marketing,Marketing Manager,102100,45,Female,Toronto,High School,20,4.2,3.9,True
EMP-3557,2019-07-02,Legal,Associate,101600,38,Male,Sydney,High School,2,3.5,9.2,True
EMP-3558,2017-11-06,Engineering,Senior Dev,106700,30,Male,New York,Master,2,1.0,5.8,True
EMP-3559,2016-06-04,Engineering,Engineering Manager,185600,26,Non-binary,Toronto,High School,0,3.9,5.4,True
EMP-3560,2018-07-28,HR,HR Director,95600,44,Non-binary,New York,PhD,8,1.4,4.9,True
EMP-3561,2020-05-10,Engineering,Engineering Manager,196900,22,Male,Toronto,High School,1,4.1,6.0,True
EMP-3562,2021-01-17,Finance,Accountant,104200,27,Non-binary,Berlin,Bachelor,3,4.7,2.8,True
EMP-3563,2015-06-18,Product,Product Analyst,93400,43,Non-binary,Remote,PhD,5,4.4,2.1,True
EMP-3564,2015-11-12,Sales,Sales Manager,109400,25,Non-binary,London,High School,4,3.2,9.6,True
EMP-3565,2015-03-24,Marketing,Content Writer,82000,45,Non-binary,Remote,Master,12,3.7,9.7,True
EMP-3566,2021-05-26,Product,Senior PM,140400,22,Male,Remote,Bachelor,0,4.8,2.6,True
EMP-3567,2023-04-09,Product,Product Analyst,100500,48,Female,Berlin,Bachelor,21,2.0,9.4,True
EMP-3568,2019-08-04,Engineering,Lead Engineer,147300,22,Female,Berlin,Master,0,2.8,8.4,True
EMP-3569,2018-11-11,Engineering,Lead Engineer,132700,26,Male,Toronto,High School,2,2.1,7.9,True
EMP-3570,2016-01-01,Marketing,Marketing Manager,84700,46,Non-binary,New York,PhD,6,4.9,1.2,True
EMP-3571,2015-08-30,Operations,Ops Analyst,71400,58,Non-binary,Sydney,Bachelor,29,4.8,7.0,True
EMP-3572,2015-04-01,Sales,Account Executive,97800,58,Female,Berlin,Bachelor,3,4.2,3.3,True
EMP-3573,2019-08-22,HR,HR Manager,87700,25,Female,Toronto,High School,2,1.8,9.7,True
EMP-3574,2016-10-03,Engineering,Senior Dev,111200,56,Female,Berlin,Bachelor,12,1.2,5.8,True
EMP-3575,2017-09-19,Product,Senior PM,138500,28,Male,New York,High School,6,1.9,4.0,True
EMP-3576,2016-07-05,Legal,Paralegal,111400,30,Female,London,Bachelor,2,3.8,1.8,True
EMP-3577,2019-04-11,Legal,Paralegal,86600,40,Non-binary,Remote,Master,16,3.7,9.2,True
EMP-3578,2017-07-28,Engineering,Engineering Manager,198600,37,Female,New York,PhD,7,2.0,6.7,False
EMP-3579,2019-05-01,Product,Product Analyst,121800,52,Female,Sydney,Bachelor,30,4.0,6.5,True
EMP-3580,2018-05-19,Operations,Ops Analyst,78200,40,Female,Sydney,Bachelor,5,1.8,4.5,True
EMP-3581,2019-10-12,Product,Product Manager,121000,41,Female,Toronto,PhD,5,2.2,1.6,True
EMP-3582,2018-07-21,Product,Product Manager,148900,50,Male,New York,Bachelor,0,3.5,7.5,False
EMP-3583,2018-08-14,Marketing,Content Writer,78000,39,Male,Sydney,Master,7,3.9,2.9,True
EMP-3584,2022-07-24,Marketing,Marketing Manager,115700,37,Male,Toronto,Bachelor,13,2.4,8.3,True
EMP-3585,2016-06-18,Operations,Ops Manager,82600,34,Female,London,PhD,10,2.7,2.2,True
EMP-3586,2017-02-27,Marketing,Content Writer,77300,49,Non-binary,London,Master,3,4.9,7.7,True
EMP-3587,2020-08-30,Legal,Senior Counsel,118300,53,Non-binary,Remote,PhD,1,4.4,3.4,True
EMP-3588,2019-09-03,Marketing,Marketing Manager,99300,26,Non-binary,Berlin,Bachelor,1,4.4,2.0,True
EMP-3589,2019-05-16,Product,Product Manager,122800,46,Male,Remote,Master,18,3.7,2.4,True
EMP-3590,2018-03-20,Marketing,Content Writer,85300,41,Female,London,High School,5,4.5,4.5,True
EMP-3591,2017-05-11,Marketing,Content Writer,65600,32,Male,Berlin,High School,9,2.2,5.1,True
EMP-3592,2022-06-15,Sales,SDR,66900,29,Female,London,Master,5,2.4,1.3,False
EMP-3593,2018-06-07,HR,HR Manager,78500,37,Female,Remote,PhD,7,2.9,2.9,True
EMP-3594,2018-03-29,Product,Senior PM,170700,41,Non-binary,Toronto,Bachelor,9,4.2,9.2,True
EMP-3595,2018-04-29,Marketing,Content Writer,78400,46,Female,Berlin,Master,8,1.2,6.4,False
EMP-3596,2019-05-20,Product,Product Analyst,121000,48,Female,Sydney,Bachelor,10,2.1,1.5,True
EMP-3597,2023-04-11,Legal,Paralegal,103200,23,Non-binary,Remote,High School,0,2.6,9.5,True
EMP-3598,2020-05-29,Product,VP of Product,174800,41,Non-binary,Remote,PhD,17,1.2,6.8,True
EMP-3599,2017-10-22,Product,Product Analyst,91300,42,Non-binary,Remote,PhD,21,3.6,1.8,True
EMP-3600,2020-12-15,Finance,Finance Manager,127600,36,Non-binary,Toronto,Bachelor,11,2.4,1.5,True
EMP-3601,2023-06-06,Engineering,Staff Engineer,148100,52,Female,Remote,PhD,20,1.9,5.1,False
EMP-3602,2023-09-20,Product,Product Analyst,111900,24,Non-binary,Toronto,PhD,1,3.0,2.4,True
EMP-3603,2021-11-18,Operations,Ops Analyst,62100,55,Male,Sydney,PhD,26,4.5,8.7,True
EMP-3604,2021-09-01,Operations,Ops Analyst,59800,55,Non-binary,Berlin,Bachelor,9,2.7,8.3,True
EMP-3605,2018-08-17,Finance,Accountant,110700,48,Male,London,High School,1,3.7,9.2,True
EMP-3606,2020-04-20,Marketing,SEO Specialist,84000,30,Non-binary,Sydney,High School,6,2.5,7.3,True
EMP-3607,2017-05-09,Marketing,Marketing Manager,97900,24,Male,Sydney,Master,1,3.1,1.4,True
EMP-3608,2017-03-03,Operations,Ops Analyst,75700,39,Female,London,Master,0,1.5,8.9,True
EMP-3609,2017-10-09,Marketing,SEO Specialist,97400,22,Male,Toronto,PhD,1,3.4,2.0,False
EMP-3610,2015-06-03,Sales,SDR,71700,35,Non-binary,Berlin,High School,6,1.4,3.9,True
EMP-3611,2018-04-17,Engineering,Lead Engineer,117100,42,Non-binary,New York,Master,20,4.9,5.8,True
EMP-3612,2020-09-06,Operations,COO,103500,51,Male,London,PhD,29,1.9,9.0,True
EMP-3613,2016-07-19,Finance,CFO,140500,42,Non-binary,Berlin,PhD,13,1.9,7.0,True
EMP-3614,2020-12-14,Finance,Analyst,88900,26,Non-binary,Berlin,High School,4,3.1,6.5,True
EMP-3615,2015-05-12,Sales,Account Executive,105000,34,Female,Remote,Bachelor,3,2.1,3.1,True
EMP-3616,2020-12-04,Legal,Associate,120600,47,Non-binary,London,PhD,9,2.2,7.7,False
EMP-3617,2020-08-10,Finance,Analyst,99700,34,Female,Toronto,PhD,13,3.9,1.8,True
EMP-3618,2021-02-06,Operations,Ops Analyst,64700,27,Female,Sydney,High School,5,3.3,3.9,True
EMP-3619,2023-01-18,Finance,Accountant,114600,53,Male,New York,Master,20,4.8,4.8,True
EMP-3620,2021-03-31,Legal,Associate,132000,46,Female,London,PhD,20,2.5,5.6,True
EMP-3621,2019-01-14,Sales,SDR,64600,55,Non-binary,Remote,PhD,29,3.8,10.0,False
EMP-3622,2021-04-16,Operations,Ops Analyst,78600,34,Non-binary,Sydney,High School,10,2.1,7.2,False
EMP-3623,2021-03-13,Marketing,Marketing Manager,110700,52,Female,New York,High School,27,5.0,4.1,True
EMP-3624,2020-02-21,Engineering,Engineering Manager,181200,29,Male,Remote,PhD,4,3.8,1.9,True
EMP-3625,2017-04-15,Product,Product Manager,112900,24,Non-binary,London,Master,1,4.2,8.6,True
EMP-3626,2018-11-09,Marketing,SEO Specialist,80800,40,Male,New York,Master,11,2.9,4.5,True
EMP-3627,2019-10-11,Marketing,CMO,109600,42,Male,Sydney,Bachelor,13,1.8,9.9,False
EMP-3628,2017-06-12,Product,Senior PM,156800,42,Non-binary,Berlin,PhD,15,2.0,8.2,True
EMP-3629,2020-05-18,HR,HR Coordinator,56000,24,Male,New York,Master,1,2.8,2.3,True
EMP-3630,2023-11-01,Product,Product Analyst,121800,47,Male,New York,PhD,0,2.8,4.4,False
EMP-3631,2021-07-04,Engineering,Senior Dev,106800,23,Non-binary,Berlin,High School,0,2.6,6.5,True
EMP-3632,2017-04-10,Sales,Account Executive,99000,30,Female,Toronto,Master,8,2.1,7.0,True
EMP-3633,2021-03-19,HR,HR Coordinator,67500,28,Female,London,Master,0,4.9,9.2,True
EMP-3634,2022-01-14,Marketing,CMO,113600,46,Non-binary,Toronto,Bachelor,14,3.9,2.5,True
EMP-3635,2016-01-07,Operations,Ops Manager,95700,34,Non-binary,Sydney,Master,8,4.1,7.1,True
EMP-3636,2017-07-13,Marketing,CMO,115500,49,Non-binary,Berlin,High School,13,2.5,7.2,False
EMP-3637,2016-12-18,Finance,Analyst,100000,26,Male,Remote,Bachelor,4,1.5,7.5,True
EMP-3638,2018-05-11,HR,HR Coordinator,58700,29,Female,Toronto,PhD,2,4.0,9.1,True
EMP-3639,2020-04-10,Engineering,Junior Dev,87800,36,Male,Toronto,High School,12,2.3,6.3,True
EMP-3640,2016-05-27,Operations,Ops Manager,82400,23,Male,Toronto,Master,1,1.1,1.6,True
EMP-3641,2019-11-10,Sales,Account Executive,89500,33,Male,Remote,Master,12,3.6,8.5,True
EMP-3642,2019-02-17,Finance,Accountant,90900,31,Female,London,Master,7,1.8,7.0,True
EMP-3643,2016-06-10,Legal,Associate,134200,38,Female,Berlin,Bachelor,11,2.5,7.1,False
EMP-3644,2019-12-08,Sales,Sales Manager,109100,34,Male,Toronto,Master,2,3.2,8.4,True
EMP-3645,2023-04-20,Marketing,SEO Specialist,97700,49,Female,Remote,PhD,20,1.2,3.6,True
EMP-3646,2018-01-06,Operations,Ops Analyst,69500,40,Male,Remote,PhD,1,4.1,6.1,True
EMP-3647,2016-12-26,Sales,VP of Sales,124700,28,Female,Toronto,Master,6,3.3,6.1,True
EMP-3648,2023-11-30,Product,Product Analyst,113800,30,Non-binary,Sydney,Master,3,4.6,2.7,True
EMP-3649,2015-01-21,HR,HR Manager,102200,44,Female,London,Master,12,2.9,3.0,True
EMP-3650,2016-01-25,Product,Senior PM,172500,36,Female,Remote,PhD,13,2.4,8.2,True
EMP-3651,2023-12-25,Sales,SDR,76500,25,Non-binary,Remote,Bachelor,0,2.2,5.6,True
EMP-3652,2017-12-01,Product,VP of Product,169100,50,Male,Berlin,Master,21,3.3,3.6,True
EMP-3653,2018-07-08,Marketing,CMO,111300,38,Female,New York,High School,13,4.4,2.8,True
EMP-3654,2019-03-10,Finance,Finance Manager,121300,24,Female,New York,PhD,3,1.8,7.2,True
EMP-3655,2015-09-20,Finance,Finance Manager,110300,42,Non-binary,Toronto,PhD,4,4.0,10.0,True
EMP-3656,2017-06-10,Sales,SDR,73200,27,Non-binary,London,Master,4,3.0,8.1,True
EMP-3657,2022-08-28,Product,Product Manager,141500,30,Male,Toronto,High School,9,3.8,6.8,True
EMP-3658,2019-01-03,Sales,SDR,66200,24,Male,Sydney,Bachelor,2,1.1,9.4,True
EMP-3659,2020-02-17,Product,Senior PM,131000,27,Female,London,Bachelor,2,3.0,1.0,False
EMP-3660,2021-10-28,Engineering,Senior Dev,97000,35,Non-binary,Toronto,Master,8,1.7,3.5,True
EMP-3661,2018-10-29,Finance,Accountant,88100,37,Non-binary,New York,Master,5,2.2,6.6,True
EMP-3662,2020-09-30,Operations,COO,82300,46,Male,Berlin,High School,8,1.9,8.5,True
EMP-3663,2020-12-29,Sales,Account Executive,85000,34,Male,Berlin,PhD,1,1.4,9.3,True
EMP-3664,2020-01-23,Legal,General Counsel,174900,45,Male,New York,Bachelor,5,1.4,2.2,True
EMP-3665,2015-08-04,HR,Recruiter,66600,25,Non-binary,Berlin,High School,3,2.6,1.6,False
EMP-3666,2021-12-18,HR,Recruiter,84500,54,Female,Remote,Master,8,1.3,7.3,True
EMP-3667,2015-05-14,Sales,VP of Sales,122800,25,Male,London,PhD,0,2.4,6.8,True
EMP-3668,2020-03-13,HR,HR Director,105900,24,Non-binary,Berlin,High School,0,4.6,8.9,True
EMP-3669,2020-02-13,Operations,COO,96900,56,Male,Berlin,Bachelor,28,2.7,8.9,True
EMP-3670,2015-12-25,Legal,Senior Counsel,115600,39,Non-binary,Berlin,Master,10,4.6,1.1,True
EMP-3671,2021-08-13,Engineering,Lead Engineer,131100,35,Female,Toronto,PhD,4,3.4,6.5,True
EMP-3672,2015-10-05,Operations,COO,109900,50,Non-binary,New York,PhD,18,1.8,3.6,True
EMP-3673,2021-06-09,Engineering,Senior Dev,120400,30,Non-binary,New York,PhD,0,2.2,2.6,True
EMP-3674,2016-01-28,Finance,Accountant,82400,35,Female,Toronto,Master,0,1.3,7.9,True
EMP-3675,2020-03-08,Operations,COO,100500,26,Non-binary,New York,PhD,4,3.9,5.3,True
EMP-3676,2015-03-15,Sales,Account Executive,88100,56,Female,Berlin,Master,7,3.6,9.2,True
EMP-3677,2015-04-14,Sales,Account Executive,105200,41,Female,Sydney,Bachelor,7,4.5,1.1,True
EMP-3678,2018-02-05,Sales,SDR,91100,45,Male,Sydney,Bachelor,3,4.5,1.6,True
EMP-3679,2023-02-05,Operations,Ops Analyst,63700,31,Female,Toronto,High School,7,4.6,1.1,True
EMP-3680,2017-03-09,Finance,Analyst,82200,57,Male,Remote,High School,33,3.8,8.2,True
EMP-3681,2019-03-26,Legal,Senior Counsel,118500,47,Non-binary,Sydney,Master,13,2.4,4.0,True
EMP-3682,2023-06-01,Legal,General Counsel,162800,42,Female,Toronto,Master,17,3.4,5.1,False
EMP-3683,2023-02-28,Sales,VP of Sales,121900,28,Male,Remote,High School,1,2.1,4.0,True
EMP-3684,2022-01-15,Product,Product Manager,117500,38,Male,London,PhD,17,4.8,1.5,True
EMP-3685,2020-03-27,Operations,Ops Manager,87100,42,Non-binary,Berlin,Master,14,4.8,4.4,True
EMP-3686,2023-07-06,Product,Senior PM,163700,45,Female,London,Bachelor,24,4.7,2.5,True
EMP-3687,2018-12-14,Marketing,Content Writer,74200,22,Female,Remote,High School,1,4.1,4.1,True
EMP-3688,2023-10-19,Operations,Ops Analyst,80100,57,Non-binary,Berlin,High School,15,1.6,8.8,True
EMP-3689,2022-08-11,Sales,Account Executive,109900,37,Female,London,Master,7,1.0,1.3,True
EMP-3690,2015-06-13,Operations,Ops Analyst,58000,57,Non-binary,London,Master,31,1.5,3.5,True
EMP-3691,2019-04-17,Marketing,Marketing Manager,98000,26,Non-binary,Berlin,High School,2,3.6,7.2,True
EMP-3692,2022-11-03,HR,HR Manager,101700,52,Non-binary,Berlin,PhD,6,3.0,5.7,True
EMP-3693,2016-02-15,Marketing,Content Writer,79200,55,Male,London,Bachelor,3,4.8,3.9,True
EMP-3694,2022-05-17,HR,Recruiter,68600,27,Female,London,Master,6,1.9,6.5,True
EMP-3695,2017-10-12,Marketing,Content Writer,86500,42,Non-binary,New York,Bachelor,0,2.0,1.2,True
EMP-3696,2022-11-15,Finance,Analyst,92200,40,Male,Toronto,Master,12,3.9,6.7,True
EMP-3697,2018-06-22,Engineering,Senior Dev,131900,30,Non-binary,Sydney,Master,8,2.3,7.0,True
EMP-3698,2017-11-22,Marketing,Content Writer,64800,28,Female,Berlin,High School,0,3.8,2.4,True
EMP-3699,2015-03-09,Product,VP of Product,138300,56,Non-binary,London,Bachelor,6,2.8,1.8,False
EMP-3700,2023-05-03,Marketing,CMO,117300,32,Female,Sydney,High School,4,1.6,2.4,True
EMP-3701,2018-05-11,Sales,Account Executive,89800,27,Male,Berlin,High School,0,4.9,4.6,True
EMP-3702,2023-09-20,Engineering,Staff Engineer,158900,48,Male,London,High School,19,3.5,5.6,True
EMP-3703,2018-08-27,Marketing,SEO Specialist,81300,58,Male,London,High School,19,2.8,1.4,True
EMP-3704,2018-03-24,Engineering,Lead Engineer,130900,47,Non-binary,Berlin,High School,9,4.9,7.0,True
EMP-3705,2021-08-25,Legal,Associate,124000,33,Male,Remote,Bachelor,6,4.7,8.2,True
EMP-3706,2022-07-31,Sales,SDR,67900,44,Female,Sydney,High School,17,1.5,7.0,True
EMP-3707,2016-04-12,Sales,VP of Sales,124800,39,Non-binary,Remote,Bachelor,17,1.1,1.1,True
EMP-3708,2021-11-28,Operations,COO,80200,44,Male,Sydney,Master,1,2.5,5.8,True
EMP-3709,2021-04-30,Engineering,Lead Engineer,116400,27,Male,London,High School,0,1.4,5.4,True
EMP-3710,2016-02-02,Legal,General Counsel,154400,31,Male,Berlin,Master,9,2.4,1.5,True
EMP-3711,2022-07-04,Marketing,Content Writer,82100,48,Male,Toronto,Master,17,1.5,3.5,True
EMP-3712,2017-03-15,HR,HR Manager,100700,50,Female,Remote,PhD,23,1.3,2.4,True
EMP-3713,2023-08-13,Sales,SDR,76100,36,Non-binary,Toronto,High School,15,2.6,3.2,True
EMP-3714,2023-09-27,Marketing,SEO Specialist,75400,23,Non-binary,Berlin,High School,1,1.8,1.2,False
EMP-3715,2019-11-15,Operations,COO,102200,30,Male,London,Master,8,3.8,7.7,True
EMP-3716,2020-07-26,Sales,Account Executive,111300,36,Female,Sydney,High School,9,3.1,2.5,True
EMP-3717,2018-04-04,Sales,Account Executive,92700,53,Male,Toronto,PhD,27,3.7,4.1,True
EMP-3718,2020-09-09,Finance,CFO,158200,29,Female,London,Master,2,4.3,4.1,True
EMP-3719,2015-03-14,Operations,Ops Manager,77600,28,Non-binary,Remote,High School,6,3.1,1.4,False
EMP-3720,2019-09-30,HR,HR Director,100800,23,Non-binary,Berlin,Bachelor,1,3.0,5.2,False
EMP-3721,2021-06-22,Product,Product Analyst,120100,28,Male,Remote,High School,0,1.1,5.7,True
EMP-3722,2016-05-19,Legal,General Counsel,173400,44,Non-binary,Remote,PhD,2,2.5,5.1,True
EMP-3723,2023-12-25,Product,Product Manager,146600,25,Non-binary,Berlin,PhD,3,1.2,5.3,False
EMP-3724,2015-10-21,Product,Product Manager,123200,28,Non-binary,London,PhD,1,1.0,2.5,True
EMP-3725,2018-01-02,HR,Recruiter,84500,43,Male,Remote,Bachelor,18,2.8,9.5,True
EMP-3726,2018-07-28,Finance,Accountant,90200,48,Non-binary,Berlin,Master,10,4.5,5.9,True
EMP-3727,2023-06-30,HR,Recruiter,68300,56,Non-binary,London,Bachelor,27,3.4,1.4,True
EMP-3728,2022-08-26,Operations,Ops Manager,86300,37,Non-binary,Sydney,High School,5,1.9,6.1,True
EMP-3729,2021-11-09,Product,Product Manager,104500,47,Female,New York,PhD,26,4.3,3.9,False
EMP-3730,2017-01-26,Operations,Ops Analyst,77200,34,Non-binary,New York,Bachelor,12,1.5,6.8,False
EMP-3731,2015-06-20,HR,HR Coordinator,66400,24,Male,Remote,PhD,1,1.2,6.2,True
EMP-3732,2017-07-18,HR,Recruiter,65900,30,Female,Berlin,Bachelor,2,3.3,5.4,False
EMP-3733,2015-03-03,Sales,SDR,82200,29,Female,Berlin,PhD,3,4.4,2.7,True
EMP-3734,2017-07-19,Finance,Finance Manager,99500,35,Non-binary,London,Bachelor,8,3.3,2.5,True
EMP-3735,2022-11-12,Legal,General Counsel,122900,50,Non-binary,Sydney,High School,24,2.9,7.2,False
EMP-3736,2021-11-14,Finance,Finance Manager,101400,44,Male,London,Master,19,1.0,1.9,True
EMP-3737,2020-05-27,Sales,Sales Manager,118400,51,Male,Remote,High School,5,2.9,1.7,True
EMP-3738,2021-05-13,Legal,Senior Counsel,129900,45,Female,Remote,PhD,11,4.9,2.2,True
EMP-3739,2020-04-26,Sales,Sales Manager,112400,50,Female,New York,Bachelor,6,2.1,6.3,True
EMP-3740,2022-03-13,Marketing,SEO Specialist,102600,53,Female,New York,Master,2,1.4,8.4,True
EMP-3741,2016-01-18,Legal,Paralegal,106300,42,Male,Remote,Bachelor,2,1.6,3.7,True
EMP-3742,2017-02-26,HR,HR Manager,84700,46,Female,Sydney,Master,15,2.9,4.9,False
EMP-3743,2021-10-22,Product,VP of Product,160800,56,Female,Remote,Bachelor,26,3.5,6.2,False
EMP-3744,2021-07-09,Finance,Finance Manager,139300,32,Male,Toronto,High School,3,3.7,2.8,True
EMP-3745,2021-01-04,HR,HR Manager,94000,28,Non-binary,London,Master,6,1.7,4.7,True
EMP-3746,2017-03-28,HR,Recruiter,84900,22,Male,Toronto,Bachelor,1,4.4,7.9,True
EMP-3747,2018-02-09,Sales,VP of Sales,139500,27,Female,New York,PhD,6,1.6,6.1,False
EMP-3748,2023-07-20,Legal,Paralegal,77600,43,Male,London,Master,0,4.4,2.8,True
EMP-3749,2016-07-23,Finance,Finance Manager,106900,58,Non-binary,Toronto,PhD,32,4.3,1.8,False
EMP-3750,2021-11-10,Product,VP of Product,144000,58,Non-binary,Remote,Bachelor,22,3.3,2.7,True
EMP-3751,2022-01-19,HR,HR Director,107400,36,Female,Berlin,High School,8,1.9,7.9,True
EMP-3752,2022-09-23,Marketing,Content Writer,61300,48,Female,New York,High School,4,1.7,1.1,False
EMP-3753,2023-03-30,Product,Senior PM,134700,34,Non-binary,Remote,Bachelor,11,1.5,5.4,True
EMP-3754,2023-05-04,HR,HR Director,101300,27,Non-binary,London,Bachelor,6,2.7,5.4,True
EMP-3755,2023-01-03,Product,Product Analyst,103100,57,Female,Berlin,High School,20,3.8,6.0,True
EMP-3756,2023-07-13,Product,Product Manager,145000,51,Male,Sydney,Bachelor,2,5.0,8.7,True
EMP-3757,2022-12-17,Operations,COO,112400,39,Male,Sydney,High School,16,5.0,6.3,True
EMP-3758,2019-08-26,HR,Recruiter,83500,28,Female,Toronto,High School,5,4.1,9.1,True
EMP-3759,2015-08-18,Operations,COO,90300,57,Male,Remote,Bachelor,20,1.7,7.7,True
EMP-3760,2017-03-28,Legal,Paralegal,108500,48,Male,Toronto,Master,7,2.9,2.0,True
EMP-3761,2021-03-05,Sales,SDR,92000,55,Male,Toronto,High School,29,4.9,3.4,True
EMP-3762,2019-10-02,Engineering,Engineering Manager,187300,22,Non-binary,New York,PhD,1,1.1,2.1,True
EMP-3763,2020-09-26,Product,VP of Product,159700,56,Male,Toronto,High School,1,4.2,8.5,True
EMP-3764,2020-03-25,Sales,VP of Sales,148200,44,Male,Berlin,High School,15,4.8,8.5,True
EMP-3765,2015-07-12,Marketing,SEO Specialist,96700,49,Non-binary,Sydney,PhD,26,1.2,5.8,True
EMP-3766,2016-08-27,Product,VP of Product,183700,25,Male,Sydney,Bachelor,4,5.0,4.8,True
EMP-3767,2020-09-05,Legal,Associate,109000,51,Non-binary,New York,Bachelor,10,3.6,4.8,True
EMP-3768,2020-12-28,Finance,CFO,159000,22,Male,Berlin,High School,1,3.6,2.9,True
EMP-3769,2015-01-11,Marketing,SEO Specialist,102200,46,Male,New York,High School,8,5.0,3.3,False
EMP-3770,2018-02-19,HR,HR Manager,91500,51,Male,Toronto,Master,10,1.6,2.8,True
EMP-3771,2023-07-08,Product,Senior PM,159200,49,Female,Toronto,PhD,20,3.7,7.7,False
EMP-3772,2018-08-02,HR,HR Coordinator,57600,39,Male,Toronto,Master,9,4.9,8.6,True
EMP-3773,2018-01-23,Product,Senior PM,140400,50,Non-binary,Berlin,Master,25,1.2,3.9,True
EMP-3774,2020-04-18,Finance,Analyst,96800,24,Male,Toronto,Master,0,3.6,9.1,True
EMP-3775,2017-08-02,Finance,Accountant,101300,51,Female,New York,High School,28,1.6,8.0,True
EMP-3776,2019-07-31,Marketing,CMO,115800,57,Non-binary,Sydney,Master,9,1.5,7.2,True
EMP-3777,2023-03-28,Legal,Associate,122100,37,Female,London,High School,10,4.9,6.4,True
EMP-3778,2021-08-25,Legal,General Counsel,139700,36,Male,Berlin,PhD,7,2.8,9.6,True
EMP-3779,2020-09-12,Sales,Sales Manager,129900,37,Non-binary,Remote,PhD,12,2.6,6.5,True
EMP-3780,2021-05-14,Engineering,Engineering Manager,181100,29,Female,New York,Master,5,4.5,8.7,True
EMP-3781,2021-09-03,Sales,VP of Sales,120800,47,Female,London,PhD,24,5.0,4.4,True
EMP-3782,2019-12-02,Product,Product Manager,138700,47,Female,Sydney,Bachelor,1,4.4,5.6,True
EMP-3783,2023-10-29,Product,Product Analyst,89800,42,Female,Berlin,High School,1,4.5,7.4,False
EMP-3784,2020-04-09,Engineering,Staff Engineer,149000,39,Non-binary,New York,High School,8,1.8,3.3,True
EMP-3785,2022-10-14,Sales,Sales Manager,91400,27,Non-binary,New York,Master,2,2.3,2.4,True
EMP-3786,2020-04-16,Sales,Sales Manager,93000,40,Female,Berlin,PhD,14,4.5,8.5,True
EMP-3787,2015-02-24,Product,Product Analyst,90100,37,Male,New York,High School,11,3.7,4.4,True
EMP-3788,2017-12-25,Legal,Senior Counsel,151300,58,Non-binary,New York,High School,13,2.2,1.4,False
EMP-3789,2015-08-08,HR,HR Director,109400,58,Male,Toronto,Master,33,1.7,6.7,True
EMP-3790,2023-05-14,Legal,General Counsel,152400,33,Male,Remote,High School,8,1.3,10.0,True
EMP-3791,2018-01-13,Product,Product Analyst,90900,53,Non-binary,New York,Master,3,1.1,3.4,True
EMP-3792,2019-09-18,Marketing,SEO Specialist,103300,50,Non-binary,New York,Bachelor,7,2.0,9.5,True
EMP-3793,2015-12-09,Operations,COO,88300,49,Non-binary,Toronto,PhD,6,1.1,8.9,False
EMP-3794,2021-01-13,Product,Senior PM,128700,52,Female,Remote,Bachelor,4,3.4,6.0,True
EMP-3795,2019-07-26,Operations,Ops Analyst,56300,27,Female,Toronto,PhD,1,2.6,9.5,True
EMP-3796,2017-04-18,Marketing,Content Writer,77800,57,Non-binary,Berlin,High School,1,4.2,5.7,True
EMP-3797,2015-09-10,Finance,Accountant,105700,46,Male,Sydney,Bachelor,8,1.0,2.3,True
EMP-3798,2017-03-26,Finance,CFO,140600,52,Male,New York,PhD,23,4.5,3.7,True
EMP-3799,2016-06-13,Marketing,SEO Specialist,89000,23,Non-binary,New York,Master,1,1.7,2.2,True
EMP-3800,2016-07-29,Operations,Ops Analyst,58700,28,Male,New York,Master,4,4.1,8.5,True
EMP-3801,2019-10-25,Operations,Ops Manager,71700,24,Non-binary,London,PhD,1,2.0,9.6,False
EMP-3802,2016-05-09,Finance,Finance Manager,95300,32,Non-binary,Toronto,Master,4,3.1,3.9,True
EMP-3803,2018-12-13,HR,HR Coordinator,67800,31,Non-binary,Toronto,High School,0,1.4,6.0,True
EMP-3804,2018-11-15,HR,HR Manager,87900,25,Female,New York,High School,2,3.9,8.6,True
EMP-3805,2016-04-04,Sales,SDR,74200,42,Female,New York,PhD,19,1.8,4.8,True
EMP-3806,2018-02-11,Product,VP of Product,155900,52,Non-binary,New York,PhD,14,2.4,4.1,True
EMP-3807,2017-04-01,Sales,Account Executive,109500,46,Female,New York,PhD,7,3.8,6.7,True
EMP-3808,2021-04-20,Marketing,SEO Specialist,93200,51,Female,New York,Master,21,1.2,5.9,True
EMP-3809,2023-03-07,Sales,SDR,72600,24,Non-binary,Toronto,PhD,3,3.2,1.1,True
EMP-3810,2021-10-16,Engineering,Junior Dev,113900,56,Female,Remote,Bachelor,6,2.0,5.0,True
EMP-3811,2015-05-12,Marketing,CMO,123700,38,Non-binary,Sydney,Bachelor,7,2.7,6.3,True
EMP-3812,2015-09-23,Legal,Senior Counsel,148700,28,Male,New York,PhD,7,2.5,2.4,True
EMP-3813,2021-12-30,Legal,Senior Counsel,131300,49,Non-binary,Sydney,PhD,4,3.4,9.7,True
EMP-3814,2016-05-03,Finance,Finance Manager,105000,24,Female,New York,Master,0,1.7,1.5,True
EMP-3815,2020-07-26,HR,HR Coordinator,71800,33,Non-binary,London,High School,11,4.7,4.4,True
EMP-3816,2018-11-03,Marketing,SEO Specialist,75200,50,Male,Toronto,PhD,26,3.6,1.6,True
EMP-3817,2020-01-07,Finance,Analyst,82900,38,Non-binary,New York,High School,17,2.7,2.5,True
EMP-3818,2020-08-20,Operations,COO,82300,33,Non-binary,Remote,Bachelor,3,3.8,8.4,True
EMP-3819,2023-01-14,Legal,Associate,97200,46,Female,Toronto,Bachelor,9,5.0,9.6,True
EMP-3820,2015-09-30,Product,Product Analyst,85700,34,Male,New York,PhD,10,2.8,2.2,False
EMP-3821,2016-01-30,Legal,Senior Counsel,111200,35,Non-binary,Sydney,Master,14,2.0,4.8,True
EMP-3822,2018-03-11,Legal,Paralegal,96500,26,Male,Toronto,PhD,1,3.1,9.7,True
EMP-3823,2018-12-21,Finance,Accountant,97800,58,Non-binary,Berlin,Bachelor,37,3.1,4.6,True
EMP-3824,2016-12-13,Sales,SDR,83200,46,Non-binary,New York,PhD,12,1.3,4.4,True
EMP-3825,2020-04-12,Operations,Ops Manager,81100,27,Male,New York,Bachelor,0,2.7,4.9,True
EMP-3826,2023-09-08,Product,Product Analyst,121900,54,Male,Remote,High School,19,2.5,4.6,True
EMP-3827,2015-02-20,Operations,Ops Manager,95800,50,Non-binary,Toronto,Bachelor,6,2.7,2.7,True
EMP-3828,2017-10-14,Engineering,Staff Engineer,148900,34,Male,London,High School,7,4.3,6.0,True
EMP-3829,2016-11-03,HR,HR Coordinator,72200,28,Non-binary,Sydney,High School,4,2.2,9.5,False
EMP-3830,2018-02-14,HR,Recruiter,72000,36,Non-binary,Remote,High School,4,1.8,2.7,True
EMP-3831,2023-07-30,Operations,COO,111000,37,Male,Berlin,Master,16,1.0,1.8,True
EMP-3832,2022-05-21,Engineering,Senior Dev,102400,48,Male,Sydney,PhD,1,2.8,7.0,True
EMP-3833,2021-11-27,Operations,COO,77800,48,Non-binary,Toronto,High School,19,4.5,8.2,True
EMP-3834,2016-09-30,Legal,Paralegal,108700,39,Non-binary,Toronto,PhD,0,4.9,3.9,True
EMP-3835,2021-11-10,Sales,Account Executive,87900,44,Female,Remote,PhD,14,4.4,9.9,False
EMP-3836,2016-09-03,Finance,Accountant,88200,57,Female,New York,High School,22,4.9,7.3,True
EMP-3837,2016-04-23,Finance,CFO,144800,35,Male,Berlin,Master,12,2.2,5.8,True
EMP-3838,2019-01-05,Engineering,Junior Dev,86300,34,Non-binary,Toronto,High School,4,2.2,9.8,True
EMP-3839,2017-03-20,Marketing,Marketing Manager,105900,28,Non-binary,Sydney,Master,3,3.4,4.6,True
EMP-3840,2020-09-18,Legal,Paralegal,98900,32,Non-binary,Toronto,High School,11,1.5,6.9,True
EMP-3841,2022-11-15,Operations,COO,81300,46,Female,London,PhD,6,2.3,7.6,True
EMP-3842,2021-06-28,Legal,Senior Counsel,144100,30,Female,Remote,High School,6,2.4,3.3,True
EMP-3843,2023-04-21,Legal,Senior Counsel,107600,27,Female,Berlin,Master,3,3.8,7.6,True
EMP-3844,2023-02-08,HR,HR Coordinator,69500,34,Male,New York,Master,13,3.6,2.0,True
EMP-3845,2017-08-01,Marketing,Marketing Manager,105200,50,Female,New York,PhD,1,2.3,10.0,True
EMP-3846,2023-08-25,Engineering,Junior Dev,85500,25,Female,Sydney,Bachelor,3,3.0,7.7,True
EMP-3847,2018-04-15,HR,HR Director,104900,34,Male,New York,Master,2,4.2,5.8,True
EMP-3848,2015-08-09,Product,VP of Product,157300,46,Non-binary,New York,PhD,16,3.2,2.3,True
EMP-3849,2016-11-04,Sales,VP of Sales,105900,32,Female,London,Master,3,4.0,4.9,False
EMP-3850,2018-10-09,Legal,General Counsel,138800,34,Non-binary,Remote,PhD,5,3.1,1.3,True
EMP-3851,2016-07-26,Product,VP of Product,196300,52,Non-binary,Sydney,PhD,17,2.1,8.3,True
EMP-3852,2016-01-30,Sales,SDR,87200,34,Male,Toronto,Master,13,1.0,5.0,True
EMP-3853,2023-03-12,Sales,SDR,85000,32,Male,Remote,High School,4,3.8,2.1,True
EMP-3854,2017-05-25,Product,Senior PM,142400,45,Non-binary,Sydney,Bachelor,5,1.5,5.5,True
EMP-3855,2020-05-20,Sales,Sales Manager,97000,31,Female,New York,PhD,2,1.0,9.9,True
EMP-3856,2015-05-16,Product,VP of Product,153500,57,Female,London,High School,9,3.5,9.0,True
EMP-3857,2021-06-11,Legal,Paralegal,100500,45,Non-binary,New York,Bachelor,24,3.9,7.8,True
EMP-3858,2017-11-04,Marketing,Content Writer,76600,40,Non-binary,Remote,Bachelor,12,1.6,2.9,True
EMP-3859,2015-03-19,Operations,COO,82600,49,Female,Toronto,Bachelor,0,5.0,4.4,False
EMP-3860,2022-03-13,Marketing,Content Writer,63700,27,Male,Sydney,PhD,2,2.2,9.2,True
EMP-3861,2015-07-22,Operations,Ops Analyst,71900,29,Female,Berlin,PhD,5,2.6,8.2,True
EMP-3862,2023-09-18,HR,HR Director,92900,40,Female,London,High School,1,3.8,9.0,True
EMP-3863,2021-09-13,Marketing,CMO,125000,49,Non-binary,Sydney,Master,6,3.0,8.9,True
EMP-3864,2015-04-30,Engineering,Junior Dev,86000,41,Female,London,PhD,19,4.6,1.4,True
EMP-3865,2020-11-01,Product,Product Analyst,104200,34,Male,Remote,PhD,6,4.7,3.2,True
EMP-3866,2023-03-17,Engineering,Lead Engineer,148500,57,Male,Toronto,Bachelor,14,1.2,4.2,True
EMP-3867,2023-03-02,Operations,COO,80700,36,Male,Berlin,PhD,11,1.5,1.2,True
EMP-3868,2018-11-11,Sales,SDR,87000,55,Female,New York,Bachelor,0,3.9,5.8,True
EMP-3869,2017-02-22,Operations,Ops Manager,80600,47,Non-binary,Toronto,High School,7,2.6,2.9,False
EMP-3870,2015-10-17,Product,VP of Product,145200,44,Non-binary,New York,Master,6,3.5,2.3,True
EMP-3871,2022-12-27,Operations,Ops Analyst,72700,52,Male,Toronto,PhD,22,1.4,7.7,False
EMP-3872,2017-10-03,Marketing,SEO Specialist,100000,25,Male,New York,High School,3,4.3,5.1,False
EMP-3873,2015-06-14,Marketing,Marketing Manager,120200,46,Female,Berlin,Master,13,4.2,8.0,True
EMP-3874,2019-06-29,HR,HR Director,113200,35,Male,London,Master,14,3.0,8.8,False
EMP-3875,2022-07-13,Product,Product Manager,147900,49,Female,Sydney,PhD,10,1.4,4.1,True
EMP-3876,2021-10-29,Product,Product Analyst,106200,46,Female,Berlin,Bachelor,24,2.9,4.0,True
EMP-3877,2018-07-02,Product,Product Analyst,98000,40,Female,London,PhD,8,2.2,7.9,True
EMP-3878,2022-07-29,HR,Recruiter,63100,44,Female,Toronto,Bachelor,12,3.5,2.9,True
EMP-3879,2017-06-09,HR,HR Director,97000,58,Female,Toronto,PhD,32,1.4,1.9,False
EMP-3880,2015-10-31,Product,Product Manager,120400,24,Female,Berlin,High School,3,4.0,6.1,True
EMP-3881,2018-11-09,Legal,Paralegal,83600,24,Male,Remote,High School,3,3.4,2.7,True
EMP-3882,2016-03-30,HR,HR Manager,93500,51,Male,Berlin,PhD,13,1.1,9.9,True
EMP-3883,2022-09-07,Sales,VP of Sales,141600,51,Male,Toronto,High School,2,2.0,4.9,True
EMP-3884,2023-12-04,Product,Product Analyst,117000,44,Male,New York,High School,9,3.2,9.8,True
EMP-3885,2018-10-08,Marketing,Marketing Manager,98400,51,Non-binary,New York,High School,4,3.1,5.3,True
EMP-3886,2019-04-28,HR,Recruiter,82000,31,Male,Remote,PhD,0,3.8,9.8,True
EMP-3887,2023-07-25,Finance,Finance Manager,133000,49,Female,Toronto,Bachelor,16,2.8,1.1,True
EMP-3888,2021-12-03,Product,Product Analyst,116400,49,Female,Berlin,Bachelor,15,1.6,9.5,True
EMP-3889,2018-09-01,Finance,CFO,116300,57,Non-binary,Toronto,PhD,21,4.1,3.8,True
EMP-3890,2022-11-24,Marketing,SEO Specialist,98600,52,Non-binary,Toronto,PhD,4,2.4,4.0,True
EMP-3891,2022-08-09,HR,HR Coordinator,71100,41,Female,Sydney,Bachelor,18,3.5,8.5,True
EMP-3892,2017-09-20,HR,Recruiter,61500,34,Female,Remote,Master,11,1.0,7.0,True
EMP-3893,2022-04-05,Operations,COO,83600,41,Male,Sydney,Bachelor,2,3.6,6.0,True
EMP-3894,2017-12-10,Legal,Associate,101000,43,Male,Berlin,High School,21,3.2,9.7,True
EMP-3895,2021-01-04,Marketing,SEO Specialist,71500,28,Male,Berlin,PhD,5,4.2,3.9,True
EMP-3896,2022-07-04,Marketing,SEO Specialist,89900,43,Female,London,Bachelor,12,1.4,5.4,True
EMP-3897,2021-07-22,Legal,Senior Counsel,116900,47,Female,London,PhD,7,4.3,6.6,True
EMP-3898,2023-09-18,Sales,VP of Sales,125000,39,Non-binary,New York,Master,11,4.2,3.5,True
EMP-3899,2017-03-17,Engineering,Lead Engineer,141300,35,Female,Remote,High School,2,3.3,3.9,True
EMP-3900,2017-10-13,Engineering,Senior Dev,97800,32,Female,Toronto,Bachelor,8,4.3,6.7,True
EMP-3901,2016-08-18,Sales,Sales Manager,100900,34,Non-binary,Remote,Master,4,1.5,7.5,True
EMP-3902,2015-04-10,Finance,Finance Manager,104000,25,Non-binary,Berlin,PhD,2,2.8,8.3,True
EMP-3903,2022-02-01,Legal,Associate,118200,46,Female,New York,Bachelor,8,4.9,9.4,True
EMP-3904,2015-11-01,Legal,Senior Counsel,153600,50,Male,New York,Master,3,1.6,8.2,True
EMP-3905,2020-04-03,Sales,VP of Sales,116700,31,Non-binary,Berlin,Bachelor,7,1.8,7.5,True
EMP-3906,2023-11-05,Operations,Ops Manager,85900,47,Female,Berlin,Bachelor,18,1.9,4.7,True
EMP-3907,2019-06-24,Operations,Ops Analyst,71700,38,Non-binary,Remote,Master,6,4.6,7.5,False
EMP-3908,2017-02-03,Operations,Ops Manager,88000,41,Male,Remote,PhD,1,1.7,3.2,True
EMP-3909,2018-04-17,Legal,Senior Counsel,142200,54,Female,New York,Bachelor,33,3.1,6.1,True
EMP-3910,2018-09-09,Legal,Senior Counsel,112300,22,Non-binary,New York,Master,0,1.7,6.3,True
EMP-3911,2022-07-04,HR,Recruiter,68200,42,Female,Remote,Master,17,1.1,6.1,True
EMP-3912,2023-05-26,Legal,Paralegal,106500,55,Non-binary,Remote,Master,18,2.9,7.4,True
EMP-3913,2021-02-05,HR,HR Coordinator,53800,53,Non-binary,London,Bachelor,23,3.8,6.6,True
EMP-3914,2020-09-08,Finance,Accountant,90500,47,Male,London,Bachelor,4,2.9,7.2,True
EMP-3915,2021-08-23,Engineering,Engineering Manager,171400,34,Non-binary,Toronto,High School,10,2.4,3.3,True
EMP-3916,2018-04-23,Operations,Ops Analyst,73800,32,Male,Toronto,PhD,4,2.6,4.9,True
EMP-3917,2021-07-17,Legal,Senior Counsel,134200,43,Male,Berlin,PhD,1,3.3,7.2,True
EMP-3918,2015-08-25,Engineering,Lead Engineer,161900,57,Female,London,High School,30,1.9,5.9,True
EMP-3919,2015-11-26,Legal,General Counsel,159400,44,Non-binary,Toronto,Master,4,3.1,6.2,True
EMP-3920,2018-03-07,Operations,Ops Analyst,68400,25,Female,New York,High School,3,2.6,9.5,True
EMP-3921,2023-10-09,Engineering,Lead Engineer,135300,56,Female,Berlin,Master,27,1.5,8.6,True
EMP-3922,2018-04-20,Sales,Account Executive,101500,42,Non-binary,Sydney,Master,15,2.1,9.6,True
EMP-3923,2018-02-09,Sales,SDR,79600,47,Male,Berlin,PhD,24,3.5,8.3,True
EMP-3924,2019-12-16,Legal,General Counsel,167000,48,Non-binary,Berlin,High School,0,3.3,3.5,True
EMP-3925,2019-03-01,HR,HR Manager,71500,51,Female,Sydney,High School,12,2.1,7.6,False
EMP-3926,2021-03-19,Engineering,Junior Dev,107300,39,Male,Berlin,High School,2,2.0,8.8,True
EMP-3927,2023-10-26,Sales,SDR,70800,52,Non-binary,London,Master,31,4.7,4.4,True
EMP-3928,2018-06-17,Sales,VP of Sales,148400,50,Non-binary,London,High School,18,4.8,7.3,True
EMP-3929,2023-05-23,Engineering,Staff Engineer,158700,28,Non-binary,Berlin,Master,3,3.0,3.3,True
EMP-3930,2022-11-25,Engineering,Senior Dev,114000,44,Male,London,Bachelor,4,5.0,1.0,True
EMP-3931,2023-12-26,Product,Product Analyst,123000,58,Male,Berlin,Master,23,3.1,3.8,True
EMP-3932,2020-11-26,Product,Senior PM,171600,46,Male,London,Bachelor,4,2.4,5.8,True
EMP-3933,2016-07-11,Engineering,Staff Engineer,166500,38,Female,New York,PhD,9,3.0,9.8,True
EMP-3934,2020-12-10,Finance,Accountant,90900,34,Female,London,PhD,1,3.2,4.4,False
EMP-3935,2020-02-10,Operations,Ops Manager,77600,43,Non-binary,Toronto,High School,7,2.0,8.3,True
EMP-3936,2021-06-07,Legal,Associate,95400,55,Male,Sydney,High School,17,4.4,2.3,False
EMP-3937,2020-12-01,Finance,Analyst,97500,30,Non-binary,Sydney,Bachelor,5,4.4,7.3,True
EMP-3938,2022-10-08,Legal,Senior Counsel,127600,39,Non-binary,London,PhD,6,1.7,1.6,True
EMP-3939,2021-01-11,Operations,COO,103600,37,Non-binary,New York,High School,9,1.3,9.1,True
EMP-3940,2019-08-08,Engineering,Junior Dev,104700,22,Male,London,PhD,0,4.9,9.2,True
EMP-3941,2015-06-07,HR,Recruiter,84400,41,Male,Berlin,Bachelor,12,3.0,1.9,True
EMP-3942,2020-09-12,Sales,SDR,65900,55,Non-binary,New York,Master,31,3.8,2.5,True
EMP-3943,2022-11-15,Engineering,Lead Engineer,151300,28,Non-binary,Remote,Master,0,4.7,1.4,True
EMP-3944,2021-04-05,Finance,Accountant,98200,55,Non-binary,Sydney,Bachelor,25,2.5,5.8,True
EMP-3945,2016-03-14,HR,HR Director,89500,43,Male,New York,Bachelor,18,2.4,2.9,True
EMP-3946,2019-11-24,Sales,Sales Manager,102300,49,Male,Remote,Master,15,2.3,7.7,False
EMP-3947,2015-06-07,Marketing,CMO,132500,48,Male,New York,Master,3,4.5,9.6,True
EMP-3948,2015-11-04,HR,HR Manager,80100,47,Male,Remote,Master,14,4.8,5.2,True
EMP-3949,2019-08-31,HR,HR Manager,97000,42,Male,Sydney,High School,14,3.1,8.1,True
EMP-3950,2022-09-22,Legal,Senior Counsel,127500,42,Female,Remote,PhD,0,3.3,9.1,True
EMP-3951,2021-04-26,Engineering,Engineering Manager,174400,50,Male,Sydney,Master,10,4.8,4.0,True
EMP-3952,2016-04-06,Marketing,SEO Specialist,89800,42,Female,Berlin,Bachelor,9,2.2,2.3,True
EMP-3953,2017-10-29,Legal,General Counsel,155600,43,Male,Berlin,Master,18,1.7,7.3,True
EMP-3954,2017-01-30,Finance,Finance Manager,120000,54,Female,Sydney,Master,6,4.7,4.7,True
EMP-3955,2015-04-23,Sales,Sales Manager,103200,36,Non-binary,Toronto,Bachelor,0,4.0,1.1,True
EMP-3956,2022-01-03,Legal,Associate,107900,23,Non-binary,Remote,PhD,0,3.4,2.5,True
EMP-3957,2019-01-24,Product,Senior PM,160400,43,Non-binary,Remote,High School,18,3.0,7.6,False
EMP-3958,2016-01-17,Product,VP of Product,156400,31,Female,Sydney,Bachelor,6,2.0,5.6,False
EMP-3959,2020-06-05,Legal,Associate,110700,39,Female,Sydney,Master,7,4.2,8.7,False
EMP-3960,2018-11-23,HR,HR Director,104600,50,Female,Toronto,Master,6,3.5,5.9,False
EMP-3961,2015-01-16,Sales,Sales Manager,92400,55,Female,Remote,High School,17,1.6,5.9,True
EMP-3962,2019-03-16,Finance,Analyst,74000,42,Female,Toronto,High School,15,2.8,9.8,True
EMP-3963,2017-09-03,Legal,Associate,115800,50,Female,London,Bachelor,17,3.2,1.4,True
EMP-3964,2016-10-21,Sales,Account Executive,102100,35,Male,Sydney,High School,10,2.5,4.3,True
EMP-3965,2021-06-10,Operations,Ops Analyst,59600,56,Female,Sydney,Bachelor,1,2.5,4.5,True
EMP-3966,2018-08-21,Sales,Account Executive,108000,46,Female,Remote,High School,23,1.7,5.8,True
EMP-3967,2016-09-08,HR,Recruiter,85100,40,Female,Sydney,Master,14,2.5,5.4,True
EMP-3968,2017-12-29,Finance,CFO,154000,57,Female,Sydney,Bachelor,18,4.1,4.9,True
EMP-3969,2020-11-28,Finance,CFO,119100,34,Male,Sydney,Master,10,1.9,5.8,True
EMP-3970,2015-04-14,Finance,CFO,150500,56,Male,London,Master,5,2.3,2.7,True
EMP-3971,2016-03-07,Product,VP of Product,154300,23,Male,Sydney,Master,1,3.5,2.5,True
EMP-3972,2020-02-06,Sales,Account Executive,78400,49,Female,Berlin,PhD,7,2.9,3.1,True
EMP-3973,2019-06-20,Legal,General Counsel,133800,37,Male,Berlin,Master,0,1.0,2.3,True
EMP-3974,2016-06-27,Marketing,Content Writer,76000,51,Non-binary,New York,Bachelor,7,2.0,3.6,True
EMP-3975,2020-09-25,Operations,Ops Analyst,63800,37,Male,Toronto,PhD,15,4.4,9.7,True
EMP-3976,2015-10-03,Finance,Finance Manager,129000,42,Male,Sydney,Master,20,1.3,5.3,True
EMP-3977,2023-10-17,Finance,CFO,138300,41,Non-binary,Sydney,Bachelor,3,4.0,1.7,True
EMP-3978,2015-11-16,HR,HR Coordinator,57200,36,Male,Remote,Master,3,2.8,2.8,True
EMP-3979,2020-10-24,HR,HR Director,87300,49,Female,Sydney,PhD,27,4.6,4.2,False
EMP-3980,2016-09-04,Engineering,Senior Dev,116700,52,Non-binary,Remote,High School,17,1.3,5.9,True
EMP-3981,2019-10-25,Finance,Finance Manager,114700,23,Non-binary,Remote,Bachelor,2,4.2,4.1,True
EMP-3982,2015-06-06,Engineering,Junior Dev,114300,34,Female,London,Bachelor,9,4.5,9.9,True
EMP-3983,2022-10-29,Finance,Finance Manager,119000,58,Female,Berlin,Master,1,1.8,1.4,True
EMP-3984,2023-09-24,Legal,General Counsel,154600,37,Female,Sydney,Bachelor,10,3.7,9.5,True
EMP-3985,2019-10-22,Sales,SDR,80800,53,Female,Sydney,Bachelor,4,4.0,3.3,False
EMP-3986,2018-11-08,Legal,Senior Counsel,122700,32,Male,Toronto,Master,10,2.7,3.6,True
EMP-3987,2015-11-06,Legal,Associate,98700,40,Non-binary,Remote,Master,10,5.0,8.7,True
EMP-3988,2021-10-27,HR,HR Director,96600,46,Male,Toronto,PhD,5,4.9,7.3,True
EMP-3989,2016-04-03,Sales,Sales Manager,121200,47,Male,Sydney,High School,14,3.8,8.9,True
EMP-3990,2019-01-28,HR,Recruiter,76100,45,Male,Sydney,PhD,2,3.6,6.5,True
EMP-3991,2018-03-14,Sales,SDR,77400,44,Female,New York,Bachelor,2,4.1,1.2,True
EMP-3992,2023-08-11,Product,Senior PM,129200,22,Female,London,Bachelor,0,1.7,2.7,True
EMP-3993,2017-04-23,Operations,Ops Analyst,56500,48,Female,London,High School,8,2.1,2.0,True
EMP-3994,2015-12-10,Finance,Analyst,69900,34,Female,New York,High School,5,1.4,6.7,True
EMP-3995,2017-04-18,Finance,Accountant,88400,50,Female,Toronto,High School,21,3.6,5.8,True
EMP-3996,2017-12-15,Finance,Accountant,87100,50,Non-binary,Berlin,Bachelor,26,4.1,8.0,False
EMP-3997,2020-05-05,Sales,Account Executive,101800,39,Female,Toronto,High School,8,4.8,5.9,True
EMP-3998,2015-04-25,Operations,Ops Manager,71100,41,Non-binary,Berlin,Master,9,1.6,7.6,False
EMP-3999,2022-07-27,HR,Recruiter,64700,29,Male,Remote,Bachelor,5,2.3,8.5,False
EMP-4000,2023-07-08,Finance,Analyst,77900,45,Non-binary,London,PhD,16,4.0,9.3,True
EMP-4001,2018-10-25,Legal,Paralegal,109200,22,Female,Toronto,PhD,0,3.8,8.7,True
EMP-4002,2017-10-20,Legal,Senior Counsel,149300,34,Non-binary,Berlin,Bachelor,8,4.9,8.6,False
EMP-4003,2017-10-30,Marketing,Marketing Manager,102200,41,Male,Sydney,Bachelor,0,4.2,8.9,True
EMP-4004,2015-11-03,Engineering,Junior Dev,115400,38,Female,Berlin,Master,11,4.9,6.3,True
EMP-4005,2018-09-15,Engineering,Senior Dev,115700,38,Male,Toronto,High School,11,4.7,8.7,True
EMP-4006,2019-05-04,HR,Recruiter,67700,56,Male,Berlin,High School,35,4.7,4.1,True
EMP-4007,2015-09-05,Marketing,CMO,114600,41,Male,London,Bachelor,16,1.9,6.4,True
EMP-4008,2020-04-01,Finance,Finance Manager,102400,32,Non-binary,Toronto,PhD,1,1.4,5.6,True
EMP-4009,2019-05-18,Finance,Analyst,85300,42,Female,London,Bachelor,17,1.9,7.3,True
EMP-4010,2023-04-15,Legal,Paralegal,99300,34,Non-binary,London,High School,4,2.6,3.4,True
EMP-4011,2018-02-10,Operations,Ops Manager,72800,54,Male,Sydney,Bachelor,10,3.4,8.4,True
EMP-4012,2023-03-03,Engineering,Senior Dev,107000,58,Male,London,High School,37,2.3,6.5,False
EMP-4013,2016-05-28,Marketing,Content Writer,61700,28,Female,London,Bachelor,3,3.8,1.3,True
EMP-4014,2023-04-26,Finance,CFO,133300,37,Non-binary,Sydney,PhD,3,4.6,3.4,True
EMP-4015,2016-01-17,Marketing,CMO,117700,57,Male,Toronto,Master,36,3.9,2.2,True
EMP-4016,2022-08-14,Legal,Senior Counsel,117900,38,Female,Sydney,Master,14,5.0,2.4,True
EMP-4017,2018-11-04,Finance,Accountant,106300,56,Non-binary,Remote,Bachelor,26,4.3,5.1,True
EMP-4018,2015-04-18,Marketing,Content Writer,66100,53,Female,Sydney,Bachelor,20,4.9,8.2,True
EMP-4019,2015-06-16,Engineering,Lead Engineer,113100,34,Female,New York,Bachelor,11,1.9,3.3,True
EMP-4020,2016-06-11,Marketing,SEO Specialist,98800,39,Non-binary,Toronto,Bachelor,0,1.7,2.8,False
EMP-4021,2015-10-28,Sales,VP of Sales,131700,43,Female,Sydney,PhD,19,4.3,3.7,True
EMP-4022,2020-06-01,HR,Recruiter,62700,40,Non-binary,Toronto,PhD,6,2.2,4.8,True
EMP-4023,2023-11-13,HR,HR Coordinator,54800,43,Non-binary,New York,PhD,7,2.6,2.6,True
EMP-4024,2015-09-10,Engineering,Senior Dev,102100,29,Male,London,Bachelor,2,2.5,7.2,True
EMP-4025,2015-08-05,Engineering,Junior Dev,90800,49,Non-binary,London,Bachelor,18,2.1,6.1,True
EMP-4026,2021-07-17,Operations,Ops Analyst,57600,49,Non-binary,London,PhD,16,2.5,9.7,False
EMP-4027,2022-05-22,Legal,Paralegal,87900,49,Female,Toronto,Bachelor,17,1.9,3.9,True
EMP-4028,2019-11-01,Legal,Associate,132800,34,Male,Berlin,PhD,1,4.3,4.8,True
EMP-4029,2018-05-01,Sales,Sales Manager,98900,56,Male,Berlin,PhD,28,1.0,8.6,True
EMP-4030,2015-10-10,Sales,VP of Sales,106900,38,Male,London,Bachelor,2,2.1,8.2,True
EMP-4031,2017-09-17,Marketing,Content Writer,69700,39,Male,Remote,PhD,8,2.4,6.8,True
EMP-4032,2021-10-22,Engineering,Staff Engineer,139600,27,Non-binary,Berlin,Master,6,2.9,7.6,True
EMP-4033,2016-10-11,Operations,COO,106300,25,Non-binary,Remote,Master,0,1.8,9.8,False
EMP-4034,2015-02-23,Sales,VP of Sales,143800,52,Female,Sydney,Master,5,1.2,4.9,True
EMP-4035,2015-04-14,Marketing,Marketing Manager,102800,37,Non-binary,Remote,Bachelor,11,2.4,8.5,True
EMP-4036,2016-07-04,Product,VP of Product,178400,36,Non-binary,Toronto,Bachelor,1,1.9,7.0,True
EMP-4037,2016-08-23,Finance,Accountant,102000,29,Male,London,Master,7,2.3,9.1,True
EMP-4038,2021-09-27,Operations,COO,89900,24,Male,Remote,PhD,0,1.8,6.9,True
EMP-4039,2019-07-23,Legal,Associate,111200,23,Female,London,High School,0,1.4,1.4,True
EMP-4040,2018-05-09,Legal,Senior Counsel,156800,57,Female,London,Bachelor,30,3.3,5.1,True
EMP-4041,2019-01-30,Legal,Senior Counsel,136700,41,Male,New York,Master,13,3.5,8.9,False
EMP-4042,2022-04-12,Operations,COO,94500,30,Non-binary,Remote,Bachelor,1,2.2,6.9,True
EMP-4043,2018-12-21,Finance,Accountant,103200,53,Non-binary,London,PhD,4,4.7,9.6,True
EMP-4044,2015-04-11,HR,Recruiter,77000,42,Female,Berlin,High School,17,1.9,8.4,True
EMP-4045,2015-05-10,Operations,Ops Manager,79000,30,Female,Toronto,High School,1,4.8,1.6,True
EMP-4046,2016-11-20,Operations,COO,81600,51,Non-binary,Sydney,PhD,0,2.3,9.7,True
EMP-4047,2018-12-17,Sales,VP of Sales,124600,47,Female,Sydney,Master,1,4.7,8.8,True
EMP-4048,2017-02-23,Finance,Accountant,86700,34,Non-binary,Sydney,PhD,1,4.9,10.0,True
EMP-4049,2019-08-29,HR,HR Coordinator,72300,30,Non-binary,Sydney,High School,9,3.6,6.1,True
EMP-4050,2016-09-11,HR,HR Coordinator,74700,47,Non-binary,New York,Master,11,1.0,1.0,True
EMP-4051,2022-04-16,Engineering,Engineering Manager,200400,55,Female,Remote,PhD,8,3.1,9.6,True
EMP-4052,2017-05-03,Operations,COO,99700,55,Female,Berlin,High School,6,4.6,8.3,True
EMP-4053,2020-06-27,HR,HR Manager,104500,49,Male,Berlin,High School,13,2.2,8.2,True
EMP-4054,2023-02-22,Marketing,SEO Specialist,103400,25,Non-binary,Remote,High School,4,2.9,1.9,False
EMP-4055,2016-03-15,Operations,Ops Analyst,59700,54,Non-binary,Sydney,Master,8,2.2,8.5,True
EMP-4056,2016-12-06,Engineering,Staff Engineer,183600,39,Non-binary,London,High School,12,4.8,8.0,True
EMP-4057,2022-01-11,Finance,Finance Manager,97400,44,Male,Sydney,Master,5,4.9,8.0,True
EMP-4058,2020-05-05,Product,VP of Product,176300,25,Non-binary,New York,Master,0,2.8,1.5,True
EMP-4059,2023-09-26,Engineering,Lead Engineer,113800,49,Non-binary,Toronto,Bachelor,5,2.2,9.8,True
EMP-4060,2015-07-31,HR,HR Manager,73700,31,Non-binary,London,Bachelor,0,2.7,2.1,False
EMP-4061,2017-11-04,HR,HR Manager,91900,55,Female,Berlin,Master,14,1.9,3.0,True
EMP-4062,2019-04-09,Engineering,Senior Dev,136400,35,Non-binary,London,High School,8,1.9,1.1,True
EMP-4063,2016-10-02,Product,Senior PM,123100,57,Non-binary,Toronto,Master,19,3.5,1.2,True
EMP-4064,2019-11-12,Product,Senior PM,174800,55,Male,Remote,Master,29,2.1,5.2,True
EMP-4065,2023-08-27,Sales,SDR,88800,47,Female,Sydney,High School,3,3.5,6.8,True
EMP-4066,2023-12-02,Finance,Analyst,92300,58,Non-binary,Remote,Master,28,3.6,8.0,False
EMP-4067,2015-06-26,Marketing,Content Writer,86100,37,Female,Berlin,High School,1,3.4,2.9,False
EMP-4068,2017-08-01,HR,Recruiter,64300,37,Non-binary,London,Master,10,4.4,1.3,True
EMP-4069,2023-04-14,Engineering,Junior Dev,85100,34,Female,Remote,PhD,4,1.4,7.5,True
EMP-4070,2018-01-31,Finance,CFO,119300,51,Non-binary,Sydney,Bachelor,21,2.2,3.8,True
EMP-4071,2016-12-14,Legal,Paralegal,96300,47,Non-binary,Berlin,High School,11,2.8,5.4,True
EMP-4072,2022-04-11,HR,Recruiter,68100,56,Male,Toronto,Master,30,3.4,4.6,True
EMP-4073,2021-06-27,HR,HR Coordinator,73700,29,Female,New York,Master,0,2.2,7.6,True
EMP-4074,2021-02-02,HR,Recruiter,62600,56,Male,New York,Bachelor,27,3.6,4.0,False
EMP-4075,2015-10-12,Product,Product Analyst,117900,22,Non-binary,Sydney,Master,1,2.2,8.3,True
EMP-4076,2017-03-24,Legal,Associate,134100,50,Non-binary,Berlin,Master,27,1.8,1.1,True
EMP-4077,2023-02-21,Product,VP of Product,142400,48,Male,Sydney,PhD,5,3.8,5.7,True
EMP-4078,2022-09-01,Legal,Associate,128700,58,Non-binary,Berlin,Master,4,4.6,1.7,True
EMP-4079,2018-03-22,Operations,COO,102800,26,Male,Berlin,Bachelor,0,3.9,6.9,False
EMP-4080,2015-02-19,Product,Product Manager,127600,41,Non-binary,Toronto,PhD,2,2.1,8.1,True
EMP-4081,2023-04-18,Engineering,Senior Dev,122800,37,Female,Sydney,High School,15,4.7,4.4,True
EMP-4082,2016-12-26,Product,Product Manager,119800,55,Female,Sydney,High School,30,2.8,9.2,True
EMP-4083,2022-02-04,Operations,Ops Analyst,65200,35,Non-binary,London,Bachelor,10,4.4,6.0,True
EMP-4084,2019-07-17,HR,HR Coordinator,54800,48,Non-binary,Remote,Master,12,2.1,3.8,True
EMP-4085,2018-02-26,Engineering,Junior Dev,81400,58,Female,Toronto,High School,29,4.0,5.6,True
EMP-4086,2016-06-19,Operations,Ops Manager,89100,37,Male,Remote,Bachelor,10,4.3,3.9,True
EMP-4087,2020-03-13,Finance,Analyst,92100,31,Female,Berlin,Bachelor,3,1.3,4.4,True
EMP-4088,2017-06-01,Product,Product Manager,104400,30,Non-binary,London,Master,6,1.7,9.2,True
EMP-4089,2021-05-28,Finance,Accountant,109300,42,Male,Sydney,High School,0,2.2,7.0,True
EMP-4090,2023-02-12,Finance,Finance Manager,110600,33,Male,Toronto,Master,4,2.6,5.7,True
EMP-4091,2017-03-28,Marketing,Marketing Manager,104200,47,Non-binary,New York,Bachelor,7,3.1,2.3,True
EMP-4092,2020-09-18,Finance,Finance Manager,99900,41,Non-binary,Berlin,Master,8,4.0,6.0,True
EMP-4093,2020-05-01,Legal,Paralegal,95700,53,Female,New York,Master,9,3.9,5.4,True
EMP-4094,2022-01-06,Engineering,Senior Dev,97300,23,Female,Berlin,Master,1,4.9,9.3,True
EMP-4095,2020-01-01,Marketing,CMO,122300,51,Female,Sydney,Master,28,3.1,6.7,True
EMP-4096,2022-02-09,Sales,SDR,69800,22,Non-binary,New York,Bachelor,1,3.5,4.2,True
EMP-4097,2015-11-14,Legal,General Counsel,123300,52,Non-binary,London,Bachelor,11,1.4,9.5,True
EMP-4098,2018-02-16,Legal,Associate,95500,44,Non-binary,Berlin,Bachelor,7,3.9,1.2,True
EMP-4099,2017-09-06,Product,Product Analyst,119500,51,Female,Sydney,PhD,12,3.6,2.4,True
EMP-4100,2022-08-06,Legal,General Counsel,164400,33,Female,Berlin,Master,8,4.9,7.6,True
EMP-4101,2016-04-04,Product,Senior PM,137500,56,Female,New York,PhD,2,4.9,6.5,True
EMP-4102,2023-08-03,Marketing,CMO,116700,41,Non-binary,Berlin,Bachelor,0,4.0,7.1,False
EMP-4103,2023-08-20,Sales,Sales Manager,100000,32,Female,Berlin,High School,5,3.7,7.7,True
EMP-4104,2021-07-19,Engineering,Senior Dev,99500,43,Female,Berlin,Bachelor,22,2.3,9.4,True
EMP-4105,2017-03-09,Product,VP of Product,177800,31,Non-binary,Berlin,Master,7,3.2,7.2,True
EMP-4106,2018-07-18,Marketing,Content Writer,65200,32,Female,London,Master,1,1.7,2.6,True
EMP-4107,2021-01-15,Marketing,CMO,135600,45,Non-binary,Sydney,Bachelor,19,3.1,8.0,True
EMP-4108,2017-01-26,Finance,CFO,114000,45,Male,Berlin,PhD,15,2.9,7.5,True
EMP-4109,2022-08-31,Finance,Analyst,95100,42,Non-binary,Toronto,High School,2,4.9,3.1,True
EMP-4110,2019-09-23,Product,Product Analyst,118100,36,Non-binary,New York,PhD,11,1.0,9.4,True
EMP-4111,2018-09-05,Marketing,Content Writer,84900,26,Male,Remote,High School,3,1.1,3.2,True
EMP-4112,2023-04-21,Operations,Ops Manager,88600,28,Female,Remote,Master,3,3.4,1.4,True
EMP-4113,2018-11-17,Legal,General Counsel,156500,36,Non-binary,Berlin,PhD,6,2.5,3.0,True
EMP-4114,2016-06-30,Product,Senior PM,139000,58,Female,Toronto,Master,34,3.3,5.9,True
EMP-4115,2020-09-29,HR,Recruiter,75700,52,Non-binary,London,PhD,30,3.9,3.7,True
EMP-4116,2023-10-02,Engineering,Junior Dev,93300,30,Male,Toronto,Master,2,1.2,4.0,True
EMP-4117,2015-05-30,Finance,Accountant,116200,55,Non-binary,Remote,High School,33,4.9,6.6,True
EMP-4118,2021-07-23,Operations,Ops Analyst,60300,22,Non-binary,Remote,Master,0,4.3,5.8,True
EMP-4119,2019-08-21,Finance,Finance Manager,129700,32,Male,New York,Master,10,1.8,4.9,True
EMP-4120,2022-01-24,Finance,Finance Manager,113200,42,Non-binary,New York,PhD,10,5.0,5.7,True
EMP-4121,2015-01-17,Engineering,Junior Dev,117300,49,Non-binary,Remote,Master,27,3.2,5.3,True
EMP-4122,2021-05-22,Engineering,Junior Dev,109400,42,Non-binary,Remote,Master,15,3.8,6.8,True
EMP-4123,2019-04-06,Legal,General Counsel,130800,52,Non-binary,London,Bachelor,23,3.6,8.1,True
EMP-4124,2023-03-08,Product,Product Manager,138800,45,Non-binary,Toronto,Master,13,4.3,2.3,True
EMP-4125,2015-06-24,Product,VP of Product,169800,50,Male,Toronto,PhD,13,3.6,8.8,False
EMP-4126,2020-07-11,Engineering,Staff Engineer,166400,57,Non-binary,New York,PhD,14,3.5,7.8,True
EMP-4127,2016-07-16,Operations,Ops Analyst,81200,22,Male,Sydney,High School,0,4.3,2.5,False
EMP-4128,2018-08-23,Finance,Accountant,106800,45,Non-binary,New York,PhD,23,4.4,1.0,True
EMP-4129,2023-02-02,HR,HR Director,108200,44,Male,Remote,PhD,21,1.1,1.1,True
EMP-4130,2018-10-08,Engineering,Junior Dev,81200,33,Male,Toronto,High School,7,1.7,2.3,False
EMP-4131,2022-12-07,Marketing,Content Writer,61300,30,Male,New York,Bachelor,0,1.5,1.1,False
EMP-4132,2019-06-22,Engineering,Engineering Manager,168800,23,Non-binary,New York,PhD,2,2.0,9.0,True
EMP-4133,2021-05-04,Operations,COO,83000,30,Male,Remote,High School,0,4.5,5.4,True
EMP-4134,2023-09-27,Engineering,Lead Engineer,147900,37,Non-binary,Remote,Bachelor,16,4.5,7.0,False
EMP-4135,2020-03-03,Engineering,Engineering Manager,148500,34,Male,New York,PhD,7,1.2,5.3,True
EMP-4136,2022-09-29,Product,Senior PM,142200,51,Non-binary,Sydney,High School,13,3.9,3.2,True
EMP-4137,2016-11-23,Marketing,SEO Specialist,73000,40,Non-binary,New York,PhD,13,2.1,1.5,False
EMP-4138,2017-07-28,Finance,CFO,113700,58,Female,Sydney,PhD,4,1.1,1.3,False
EMP-4139,2018-10-07,Engineering,Senior Dev,132200,25,Female,Sydney,High School,4,1.1,2.3,True
EMP-4140,2022-03-17,Finance,Analyst,92700,30,Non-binary,Remote,High School,0,1.0,8.3,True
EMP-4141,2023-01-03,Operations,Ops Analyst,60600,48,Non-binary,Berlin,Master,13,2.2,1.3,True
EMP-4142,2019-11-15,HR,HR Director,114400,37,Male,Berlin,High School,9,1.1,8.0,True
EMP-4143,2015-03-26,Finance,Finance Manager,104300,32,Non-binary,New York,Master,9,4.3,9.1,True
EMP-4144,2016-01-14,Finance,Analyst,91800,38,Male,New York,Master,3,1.0,1.8,True
EMP-4145,2019-09-06,Operations,Ops Analyst,76700,32,Male,Toronto,Master,5,3.5,2.2,True
EMP-4146,2020-08-02,Product,Product Manager,143400,25,Non-binary,London,Bachelor,1,4.3,4.7,True
EMP-4147,2019-09-07,Legal,Paralegal,103500,44,Non-binary,New York,Bachelor,23,3.2,3.5,False
EMP-4148,2021-10-06,Sales,SDR,92200,46,Male,Toronto,PhD,0,1.8,4.9,False
EMP-4149,2023-06-18,Operations,Ops Analyst,67400,30,Non-binary,Sydney,Master,0,2.7,3.4,True
EMP-4150,2021-05-27,Sales,Account Executive,98600,30,Male,Sydney,PhD,7,2.0,3.0,True
EMP-4151,2016-03-08,Legal,Associate,126500,45,Non-binary,Remote,PhD,17,2.1,3.0,False
EMP-4152,2023-12-08,Operations,COO,87200,33,Female,Sydney,Master,9,1.7,5.1,True
EMP-4153,2021-03-23,Product,Product Manager,110900,56,Female,Sydney,Bachelor,14,4.4,4.1,False
EMP-4154,2015-01-30,Legal,Senior Counsel,122600,43,Female,Sydney,PhD,19,4.9,8.8,True
EMP-4155,2018-10-26,Marketing,CMO,132100,29,Female,Remote,Bachelor,4,1.8,1.3,False
EMP-4156,2019-04-07,Sales,Account Executive,88800,52,Male,Remote,PhD,31,1.1,2.1,True
EMP-4157,2016-02-18,Finance,Accountant,86800,55,Male,Sydney,High School,9,4.4,7.1,True
EMP-4158,2018-08-12,Operations,Ops Analyst,72000,28,Male,Berlin,Master,1,1.3,8.1,True
EMP-4159,2017-11-25,Finance,Finance Manager,115500,33,Non-binary,Remote,High School,11,3.0,9.9,False
EMP-4160,2019-12-09,Sales,SDR,70900,52,Non-binary,Sydney,Master,26,1.2,8.3,False
EMP-4161,2015-12-16,Sales,VP of Sales,104000,23,Female,Sydney,Bachelor,1,3.1,5.0,True
EMP-4162,2016-04-08,Marketing,Marketing Manager,109600,27,Female,Toronto,PhD,3,3.9,5.9,True
EMP-4163,2023-05-17,Product,Product Analyst,119600,58,Male,Remote,High School,31,2.5,2.4,True
EMP-4164,2018-06-02,Legal,General Counsel,157800,24,Male,Sydney,Master,0,1.3,3.0,True
EMP-4165,2021-01-01,Product,VP of Product,137200,42,Non-binary,Sydney,Master,15,3.2,6.8,True
EMP-4166,2021-01-10,HR,HR Director,102900,38,Non-binary,London,High School,8,3.9,9.3,True
EMP-4167,2018-06-27,Finance,Finance Manager,121500,49,Female,Sydney,High School,22,3.5,5.2,True
EMP-4168,2019-02-12,HR,HR Director,85600,26,Male,Toronto,PhD,5,3.3,3.5,True
EMP-4169,2016-12-14,Product,Senior PM,148500,49,Female,Toronto,Bachelor,25,1.2,5.4,True
EMP-4170,2021-09-17,HR,Recruiter,68000,56,Non-binary,Sydney,Master,26,2.6,4.8,True
EMP-4171,2020-04-08,Product,VP of Product,155800,29,Non-binary,Berlin,Bachelor,5,2.5,5.4,True
EMP-4172,2023-07-30,HR,HR Director,104700,39,Female,Berlin,High School,17,2.7,3.4,True
EMP-4173,2017-10-21,Sales,SDR,70900,48,Male,Remote,Master,15,2.1,5.3,True
EMP-4174,2017-04-14,Marketing,CMO,135600,51,Female,Remote,PhD,28,4.3,3.1,True
EMP-4175,2017-04-03,Sales,Sales Manager,100500,23,Non-binary,London,High School,0,1.4,9.2,True
EMP-4176,2020-02-18,Sales,Sales Manager,102400,58,Non-binary,Berlin,Master,10,4.6,7.2,True
EMP-4177,2019-03-11,Engineering,Lead Engineer,135000,34,Male,Remote,Master,1,1.4,1.9,False
EMP-4178,2021-11-18,Marketing,CMO,115700,54,Female,New York,Bachelor,19,2.1,4.2,True
EMP-4179,2021-04-02,Finance,Accountant,92500,38,Male,Sydney,High School,12,3.1,8.5,True
EMP-4180,2016-06-23,Engineering,Junior Dev,115600,46,Non-binary,Remote,PhD,18,2.6,1.9,True
EMP-4181,2015-08-11,HR,Recruiter,81700,34,Non-binary,Berlin,PhD,12,3.8,6.3,True
EMP-4182,2017-09-05,HR,Recruiter,65600,55,Female,New York,Bachelor,34,4.1,6.7,True
EMP-4183,2015-09-18,Engineering,Engineering Manager,161600,58,Female,Remote,Bachelor,13,3.9,9.3,True
EMP-4184,2016-10-07,Legal,Paralegal,77900,24,Male,Toronto,PhD,1,1.6,3.2,True
EMP-4185,2015-06-18,Operations,COO,98400,37,Female,Toronto,PhD,12,2.9,3.2,False
EMP-4186,2016-10-21,Marketing,Marketing Manager,114300,37,Female,Sydney,PhD,13,1.2,6.3,True
EMP-4187,2022-03-17,Engineering,Lead Engineer,128500,51,Non-binary,London,Master,6,3.6,3.8,True
EMP-4188,2015-03-31,Finance,CFO,121300,26,Non-binary,Sydney,Master,0,3.3,4.3,True
EMP-4189,2017-10-03,HR,HR Manager,81500,42,Male,Toronto,Bachelor,13,2.5,7.5,True
EMP-4190,2021-09-04,Operations,COO,93100,23,Non-binary,New York,High School,2,3.0,2.5,True
EMP-4191,2022-10-13,Finance,CFO,136300,29,Non-binary,New York,Bachelor,8,2.3,8.7,False
EMP-4192,2016-01-10,Operations,Ops Manager,70900,56,Non-binary,New York,Master,26,1.1,9.4,False
EMP-4193,2018-11-07,Product,Product Manager,120500,46,Female,New York,High School,20,2.1,2.6,True
EMP-4194,2021-09-11,Finance,Accountant,107800,29,Non-binary,Remote,Bachelor,8,3.2,9.8,True
EMP-4195,2016-10-02,Sales,SDR,69200,33,Male,Toronto,Master,12,1.6,5.9,False
EMP-4196,2018-10-02,Engineering,Senior Dev,125600,25,Non-binary,New York,PhD,0,2.1,2.0,False
EMP-4197,2018-11-23,Legal,Associate,109600,37,Male,New York,Bachelor,16,3.8,5.3,True
EMP-4198,2022-07-06,HR,Recruiter,88000,39,Female,Sydney,High School,12,4.2,8.2,True
EMP-4199,2020-03-02,HR,HR Coordinator,60500,50,Non-binary,Berlin,Bachelor,17,1.6,6.2,True
EMP-4200,2016-01-24,Finance,Finance Manager,138200,52,Non-binary,Remote,High School,8,2.5,1.1,True
EMP-4201,2022-08-02,HR,Recruiter,84400,55,Non-binary,Toronto,PhD,15,2.0,4.7,True
EMP-4202,2019-04-24,Product,Senior PM,161900,54,Female,Sydney,High School,31,3.6,3.9,True
EMP-4203,2018-06-20,Finance,CFO,147800,41,Male,Sydney,PhD,6,4.7,5.1,True
EMP-4204,2023-01-20,HR,HR Coordinator,69700,48,Male,Sydney,Bachelor,21,2.7,3.7,True
EMP-4205,2015-11-30,Sales,Account Executive,87100,58,Male,Remote,Master,14,2.2,4.3,False
EMP-4206,2015-06-16,Product,Product Manager,143300,57,Female,London,High School,8,3.2,8.1,True
EMP-4207,2016-02-08,Product,Product Manager,136300,22,Non-binary,Toronto,Master,0,3.7,4.2,True
EMP-4208,2018-12-16,Product,Product Manager,111500,22,Non-binary,Toronto,PhD,1,1.5,6.3,False
EMP-4209,2016-12-09,Engineering,Senior Dev,133800,53,Male,London,PhD,32,3.3,1.5,True
EMP-4210,2020-10-09,Sales,Account Executive,105600,57,Non-binary,New York,Master,24,1.0,6.5,True
EMP-4211,2018-04-11,Product,Senior PM,134500,55,Non-binary,Toronto,PhD,0,1.4,1.7,True
EMP-4212,2021-05-24,Operations,COO,101600,28,Non-binary,London,PhD,3,1.8,8.5,True
EMP-4213,2023-04-17,Sales,Sales Manager,117600,27,Female,Sydney,High School,0,3.6,7.7,True
EMP-4214,2016-04-28,Operations,Ops Analyst,78800,48,Non-binary,Berlin,High School,25,4.3,1.3,True
EMP-4215,2018-01-18,Finance,CFO,130700,38,Female,Remote,Master,13,4.0,3.0,True
EMP-4216,2016-09-28,Engineering,Senior Dev,136300,25,Non-binary,Sydney,Master,2,2.5,1.5,False
EMP-4217,2018-09-25,Legal,Associate,118500,34,Male,London,High School,9,1.7,8.2,False
EMP-4218,2015-03-21,Product,Product Manager,122700,41,Non-binary,Remote,Bachelor,17,1.3,2.4,True
EMP-4219,2020-10-30,Sales,VP of Sales,139500,42,Male,Toronto,High School,1,3.5,1.2,False
EMP-4220,2016-05-15,Finance,CFO,136200,42,Male,London,Master,14,4.1,7.8,True
EMP-4221,2021-01-28,Marketing,SEO Specialist,95400,48,Female,Remote,PhD,24,4.4,4.3,True
EMP-4222,2015-02-19,Engineering,Senior Dev,127300,43,Non-binary,Berlin,High School,9,2.8,6.5,True
EMP-4223,2022-07-27,Marketing,Content Writer,76900,33,Non-binary,Sydney,Bachelor,4,3.2,8.6,True
EMP-4224,2017-05-25,Product,Product Analyst,96100,55,Female,London,Bachelor,12,1.2,9.3,True
EMP-4225,2021-01-25,Finance,Analyst,73700,37,Female,London,High School,10,1.6,6.9,True
EMP-4226,2019-01-07,Operations,Ops Analyst,55500,51,Female,Toronto,Master,15,4.1,7.7,True
EMP-4227,2019-05-22,Finance,Accountant,88900,22,Non-binary,Toronto,PhD,0,3.8,4.5,True
EMP-4228,2015-11-06,Marketing,SEO Specialist,72800,38,Male,Sydney,High School,11,3.1,2.6,False
EMP-4229,2018-01-21,Product,Product Analyst,110000,35,Male,Remote,High School,9,1.8,7.5,True
EMP-4230,2018-03-27,Engineering,Engineering Manager,151100,55,Male,London,Bachelor,24,2.8,1.7,True
EMP-4231,2023-09-29,Engineering,Engineering Manager,160200,54,Non-binary,Berlin,Bachelor,5,1.8,7.1,True
EMP-4232,2023-01-21,HR,HR Director,101300,58,Female,Toronto,Bachelor,13,4.6,8.9,True
EMP-4233,2021-03-14,Sales,SDR,87800,40,Non-binary,New York,Master,15,1.8,4.7,True
EMP-4234,2022-08-03,Legal,Paralegal,95700,49,Male,Sydney,PhD,28,4.1,3.0,True
EMP-4235,2015-10-25,Operations,COO,96500,50,Male,New York,Master,24,3.4,7.4,True
EMP-4236,2019-01-27,Sales,VP of Sales,143100,30,Male,Remote,Bachelor,5,1.7,9.3,True
EMP-4237,2015-05-03,Product,Senior PM,139900,46,Female,Sydney,PhD,23,1.6,4.8,True
EMP-4238,2019-10-24,HR,Recruiter,65700,30,Female,Berlin,Master,0,1.3,2.6,True
EMP-4239,2023-11-06,Legal,General Counsel,148700,25,Female,Berlin,Bachelor,2,2.7,1.6,True
EMP-4240,2017-07-04,HR,HR Coordinator,57900,53,Male,New York,Master,31,3.4,7.3,True
EMP-4241,2022-06-03,Engineering,Junior Dev,98500,50,Non-binary,Toronto,Master,28,3.5,4.6,True
EMP-4242,2015-02-23,HR,HR Director,115300,34,Male,Remote,PhD,6,1.9,3.4,True
EMP-4243,2021-08-02,HR,HR Director,101600,25,Female,London,PhD,4,2.6,7.2,True
EMP-4244,2017-05-20,Engineering,Staff Engineer,164500,30,Male,London,PhD,7,3.3,3.4,True
EMP-4245,2021-01-14,Product,Product Analyst,101100,57,Non-binary,Toronto,Master,0,1.8,4.2,True
EMP-4246,2021-05-04,Engineering,Junior Dev,111000,30,Female,Berlin,Master,2,2.1,9.1,True
EMP-4247,2022-08-06,Engineering,Junior Dev,93300,57,Non-binary,Toronto,Bachelor,12,2.2,6.0,True
EMP-4248,2019-07-20,Legal,Associate,118200,56,Male,New York,PhD,21,2.6,4.6,True
EMP-4249,2016-09-19,Product,VP of Product,151600,36,Non-binary,New York,High School,3,4.7,7.1,True
EMP-4250,2016-08-20,Finance,Accountant,98500,49,Female,Toronto,PhD,2,1.8,4.7,False
EMP-4251,2015-07-29,Product,Senior PM,134100,31,Non-binary,Remote,Master,6,1.4,2.0,True
EMP-4252,2021-07-02,Finance,Analyst,78100,53,Male,New York,PhD,25,1.7,9.1,True
EMP-4253,2016-07-13,Finance,Analyst,70800,32,Male,Sydney,PhD,9,2.1,7.9,True
EMP-4254,2016-07-20,Sales,VP of Sales,146600,57,Female,Berlin,Master,30,3.0,4.1,True
EMP-4255,2017-08-20,Legal,Paralegal,79900,42,Male,London,Bachelor,21,3.7,2.4,True
EMP-4256,2020-06-12,Marketing,Marketing Manager,114400,24,Non-binary,Sydney,Master,3,1.1,8.3,True
EMP-4257,2016-06-06,Marketing,SEO Specialist,88600,30,Female,London,Bachelor,9,1.0,9.6,False
EMP-4258,2022-06-16,Sales,VP of Sales,132700,38,Male,New York,Bachelor,7,2.8,1.6,True
EMP-4259,2015-03-09,Marketing,Marketing Manager,103500,53,Male,London,Bachelor,14,3.5,9.4,True
EMP-4260,2023-08-08,Product,Product Manager,148400,33,Non-binary,Toronto,PhD,7,2.0,5.1,True
EMP-4261,2022-05-14,Marketing,Marketing Manager,97800,32,Female,Toronto,Master,3,2.8,2.8,True
EMP-4262,2021-08-28,Product,Senior PM,165700,43,Male,Berlin,PhD,17,2.5,9.0,True
EMP-4263,2018-10-11,Product,Product Analyst,122300,49,Female,Toronto,High School,24,4.9,2.9,True
EMP-4264,2021-11-02,Legal,Paralegal,85300,51,Non-binary,Toronto,Bachelor,3,4.5,9.1,True
EMP-4265,2023-08-04,Product,Product Analyst,109900,46,Non-binary,Remote,Master,16,2.4,3.5,True
EMP-4266,2015-03-05,Operations,COO,84100,42,Female,Sydney,PhD,10,2.2,7.9,True
EMP-4267,2020-04-02,Product,Product Manager,114300,24,Male,Toronto,Master,3,3.8,2.6,False
EMP-4268,2022-09-25,Operations,Ops Manager,77100,49,Male,London,High School,22,2.8,6.4,True
EMP-4269,2023-02-06,Marketing,CMO,117800,29,Male,Sydney,PhD,8,2.9,6.3,True
EMP-4270,2023-03-24,Marketing,Marketing Manager,110900,24,Female,Sydney,Bachelor,2,4.7,9.8,True
EMP-4271,2021-04-12,Product,VP of Product,193700,38,Non-binary,London,Master,8,3.8,8.0,True
EMP-4272,2018-08-15,Legal,Associate,124900,24,Male,Remote,High School,0,1.8,7.8,False
EMP-4273,2016-01-20,Operations,Ops Analyst,68200,56,Female,London,PhD,16,2.7,8.7,True
EMP-4274,2020-02-19,HR,Recruiter,79300,32,Male,Berlin,Bachelor,11,1.3,1.4,True
EMP-4275,2021-06-15,Finance,Finance Manager,123700,57,Non-binary,Remote,High School,20,4.2,7.9,True
EMP-4276,2021-10-05,Marketing,CMO,108600,31,Male,Remote,Master,2,3.4,5.9,True
EMP-4277,2015-11-17,Sales,Sales Manager,115900,57,Male,London,Master,13,4.4,8.1,True
EMP-4278,2018-05-17,Marketing,SEO Specialist,77400,24,Female,London,Bachelor,2,3.4,7.0,False
EMP-4279,2020-12-17,Marketing,Marketing Manager,107700,44,Female,Remote,Master,15,1.4,5.8,True
EMP-4280,2020-03-15,HR,HR Coordinator,68300,40,Non-binary,London,Master,11,2.9,6.0,True
EMP-4281,2023-11-24,Sales,VP of Sales,114900,36,Female,Remote,PhD,14,1.0,3.6,False
EMP-4282,2017-12-06,Finance,CFO,116100,22,Male,Berlin,Master,0,4.7,7.5,True
EMP-4283,2016-05-25,Product,Product Manager,139100,42,Male,Toronto,Master,16,4.7,8.7,True
EMP-4284,2016-08-01,Operations,Ops Manager,68500,47,Female,New York,PhD,9,4.5,9.0,True
EMP-4285,2019-08-25,Engineering,Lead Engineer,137600,29,Female,London,Bachelor,8,4.6,8.1,True
EMP-4286,2022-04-06,Legal,Paralegal,95500,33,Male,Remote,High School,8,4.8,9.3,True
EMP-4287,2017-07-08,Marketing,CMO,98800,27,Female,Berlin,Bachelor,5,3.4,4.1,True
EMP-4288,2016-11-05,HR,Recruiter,63800,31,Female,Berlin,High School,0,1.4,2.9,True
EMP-4289,2023-11-27,Legal,Senior Counsel,137600,32,Female,New York,Bachelor,2,4.4,3.6,True
EMP-4290,2017-03-21,Finance,CFO,146500,29,Female,London,High School,5,2.7,2.3,True
EMP-4291,2019-09-10,Engineering,Engineering Manager,145600,29,Female,Toronto,Master,7,2.3,6.8,False
EMP-4292,2020-05-15,Legal,Associate,106800,47,Female,Sydney,Master,4,3.6,9.7,True
EMP-4293,2017-07-02,HR,HR Coordinator,57100,23,Male,Berlin,PhD,0,1.5,7.4,True
EMP-4294,2022-08-03,Finance,CFO,148200,27,Non-binary,New York,Bachelor,5,4.5,7.4,True
EMP-4295,2017-08-12,Operations,Ops Analyst,61900,55,Male,New York,PhD,8,3.0,2.7,False
EMP-4296,2015-05-26,Finance,CFO,144300,39,Female,Remote,Bachelor,2,3.6,1.9,True
EMP-4297,2018-06-16,Marketing,Marketing Manager,103600,27,Male,New York,High School,5,2.9,1.1,True
EMP-4298,2015-02-16,Finance,Accountant,103800,26,Non-binary,Berlin,PhD,4,3.2,5.9,True
EMP-4299,2019-08-31,HR,HR Coordinator,69200,38,Male,Remote,PhD,14,1.6,5.2,True
EMP-4300,2019-11-19,Finance,Analyst,77500,34,Female,New York,Master,6,2.1,3.2,True
EMP-4301,2021-07-18,Legal,Associate,99600,28,Female,Sydney,PhD,7,1.7,7.7,True
EMP-4302,2018-04-20,Engineering,Junior Dev,90000,54,Non-binary,Sydney,Bachelor,3,4.2,7.5,False
EMP-4303,2020-09-23,Marketing,Content Writer,82800,52,Male,Berlin,High School,12,4.4,6.6,False
EMP-4304,2015-09-29,Engineering,Junior Dev,84200,27,Female,New York,Master,4,4.8,7.0,True
EMP-4305,2018-09-21,Legal,Senior Counsel,132000,31,Non-binary,Berlin,Master,9,4.9,9.1,True
EMP-4306,2023-12-18,Finance,Finance Manager,100800,54,Male,Remote,High School,26,1.1,2.4,True
EMP-4307,2020-10-09,Sales,SDR,93000,23,Non-binary,New York,Master,2,2.6,4.8,True
EMP-4308,2022-08-15,Product,Product Manager,106100,31,Female,Sydney,PhD,4,1.5,7.2,False
EMP-4309,2018-02-09,Engineering,Engineering Manager,166600,47,Female,Berlin,Master,17,1.2,5.5,True
EMP-4310,2023-07-05,Marketing,SEO Specialist,101400,54,Male,Berlin,Master,3,2.9,8.9,True
EMP-4311,2021-01-05,Engineering,Senior Dev,109100,22,Male,Berlin,PhD,1,2.0,3.5,True
EMP-4312,2016-09-30,Marketing,Content Writer,86100,32,Non-binary,London,PhD,7,1.3,8.7,True
EMP-4313,2018-09-24,Finance,Accountant,86100,28,Non-binary,Berlin,PhD,7,4.5,9.8,True
EMP-4314,2021-04-20,Operations,COO,113600,37,Female,London,High School,11,3.5,8.7,True
EMP-4315,2017-10-19,Finance,Finance Manager,101900,52,Male,Sydney,PhD,27,2.6,5.0,False
EMP-4316,2022-03-20,Marketing,Content Writer,72300,48,Female,Remote,PhD,1,3.0,3.6,True
EMP-4317,2023-03-04,HR,HR Manager,97400,46,Female,New York,Bachelor,8,2.8,5.0,False
EMP-4318,2017-12-03,Product,Senior PM,167200,46,Male,Sydney,High School,9,1.1,2.7,True
EMP-4319,2018-07-14,Engineering,Junior Dev,117200,54,Non-binary,London,Master,10,2.9,9.5,True
EMP-4320,2020-07-23,Marketing,Marketing Manager,96000,45,Female,New York,PhD,11,3.7,6.8,True
EMP-4321,2019-09-27,Marketing,Marketing Manager,108000,27,Non-binary,Sydney,Master,3,2.9,5.4,True
EMP-4322,2017-10-31,Operations,COO,92800,50,Male,Remote,PhD,10,1.9,3.9,True
EMP-4323,2018-07-17,Sales,Account Executive,93600,32,Female,Toronto,High School,1,4.9,9.9,True
EMP-4324,2018-03-19,Sales,Sales Manager,106600,58,Non-binary,London,Master,24,3.4,2.5,True
EMP-4325,2021-10-04,Operations,Ops Manager,68800,30,Non-binary,New York,Bachelor,3,2.8,6.6,True
EMP-4326,2015-03-16,Sales,SDR,89600,56,Female,London,PhD,6,3.9,7.0,True
EMP-4327,2015-03-19,HR,Recruiter,77600,32,Female,Berlin,Bachelor,11,1.7,8.6,True
EMP-4328,2015-09-21,Marketing,Marketing Manager,121400,24,Male,Berlin,Bachelor,1,2.7,7.4,True
EMP-4329,2018-03-26,Product,VP of Product,152200,52,Male,Sydney,Bachelor,24,1.2,5.2,True
EMP-4330,2016-08-17,HR,HR Director,100000,57,Female,New York,High School,25,1.2,8.0,False
EMP-4331,2020-12-03,Product,VP of Product,173000,33,Female,Berlin,PhD,5,4.5,3.7,True
EMP-4332,2019-03-25,Sales,VP of Sales,141900,31,Non-binary,Remote,Master,1,1.1,5.8,True
EMP-4333,2020-03-02,HR,HR Manager,99500,35,Non-binary,Berlin,Master,4,3.5,4.9,True
EMP-4334,2023-01-14,Operations,Ops Analyst,72100,40,Female,Remote,High School,16,4.2,8.4,True
EMP-4335,2015-06-24,Legal,Senior Counsel,125100,52,Male,Berlin,Master,24,4.4,8.9,True
EMP-4336,2016-03-09,Engineering,Junior Dev,93400,51,Female,Toronto,PhD,6,2.9,8.0,True
EMP-4337,2020-11-22,HR,Recruiter,77800,39,Male,Berlin,Master,6,3.8,6.6,True
EMP-4338,2021-04-04,Operations,Ops Manager,81800,45,Non-binary,Sydney,High School,10,1.4,8.1,False
EMP-4339,2023-05-20,Legal,Paralegal,85800,38,Non-binary,Remote,High School,16,2.2,2.2,True
EMP-4340,2016-09-25,Legal,General Counsel,158800,30,Female,New York,Bachelor,0,2.2,5.7,True
EMP-4341,2016-11-03,HR,HR Director,84700,33,Female,Sydney,Master,3,3.1,7.3,True
EMP-4342,2016-03-04,Engineering,Staff Engineer,147300,55,Male,Toronto,High School,12,3.0,1.9,True
EMP-4343,2022-07-17,HR,HR Director,113300,58,Non-binary,London,High School,32,2.2,1.9,True
EMP-4344,2021-01-04,Product,VP of Product,198000,22,Non-binary,Remote,High School,0,3.9,3.7,True
EMP-4345,2023-11-03,Finance,Analyst,78500,33,Non-binary,New York,Bachelor,4,1.0,2.1,True
EMP-4346,2022-12-15,HR,HR Manager,95200,54,Female,New York,High School,14,2.8,5.9,True
EMP-4347,2018-12-31,Sales,SDR,68200,43,Non-binary,Sydney,High School,3,1.8,3.7,True
EMP-4348,2021-11-17,Engineering,Senior Dev,120300,23,Female,Berlin,Master,0,3.8,2.5,True
EMP-4349,2023-09-12,Marketing,SEO Specialist,94200,49,Male,London,Bachelor,11,4.0,2.4,True
EMP-4350,2022-11-06,Product,Product Manager,103400,47,Non-binary,Toronto,High School,6,1.1,9.9,True
EMP-4351,2023-04-02,HR,HR Coordinator,63100,25,Female,New York,Master,0,3.0,4.0,False
EMP-4352,2020-08-19,Engineering,Lead Engineer,137900,22,Male,Remote,Bachelor,1,1.1,9.0,True
EMP-4353,2018-01-19,HR,HR Director,94700,51,Female,London,Bachelor,0,1.9,5.8,True
EMP-4354,2016-03-23,HR,Recruiter,67700,51,Female,New York,PhD,15,3.6,2.1,True
EMP-4355,2016-01-26,Product,VP of Product,183700,32,Female,Sydney,PhD,11,2.8,4.8,True
EMP-4356,2015-04-10,Sales,VP of Sales,138300,31,Non-binary,Berlin,Bachelor,7,1.4,3.5,True
EMP-4357,2020-11-07,Finance,CFO,156400,22,Non-binary,London,Bachelor,0,2.7,7.6,True
EMP-4358,2015-08-18,Legal,General Counsel,140000,42,Female,Sydney,High School,8,3.3,4.1,True
EMP-4359,2019-02-12,Product,Senior PM,163600,48,Non-binary,Sydney,Master,0,4.7,3.8,True
EMP-4360,2020-05-26,Operations,Ops Analyst,67500,34,Non-binary,Toronto,Bachelor,12,2.0,1.1,True
EMP-4361,2019-02-08,Finance,Analyst,78600,42,Non-binary,Toronto,Master,18,2.2,4.2,True
EMP-4362,2023-05-29,Finance,Accountant,97500,36,Female,Sydney,Bachelor,0,3.8,6.3,False
EMP-4363,2016-08-21,Legal,General Counsel,163900,26,Male,Toronto,Master,3,2.0,4.5,False
EMP-4364,2019-05-30,Operations,Ops Manager,91400,57,Female,Toronto,Master,19,2.5,1.3,True
EMP-4365,2022-02-14,Operations,Ops Manager,89600,30,Non-binary,Remote,Bachelor,1,4.2,9.2,True
EMP-4366,2018-04-05,Legal,Senior Counsel,132500,22,Female,Sydney,Bachelor,1,2.1,8.7,True
EMP-4367,2016-11-09,Legal,Associate,133500,29,Non-binary,Sydney,Bachelor,1,1.9,2.1,True
EMP-4368,2017-03-30,Operations,Ops Manager,95900,35,Non-binary,Toronto,High School,1,3.1,4.8,True
EMP-4369,2017-10-25,Product,Product Analyst,112900,47,Female,New York,PhD,25,2.7,5.2,True
EMP-4370,2022-02-02,Finance,Accountant,102200,50,Non-binary,Remote,Bachelor,1,2.2,7.2,True
EMP-4371,2019-04-02,Sales,Account Executive,90200,55,Male,New York,Master,28,4.8,4.6,True
EMP-4372,2021-07-26,HR,HR Coordinator,59500,56,Male,Sydney,PhD,13,2.8,4.1,True
EMP-4373,2022-01-16,Marketing,SEO Specialist,80500,43,Male,New York,Bachelor,13,4.8,8.7,True
EMP-4374,2020-02-05,Engineering,Engineering Manager,178300,57,Non-binary,Sydney,Bachelor,27,3.9,2.6,True
EMP-4375,2015-01-25,Sales,Sales Manager,103500,46,Non-binary,Berlin,High School,13,2.9,9.3,True
EMP-4376,2020-06-27,Marketing,Content Writer,72700,28,Female,London,High School,4,2.2,2.2,False
EMP-4377,2018-05-18,Sales,Sales Manager,111400,57,Male,Toronto,Master,24,1.3,7.8,True
EMP-4378,2019-10-07,HR,HR Director,110500,43,Male,Berlin,Master,3,4.5,9.8,False
EMP-4379,2016-12-13,Marketing,Marketing Manager,83400,36,Male,Toronto,Master,4,1.4,3.8,False
EMP-4380,2018-01-16,Operations,Ops Manager,76100,34,Female,Berlin,Bachelor,10,4.0,9.4,False
EMP-4381,2016-06-22,HR,HR Manager,88600,42,Female,Berlin,High School,1,4.6,5.7,True
EMP-4382,2019-04-17,Operations,Ops Manager,96700,37,Female,Berlin,Bachelor,14,2.7,4.2,True
EMP-4383,2018-08-24,Product,Product Manager,107500,49,Female,Sydney,Master,21,3.9,6.8,True
EMP-4384,2018-10-19,Engineering,Lead Engineer,157800,35,Female,Remote,Bachelor,11,3.8,5.7,True
EMP-4385,2018-09-02,Marketing,CMO,130300,57,Female,London,High School,26,4.6,3.1,True
EMP-4386,2018-06-21,HR,HR Manager,99900,55,Male,London,High School,16,1.2,4.2,True
EMP-4387,2017-09-29,Legal,Paralegal,105700,57,Male,Berlin,High School,32,2.9,2.4,True
EMP-4388,2018-02-07,Finance,Accountant,99800,24,Non-binary,Berlin,Master,1,4.5,3.8,True
EMP-4389,2023-04-06,HR,HR Director,96600,30,Female,London,Master,1,2.1,7.6,True
EMP-4390,2019-11-10,Product,Senior PM,135800,30,Male,Toronto,PhD,7,3.3,1.8,True
EMP-4391,2022-05-15,Operations,Ops Analyst,59400,45,Non-binary,Remote,Bachelor,15,1.0,5.2,True
EMP-4392,2017-12-01,Legal,Associate,126000,40,Female,New York,Bachelor,2,1.2,8.9,True
EMP-4393,2020-04-23,Engineering,Engineering Manager,147900,57,Male,Remote,PhD,2,2.5,4.5,True
EMP-4394,2021-09-13,HR,HR Manager,100200,25,Male,Toronto,Bachelor,4,2.3,9.9,True
EMP-4395,2018-04-01,HR,HR Coordinator,72500,37,Male,Toronto,PhD,6,3.4,6.9,True
EMP-4396,2021-10-11,Engineering,Senior Dev,102000,24,Female,Sydney,Master,1,1.9,4.8,True
EMP-4397,2016-02-21,Legal,Paralegal,81900,51,Non-binary,Remote,Master,8,1.1,8.3,False
EMP-4398,2015-11-01,Sales,Sales Manager,108300,42,Female,Berlin,PhD,11,3.8,5.2,True
EMP-4399,2020-03-05,Product,VP of Product,167600,56,Male,Berlin,Master,1,2.9,3.0,True
EMP-4400,2019-11-20,Sales,SDR,73200,46,Non-binary,Sydney,High School,21,2.5,5.8,True
EMP-4401,2019-03-27,Sales,SDR,86300,23,Male,New York,High School,0,1.9,7.1,True
EMP-4402,2017-10-02,Product,VP of Product,191500,35,Female,New York,High School,3,1.0,4.5,True
EMP-4403,2017-02-05,Legal,Paralegal,110700,38,Male,Toronto,Bachelor,13,4.7,2.8,True
EMP-4404,2018-07-06,Legal,General Counsel,152900,28,Non-binary,London,High School,7,2.4,2.9,True
EMP-4405,2017-01-09,Sales,Sales Manager,125100,43,Non-binary,Sydney,PhD,0,1.2,8.7,True
EMP-4406,2019-07-23,Engineering,Lead Engineer,153300,27,Non-binary,Toronto,Bachelor,5,4.5,7.9,True
EMP-4407,2022-04-27,Operations,COO,82600,44,Female,Berlin,High School,5,3.1,2.4,True
EMP-4408,2021-12-19,Sales,Sales Manager,118300,33,Non-binary,New York,High School,0,2.0,4.1,True
EMP-4409,2022-02-07,HR,Recruiter,85500,30,Non-binary,London,Bachelor,7,3.8,7.4,True
EMP-4410,2016-01-06,Product,VP of Product,159700,52,Female,New York,Master,17,4.7,2.4,True
EMP-4411,2015-10-05,HR,HR Director,102400,32,Non-binary,Remote,Bachelor,7,3.5,1.3,True
EMP-4412,2016-05-13,Finance,Analyst,72200,39,Female,Remote,PhD,18,1.8,3.1,True
EMP-4413,2015-05-17,Sales,Account Executive,97500,58,Male,Sydney,Bachelor,12,3.3,2.4,True
EMP-4414,2017-01-31,Marketing,Marketing Manager,107200,29,Non-binary,Remote,Bachelor,3,3.9,1.1,True
EMP-4415,2022-12-22,Finance,Finance Manager,112600,33,Female,Berlin,Bachelor,8,1.3,4.3,True
EMP-4416,2023-03-23,Product,Product Analyst,99200,56,Male,New York,Bachelor,32,4.2,9.2,True
EMP-4417,2020-04-09,Sales,SDR,65200,39,Non-binary,New York,Bachelor,15,1.9,1.8,False
EMP-4418,2021-03-01,HR,Recruiter,64800,53,Female,Toronto,Bachelor,30,4.0,5.6,True
EMP-4419,2022-04-22,Operations,Ops Analyst,55500,23,Male,Remote,High School,0,4.4,8.2,True
EMP-4420,2019-07-05,Operations,COO,112100,29,Non-binary,Berlin,Bachelor,4,4.5,2.0,True
EMP-4421,2022-10-28,Marketing,Marketing Manager,120700,34,Non-binary,New York,Bachelor,11,3.3,8.5,True
EMP-4422,2016-06-17,HR,HR Director,109100,25,Male,Toronto,Master,4,4.5,5.0,True
EMP-4423,2016-06-10,Legal,Paralegal,101200,41,Male,Sydney,High School,12,1.5,5.7,True
EMP-4424,2018-04-01,Finance,Analyst,74400,55,Non-binary,Sydney,Bachelor,10,4.7,9.1,True
EMP-4425,2021-05-22,Legal,Paralegal,96300,27,Male,London,Bachelor,0,3.3,2.7,True
EMP-4426,2019-11-03,Finance,CFO,148900,43,Non-binary,London,High School,7,1.3,8.7,True
EMP-4427,2023-04-25,Product,Senior PM,143500,48,Non-binary,New York,High School,4,4.2,9.7,True
EMP-4428,2016-06-17,Marketing,CMO,111000,34,Non-binary,Toronto,Master,13,1.1,1.9,False
EMP-4429,2019-06-12,Product,Product Analyst,114700,53,Female,Remote,PhD,24,2.3,5.3,True
EMP-4430,2018-03-09,Engineering,Junior Dev,98600,27,Female,Berlin,Master,5,4.9,2.9,True
EMP-4431,2019-07-24,HR,HR Manager,82300,57,Female,Berlin,High School,23,4.3,6.5,True
EMP-4432,2017-11-12,Engineering,Junior Dev,103600,33,Non-binary,London,High School,0,2.6,2.5,True
EMP-4433,2021-06-15,Operations,COO,105200,34,Male,London,Bachelor,8,4.5,4.1,True
EMP-4434,2023-01-09,Operations,Ops Analyst,63200,33,Non-binary,Berlin,PhD,3,2.4,9.1,True
EMP-4435,2022-02-26,Finance,Analyst,79100,46,Female,London,High School,13,4.5,3.9,True
EMP-4436,2023-03-11,Product,Senior PM,144500,49,Female,Remote,Master,21,2.8,1.6,True
EMP-4437,2017-06-09,Product,VP of Product,147700,22,Female,Sydney,High School,0,2.4,6.7,True
EMP-4438,2021-11-12,Engineering,Junior Dev,106200,56,Non-binary,New York,Bachelor,11,2.8,8.4,True
EMP-4439,2021-12-31,Finance,CFO,121000,41,Male,Toronto,PhD,2,2.2,3.3,False
EMP-4440,2016-05-30,Finance,Analyst,96100,43,Non-binary,London,Bachelor,14,3.0,5.3,True
EMP-4441,2018-08-29,Engineering,Lead Engineer,121400,37,Female,Berlin,Master,0,4.6,5.9,True
EMP-4442,2016-10-17,Operations,Ops Manager,69000,41,Female,London,PhD,14,1.0,4.5,True
EMP-4443,2020-10-29,Marketing,CMO,117800,27,Male,Remote,PhD,0,4.3,5.1,True
EMP-4444,2023-05-29,HR,Recruiter,74600,30,Male,Toronto,Bachelor,8,1.7,9.9,True
EMP-4445,2021-02-07,Finance,Finance Manager,132400,42,Female,Toronto,PhD,17,3.1,2.3,True
EMP-4446,2015-07-19,Product,Product Analyst,104600,38,Male,Toronto,Master,5,1.9,7.4,True
EMP-4447,2018-11-16,Marketing,Marketing Manager,113100,53,Male,London,PhD,13,2.8,6.3,True
EMP-4448,2018-08-21,Operations,Ops Analyst,69000,34,Non-binary,Sydney,Bachelor,7,2.8,8.2,True
EMP-4449,2020-08-11,Engineering,Senior Dev,114400,56,Male,New York,Bachelor,32,3.7,4.9,True
EMP-4450,2019-12-27,Operations,Ops Analyst,71000,50,Non-binary,Sydney,High School,12,4.0,5.0,True
EMP-4451,2022-12-27,HR,HR Coordinator,54700,45,Female,London,Master,13,2.4,6.9,True
EMP-4452,2016-08-29,HR,Recruiter,70600,39,Male,Toronto,High School,6,4.7,4.0,True
EMP-4453,2023-09-24,Marketing,Marketing Manager,103700,25,Female,New York,Bachelor,2,4.1,4.0,True
EMP-4454,2015-03-17,Finance,Finance Manager,137700,30,Non-binary,Toronto,Bachelor,7,2.2,2.6,True
EMP-4455,2021-04-22,Engineering,Staff Engineer,131100,53,Non-binary,Sydney,PhD,15,5.0,4.3,False
EMP-4456,2019-04-30,Operations,COO,87500,36,Non-binary,Toronto,PhD,0,3.4,3.7,True
EMP-4457,2021-01-04,Sales,Sales Manager,110000,46,Female,Remote,PhD,20,3.7,8.6,True
EMP-4458,2016-04-11,Product,VP of Product,185600,41,Female,Berlin,PhD,2,4.7,4.3,True
EMP-4459,2023-04-02,Sales,VP of Sales,106500,56,Male,Remote,High School,5,4.9,8.6,True
EMP-4460,2020-01-13,Product,VP of Product,163900,34,Male,New York,PhD,2,2.0,8.8,True
EMP-4461,2016-10-04,Engineering,Staff Engineer,167900,45,Male,New York,High School,19,1.3,4.9,True
EMP-4462,2023-04-17,Engineering,Staff Engineer,160000,52,Male,Sydney,Master,21,2.8,2.9,True
EMP-4463,2015-07-12,Product,Product Analyst,95700,37,Male,Sydney,Bachelor,3,4.6,1.3,True
EMP-4464,2022-11-21,HR,Recruiter,74700,23,Male,Berlin,Master,1,1.5,8.1,True
EMP-4465,2019-05-11,Engineering,Lead Engineer,144500,27,Male,Toronto,Bachelor,6,3.5,4.4,False
EMP-4466,2021-09-02,HR,HR Manager,79500,44,Female,London,Master,22,2.7,7.8,True
EMP-4467,2019-05-20,Finance,Accountant,117000,49,Non-binary,Toronto,Master,25,3.9,4.8,True
EMP-4468,2020-11-22,Operations,Ops Manager,88300,34,Female,New York,Bachelor,0,2.8,5.7,True
EMP-4469,2017-05-21,Sales,VP of Sales,127100,40,Female,Sydney,High School,14,1.9,2.7,True
EMP-4470,2017-11-01,Operations,COO,99300,26,Female,New York,PhD,3,3.9,5.6,True
EMP-4471,2022-12-20,Engineering,Senior Dev,141700,52,Female,Sydney,High School,7,4.6,1.7,True
EMP-4472,2020-01-29,Sales,VP of Sales,143200,46,Male,New York,PhD,1,4.6,8.9,True
EMP-4473,2016-09-10,Product,VP of Product,166900,50,Non-binary,New York,PhD,8,1.8,8.8,True
EMP-4474,2019-04-20,HR,HR Manager,72300,29,Female,Toronto,PhD,5,3.2,8.0,True
EMP-4475,2016-02-29,Operations,Ops Analyst,74500,23,Female,Remote,PhD,0,4.0,6.0,True
EMP-4476,2017-04-27,Engineering,Junior Dev,83000,32,Male,Remote,Master,3,3.7,1.5,True
EMP-4477,2015-03-26,Engineering,Staff Engineer,136300,35,Female,Berlin,Master,4,1.1,8.6,True
EMP-4478,2021-07-19,Finance,Analyst,75600,58,Male,Remote,High School,20,1.3,8.0,True
EMP-4479,2020-12-07,Legal,General Counsel,135900,49,Male,Toronto,Master,6,4.3,2.7,True
EMP-4480,2021-12-27,Marketing,Marketing Manager,101700,40,Female,New York,High School,10,4.1,6.4,True
EMP-4481,2016-04-27,Operations,Ops Analyst,70800,41,Male,New York,Bachelor,16,1.1,3.8,True
EMP-4482,2019-09-26,HR,Recruiter,81300,33,Male,Sydney,PhD,12,2.6,8.0,True
EMP-4483,2017-08-21,Engineering,Engineering Manager,153400,42,Male,New York,Master,10,2.7,4.4,True
EMP-4484,2018-05-15,Finance,Accountant,108400,45,Non-binary,New York,PhD,20,1.6,7.5,True
EMP-4485,2023-11-04,Marketing,CMO,112900,54,Female,Remote,Master,26,1.3,1.0,True
EMP-4486,2023-04-20,Legal,General Counsel,122700,40,Male,Remote,PhD,7,4.3,1.3,False
EMP-4487,2016-02-08,Marketing,Marketing Manager,114700,36,Male,Berlin,PhD,4,4.8,8.8,True
EMP-4488,2020-05-06,Marketing,SEO Specialist,103800,29,Male,New York,PhD,6,4.2,4.5,True
EMP-4489,2020-04-01,Marketing,Marketing Manager,102400,41,Female,New York,High School,5,2.6,2.4,True
EMP-4490,2023-12-20,Engineering,Junior Dev,94000,50,Female,Berlin,PhD,6,1.8,7.3,True
EMP-4491,2021-12-31,Finance,Finance Manager,134100,25,Male,London,High School,4,2.2,2.2,True
EMP-4492,2021-08-31,Finance,CFO,147000,52,Non-binary,Sydney,PhD,4,1.5,1.7,True
EMP-4493,2021-09-08,Legal,Senior Counsel,122800,52,Non-binary,Sydney,Master,26,3.6,4.7,True
EMP-4494,2019-09-08,HR,Recruiter,66600,57,Female,Toronto,Bachelor,0,4.8,3.8,True
EMP-4495,2022-07-06,Product,Product Analyst,105400,31,Non-binary,Sydney,Bachelor,10,4.1,9.5,True
EMP-4496,2015-07-07,Sales,Account Executive,82900,34,Male,New York,Bachelor,12,3.5,6.8,True
EMP-4497,2023-12-09,Legal,Associate,120600,25,Non-binary,London,PhD,2,4.1,7.8,True
EMP-4498,2020-05-06,Sales,VP of Sales,137000,44,Male,Remote,PhD,3,3.9,2.6,True
EMP-4499,2020-06-17,Legal,Paralegal,81500,55,Male,Toronto,PhD,25,2.7,1.8,True
EMP-4500,2019-07-13,Operations,COO,107800,45,Male,New York,PhD,18,1.4,2.3,False
EMP-4501,2019-01-05,Product,Senior PM,124000,28,Male,London,High School,4,3.9,3.2,True
EMP-4502,2017-10-08,HR,HR Manager,95700,58,Female,London,High School,15,3.3,9.6,True
EMP-4503,2020-04-12,Sales,Account Executive,101000,29,Non-binary,Remote,Bachelor,4,1.7,9.9,True
EMP-4504,2016-01-21,Legal,Senior Counsel,141500,55,Male,Sydney,PhD,8,1.0,9.5,True
EMP-4505,2022-01-17,Operations,Ops Manager,86100,25,Female,New York,PhD,0,4.9,5.5,True
EMP-4506,2015-11-06,Engineering,Lead Engineer,148500,43,Female,Sydney,Bachelor,11,4.6,2.6,False
EMP-4507,2022-03-08,Product,VP of Product,157200,43,Non-binary,Sydney,High School,20,2.6,10.0,True
EMP-4508,2018-12-14,Marketing,Marketing Manager,107500,33,Non-binary,London,High School,4,2.0,5.6,True
EMP-4509,2015-07-19,Product,VP of Product,181700,31,Male,Toronto,Bachelor,2,3.5,2.9,True
EMP-4510,2022-08-07,HR,HR Coordinator,67500,37,Non-binary,Sydney,Bachelor,3,4.4,5.7,True
EMP-4511,2023-09-22,Sales,SDR,71600,54,Female,London,High School,7,4.5,6.0,False
EMP-4512,2023-06-25,Operations,Ops Manager,80500,25,Female,Sydney,PhD,0,2.3,3.2,True
EMP-4513,2020-06-18,HR,HR Manager,99800,48,Female,Toronto,PhD,19,3.9,7.2,True
EMP-4514,2016-03-16,Sales,SDR,78100,30,Male,Sydney,Master,8,2.5,6.3,True
EMP-4515,2018-10-01,Finance,CFO,121600,31,Female,Toronto,Master,1,4.8,6.8,True
EMP-4516,2016-04-28,Engineering,Senior Dev,131400,37,Male,Toronto,High School,16,2.1,6.6,True
EMP-4517,2021-08-30,Sales,SDR,81500,55,Male,Berlin,PhD,6,4.1,5.3,True
EMP-4518,2015-06-12,Sales,SDR,72100,38,Non-binary,Berlin,PhD,5,1.9,1.1,True
EMP-4519,2023-03-14,Legal,Paralegal,102200,54,Non-binary,Berlin,Master,19,2.7,6.6,True
EMP-4520,2023-05-10,Legal,General Counsel,147600,27,Male,Toronto,Bachelor,6,4.0,3.7,True
EMP-4521,2021-10-22,Engineering,Engineering Manager,171200,24,Non-binary,New York,PhD,2,2.8,9.7,True
EMP-4522,2019-04-18,Finance,Finance Manager,130400,39,Male,Remote,PhD,7,2.2,3.5,False
EMP-4523,2017-03-22,Sales,SDR,70500,29,Female,New York,High School,4,1.0,7.0,True
EMP-4524,2017-06-27,Sales,Account Executive,105800,24,Male,Berlin,PhD,1,1.9,2.0,True
EMP-4525,2016-12-01,Product,Product Manager,134400,50,Female,London,Master,15,2.1,3.9,True
EMP-4526,2016-09-06,Finance,CFO,157700,31,Non-binary,New York,PhD,5,3.5,3.2,True
EMP-4527,2015-02-05,Marketing,CMO,132000,42,Male,Berlin,Bachelor,16,3.3,6.8,True
EMP-4528,2022-11-27,Finance,Analyst,77000,45,Non-binary,London,Master,10,2.6,7.0,True
EMP-4529,2015-02-19,Legal,Associate,110100,35,Male,London,High School,2,1.1,4.5,True
EMP-4530,2018-11-15,Operations,Ops Manager,66300,40,Non-binary,Remote,High School,8,1.4,6.1,True
EMP-4531,2015-11-05,Marketing,CMO,108700,35,Male,Remote,Master,7,1.6,1.1,True
EMP-4532,2016-02-19,Legal,Senior Counsel,118300,30,Male,Sydney,High School,3,1.8,6.7,False
EMP-4533,2018-12-05,Marketing,Marketing Manager,114400,58,Non-binary,London,Master,31,3.9,1.7,True
EMP-4534,2023-12-30,HR,HR Director,115100,53,Female,Sydney,PhD,2,1.0,6.7,True
EMP-4535,2019-07-19,Product,VP of Product,145200,24,Non-binary,Berlin,Master,1,1.9,7.5,True
EMP-4536,2018-06-10,Engineering,Staff Engineer,139300,49,Male,Toronto,High School,11,2.1,1.8,True
EMP-4537,2016-01-10,Engineering,Engineering Manager,197700,27,Female,New York,Master,5,3.7,7.5,True
EMP-4538,2017-04-29,HR,HR Coordinator,59900,53,Non-binary,London,High School,20,3.3,1.1,True
EMP-4539,2016-01-22,Legal,Associate,125900,52,Male,New York,High School,12,4.3,2.6,True
EMP-4540,2022-06-02,Sales,Account Executive,108100,45,Non-binary,Sydney,High School,22,3.4,2.9,True
EMP-4541,2022-12-11,Engineering,Engineering Manager,191900,31,Female,Berlin,High School,7,3.1,5.9,True
EMP-4542,2015-05-23,Marketing,Marketing Manager,116400,34,Male,New York,PhD,12,2.1,8.7,True
EMP-4543,2019-03-14,Legal,Paralegal,84100,25,Female,London,High School,4,1.4,1.9,True
EMP-4544,2023-02-15,Engineering,Lead Engineer,146600,29,Male,Sydney,Master,6,2.1,4.5,True
EMP-4545,2023-11-27,Marketing,SEO Specialist,79200,34,Non-binary,Berlin,Bachelor,0,3.1,3.7,True
EMP-4546,2021-09-09,Product,Product Manager,136000,28,Female,New York,PhD,7,2.7,3.1,False
EMP-4547,2021-09-30,Operations,COO,90400,32,Male,Toronto,High School,3,4.8,2.1,True
EMP-4548,2016-01-04,Sales,SDR,76000,31,Non-binary,Toronto,High School,2,2.8,5.7,True
EMP-4549,2016-09-28,Product,Product Analyst,85200,36,Male,Remote,High School,14,2.0,5.1,True
EMP-4550,2015-04-09,Finance,Finance Manager,108800,30,Female,New York,High School,0,4.8,4.6,True
EMP-4551,2020-03-18,HR,HR Manager,77800,35,Non-binary,Toronto,Master,12,4.5,1.7,True
EMP-4552,2023-03-19,Operations,COO,97000,47,Non-binary,New York,Bachelor,22,3.1,9.5,True
EMP-4553,2015-04-28,Legal,General Counsel,147000,44,Male,Berlin,Master,20,2.1,1.5,True
EMP-4554,2017-09-21,HR,HR Manager,82800,28,Male,Remote,PhD,6,2.9,4.8,True
EMP-4555,2023-04-18,HR,HR Director,105500,26,Female,Sydney,PhD,2,3.5,5.0,True
EMP-4556,2022-12-20,Finance,CFO,147000,39,Female,Toronto,Master,4,3.1,9.8,True
EMP-4557,2018-10-21,Marketing,SEO Specialist,86500,23,Female,Remote,Bachelor,1,2.4,5.3,False
EMP-4558,2020-01-09,Sales,SDR,71700,55,Male,Berlin,Master,0,2.5,4.8,True
EMP-4559,2023-07-01,Engineering,Lead Engineer,132500,35,Female,New York,Bachelor,12,3.6,2.9,True
EMP-4560,2021-06-28,Engineering,Junior Dev,91500,58,Male,Berlin,High School,2,1.6,6.4,True
EMP-4561,2023-12-27,Operations,Ops Manager,87800,47,Non-binary,New York,Master,14,4.3,3.3,True
EMP-4562,2021-09-17,Legal,Associate,103500,28,Non-binary,Toronto,High School,3,4.4,6.4,True
EMP-4563,2023-08-14,Product,Product Analyst,109300,58,Female,London,High School,35,3.6,8.4,True
EMP-4564,2020-11-23,Sales,Sales Manager,110300,25,Female,Toronto,High School,1,2.8,9.3,True
EMP-4565,2017-06-19,HR,HR Director,109300,34,Female,London,High School,3,3.7,5.3,True
EMP-4566,2020-06-05,Operations,COO,108200,58,Non-binary,London,Master,37,4.1,2.5,True
EMP-4567,2021-08-22,Finance,Accountant,117300,52,Male,Toronto,High School,28,4.5,9.9,True
EMP-4568,2016-03-29,Operations,Ops Manager,83300,50,Male,Remote,Master,1,4.1,7.4,True
EMP-4569,2020-05-18,Operations,Ops Manager,70100,25,Female,New York,PhD,3,1.9,9.9,True
EMP-4570,2021-08-18,Marketing,Marketing Manager,90700,55,Non-binary,New York,High School,16,4.2,5.6,True
EMP-4571,2016-04-07,Product,Senior PM,159400,27,Female,Berlin,High School,6,4.7,1.2,True
EMP-4572,2015-11-13,Operations,Ops Analyst,62900,47,Non-binary,Toronto,Bachelor,4,3.1,6.1,True
EMP-4573,2022-06-24,HR,HR Manager,77700,40,Non-binary,London,High School,1,1.6,2.3,False
EMP-4574,2021-02-01,Finance,Accountant,91900,34,Female,Toronto,High School,6,4.9,1.5,True
EMP-4575,2017-11-14,Engineering,Junior Dev,95300,47,Male,Berlin,High School,24,1.1,4.8,True
EMP-4576,2015-08-11,Marketing,CMO,106200,49,Female,Toronto,Bachelor,28,4.0,9.6,True
EMP-4577,2022-12-06,HR,Recruiter,76700,32,Male,New York,High School,0,2.4,4.7,True
EMP-4578,2016-03-11,Marketing,Content Writer,81100,35,Non-binary,New York,High School,3,3.8,5.9,False
EMP-4579,2016-12-15,Finance,Accountant,91700,37,Non-binary,Berlin,Master,12,2.2,3.9,False
EMP-4580,2021-04-06,Operations,COO,93400,22,Female,New York,PhD,1,1.4,4.1,True
EMP-4581,2015-03-03,Engineering,Staff Engineer,167500,39,Male,London,PhD,17,1.3,4.4,True
EMP-4582,2022-01-01,Engineering,Staff Engineer,157500,52,Non-binary,London,Bachelor,10,4.4,6.8,False
EMP-4583,2021-10-29,Product,Product Manager,129000,40,Male,New York,High School,16,4.2,3.0,True
EMP-4584,2023-07-04,Operations,Ops Manager,79600,35,Female,Berlin,Master,2,2.5,5.7,False
EMP-4585,2018-10-22,Sales,SDR,67200,36,Male,Sydney,Bachelor,8,3.0,7.1,True
EMP-4586,2017-11-07,Sales,SDR,69000,48,Non-binary,New York,Bachelor,19,2.1,6.5,True
EMP-4587,2019-11-03,Product,Product Analyst,121300,56,Female,New York,Bachelor,18,3.0,1.6,True
EMP-4588,2016-12-31,Marketing,Content Writer,80900,49,Female,Toronto,Bachelor,20,4.8,2.5,True
EMP-4589,2018-10-29,Marketing,CMO,121500,38,Non-binary,Berlin,High School,3,1.8,1.6,False
EMP-4590,2015-10-13,Legal,Senior Counsel,117300,57,Female,Toronto,High School,28,2.5,8.3,True
EMP-4591,2017-03-26,HR,HR Coordinator,71400,27,Female,Sydney,Bachelor,5,2.8,4.1,True
EMP-4592,2017-07-12,Product,Product Analyst,119500,36,Male,London,High School,4,3.6,2.5,False
EMP-4593,2017-08-21,Engineering,Engineering Manager,184600,43,Male,Toronto,PhD,5,1.1,7.9,False
EMP-4594,2023-05-19,Sales,VP of Sales,110700,28,Female,Sydney,PhD,3,2.2,5.1,True
EMP-4595,2018-10-05,Operations,Ops Analyst,57900,36,Female,Sydney,High School,3,4.3,2.5,True
EMP-4596,2021-06-01,Legal,Associate,113100,41,Male,Berlin,High School,15,3.4,8.8,True
EMP-4597,2020-05-17,Sales,VP of Sales,122300,40,Female,Remote,High School,13,1.6,5.7,True
EMP-4598,2019-05-04,Marketing,CMO,130900,51,Non-binary,New York,Bachelor,30,2.4,9.4,True
EMP-4599,2022-04-18,Finance,CFO,157600,55,Non-binary,Toronto,Bachelor,22,4.4,6.9,True
EMP-4600,2023-01-20,Engineering,Senior Dev,126600,51,Male,Remote,PhD,3,1.8,7.9,True
EMP-4601,2015-08-13,Operations,Ops Manager,72500,41,Male,Sydney,High School,5,2.3,4.4,True
EMP-4602,2016-03-25,HR,HR Director,89300,34,Male,Berlin,High School,11,4.4,3.9,True
EMP-4603,2018-08-09,HR,HR Director,103300,45,Male,Toronto,Master,1,3.8,6.1,True
EMP-4604,2021-06-26,Legal,Senior Counsel,108600,38,Male,Sydney,High School,17,4.2,1.8,True
EMP-4605,2015-06-11,Legal,General Counsel,136100,46,Non-binary,Toronto,Master,4,2.9,6.7,True
EMP-4606,2023-09-17,Sales,Account Executive,82900,44,Male,Sydney,PhD,13,1.3,6.2,True
EMP-4607,2022-08-24,HR,HR Director,114300,45,Female,Berlin,Bachelor,15,1.2,4.8,True
EMP-4608,2018-10-20,Legal,General Counsel,154900,36,Male,Berlin,High School,1,2.7,6.9,True
EMP-4609,2019-07-16,Marketing,CMO,110200,46,Female,London,Bachelor,7,2.1,4.3,True
EMP-4610,2019-02-02,Marketing,CMO,108800,24,Female,London,Bachelor,3,1.9,2.5,True
EMP-4611,2022-02-21,HR,HR Manager,100700,52,Male,London,PhD,9,4.7,2.9,True
EMP-4612,2022-10-10,Sales,Sales Manager,93200,46,Male,Sydney,High School,25,1.3,1.1,True
EMP-4613,2018-06-21,Sales,VP of Sales,123300,44,Male,Remote,Master,19,1.7,9.7,True
EMP-4614,2016-03-18,HR,HR Manager,103500,58,Female,Berlin,PhD,21,4.3,3.6,True
EMP-4615,2019-06-06,Engineering,Engineering Manager,181700,55,Non-binary,Remote,Master,4,2.3,8.0,True
EMP-4616,2016-08-16,Engineering,Staff Engineer,146700,30,Male,Toronto,Master,0,4.8,8.8,True
EMP-4617,2021-04-19,Legal,Associate,112400,43,Non-binary,London,Bachelor,6,4.8,8.5,True
EMP-4618,2019-11-11,Engineering,Engineering Manager,168400,33,Male,New York,Bachelor,0,4.4,7.7,True
EMP-4619,2017-03-28,Legal,Associate,96000,32,Female,Remote,Bachelor,6,3.4,1.5,True
EMP-4620,2021-06-21,Legal,Associate,105100,43,Non-binary,Toronto,High School,14,1.8,6.5,False
EMP-4621,2020-01-03,Legal,Senior Counsel,118800,49,Male,Sydney,Bachelor,0,2.0,4.3,False
EMP-4622,2015-01-28,Legal,Associate,103800,48,Non-binary,Toronto,High School,7,4.3,6.1,True
EMP-4623,2018-01-18,Product,VP of Product,138900,51,Female,Remote,PhD,8,3.2,6.8,True
EMP-4624,2015-01-23,Legal,General Counsel,136400,48,Male,Sydney,Bachelor,5,4.3,9.3,True
EMP-4625,2023-01-18,Legal,Associate,105500,47,Female,Sydney,Bachelor,7,1.2,3.5,False
EMP-4626,2019-12-29,Operations,Ops Analyst,68400,35,Female,Berlin,Bachelor,14,3.5,7.9,True
EMP-4627,2017-06-20,Legal,Associate,107000,52,Male,Sydney,High School,22,2.4,7.4,True
EMP-4628,2019-02-15,Engineering,Engineering Manager,194100,55,Female,London,Master,3,1.3,7.5,False
EMP-4629,2021-09-21,Product,Product Manager,147800,30,Male,Remote,PhD,9,4.8,1.7,True
EMP-4630,2018-03-24,Finance,Finance Manager,127500,28,Non-binary,London,Bachelor,7,1.4,3.1,True
EMP-4631,2023-02-24,Sales,Sales Manager,131200,41,Male,London,Master,7,2.3,5.6,True
EMP-4632,2015-07-13,Operations,Ops Analyst,72900,55,Female,Sydney,PhD,19,2.9,1.4,True
EMP-4633,2019-12-19,Engineering,Staff Engineer,143700,58,Non-binary,Berlin,Bachelor,23,4.1,5.4,True
EMP-4634,2016-07-23,HR,HR Director,93500,22,Male,Remote,PhD,1,2.6,7.4,True
EMP-4635,2020-12-17,Finance,CFO,149300,24,Male,Remote,Master,3,2.2,9.0,True
EMP-4636,2016-10-13,Legal,Paralegal,109600,32,Female,London,High School,3,3.9,3.8,True
EMP-4637,2017-10-14,Marketing,CMO,100900,43,Non-binary,London,Master,18,3.9,6.5,True
EMP-4638,2019-12-16,Product,VP of Product,142800,27,Male,Berlin,Master,0,4.3,2.1,False
EMP-4639,2021-01-26,Operations,Ops Manager,90300,23,Female,Sydney,PhD,1,1.9,9.3,True
EMP-4640,2018-06-29,Finance,Analyst,76400,52,Female,Remote,PhD,27,1.9,2.0,True
EMP-4641,2016-12-27,Finance,Analyst,95800,38,Female,New York,Bachelor,11,3.5,9.9,True
EMP-4642,2015-08-30,Finance,CFO,157300,49,Non-binary,New York,Master,7,1.3,2.6,True
EMP-4643,2022-01-17,Marketing,Content Writer,68500,50,Male,New York,Master,22,4.6,2.5,True
EMP-4644,2023-07-27,Sales,VP of Sales,110600,43,Non-binary,London,Bachelor,10,3.2,1.9,True
EMP-4645,2020-06-25,Operations,COO,79100,25,Male,New York,Bachelor,0,3.8,7.8,True
EMP-4646,2018-03-20,Operations,COO,92200,48,Non-binary,Berlin,Master,9,5.0,10.0,True
EMP-4647,2020-10-07,HR,HR Coordinator,55600,55,Male,Toronto,PhD,19,2.1,6.6,True
EMP-4648,2016-10-12,Product,Senior PM,168900,47,Male,New York,Master,10,1.4,6.5,False
EMP-4649,2015-07-26,HR,HR Director,95300,25,Male,London,PhD,3,2.6,4.4,True
EMP-4650,2018-02-02,Product,Product Analyst,122500,22,Male,New York,Bachelor,1,1.6,7.6,True
EMP-4651,2019-10-26,Operations,COO,112800,26,Male,Toronto,PhD,3,2.0,6.0,True
EMP-4652,2018-08-06,Sales,Sales Manager,131000,42,Non-binary,Sydney,High School,0,4.8,4.1,True
EMP-4653,2021-07-16,Finance,Finance Manager,100000,53,Female,London,PhD,16,4.4,2.6,True
EMP-4654,2020-06-25,Operations,COO,111400,36,Male,New York,PhD,10,1.4,8.8,True
EMP-4655,2021-03-24,Finance,Accountant,100600,48,Male,Toronto,Master,10,3.8,4.9,True
EMP-4656,2021-05-05,HR,HR Coordinator,54200,42,Non-binary,New York,Bachelor,2,1.4,8.4,True
EMP-4657,2016-06-09,Finance,Analyst,97200,30,Male,New York,High School,2,4.9,4.0,True
EMP-4658,2017-08-28,Engineering,Senior Dev,125700,52,Non-binary,Berlin,High School,15,3.6,5.6,True
EMP-4659,2019-11-06,HR,Recruiter,86900,36,Male,London,PhD,14,3.7,1.4,False
EMP-4660,2016-02-22,Engineering,Senior Dev,118900,25,Male,New York,PhD,2,4.1,9.4,True
EMP-4661,2018-08-20,Legal,Paralegal,94800,28,Female,Toronto,Bachelor,4,3.6,8.2,False
EMP-4662,2019-03-25,Legal,Paralegal,110000,30,Male,New York,Master,3,3.5,4.7,False
EMP-4663,2022-01-14,Legal,Associate,121300,34,Male,Toronto,PhD,3,2.8,5.5,True
EMP-4664,2020-05-26,Engineering,Senior Dev,126900,50,Female,Berlin,High School,24,4.6,9.4,True
EMP-4665,2022-02-12,Marketing,CMO,100700,27,Male,Remote,PhD,1,1.6,7.6,False
EMP-4666,2017-01-09,Finance,Analyst,86100,55,Male,New York,Bachelor,27,4.8,4.0,False
EMP-4667,2023-07-18,Engineering,Engineering Manager,158800,24,Non-binary,Sydney,Bachelor,2,2.8,4.9,True
EMP-4668,2015-10-04,Engineering,Engineering Manager,157500,45,Non-binary,Remote,High School,11,4.7,1.9,True
EMP-4669,2018-08-09,HR,Recruiter,69200,36,Non-binary,Sydney,PhD,1,3.1,2.5,True
EMP-4670,2020-11-07,Legal,Senior Counsel,150100,48,Non-binary,Toronto,High School,7,1.6,1.8,True
EMP-4671,2016-12-12,Product,VP of Product,140700,35,Non-binary,New York,PhD,9,1.6,2.8,True
EMP-4672,2022-12-06,Sales,Sales Manager,106100,48,Male,Toronto,Bachelor,9,3.8,9.2,True
EMP-4673,2020-02-01,Engineering,Staff Engineer,169700,36,Female,Sydney,Bachelor,8,2.2,7.5,True
EMP-4674,2018-09-28,Finance,Analyst,95600,35,Female,Remote,Master,13,1.4,6.5,True
EMP-4675,2015-07-31,Finance,CFO,134300,33,Male,Berlin,Master,9,1.2,3.0,True
EMP-4676,2019-12-22,HR,HR Coordinator,60900,29,Female,Sydney,Bachelor,1,3.1,9.0,True
EMP-4677,2023-05-26,Finance,Accountant,85700,30,Male,Remote,Bachelor,7,4.8,5.7,True
EMP-4678,2017-01-09,Engineering,Engineering Manager,181400,35,Male,New York,Bachelor,8,4.6,5.5,False
EMP-4679,2022-03-20,Legal,Associate,104400,46,Male,New York,High School,16,3.7,2.4,True
EMP-4680,2020-03-13,Operations,COO,110400,36,Male,Toronto,High School,15,1.6,1.9,True
EMP-4681,2016-11-26,Marketing,CMO,137200,23,Male,Berlin,High School,1,4.9,8.0,True
EMP-4682,2016-02-24,HR,HR Manager,100000,43,Female,Sydney,Bachelor,16,2.0,9.3,True
EMP-4683,2023-10-25,Sales,SDR,75800,28,Male,Toronto,PhD,1,2.6,6.8,True
EMP-4684,2015-01-07,Engineering,Lead Engineer,124100,26,Non-binary,New York,High School,3,2.0,4.0,True
EMP-4685,2016-01-11,Finance,Finance Manager,139800,53,Male,Berlin,Master,13,1.0,3.3,True
EMP-4686,2021-04-28,Product,Product Manager,137000,31,Male,Remote,High School,6,4.2,7.9,True
EMP-4687,2020-03-11,Legal,Senior Counsel,113300,27,Male,Sydney,Master,0,1.9,9.4,True
EMP-4688,2017-02-19,Product,Product Manager,132500,41,Non-binary,Berlin,High School,13,1.7,4.3,True
EMP-4689,2015-08-28,Product,Product Manager,120200,40,Female,London,Master,7,3.1,7.5,True
EMP-4690,2018-01-03,Legal,Paralegal,100300,58,Female,Berlin,Master,0,3.5,7.4,False
EMP-4691,2016-03-19,Legal,General Counsel,123700,36,Non-binary,Remote,Master,3,1.4,4.9,True
EMP-4692,2021-09-22,Product,Product Manager,136800,51,Non-binary,London,High School,16,2.7,7.9,True
EMP-4693,2023-06-07,Engineering,Junior Dev,117600,41,Female,Remote,Master,19,2.8,3.4,True
EMP-4694,2020-02-24,Operations,COO,107500,28,Non-binary,Toronto,High School,5,4.8,7.6,True
EMP-4695,2017-07-25,Sales,Account Executive,112400,25,Female,Sydney,Bachelor,3,1.2,2.4,True
EMP-4696,2020-02-15,Engineering,Senior Dev,109600,51,Female,London,Master,25,2.9,6.4,True
EMP-4697,2021-11-14,Legal,Paralegal,92800,32,Male,Sydney,Master,10,1.2,3.0,False
EMP-4698,2019-01-19,Product,VP of Product,191300,32,Non-binary,Toronto,Master,2,4.8,5.1,False
EMP-4699,2019-02-26,HR,HR Coordinator,51400,55,Male,Berlin,PhD,28,2.1,2.4,True
EMP-4700,2020-05-25,Finance,CFO,156700,39,Female,Remote,Master,6,4.3,5.9,True
EMP-4701,2018-06-12,Engineering,Lead Engineer,120200,48,Female,London,High School,5,2.1,9.2,False
EMP-4702,2022-04-29,HR,HR Coordinator,70500,38,Non-binary,New York,High School,12,3.2,6.1,True
EMP-4703,2023-03-13,Sales,Account Executive,97000,32,Female,Remote,Master,0,4.8,9.9,True
EMP-4704,2021-09-23,Legal,Senior Counsel,135400,55,Non-binary,Toronto,Bachelor,13,1.2,9.2,False
EMP-4705,2022-05-17,Engineering,Engineering Manager,175100,56,Male,Remote,PhD,30,3.7,5.3,True
EMP-4706,2019-02-02,Product,Product Analyst,92000,23,Female,Sydney,Bachelor,0,3.1,3.3,True
EMP-4707,2017-07-14,Operations,Ops Analyst,68000,32,Male,Berlin,PhD,10,2.3,4.6,False
EMP-4708,2018-04-30,Finance,Analyst,94100,37,Male,Remote,Master,13,3.6,7.4,False
EMP-4709,2017-01-13,Sales,VP of Sales,138000,53,Non-binary,Remote,High School,16,4.1,7.9,True
EMP-4710,2022-07-31,Marketing,Content Writer,82700,55,Male,Remote,PhD,1,2.5,8.8,True
EMP-4711,2019-07-20,Marketing,SEO Specialist,86000,28,Non-binary,Sydney,High School,2,1.1,2.7,True
EMP-4712,2020-06-22,Engineering,Engineering Manager,174100,52,Non-binary,Sydney,Master,26,2.5,3.0,True
EMP-4713,2016-06-18,Marketing,CMO,101800,26,Non-binary,Remote,High School,1,1.9,6.9,True
EMP-4714,2020-10-07,Finance,Analyst,81500,42,Non-binary,Toronto,High School,9,1.5,5.5,True
EMP-4715,2023-11-13,Legal,Paralegal,93500,49,Female,London,PhD,16,1.5,3.1,True
EMP-4716,2021-03-03,Marketing,Marketing Manager,122300,47,Non-binary,Toronto,High School,16,1.6,1.7,True
EMP-4717,2016-03-17,Product,Senior PM,160000,25,Male,Remote,High School,2,2.7,2.9,False
EMP-4718,2016-01-14,Operations,COO,93200,53,Female,Berlin,Master,10,3.6,4.2,True
EMP-4719,2017-03-16,Product,Product Analyst,93000,34,Non-binary,New York,High School,0,1.4,3.0,True
EMP-4720,2016-01-09,Marketing,Content Writer,78300,42,Female,Remote,High School,4,2.8,5.3,True
EMP-4721,2017-06-12,Operations,Ops Analyst,74200,26,Male,London,Bachelor,2,1.8,7.2,True
EMP-4722,2015-10-27,Sales,Account Executive,110600,57,Non-binary,Remote,Master,28,4.7,2.1,True
EMP-4723,2015-08-31,Product,VP of Product,151600,30,Male,Berlin,Bachelor,0,3.7,6.8,False
EMP-4724,2015-12-02,Finance,Analyst,90000,54,Non-binary,Remote,Master,13,3.2,7.8,True
EMP-4725,2017-12-01,Legal,General Counsel,163900,45,Female,Toronto,Bachelor,18,4.9,5.0,True
EMP-4726,2020-12-23,Legal,Senior Counsel,124200,23,Male,Toronto,Master,0,1.8,1.4,True
EMP-4727,2016-11-27,Product,VP of Product,154100,55,Male,New York,High School,32,1.3,7.2,True
EMP-4728,2023-08-08,Marketing,CMO,122400,28,Male,New York,PhD,4,4.5,7.0,True
EMP-4729,2023-10-19,Engineering,Junior Dev,81600,27,Female,Remote,PhD,0,4.8,1.7,True
EMP-4730,2022-03-15,Finance,Finance Manager,137200,44,Male,Sydney,Master,9,4.2,5.5,True
EMP-4731,2016-06-11,Engineering,Senior Dev,141900,28,Female,Toronto,Master,1,3.7,5.5,False
EMP-4732,2021-12-07,Sales,SDR,79800,23,Non-binary,Sydney,Bachelor,0,1.6,3.9,True
EMP-4733,2018-05-09,Sales,VP of Sales,118400,55,Female,London,Master,4,4.0,8.7,True
EMP-4734,2023-12-29,Product,Product Analyst,113400,41,Female,London,High School,10,1.3,9.9,True
EMP-4735,2019-03-08,HR,Recruiter,76500,24,Non-binary,Remote,Master,1,4.8,3.5,True
EMP-4736,2015-05-08,Finance,Accountant,93000,42,Male,Berlin,Bachelor,0,4.4,1.4,False
EMP-4737,2021-07-26,Finance,Finance Manager,132700,30,Male,Remote,Bachelor,6,2.3,8.9,True
EMP-4738,2023-10-20,Sales,SDR,93500,50,Female,London,High School,20,4.0,9.2,True
EMP-4739,2019-09-13,Marketing,CMO,102000,25,Non-binary,Berlin,High School,3,1.1,3.5,True
EMP-4740,2019-10-13,Operations,Ops Manager,76900,31,Male,New York,High School,6,4.8,6.3,True
EMP-4741,2016-03-25,HR,HR Coordinator,57300,47,Female,London,High School,6,4.4,9.3,True
EMP-4742,2021-02-17,Sales,SDR,74400,37,Non-binary,Sydney,PhD,15,3.9,3.1,True
EMP-4743,2017-06-07,Sales,Sales Manager,122800,47,Female,London,Master,4,2.0,5.4,True
EMP-4744,2021-11-29,Operations,Ops Manager,96000,38,Female,Berlin,Bachelor,7,1.2,3.5,True
EMP-4745,2021-02-19,Engineering,Staff Engineer,132400,41,Female,Berlin,Bachelor,11,4.9,1.6,True
EMP-4746,2016-01-04,Finance,Finance Manager,119600,37,Non-binary,Sydney,High School,5,1.6,4.9,True
EMP-4747,2017-10-12,Sales,VP of Sales,141500,54,Female,Berlin,High School,9,3.7,9.9,True
EMP-4748,2019-03-02,Operations,Ops Manager,83600,55,Non-binary,Remote,Master,33,4.3,3.0,False
EMP-4749,2019-10-14,Engineering,Lead Engineer,164400,50,Non-binary,Sydney,High School,16,2.5,8.6,True
EMP-4750,2018-12-07,Engineering,Engineering Manager,185800,26,Non-binary,London,Master,1,4.2,2.4,False
EMP-4751,2023-12-17,Product,Senior PM,171600,27,Male,Sydney,High School,4,4.8,7.0,True
EMP-4752,2021-05-19,Operations,COO,96900,41,Female,Sydney,PhD,5,2.2,7.2,False
EMP-4753,2020-08-19,Marketing,CMO,125500,28,Male,London,PhD,4,2.6,8.4,True
EMP-4754,2018-10-04,Finance,CFO,156800,50,Non-binary,Remote,Bachelor,15,2.9,7.6,True
EMP-4755,2020-01-04,HR,HR Manager,88500,49,Female,Sydney,Master,10,4.4,9.5,True
EMP-4756,2022-07-15,HR,HR Coordinator,63300,34,Male,London,High School,7,3.3,8.5,True
EMP-4757,2023-09-29,Engineering,Staff Engineer,185100,41,Female,London,PhD,6,4.7,7.3,True
EMP-4758,2017-02-21,Product,Product Manager,133600,23,Female,London,Bachelor,2,4.0,9.1,True
EMP-4759,2021-08-08,Marketing,SEO Specialist,73300,26,Female,Sydney,Master,5,3.1,6.9,True
EMP-4760,2019-03-03,Product,Senior PM,133700,53,Male,Sydney,PhD,3,2.2,7.9,True
EMP-4761,2023-07-30,Finance,Analyst,70700,36,Non-binary,Sydney,High School,1,2.8,9.0,True
EMP-4762,2022-10-29,Marketing,CMO,140000,58,Male,Remote,Master,27,3.1,4.4,True
EMP-4763,2017-05-20,Finance,CFO,112300,34,Non-binary,London,Master,9,2.4,7.6,True
EMP-4764,2022-03-15,Operations,Ops Analyst,72500,27,Non-binary,Remote,High School,5,2.7,1.4,True
EMP-4765,2016-02-03,Engineering,Junior Dev,92900,23,Male,London,Master,0,1.9,2.5,True
EMP-4766,2018-01-21,Engineering,Lead Engineer,121100,34,Male,Berlin,High School,13,2.8,2.5,True
EMP-4767,2020-03-21,Legal,General Counsel,148300,22,Female,Sydney,PhD,1,2.6,2.0,False
EMP-4768,2015-04-06,Sales,Sales Manager,122400,33,Non-binary,Toronto,PhD,3,2.4,8.1,True
EMP-4769,2023-03-03,Sales,Sales Manager,102100,24,Female,Sydney,Master,1,2.0,1.4,False
EMP-4770,2023-03-27,Finance,CFO,155200,36,Non-binary,Remote,High School,9,2.1,7.3,True
EMP-4771,2019-01-06,Finance,Finance Manager,108500,44,Female,Toronto,Master,6,4.0,6.7,True
EMP-4772,2019-11-09,HR,Recruiter,77700,23,Male,Toronto,PhD,0,3.4,1.0,True
EMP-4773,2021-01-07,Marketing,SEO Specialist,95500,31,Male,New York,High School,2,2.6,5.7,True
EMP-4774,2023-02-09,Legal,General Counsel,141900,30,Non-binary,London,High School,8,4.9,2.9,True
EMP-4775,2016-03-09,Operations,Ops Analyst,57900,39,Female,London,High School,11,3.4,5.5,True
EMP-4776,2022-04-25,Product,VP of Product,198900,42,Male,New York,High School,3,4.0,2.0,True
EMP-4777,2022-11-20,HR,HR Director,111300,32,Female,New York,Bachelor,7,4.0,9.4,True
EMP-4778,2016-08-15,Finance,Analyst,96500,27,Male,London,High School,6,4.2,1.4,True
EMP-4779,2021-01-12,HR,Recruiter,68600,40,Non-binary,London,PhD,17,1.2,1.5,False
EMP-4780,2023-11-19,HR,HR Director,87900,58,Non-binary,New York,High School,32,2.3,7.1,False
EMP-4781,2022-01-15,Operations,COO,110300,38,Female,Sydney,High School,6,4.2,1.0,True
EMP-4782,2016-07-24,Operations,Ops Manager,78500,28,Male,Berlin,PhD,3,3.0,5.2,True
EMP-4783,2018-04-27,Operations,COO,101600,26,Non-binary,New York,High School,2,4.5,7.9,True
EMP-4784,2019-11-05,Finance,Finance Manager,119400,42,Female,Remote,High School,6,2.4,4.5,False
EMP-4785,2020-07-27,Legal,Paralegal,101900,25,Male,Remote,Bachelor,1,2.9,1.4,True
EMP-4786,2019-02-14,Finance,Accountant,100500,40,Female,New York,Master,6,2.3,2.1,True
EMP-4787,2022-02-28,Product,VP of Product,140800,42,Male,New York,PhD,1,2.5,4.1,True
EMP-4788,2016-08-02,Engineering,Engineering Manager,161600,49,Female,Toronto,Master,5,4.1,9.6,True
EMP-4789,2021-09-07,Legal,Associate,98200,54,Female,Berlin,PhD,28,4.6,6.1,True
EMP-4790,2015-06-06,Marketing,SEO Specialist,80300,50,Male,Berlin,Master,17,2.4,6.9,True
EMP-4791,2015-07-15,HR,Recruiter,85000,47,Male,Sydney,PhD,21,2.8,6.4,True
EMP-4792,2017-03-07,Legal,Senior Counsel,110200,56,Non-binary,Sydney,PhD,7,3.8,4.4,False
EMP-4793,2017-05-28,HR,Recruiter,74200,51,Female,Sydney,PhD,11,4.4,1.8,True
EMP-4794,2023-04-13,Finance,Accountant,116100,28,Non-binary,Berlin,High School,3,3.6,8.1,False
EMP-4795,2020-09-30,HR,HR Coordinator,54300,54,Male,London,Bachelor,4,4.5,4.6,True
EMP-4796,2018-04-20,Operations,COO,95900,28,Non-binary,Berlin,Bachelor,5,2.3,4.9,True
EMP-4797,2021-11-09,HR,HR Manager,101500,27,Female,Sydney,High School,4,4.8,7.8,True
EMP-4798,2018-07-03,HR,HR Director,101900,40,Non-binary,Sydney,Master,9,1.5,9.2,True
EMP-4799,2016-04-22,Engineering,Engineering Manager,150200,25,Male,Remote,High School,0,4.2,7.4,True
EMP-4800,2017-09-16,Sales,SDR,70900,49,Non-binary,Berlin,Master,3,4.3,7.4,True
EMP-4801,2022-03-05,Product,Product Analyst,103400,33,Female,Sydney,Bachelor,1,3.4,9.2,True
EMP-4802,2022-04-15,Sales,Sales Manager,124000,32,Male,Berlin,High School,3,3.1,3.6,False
EMP-4803,2016-06-23,Marketing,Content Writer,66900,40,Female,Berlin,High School,9,3.6,4.6,True
EMP-4804,2019-01-24,Product,Senior PM,127300,54,Male,Remote,Master,22,2.7,7.5,False
EMP-4805,2016-03-21,Sales,Account Executive,101700,47,Male,Toronto,Bachelor,6,2.2,8.1,True
EMP-4806,2016-07-21,Operations,Ops Analyst,73200,31,Non-binary,Berlin,High School,6,1.8,2.9,True
EMP-4807,2018-03-06,Marketing,CMO,117500,31,Female,Toronto,Bachelor,8,1.2,9.1,True
EMP-4808,2023-01-06,Finance,CFO,151100,47,Male,Sydney,PhD,5,3.4,6.7,False
EMP-4809,2015-10-06,Sales,VP of Sales,124100,38,Male,Remote,High School,17,1.8,8.9,False
EMP-4810,2023-05-25,Marketing,SEO Specialist,89300,55,Male,Sydney,PhD,29,1.4,5.3,False
EMP-4811,2019-01-19,Legal,Senior Counsel,114300,42,Male,Sydney,PhD,20,3.2,3.8,True
EMP-4812,2023-02-08,Product,Senior PM,143100,38,Female,New York,High School,10,2.3,6.4,True
EMP-4813,2023-10-23,Operations,Ops Analyst,79600,58,Non-binary,Remote,PhD,34,2.9,7.2,False
EMP-4814,2017-02-03,Engineering,Staff Engineer,184800,58,Non-binary,London,High School,25,3.5,2.5,True
EMP-4815,2023-02-08,Legal,Paralegal,89200,46,Non-binary,Berlin,High School,25,4.0,2.4,True
EMP-4816,2022-12-05,Finance,Accountant,87100,25,Female,Sydney,PhD,3,2.8,7.7,True
EMP-4817,2022-04-19,Legal,General Counsel,141700,24,Female,New York,Bachelor,0,2.3,4.5,True
EMP-4818,2018-12-01,Operations,Ops Manager,84200,47,Female,Berlin,Bachelor,8,2.8,7.9,True
EMP-4819,2018-06-15,Finance,CFO,145800,24,Female,Remote,Master,3,1.3,4.5,True
EMP-4820,2022-03-14,Engineering,Senior Dev,133800,31,Non-binary,Toronto,Master,3,1.5,6.4,True
EMP-4821,2015-11-14,Operations,COO,102800,36,Male,Sydney,Master,9,3.0,5.9,True
EMP-4822,2017-04-05,Engineering,Engineering Manager,195500,37,Female,Sydney,Master,8,1.5,9.4,True
EMP-4823,2019-01-19,Product,Product Manager,134100,58,Female,Toronto,PhD,36,4.8,6.9,True
EMP-4824,2020-06-01,Marketing,Marketing Manager,101200,31,Non-binary,Sydney,Bachelor,6,2.5,3.8,True
EMP-4825,2016-04-30,Operations,Ops Analyst,58000,31,Non-binary,London,PhD,1,2.2,9.5,True
EMP-4826,2021-05-28,Legal,Paralegal,94200,56,Female,Sydney,Bachelor,32,1.8,7.1,True
EMP-4827,2022-10-01,Marketing,SEO Specialist,82200,24,Non-binary,Remote,PhD,0,3.4,6.1,True
EMP-4828,2019-02-14,Finance,Accountant,90300,57,Non-binary,Berlin,Master,24,2.7,2.1,True
EMP-4829,2017-10-15,HR,HR Director,83400,25,Male,Remote,Bachelor,3,4.2,3.2,True
EMP-4830,2021-03-30,Legal,General Counsel,123100,56,Female,Berlin,Bachelor,19,3.3,7.1,False
EMP-4831,2021-09-26,Finance,CFO,150700,31,Non-binary,London,Master,10,2.3,5.1,True
EMP-4832,2022-09-25,Engineering,Junior Dev,108600,51,Male,Remote,Bachelor,3,2.1,4.7,True
EMP-4833,2015-05-07,Operations,Ops Manager,88600,22,Non-binary,Berlin,Bachelor,1,3.3,6.4,True
EMP-4834,2020-03-18,HR,HR Manager,71800,27,Male,Sydney,PhD,5,4.1,5.2,True
EMP-4835,2021-07-27,Legal,Paralegal,104000,30,Female,Toronto,High School,0,1.7,7.5,True
EMP-4836,2023-02-14,Marketing,SEO Specialist,102800,52,Male,Sydney,PhD,24,2.7,1.0,True
EMP-4837,2021-10-30,Sales,VP of Sales,145000,24,Female,Toronto,Bachelor,2,4.0,3.3,False
EMP-4838,2015-10-12,Marketing,CMO,134300,43,Female,Remote,Master,5,2.9,7.7,True
EMP-4839,2015-03-22,Legal,General Counsel,170000,29,Female,Toronto,High School,4,4.8,9.8,False
EMP-4840,2020-04-06,HR,HR Manager,92500,31,Non-binary,London,Master,0,2.5,9.8,False
EMP-4841,2017-12-06,Legal,Senior Counsel,133400,34,Female,Berlin,High School,8,3.7,6.2,True
EMP-4842,2017-10-06,Legal,Associate,96000,26,Non-binary,Berlin,High School,0,4.9,8.0,True
EMP-4843,2017-04-24,Marketing,CMO,120400,39,Female,New York,High School,6,3.6,2.4,True
EMP-4844,2020-05-27,HR,HR Coordinator,58900,54,Non-binary,Sydney,Bachelor,6,4.0,2.9,True
EMP-4845,2017-07-21,Sales,VP of Sales,117900,22,Non-binary,Sydney,PhD,1,2.6,3.7,True
EMP-4846,2019-09-02,Product,Product Manager,106100,24,Male,New York,High School,0,3.5,7.9,True
EMP-4847,2016-07-05,Legal,General Counsel,152100,54,Non-binary,Berlin,High School,31,4.8,3.4,True
EMP-4848,2018-10-22,Marketing,Content Writer,82000,24,Male,New York,Bachelor,3,3.6,9.6,True
EMP-4849,2021-10-27,Marketing,Marketing Manager,91200,28,Female,Berlin,Bachelor,2,4.7,2.0,True
EMP-4850,2018-08-27,Product,VP of Product,158400,52,Male,Remote,Master,6,1.5,3.0,True
EMP-4851,2015-12-14,Engineering,Senior Dev,117000,35,Non-binary,Remote,Master,13,3.2,5.3,True
EMP-4852,2022-05-28,Product,Product Analyst,115100,54,Non-binary,Toronto,Master,2,5.0,3.9,True
EMP-4853,2023-07-31,Engineering,Engineering Manager,212600,26,Male,Berlin,Master,0,4.0,6.5,True
EMP-4854,2023-04-10,Legal,Associate,103700,34,Female,Remote,PhD,10,4.1,1.8,False
EMP-4855,2019-05-22,Engineering,Junior Dev,116900,22,Female,Remote,PhD,1,2.6,1.5,True
EMP-4856,2021-04-03,Sales,SDR,66000,54,Non-binary,London,Bachelor,1,2.3,6.6,True
EMP-4857,2017-02-25,HR,HR Coordinator,68000,53,Non-binary,London,High School,20,1.2,6.0,True
EMP-4858,2019-12-26,Finance,Analyst,94400,27,Female,Berlin,Bachelor,1,3.5,6.1,True
EMP-4859,2016-08-30,Operations,COO,90200,29,Non-binary,Remote,PhD,7,4.3,8.6,True
EMP-4860,2020-02-03,HR,HR Director,86500,37,Non-binary,New York,PhD,8,2.3,7.7,True
EMP-4861,2021-05-18,Product,Senior PM,164100,24,Male,Berlin,High School,2,4.3,8.5,True
EMP-4862,2016-10-01,Legal,Associate,134900,34,Non-binary,Sydney,Bachelor,11,1.4,4.8,False
EMP-4863,2019-09-29,Legal,Paralegal,91700,25,Female,Remote,Bachelor,2,3.7,8.7,True
EMP-4864,2020-10-27,Engineering,Senior Dev,139700,27,Female,Remote,PhD,4,3.3,5.0,True
EMP-4865,2015-04-11,Marketing,SEO Specialist,88700,33,Female,Remote,Master,9,4.4,3.9,True
EMP-4866,2023-02-20,Marketing,Content Writer,69700,24,Non-binary,New York,Bachelor,3,3.0,5.3,True
EMP-4867,2018-11-21,Operations,COO,112400,27,Non-binary,Berlin,High School,4,1.4,7.2,True
EMP-4868,2017-03-02,Legal,General Counsel,162700,55,Female,New York,Master,5,4.2,6.0,True
EMP-4869,2018-08-21,HR,HR Director,119500,58,Female,London,Bachelor,12,4.1,1.8,True
EMP-4870,2017-10-21,Sales,Account Executive,87400,42,Female,New York,Master,15,2.6,6.4,False
EMP-4871,2021-12-12,Finance,CFO,128200,23,Non-binary,Toronto,Bachelor,0,1.5,9.9,True
EMP-4872,2018-03-10,Legal,Associate,126400,35,Female,Remote,High School,13,3.0,2.3,True
EMP-4873,2021-03-09,Finance,Accountant,94200,47,Non-binary,London,Bachelor,20,4.7,2.5,True
EMP-4874,2022-03-21,Operations,Ops Analyst,80300,37,Male,Remote,Bachelor,14,3.6,2.2,False
EMP-4875,2022-01-07,Engineering,Staff Engineer,188100,35,Male,Remote,PhD,0,2.6,3.0,True
EMP-4876,2016-02-04,Product,Product Analyst,98300,48,Non-binary,Toronto,Master,13,1.2,4.1,True
EMP-4877,2021-06-12,Legal,Paralegal,77500,28,Male,Berlin,Master,5,3.3,1.1,True
EMP-4878,2020-03-28,Sales,Sales Manager,95300,33,Non-binary,Sydney,PhD,0,4.4,2.6,True
EMP-4879,2015-09-28,Finance,Analyst,72500,57,Female,London,Master,22,3.6,7.1,True
EMP-4880,2020-04-07,Engineering,Junior Dev,105700,56,Female,New York,PhD,30,2.5,4.6,True
EMP-4881,2016-03-19,Legal,General Counsel,166800,41,Female,New York,High School,0,2.4,7.6,True
EMP-4882,2022-08-03,Engineering,Junior Dev,94400,45,Non-binary,London,Bachelor,23,1.9,8.8,True
EMP-4883,2022-03-25,Product,Product Manager,130100,22,Non-binary,Toronto,PhD,0,4.2,6.5,True
EMP-4884,2021-12-07,Operations,COO,93300,47,Female,Berlin,PhD,6,3.4,4.3,True
EMP-4885,2021-04-25,Product,Senior PM,150900,34,Male,New York,High School,7,1.9,4.0,True
EMP-4886,2017-04-17,Marketing,CMO,134500,22,Male,New York,High School,1,4.2,6.7,True
EMP-4887,2020-03-06,HR,Recruiter,84900,43,Male,Sydney,High School,4,1.4,8.3,False
EMP-4888,2017-05-29,Legal,Paralegal,95400,28,Male,New York,Bachelor,6,4.7,6.9,True
EMP-4889,2016-09-05,Sales,SDR,74600,58,Non-binary,New York,Bachelor,1,1.6,7.7,False
EMP-4890,2016-09-05,Finance,Accountant,105300,31,Non-binary,Sydney,PhD,2,2.0,3.6,True
EMP-4891,2016-07-15,Product,Senior PM,127500,54,Male,Sydney,Master,5,5.0,4.9,False
EMP-4892,2018-05-02,Sales,SDR,67600,22,Male,Toronto,Master,0,1.4,5.2,True
EMP-4893,2022-06-27,Engineering,Engineering Manager,147600,31,Non-binary,Remote,Bachelor,9,1.7,4.7,False
EMP-4894,2018-05-23,Marketing,CMO,123700,41,Male,London,High School,1,2.3,6.0,True
EMP-4895,2015-08-03,Finance,Finance Manager,109600,45,Male,Toronto,PhD,9,4.0,3.7,True
EMP-4896,2020-11-17,Sales,Account Executive,93500,38,Non-binary,Remote,High School,14,4.4,8.3,True
EMP-4897,2022-01-09,Operations,COO,86300,57,Male,London,Bachelor,32,3.1,1.2,True
EMP-4898,2022-08-23,Marketing,CMO,100000,28,Female,Remote,Master,2,3.6,1.2,True
EMP-4899,2021-10-27,Marketing,Content Writer,62800,35,Male,Remote,Master,3,3.1,2.3,True
EMP-4900,2017-06-02,Marketing,Marketing Manager,119000,30,Non-binary,Toronto,Master,5,2.3,4.3,True
EMP-4901,2018-01-17,Product,Senior PM,149000,50,Male,Remote,Master,1,3.8,5.6,True
EMP-4902,2022-10-06,Product,VP of Product,150500,33,Non-binary,Toronto,Master,3,2.1,5.5,True
EMP-4903,2023-12-16,Marketing,CMO,123500,25,Male,Toronto,Bachelor,4,3.7,6.0,True
EMP-4904,2018-04-19,Engineering,Lead Engineer,142200,50,Non-binary,Sydney,Master,21,4.1,5.7,True
EMP-4905,2016-09-15,Marketing,Content Writer,60800,45,Female,London,Bachelor,6,4.3,8.8,False
EMP-4906,2018-03-30,Operations,COO,103300,28,Male,Sydney,High School,6,2.9,3.2,True
EMP-4907,2015-10-25,Engineering,Engineering Manager,178600,29,Non-binary,New York,High School,2,2.4,9.4,False
EMP-4908,2022-05-17,HR,HR Coordinator,69500,55,Male,Toronto,High School,10,2.1,4.0,True
EMP-4909,2022-12-20,Engineering,Junior Dev,81600,31,Female,Remote,High School,4,3.7,4.2,False
EMP-4910,2017-11-17,HR,HR Director,100900,27,Female,Sydney,High School,3,1.9,6.8,True
EMP-4911,2017-08-01,Finance,CFO,139500,33,Male,New York,High School,0,4.9,9.0,True
EMP-4912,2022-05-25,Legal,Associate,110300,29,Female,London,High School,1,1.7,8.1,False
EMP-4913,2020-04-17,Legal,Paralegal,101100,51,Non-binary,London,Bachelor,24,1.5,4.1,True
EMP-4914,2022-09-20,Marketing,SEO Specialist,97500,41,Female,Toronto,Master,1,1.0,9.1,False
EMP-4915,2022-02-26,HR,Recruiter,78900,29,Non-binary,Sydney,High School,7,3.5,2.7,True
EMP-4916,2020-03-16,Engineering,Lead Engineer,143400,53,Non-binary,Toronto,Master,29,1.4,2.5,True
EMP-4917,2017-07-09,Finance,Accountant,83600,34,Female,New York,PhD,6,4.5,3.6,True
EMP-4918,2022-07-26,Operations,Ops Manager,82900,36,Male,London,Master,1,4.1,9.5,False
EMP-4919,2018-04-23,HR,HR Manager,76800,45,Female,Sydney,Master,6,3.5,3.3,True
EMP-4920,2018-01-18,Marketing,Content Writer,87500,29,Non-binary,Toronto,High School,6,1.6,5.1,True
EMP-4921,2023-09-17,Product,Senior PM,171200,42,Non-binary,Remote,Bachelor,12,3.4,1.7,True
EMP-4922,2021-10-06,HR,Recruiter,79000,46,Non-binary,Toronto,Bachelor,23,2.1,5.4,True
EMP-4923,2020-01-09,Operations,Ops Manager,86400,41,Male,Toronto,High School,15,1.2,1.9,True
EMP-4924,2020-09-23,Operations,COO,86600,40,Non-binary,Toronto,Master,3,4.2,5.4,True
EMP-4925,2015-07-05,Product,Senior PM,161000,36,Non-binary,Toronto,Master,2,2.9,8.7,True
EMP-4926,2019-02-22,Finance,CFO,140200,37,Non-binary,London,Master,4,1.8,1.1,False
EMP-4927,2020-09-27,Finance,Finance Manager,120400,50,Male,New York,PhD,13,4.2,7.0,True
EMP-4928,2017-04-16,Engineering,Staff Engineer,160000,52,Female,Remote,High School,29,2.9,1.6,True
EMP-4929,2020-07-28,Operations,Ops Analyst,72000,36,Female,Berlin,Bachelor,7,1.1,6.3,True
EMP-4930,2017-11-25,HR,HR Manager,73200,22,Female,London,Master,0,2.8,2.0,True
EMP-4931,2022-09-06,Engineering,Senior Dev,104400,24,Non-binary,Sydney,PhD,0,2.5,2.6,False
EMP-4932,2021-11-01,HR,HR Director,103100,56,Male,Remote,Bachelor,16,3.2,5.7,True
EMP-4933,2015-07-10,Engineering,Senior Dev,125400,42,Male,Toronto,Bachelor,4,1.2,4.4,True
EMP-4934,2020-10-08,Operations,COO,111000,42,Female,London,Bachelor,3,2.9,2.9,True
EMP-4935,2019-08-09,Engineering,Junior Dev,106800,39,Female,New York,High School,16,4.0,6.4,True
EMP-4936,2021-03-11,Engineering,Staff Engineer,136700,47,Non-binary,New York,PhD,24,4.9,1.1,True
EMP-4937,2022-07-04,Product,VP of Product,169900,50,Non-binary,Berlin,PhD,8,1.4,7.1,True
EMP-4938,2022-10-07,Marketing,CMO,100100,42,Non-binary,New York,PhD,19,4.8,5.3,True
EMP-4939,2023-07-28,Finance,Finance Manager,125700,34,Female,London,Bachelor,0,3.8,6.7,True
EMP-4940,2015-04-18,Legal,Senior Counsel,150100,50,Non-binary,Remote,Master,14,2.2,5.7,True
EMP-4941,2022-04-18,Operations,Ops Analyst,57200,26,Male,Remote,Master,3,1.3,3.1,True
EMP-4942,2020-05-02,HR,HR Coordinator,60000,54,Female,New York,Bachelor,32,5.0,7.4,True
EMP-4943,2021-05-27,Legal,Associate,115800,58,Female,New York,High School,23,1.6,2.3,False
EMP-4944,2015-05-20,Legal,Associate,93000,38,Non-binary,Berlin,Master,16,3.1,8.5,True
EMP-4945,2023-03-31,HR,HR Director,91200,44,Female,Sydney,PhD,23,1.3,4.3,True
EMP-4946,2021-07-26,Legal,Paralegal,100800,44,Non-binary,London,High School,11,4.5,1.8,True
EMP-4947,2021-02-13,Product,VP of Product,161600,40,Female,Berlin,Bachelor,5,1.9,3.7,True
EMP-4948,2016-08-25,Engineering,Lead Engineer,117900,58,Male,London,Bachelor,23,1.7,6.2,True
EMP-4949,2019-11-01,Product,Product Analyst,86600,28,Female,Sydney,Master,1,2.9,6.5,True
EMP-4950,2016-09-14,Engineering,Junior Dev,85100,58,Non-binary,Toronto,PhD,10,4.0,5.5,True
EMP-4951,2023-03-25,Finance,Finance Manager,119300,33,Non-binary,Sydney,Bachelor,12,1.4,3.0,True
EMP-4952,2016-06-06,Operations,COO,96300,29,Male,Toronto,High School,2,3.9,6.1,True
EMP-4953,2022-01-08,Legal,Senior Counsel,129000,56,Female,Berlin,PhD,35,1.0,4.0,False
EMP-4954,2023-12-18,Marketing,Content Writer,70800,43,Male,Remote,High School,5,4.5,4.8,True
EMP-4955,2022-05-28,Engineering,Lead Engineer,128800,39,Female,New York,High School,17,3.8,4.7,True
EMP-4956,2017-04-10,Marketing,Marketing Manager,94200,47,Female,Remote,PhD,22,3.4,1.7,True
EMP-4957,2015-11-22,Sales,VP of Sales,124900,38,Male,Berlin,High School,5,1.5,4.9,True
EMP-4958,2016-05-19,Operations,COO,82300,40,Female,Berlin,High School,19,1.1,7.4,False
EMP-4959,2017-09-15,Product,Product Manager,117000,23,Male,London,Master,1,4.6,6.3,True
EMP-4960,2016-07-10,Engineering,Engineering Manager,159800,37,Non-binary,Toronto,High School,4,4.1,2.0,True
EMP-4961,2022-07-18,Legal,Associate,95100,24,Non-binary,Berlin,High School,0,5.0,4.0,True
EMP-4962,2018-03-23,Finance,Finance Manager,139600,43,Non-binary,Sydney,Master,14,2.6,2.2,True
EMP-4963,2016-11-11,Sales,Sales Manager,112800,40,Non-binary,Toronto,Master,3,2.8,6.2,True
EMP-4964,2022-02-27,Product,Product Manager,132200,49,Male,London,Bachelor,25,2.6,3.1,True
EMP-4965,2021-09-13,Product,VP of Product,171400,34,Male,London,High School,0,3.6,5.5,True
EMP-4966,2017-08-21,Operations,Ops Manager,70500,44,Female,New York,Bachelor,9,4.4,8.4,True
EMP-4967,2015-04-09,Finance,Analyst,75200,22,Non-binary,Sydney,PhD,1,2.5,5.8,False
EMP-4968,2019-08-16,Sales,SDR,64700,41,Male,London,High School,3,3.9,8.8,True
EMP-4969,2018-12-01,Finance,Analyst,78200,37,Non-binary,Remote,High School,13,3.4,2.7,True
EMP-4970,2021-12-10,Product,Product Manager,141800,33,Female,London,High School,0,3.9,8.2,False
EMP-4971,2017-03-25,Product,Product Analyst,86900,25,Male,Sydney,PhD,1,3.1,2.0,True
EMP-4972,2017-07-28,Finance,CFO,147400,56,Non-binary,Sydney,Master,14,4.9,7.9,True
EMP-4973,2021-06-08,HR,HR Manager,103600,48,Male,London,Bachelor,11,2.6,6.6,False
EMP-4974,2019-11-06,HR,HR Manager,92100,46,Female,Sydney,Master,8,3.2,4.1,True
EMP-4975,2018-10-11,Finance,Accountant,104500,33,Female,London,High School,9,2.1,6.9,True
EMP-4976,2016-04-10,Operations,COO,85600,27,Non-binary,Remote,PhD,3,3.0,7.8,True
EMP-4977,2022-07-02,Engineering,Lead Engineer,151600,22,Female,New York,PhD,0,4.6,6.6,True
EMP-4978,2021-05-02,Finance,Finance Manager,96600,51,Female,Berlin,Master,0,3.4,8.2,True
EMP-4979,2019-07-06,HR,Recruiter,77600,45,Female,New York,Bachelor,7,1.0,4.7,True
EMP-4980,2017-07-16,HR,HR Director,83800,50,Male,New York,High School,28,2.6,7.7,True
EMP-4981,2020-03-25,Product,Product Manager,140000,24,Female,New York,Bachelor,0,4.1,9.3,True
EMP-4982,2016-05-09,Product,VP of Product,172700,57,Female,New York,Master,23,3.8,2.7,True
EMP-4983,2021-12-02,Legal,Paralegal,86100,53,Non-binary,Sydney,PhD,9,3.2,6.7,True
EMP-4984,2016-02-14,HR,HR Coordinator,53900,50,Female,Berlin,High School,14,1.9,8.6,True
EMP-4985,2023-07-31,Engineering,Lead Engineer,163500,40,Male,Toronto,High School,13,4.1,1.1,True
EMP-4986,2017-11-18,Legal,Associate,92800,58,Female,Toronto,Bachelor,12,3.3,3.3,True
EMP-4987,2018-09-07,Operations,Ops Analyst,77600,38,Male,Berlin,Master,4,4.9,2.9,True
EMP-4988,2019-09-25,Finance,Finance Manager,131700,27,Male,Toronto,High School,4,4.1,5.8,True
EMP-4989,2015-11-25,Operations,COO,83200,27,Male,New York,PhD,6,2.7,4.0,True
EMP-4990,2019-10-20,Finance,Accountant,86300,38,Female,London,PhD,7,3.6,2.6,True
EMP-4991,2023-05-01,Engineering,Staff Engineer,174000,56,Male,London,PhD,21,4.3,6.9,True
EMP-4992,2018-10-14,Sales,SDR,73400,25,Female,Toronto,Master,4,1.4,8.7,True
EMP-4993,2022-08-26,Finance,Finance Manager,109700,56,Non-binary,Toronto,Bachelor,10,4.8,5.7,True
EMP-4994,2020-03-04,HR,HR Coordinator,58000,22,Female,Toronto,PhD,1,4.4,1.2,True
EMP-4995,2022-09-30,Marketing,Content Writer,61700,45,Male,Toronto,Master,24,4.1,5.1,True
EMP-4996,2019-10-26,Finance,Accountant,85100,38,Non-binary,New York,PhD,8,4.7,4.8,True
EMP-4997,2021-03-24,Engineering,Engineering Manager,208500,22,Female,Toronto,Bachelor,1,4.1,5.4,True
EMP-4998,2021-06-08,Operations,COO,81900,50,Male,Berlin,High School,18,1.8,4.2,True
EMP-4999,2019-09-14,Sales,Account Executive,80700,45,Male,New York,Master,20,2.1,5.2,True
EMP-5000,2022-08-30,Operations,COO,85400,44,Non-binary,Sydney,Bachelor,19,4.1,3.1,True
