campaign_id,date,platform,campaign_type,industry,region,budget_usd,impressions,clicks,conversions,revenue_usd,ctr_pct,cpc_usd,roas,cost_per_conversion
CMP-00001,2023-02-18,YouTube,Lead Generation,Education,Europe,11898.01,1308304,15045,1336,373387.85,1.15,0.79,31.38,8.91
CMP-00002,2023-12-19,Facebook,Engagement,Finance,Europe,21371.14,6965863,148372,16132,3319489.68,2.13,0.14,155.33,1.32
CMP-00003,2023-02-02,TikTok,Lead Generation,Finance,Europe,42573.38,8619535,655084,43106,16983874.99,7.6,0.06,398.93,0.99
CMP-00004,2023-04-26,Twitter,Conversion,Tech,Asia Pacific,28118.62,6786223,218516,24541,1668388.51,3.22,0.13,59.33,1.15
CMP-00005,2023-06-16,TikTok,Engagement,Finance,North America,18197.48,2677222,198382,4660,1874086.02,7.41,0.09,102.99,3.91
CMP-00006,2023-09-02,Instagram,Engagement,Travel,Europe,2334.58,141211,5719,567,38638.37,4.05,0.41,16.55,4.12
CMP-00007,2023-03-12,Facebook,Lead Generation,Healthcare,Middle East,780.56,154834,6859,192,76798.36,4.43,0.11,98.39,4.07
CMP-00008,2022-02-26,TikTok,Conversion,Healthcare,Middle East,20501.35,8071539,254253,21592,10006460.75,3.15,0.08,488.09,0.95
CMP-00009,2022-05-15,Instagram,Engagement,Finance,North America,5275.92,604874,10948,278,27352.53,1.81,0.48,5.18,18.98
CMP-00010,2022-08-01,Twitter,Conversion,Food & Beverage,Europe,42383.21,4354704,290458,7663,490608.54,6.67,0.15,11.58,5.53
CMP-00011,2022-10-22,Google Ads,Engagement,Food & Beverage,North America,17203.03,3778446,114486,11268,2381962.7,3.03,0.15,138.46,1.53
CMP-00012,2024-04-13,Twitter,Engagement,Tech,Europe,44038.63,20494093,1211200,61573,14695484.89,5.91,0.04,333.7,0.72
CMP-00013,2022-11-15,TikTok,Retargeting,Tech,Asia Pacific,11320.9,4688813,260698,8790,1488121.22,5.56,0.04,131.45,1.29
CMP-00014,2024-02-09,Facebook,Conversion,Finance,Asia Pacific,3948.99,718176,40505,1695,430930.43,5.64,0.1,109.12,2.33
CMP-00015,2022-05-11,LinkedIn,Conversion,Healthcare,Latin America,48421.65,20426373,347248,16869,5884322.31,1.7,0.14,121.52,2.87
CMP-00016,2024-06-02,Email,Lead Generation,Finance,Asia Pacific,44430.3,9126968,501983,42592,20588305.03,5.5,0.09,463.38,1.04
CMP-00017,2022-07-17,Instagram,Retargeting,Travel,Latin America,37279.3,16396336,365638,38011,7313395.88,2.23,0.1,196.18,0.98
CMP-00018,2023-02-14,Google Ads,Brand Awareness,Education,Middle East,10523.65,2998662,228498,26849,13304043.4,7.62,0.05,1264.2,0.39
CMP-00019,2023-06-08,Email,Lead Generation,Healthcare,Latin America,23667.21,6838971,352207,27347,10653558.66,5.15,0.07,450.14,0.87
CMP-00020,2024-02-27,LinkedIn,Lead Generation,Travel,North America,49977.16,20634045,220784,1915,109933.96,1.07,0.23,2.2,26.1
CMP-00021,2022-11-03,Twitter,Engagement,Travel,Middle East,28958.17,3976007,49700,5185,1117319.23,1.25,0.58,38.58,5.58
CMP-00022,2024-03-19,Instagram,Retargeting,Finance,Asia Pacific,6859.2,746271,28731,2952,1062321.91,3.85,0.24,154.88,2.32
CMP-00023,2023-03-05,Instagram,Retargeting,Healthcare,Europe,14042.11,4320738,309796,15181,6353745.5,7.17,0.05,452.48,0.92
CMP-00024,2023-05-06,Email,Lead Generation,Tech,Middle East,12358.86,3175515,19688,845,221591.29,0.62,0.63,17.93,14.63
CMP-00025,2022-12-10,Google Ads,Engagement,Travel,Middle East,14129.96,782838,22624,793,74535.37,2.89,0.62,5.27,17.82
CMP-00026,2022-02-18,YouTube,Brand Awareness,Tech,Asia Pacific,25811.14,7739976,208205,21101,1203350.02,2.69,0.12,46.62,1.22
CMP-00027,2024-03-04,YouTube,Lead Generation,Food & Beverage,Europe,6299.78,802129,20614,968,283681.55,2.57,0.31,45.03,6.51
CMP-00028,2022-07-22,Instagram,Retargeting,Travel,Middle East,4532.42,1609205,95586,9547,960360.21,5.94,0.05,211.89,0.47
CMP-00029,2022-03-30,Google Ads,Engagement,Travel,Latin America,8744.91,3864309,227221,17205,6666255.42,5.88,0.04,762.3,0.51
CMP-00030,2023-09-18,Instagram,Retargeting,Food & Beverage,North America,44707.68,18519827,698197,28178,10630415.8,3.77,0.06,237.78,1.59
CMP-00031,2022-05-31,Email,Engagement,Travel,North America,11939.17,5522652,356211,33846,16762020.77,6.45,0.03,1403.95,0.35
CMP-00032,2023-08-04,Email,Engagement,Food & Beverage,North America,43883.59,5382099,386434,9330,2226564.58,7.18,0.11,50.74,4.7
CMP-00033,2022-09-17,Twitter,Engagement,Tech,Middle East,20128.06,3729466,63027,7154,3176728.8,1.69,0.32,157.83,2.81
CMP-00034,2024-04-09,LinkedIn,Retargeting,Tech,Latin America,21661.07,1787803,56315,4209,754013.67,3.15,0.38,34.81,5.15
CMP-00035,2022-12-09,Twitter,Brand Awareness,Finance,Asia Pacific,30708.5,9107814,519145,3702,1612795.72,5.7,0.06,52.52,8.3
CMP-00036,2022-10-23,YouTube,Conversion,Education,Europe,9120.65,2123523,19324,633,96285.11,0.91,0.47,10.56,14.41
CMP-00037,2024-05-13,Facebook,Conversion,Tech,Middle East,47208.44,20155392,300315,34427,11214678.2,1.49,0.16,237.56,1.37
CMP-00038,2022-03-04,LinkedIn,Lead Generation,Education,Latin America,7867.91,3695561,28455,1437,712922.71,0.77,0.28,90.61,5.48
CMP-00039,2023-04-02,Facebook,Lead Generation,Education,Europe,17395.25,1903731,140495,2172,577583.22,7.38,0.12,33.2,8.01
CMP-00040,2022-08-27,Email,Lead Generation,Travel,North America,22098.66,3110480,202181,4140,1560496.4,6.5,0.11,70.61,5.34
CMP-00041,2022-09-12,Instagram,Retargeting,Retail,Middle East,33776.48,9356948,657793,44381,6227888.21,7.03,0.05,184.39,0.76
CMP-00042,2023-06-22,TikTok,Conversion,Finance,Middle East,28289.43,4490376,131568,9200,2419390.16,2.93,0.22,85.52,3.07
CMP-00043,2022-04-10,Google Ads,Brand Awareness,Finance,North America,16101.96,7509049,410744,10797,4892196.61,5.47,0.04,303.83,1.49
CMP-00044,2023-11-19,LinkedIn,Brand Awareness,Education,Middle East,15118.95,5693207,77427,3455,334711.67,1.36,0.2,22.14,4.38
CMP-00045,2022-11-09,LinkedIn,Lead Generation,Finance,North America,47205.67,2938458,65821,4933,2083536.36,2.24,0.72,44.14,9.57
CMP-00046,2023-01-24,Google Ads,Retargeting,Healthcare,Latin America,12625.38,1503022,15932,132,17104.9,1.06,0.79,1.35,95.65
CMP-00047,2022-12-18,LinkedIn,Brand Awareness,Travel,North America,21985.75,7604198,84406,8614,3201560.0,1.11,0.26,145.62,2.55
CMP-00048,2023-05-25,YouTube,Engagement,Finance,Middle East,45263.25,7616472,444801,43575,6903910.2,5.84,0.1,152.53,1.04
CMP-00049,2022-09-07,Facebook,Brand Awareness,Retail,Asia Pacific,16640.11,1599295,113070,8644,1246974.29,7.07,0.15,74.94,1.93
CMP-00050,2023-03-29,Email,Engagement,Tech,Middle East,37313.38,3169263,107121,9623,1565472.28,3.38,0.35,41.95,3.88
CMP-00051,2024-02-22,Email,Conversion,Food & Beverage,Asia Pacific,25727.86,4009209,228524,25388,11103771.6,5.7,0.11,431.59,1.01
CMP-00052,2022-10-21,YouTube,Lead Generation,Tech,Middle East,46301.47,11769690,491973,58817,4117574.4,4.18,0.09,88.93,0.79
CMP-00053,2022-01-21,Google Ads,Engagement,Tech,Europe,43191.33,5898539,419975,33863,10226797.42,7.12,0.1,236.78,1.28
CMP-00054,2022-01-21,Facebook,Retargeting,Retail,Europe,33554.45,16676141,100056,5444,2564821.51,0.6,0.34,76.44,6.16
CMP-00055,2022-10-21,Instagram,Lead Generation,Food & Beverage,Asia Pacific,49916.6,18346775,236673,24097,9237001.38,1.29,0.21,185.05,2.07
CMP-00056,2023-01-31,Facebook,Brand Awareness,Healthcare,Middle East,15542.5,6714253,399498,36588,13609884.66,5.95,0.04,875.66,0.42
CMP-00057,2022-02-05,Facebook,Retargeting,Finance,Latin America,6857.34,1240087,51215,5239,2279251.05,4.13,0.13,332.38,1.31
CMP-00058,2023-05-29,LinkedIn,Conversion,Healthcare,Middle East,13021.49,1731407,45362,1219,328990.03,2.62,0.29,25.27,10.68
CMP-00059,2024-04-01,TikTok,Engagement,Healthcare,Middle East,26044.28,3960234,148904,3220,97107.83,3.76,0.17,3.73,8.09
CMP-00060,2024-01-13,YouTube,Engagement,Food & Beverage,North America,1021.92,91758,3606,52,6328.31,3.93,0.28,6.19,19.65
CMP-00061,2022-04-01,TikTok,Retargeting,Retail,North America,7756.66,1287735,36442,3644,1268134.45,2.83,0.21,163.49,2.13
CMP-00062,2022-07-14,Facebook,Engagement,Tech,Asia Pacific,1744.53,744708,20330,884,44310.85,2.73,0.09,25.4,1.97
CMP-00063,2023-10-27,LinkedIn,Conversion,Education,Middle East,17797.45,3677811,30158,1278,586542.9,0.82,0.59,32.96,13.93
CMP-00064,2023-11-21,TikTok,Lead Generation,Food & Beverage,Middle East,30440.61,11362287,874896,65118,19012504.32,7.7,0.03,624.58,0.47
CMP-00065,2024-01-16,LinkedIn,Brand Awareness,Tech,Middle East,29877.76,3548538,133779,1719,309755.4,3.77,0.22,10.37,17.38
CMP-00066,2023-11-21,LinkedIn,Retargeting,Retail,Middle East,16780.78,8052471,456575,40439,6831153.77,5.67,0.04,407.08,0.41
CMP-00067,2023-11-15,Twitter,Conversion,Retail,Europe,2492.87,829947,33695,1829,522603.37,4.06,0.07,209.64,1.36
CMP-00068,2023-01-24,Twitter,Engagement,Travel,Latin America,13318.74,6170818,485026,22044,1315232.03,7.86,0.03,98.75,0.6
CMP-00069,2023-11-29,Facebook,Brand Awareness,Healthcare,Latin America,16013.94,2507813,35861,2918,484315.25,1.43,0.45,30.24,5.49
CMP-00070,2022-10-10,YouTube,Lead Generation,Retail,Europe,14714.2,5380831,342758,35501,1516725.64,6.37,0.04,103.08,0.41
CMP-00071,2023-06-05,LinkedIn,Lead Generation,Retail,Latin America,26419.7,2846774,78855,7128,523629.53,2.77,0.34,19.82,3.71
CMP-00072,2022-12-20,Google Ads,Conversion,Retail,Latin America,32735.87,8999234,248378,23506,11629567.7,2.76,0.13,355.25,1.39
CMP-00073,2022-05-10,Email,Brand Awareness,Healthcare,Middle East,47869.26,23183559,1727175,79203,29935541.11,7.45,0.03,625.36,0.6
CMP-00074,2022-02-11,Facebook,Brand Awareness,Food & Beverage,Europe,36353.53,17066929,662196,52294,20297574.4,3.88,0.05,558.34,0.7
CMP-00075,2023-05-24,Google Ads,Lead Generation,Travel,North America,30553.38,3667884,194397,5095,453586.07,5.3,0.16,14.85,6.0
CMP-00076,2024-05-31,Email,Retargeting,Food & Beverage,Middle East,1531.56,649931,43025,1707,552802.39,6.62,0.04,360.94,0.9
CMP-00077,2023-12-05,TikTok,Engagement,Finance,Asia Pacific,46941.54,12872179,195657,13890,4970381.75,1.52,0.24,105.88,3.38
CMP-00078,2022-06-03,Google Ads,Retargeting,Education,Asia Pacific,27045.41,3797211,137079,11352,1287889.15,3.61,0.2,47.62,2.38
CMP-00079,2022-09-18,Email,Brand Awareness,Finance,Latin America,36158.25,6042639,305153,18350,5352374.87,5.05,0.12,148.03,1.97
CMP-00080,2024-02-28,Google Ads,Retargeting,Retail,Europe,45261.24,20126861,1175408,8281,2305651.5,5.84,0.04,50.94,5.47
CMP-00081,2022-08-16,LinkedIn,Retargeting,Healthcare,Latin America,18244.41,2236903,55698,5291,173769.21,2.49,0.33,9.52,3.45
CMP-00082,2023-07-15,Email,Conversion,Healthcare,Latin America,31677.03,12011385,219808,15426,5470805.72,1.83,0.14,172.71,2.05
CMP-00083,2022-02-19,YouTube,Engagement,Travel,Middle East,8090.75,3889148,81283,1506,531908.96,2.09,0.1,65.74,5.37
CMP-00084,2022-12-05,YouTube,Engagement,Healthcare,Asia Pacific,48880.19,17930117,209782,24553,9493851.32,1.17,0.23,194.23,1.99
CMP-00085,2024-03-24,YouTube,Lead Generation,Retail,Latin America,47986.64,7367641,81780,968,54746.47,1.11,0.59,1.14,49.57
CMP-00086,2023-10-08,Email,Conversion,Retail,Asia Pacific,22166.51,6152110,471866,37762,18747785.09,7.67,0.05,845.77,0.59
CMP-00087,2023-03-15,YouTube,Retargeting,Healthcare,Europe,31337.28,3588791,171185,14461,1356889.36,4.77,0.18,43.3,2.17
CMP-00088,2023-05-11,Email,Conversion,Retail,Latin America,34488.18,9285440,461486,30740,9802548.55,4.97,0.07,284.23,1.12
CMP-00089,2024-03-08,Facebook,Conversion,Tech,Latin America,10041.61,2063054,12172,671,318656.14,0.59,0.82,31.73,14.97
CMP-00090,2024-04-28,Google Ads,Lead Generation,Retail,North America,46678.42,13840632,1057424,118415,58707563.84,7.64,0.04,1257.7,0.39
CMP-00091,2022-01-01,Facebook,Lead Generation,Education,Europe,7124.96,1063856,66703,488,176398.69,6.27,0.11,24.76,14.6
CMP-00092,2022-03-03,Google Ads,Lead Generation,Tech,Europe,11376.03,3657446,74977,4833,159648.46,2.05,0.15,14.03,2.35
CMP-00093,2023-04-18,LinkedIn,Conversion,Healthcare,Asia Pacific,17665.12,8038838,187304,1311,317753.72,2.33,0.09,17.99,13.47
CMP-00094,2022-06-21,Google Ads,Lead Generation,Food & Beverage,Latin America,45748.77,8100444,535439,25385,2982926.64,6.61,0.09,65.2,1.8
CMP-00095,2023-11-24,Email,Retargeting,Travel,Asia Pacific,39467.95,10500221,442059,26079,3907814.12,4.21,0.09,99.01,1.51
CMP-00096,2023-09-12,Facebook,Retargeting,Tech,North America,47625.04,17634619,1310252,110519,51432857.52,7.43,0.04,1079.95,0.43
CMP-00097,2022-01-04,Instagram,Retargeting,Healthcare,Asia Pacific,29684.42,10488984,807651,89277,40190566.08,7.7,0.04,1353.93,0.33
CMP-00098,2022-09-29,YouTube,Lead Generation,Education,Europe,33433.81,14237129,1097682,15431,5309480.37,7.71,0.03,158.81,2.17
CMP-00099,2022-03-15,Facebook,Lead Generation,Tech,Asia Pacific,19743.79,3837926,82899,2755,1167406.09,2.16,0.24,59.13,7.17
CMP-00100,2023-07-21,LinkedIn,Engagement,Finance,Europe,42181.64,2246451,68741,1850,289022.19,3.06,0.61,6.85,22.8
CMP-00101,2024-01-23,Instagram,Lead Generation,Travel,Middle East,39312.86,13817850,748927,17115,2968494.86,5.42,0.05,75.51,2.3
CMP-00102,2022-12-29,Email,Lead Generation,Tech,Europe,14736.62,3083968,75248,3102,441702.21,2.44,0.2,29.97,4.75
CMP-00103,2022-09-12,LinkedIn,Conversion,Tech,Middle East,4653.82,1405071,7165,523,63094.8,0.51,0.65,13.56,8.9
CMP-00104,2023-05-17,YouTube,Retargeting,Retail,Middle East,41987.72,18625998,419084,46902,19376313.11,2.25,0.1,461.48,0.9
CMP-00105,2023-04-10,LinkedIn,Conversion,Food & Beverage,Europe,22592.64,3434603,210884,13630,4988490.76,6.14,0.11,220.8,1.66
CMP-00106,2024-06-14,Twitter,Conversion,Food & Beverage,Europe,5472.17,2005865,15846,136,16729.76,0.79,0.35,3.06,40.24
CMP-00107,2024-06-01,YouTube,Brand Awareness,Tech,North America,8910.56,1443233,20493,264,10276.89,1.42,0.43,1.15,33.75
CMP-00108,2024-05-30,LinkedIn,Retargeting,Food & Beverage,Asia Pacific,9119.11,2037512,17318,444,54209.03,0.85,0.53,5.94,20.54
CMP-00109,2023-04-20,Twitter,Brand Awareness,Healthcare,Europe,34605.21,11998155,335948,3329,438487.21,2.8,0.1,12.67,10.4
CMP-00110,2022-07-25,Google Ads,Engagement,Education,Asia Pacific,37565.97,5857695,234307,8444,2450434.15,4.0,0.16,65.23,4.45
CMP-00111,2024-02-02,TikTok,Brand Awareness,Tech,Europe,24283.75,2516583,154769,4364,482172.76,6.15,0.16,19.86,5.56
CMP-00112,2023-03-13,Facebook,Engagement,Food & Beverage,Asia Pacific,4476.69,711612,48033,4481,1262717.92,6.75,0.09,282.07,1.0
CMP-00113,2023-11-25,Email,Engagement,Finance,Middle East,13908.64,4309075,103417,5765,1689292.17,2.4,0.13,121.46,2.41
CMP-00114,2024-02-06,Email,Engagement,Healthcare,Latin America,37659.6,15320211,775202,13567,1268804.27,5.06,0.05,33.69,2.78
CMP-00115,2024-06-08,Facebook,Lead Generation,Education,Europe,44240.65,12726238,563772,29996,10197671.72,4.43,0.08,230.5,1.47
CMP-00116,2024-03-29,Google Ads,Retargeting,Finance,Europe,33718.42,15011560,749076,9960,1224669.76,4.99,0.05,36.32,3.39
CMP-00117,2023-06-06,LinkedIn,Retargeting,Retail,Europe,31692.71,8463608,403714,23522,2566827.71,4.77,0.08,80.99,1.35
CMP-00118,2023-01-17,TikTok,Lead Generation,Travel,Asia Pacific,14263.47,4635991,229481,20454,5251586.72,4.95,0.06,368.18,0.7
CMP-00119,2023-08-10,Instagram,Conversion,Healthcare,Asia Pacific,23237.92,10189796,183416,20432,3534346.78,1.8,0.13,152.09,1.14
CMP-00120,2022-01-30,Email,Retargeting,Tech,Asia Pacific,1205.88,568562,34966,2675,422434.35,6.15,0.03,350.31,0.45
CMP-00121,2022-04-03,Instagram,Conversion,Food & Beverage,Middle East,42374.47,13668616,619188,16959,7105578.84,4.53,0.07,167.69,2.5
CMP-00122,2024-03-24,Facebook,Conversion,Tech,Middle East,44047.63,8247842,353832,39175,15478559.84,4.29,0.12,351.41,1.12
CMP-00123,2024-06-17,Email,Brand Awareness,Education,North America,23023.18,10071369,500547,16562,3017620.28,4.97,0.05,131.07,1.39
CMP-00124,2023-12-08,Google Ads,Brand Awareness,Food & Beverage,Europe,37456.06,13777016,994700,28851,3968147.26,7.22,0.04,105.94,1.3
CMP-00125,2023-05-04,Google Ads,Retargeting,Retail,Latin America,41036.92,10588005,256229,26375,1498776.62,2.42,0.16,36.52,1.56
CMP-00126,2022-07-31,Facebook,Brand Awareness,Finance,Europe,26876.84,9680459,154887,10910,4900933.02,1.6,0.17,182.35,2.46
CMP-00127,2024-04-09,Facebook,Brand Awareness,Tech,Asia Pacific,39351.05,4521816,302961,33868,2115082.55,6.7,0.13,53.75,1.16
CMP-00128,2022-09-10,LinkedIn,Conversion,Retail,Middle East,39781.49,7900704,295486,21493,3939552.64,3.74,0.13,99.03,1.85
CMP-00129,2022-06-24,Email,Lead Generation,Travel,Europe,7516.27,1945751,46503,2231,464941.65,2.39,0.16,61.86,3.37
CMP-00130,2022-03-19,Google Ads,Lead Generation,Finance,Middle East,34059.75,2032131,113392,6131,348527.47,5.58,0.3,10.23,5.56
CMP-00131,2022-08-12,Facebook,Conversion,Education,Latin America,24254.01,3259637,34878,2311,491200.0,1.07,0.7,20.25,10.5
CMP-00132,2022-05-24,TikTok,Retargeting,Finance,Asia Pacific,34992.49,10959355,524953,31556,12138559.01,4.79,0.07,346.89,1.11
CMP-00133,2023-02-27,YouTube,Lead Generation,Tech,Asia Pacific,27066.39,3727735,120405,4016,678702.58,3.23,0.22,25.08,6.74
CMP-00134,2023-01-14,YouTube,Lead Generation,Tech,North America,41276.62,20040227,871749,56784,25912223.96,4.35,0.05,627.77,0.73
CMP-00135,2022-11-22,LinkedIn,Conversion,Tech,North America,23894.6,2879470,76593,5965,1100061.63,2.66,0.31,46.04,4.01
CMP-00136,2022-07-17,LinkedIn,Engagement,Finance,Middle East,29207.09,11059201,82944,6117,434443.84,0.75,0.35,14.87,4.77
CMP-00137,2023-06-27,Instagram,Lead Generation,Retail,Latin America,16846.11,4427509,58443,7006,2186894.53,1.32,0.29,129.82,2.4
CMP-00138,2024-01-25,Instagram,Brand Awareness,Food & Beverage,Middle East,8140.13,1246344,27294,2951,1089471.66,2.19,0.3,133.84,2.76
CMP-00139,2023-10-18,Instagram,Brand Awareness,Healthcare,Asia Pacific,17690.52,7318912,246647,17299,7471918.86,3.37,0.07,422.37,1.02
CMP-00140,2022-04-09,Email,Brand Awareness,Travel,Asia Pacific,11725.2,4869162,140718,704,249156.15,2.89,0.08,21.25,16.66
CMP-00141,2023-03-19,Google Ads,Retargeting,Education,Latin America,39236.97,17711594,591567,63548,12992332.57,3.34,0.07,331.12,0.62
CMP-00142,2022-08-23,Facebook,Retargeting,Education,Europe,31036.96,3524486,46170,434,84854.64,1.31,0.67,2.73,71.51
CMP-00143,2022-02-07,Twitter,Retargeting,Healthcare,Europe,36439.57,5835792,52522,849,59056.04,0.9,0.69,1.62,42.92
CMP-00144,2024-06-04,YouTube,Engagement,Tech,Asia Pacific,25482.71,11633984,461869,10542,989923.71,3.97,0.06,38.85,2.42
CMP-00145,2023-01-05,Facebook,Retargeting,Education,Asia Pacific,44245.77,10771634,226204,22799,6996851.92,2.1,0.2,158.14,1.94
CMP-00146,2023-05-18,Instagram,Retargeting,Travel,Middle East,29491.03,13287999,835815,87107,7571815.07,6.29,0.04,256.75,0.34
CMP-00147,2022-01-15,Instagram,Engagement,Tech,North America,43865.66,8991174,347059,10394,3192975.58,3.86,0.13,72.79,4.22
CMP-00148,2024-02-03,YouTube,Conversion,Retail,Europe,25175.66,5074338,335921,19027,1667965.65,6.62,0.07,66.25,1.32
CMP-00149,2023-08-27,Google Ads,Retargeting,Finance,Asia Pacific,44286.66,8194291,486740,52883,16033489.13,5.94,0.09,362.04,0.84
CMP-00150,2022-03-14,Twitter,Engagement,Healthcare,Middle East,42334.0,5576842,326245,37400,4808330.88,5.85,0.13,113.58,1.13
CMP-00151,2023-08-22,Google Ads,Brand Awareness,Healthcare,North America,47817.47,12020159,700775,19027,2570731.48,5.83,0.07,53.76,2.51
CMP-00152,2023-03-07,TikTok,Engagement,Healthcare,Europe,44523.47,4370938,333065,1733,118809.63,7.62,0.13,2.67,25.69
CMP-00153,2023-09-16,Google Ads,Conversion,Retail,Europe,27252.82,13225591,880824,76795,11320618.69,6.66,0.03,415.39,0.35
CMP-00154,2023-03-29,YouTube,Lead Generation,Healthcare,Latin America,10554.44,1992580,78308,7668,1486506.3,3.93,0.13,140.84,1.38
CMP-00155,2024-05-23,TikTok,Conversion,Travel,Middle East,7386.05,1086280,64959,4502,1971219.15,5.98,0.11,266.88,1.64
CMP-00156,2022-09-28,Email,Engagement,Healthcare,Asia Pacific,42762.28,9029213,221215,8427,1431150.3,2.45,0.19,33.47,5.07
CMP-00157,2022-10-30,YouTube,Engagement,Retail,Latin America,43452.45,18879434,662668,33093,16331733.78,3.51,0.07,375.85,1.31
CMP-00158,2023-09-01,Email,Lead Generation,Tech,North America,28329.94,8857664,498686,37298,1723445.67,5.63,0.06,60.83,0.76
CMP-00159,2022-03-01,Twitter,Conversion,Education,Europe,29859.59,4737081,115584,13752,4171381.58,2.44,0.26,139.7,2.17
CMP-00160,2023-02-07,Facebook,Brand Awareness,Tech,Latin America,9034.11,4068214,189578,15276,499442.03,4.66,0.05,55.28,0.59
CMP-00161,2023-07-22,TikTok,Retargeting,Retail,Asia Pacific,9683.69,3789948,292583,13811,2136824.2,7.72,0.03,220.66,0.7
CMP-00162,2022-03-08,TikTok,Engagement,Healthcare,Asia Pacific,20572.42,9161334,646790,17314,2870332.71,7.06,0.03,139.52,1.19
CMP-00163,2022-10-04,Facebook,Engagement,Finance,North America,17114.21,868030,59460,6296,2649699.99,6.85,0.29,154.82,2.72
CMP-00164,2022-05-23,Instagram,Conversion,Finance,Asia Pacific,3755.24,500779,20231,847,268035.63,4.04,0.19,71.38,4.43
CMP-00165,2023-03-24,TikTok,Engagement,Finance,Asia Pacific,6333.69,660091,35974,819,353631.05,5.45,0.18,55.83,7.73
CMP-00166,2022-10-29,Instagram,Conversion,Education,Latin America,6305.82,2008270,56633,283,17448.12,2.82,0.11,2.77,22.28
CMP-00167,2022-01-07,Google Ads,Conversion,Finance,Asia Pacific,29993.61,10383101,148478,11544,2731920.22,1.43,0.2,91.08,2.6
CMP-00168,2022-05-08,YouTube,Conversion,Retail,Europe,33672.93,13622489,69474,2427,1212078.45,0.51,0.48,36.0,13.87
CMP-00169,2022-02-19,YouTube,Lead Generation,Tech,Latin America,28913.54,5645458,321226,9959,1964759.55,5.69,0.09,67.95,2.9
CMP-00170,2023-06-08,LinkedIn,Engagement,Tech,Middle East,13148.61,757371,22872,1875,372076.28,3.02,0.57,28.3,7.01
CMP-00171,2023-09-12,Google Ads,Conversion,Finance,Middle East,34030.93,4479624,55099,616,96435.61,1.23,0.62,2.83,55.25
CMP-00172,2022-06-22,Facebook,Conversion,Finance,Europe,49234.39,10207272,301114,7349,1078156.21,2.95,0.16,21.9,6.7
CMP-00173,2023-12-14,YouTube,Brand Awareness,Tech,Middle East,46509.8,13889755,188900,12456,2213718.15,1.36,0.25,47.6,3.73
CMP-00174,2023-09-04,Google Ads,Brand Awareness,Retail,Asia Pacific,15441.77,1976982,65438,1087,386012.57,3.31,0.24,25.0,14.21
CMP-00175,2023-01-20,LinkedIn,Lead Generation,Travel,Middle East,10290.39,1809179,109817,6930,253540.82,6.07,0.09,24.64,1.48
CMP-00176,2023-07-27,Instagram,Conversion,Healthcare,Asia Pacific,1824.0,549667,40510,2699,581602.05,7.37,0.05,318.86,0.68
CMP-00177,2022-07-13,Facebook,Lead Generation,Healthcare,Latin America,26607.42,7532324,425576,14055,3075769.09,5.65,0.06,115.6,1.89
CMP-00178,2022-01-06,Facebook,Retargeting,Retail,Europe,30238.22,9742143,398453,25252,12046506.08,4.09,0.08,398.39,1.2
CMP-00179,2022-01-20,LinkedIn,Lead Generation,Travel,North America,6147.11,812032,34998,206,94059.24,4.31,0.18,15.3,29.84
CMP-00180,2024-01-17,TikTok,Retargeting,Finance,Europe,23097.54,1727197,92750,2419,179712.84,5.37,0.25,7.78,9.55
CMP-00181,2023-12-29,TikTok,Conversion,Healthcare,Europe,32295.75,6920576,251216,25117,8888781.91,3.63,0.13,275.23,1.29
CMP-00182,2024-05-07,Instagram,Brand Awareness,Travel,Asia Pacific,24733.15,9933208,702277,73883,5580773.7,7.07,0.04,225.64,0.33
CMP-00183,2022-09-05,LinkedIn,Brand Awareness,Education,Europe,20196.52,7744185,86734,8895,2486623.27,1.12,0.23,123.12,2.27
CMP-00184,2022-05-28,Facebook,Lead Generation,Travel,Middle East,40924.9,19370792,199519,9612,2840597.75,1.03,0.21,69.41,4.26
CMP-00185,2022-12-31,Email,Brand Awareness,Tech,Europe,16767.06,1010093,38888,1724,642775.23,3.85,0.43,38.34,9.73
CMP-00186,2023-03-03,TikTok,Conversion,Finance,Latin America,5995.54,2571646,26230,353,132402.31,1.02,0.23,22.08,16.98
CMP-00187,2023-09-06,Instagram,Retargeting,Travel,Asia Pacific,30792.57,12042649,370913,41403,2422243.07,3.08,0.08,78.66,0.74
CMP-00188,2022-03-20,Instagram,Engagement,Retail,Europe,1085.33,185405,9270,752,80699.81,5.0,0.12,74.36,1.44
CMP-00189,2023-11-01,Email,Engagement,Retail,Asia Pacific,35097.63,12197280,325667,4394,1803331.87,2.67,0.11,51.38,7.99
CMP-00190,2022-08-07,Email,Conversion,Food & Beverage,Middle East,40796.44,12808490,924772,38225,12666551.51,7.22,0.04,310.48,1.07
CMP-00191,2024-01-07,YouTube,Conversion,Tech,Asia Pacific,41368.23,19744032,1145153,105932,26056139.42,5.8,0.04,629.86,0.39
CMP-00192,2022-09-29,YouTube,Retargeting,Tech,Europe,40229.29,18330180,944004,48145,4506234.62,5.15,0.04,112.01,0.84
CMP-00193,2022-07-23,YouTube,Conversion,Tech,Asia Pacific,22043.44,9970973,785712,79149,22400801.57,7.88,0.03,1016.21,0.28
CMP-00194,2022-12-22,Twitter,Conversion,Retail,North America,7850.17,3643193,222234,9397,4075386.16,6.1,0.04,519.15,0.84
CMP-00195,2022-09-03,YouTube,Brand Awareness,Food & Beverage,Asia Pacific,4096.67,691821,5465,192,18839.27,0.79,0.75,4.6,21.34
CMP-00196,2024-05-12,LinkedIn,Engagement,Healthcare,Latin America,6309.28,1965431,133845,5279,1139086.46,6.81,0.05,180.54,1.2
CMP-00197,2022-01-11,Instagram,Brand Awareness,Food & Beverage,Asia Pacific,24784.17,2467881,22210,133,15451.14,0.9,1.12,0.62,186.35
CMP-00198,2023-12-05,LinkedIn,Engagement,Tech,North America,5283.49,1011548,67773,8071,3618009.1,6.7,0.08,684.78,0.65
CMP-00199,2024-05-21,TikTok,Retargeting,Travel,Europe,39286.48,12414489,306637,30787,14563421.36,2.47,0.13,370.7,1.28
CMP-00200,2022-02-01,TikTok,Engagement,Food & Beverage,North America,40192.12,11530236,184483,8576,3030521.59,1.6,0.22,75.4,4.69
CMP-00201,2023-11-17,TikTok,Brand Awareness,Finance,North America,27007.0,5511147,187378,11277,1925484.77,3.4,0.14,71.3,2.39
CMP-00202,2024-04-23,Google Ads,Conversion,Tech,Latin America,49126.97,20463179,442004,19862,2027231.09,2.16,0.11,41.27,2.47
CMP-00203,2022-01-11,LinkedIn,Engagement,Retail,Europe,48098.71,21204831,873639,103338,33236541.99,4.12,0.06,691.01,0.47
CMP-00204,2023-06-03,Google Ads,Brand Awareness,Education,Asia Pacific,28102.47,12677327,783458,35027,8162428.54,6.18,0.04,290.45,0.8
CMP-00205,2024-01-01,TikTok,Brand Awareness,Tech,Middle East,47799.8,4336673,290123,7404,2043291.93,6.69,0.16,42.75,6.46
CMP-00206,2023-11-08,Twitter,Retargeting,Travel,Middle East,29903.54,13476399,225055,2515,305477.09,1.67,0.13,10.22,11.89
CMP-00207,2023-11-24,Twitter,Lead Generation,Education,Middle East,27724.16,9432532,328252,32642,5405603.12,3.48,0.08,194.98,0.85
CMP-00208,2024-04-05,Twitter,Retargeting,Finance,Asia Pacific,21140.0,5230801,159539,16412,5070091.01,3.05,0.13,239.83,1.29
CMP-00209,2024-06-15,TikTok,Retargeting,Food & Beverage,Middle East,37056.72,2659273,67545,6899,1636550.93,2.54,0.55,44.16,5.37
CMP-00210,2024-02-20,Instagram,Conversion,Retail,Latin America,27918.31,9968183,431622,14795,6634517.16,4.33,0.06,237.64,1.89
CMP-00211,2023-03-24,LinkedIn,Retargeting,Retail,Europe,43924.88,21105208,1369727,140897,29364267.36,6.49,0.03,668.51,0.31
CMP-00212,2023-04-24,Instagram,Conversion,Food & Beverage,North America,40308.61,12122650,330948,24612,5485588.54,2.73,0.12,136.09,1.64
CMP-00213,2023-02-20,Email,Engagement,Education,Latin America,6384.24,1943377,49167,3597,1385805.59,2.53,0.13,217.07,1.77
CMP-00214,2022-12-01,LinkedIn,Retargeting,Retail,North America,46924.34,23307905,1370504,71777,35218053.55,5.88,0.03,750.53,0.65
CMP-00215,2024-06-09,Twitter,Retargeting,Finance,Middle East,44432.31,5959370,85218,4452,1791850.15,1.43,0.52,40.33,9.98
CMP-00216,2023-02-20,Twitter,Retargeting,Retail,North America,21537.99,3258421,82438,2293,386575.37,2.53,0.26,17.95,9.39
CMP-00217,2023-06-24,Email,Engagement,Healthcare,Europe,45091.75,12369911,231317,5997,1269463.45,1.87,0.19,28.15,7.52
CMP-00218,2024-04-15,Facebook,Lead Generation,Travel,North America,24979.7,2916030,128596,4540,2186561.41,4.41,0.19,87.53,5.5
CMP-00219,2022-10-17,YouTube,Conversion,Healthcare,Latin America,10404.06,1203677,74026,5204,432551.6,6.15,0.14,41.58,2.0
CMP-00220,2023-06-08,TikTok,Retargeting,Healthcare,Latin America,48602.35,18165805,325167,10341,3959779.4,1.79,0.15,81.47,4.7
CMP-00221,2023-06-25,Email,Conversion,Healthcare,North America,46947.58,7602070,267592,4575,2098213.98,3.52,0.18,44.69,10.26
CMP-00222,2023-11-20,Instagram,Conversion,Food & Beverage,North America,47465.06,12178502,689303,46761,18901206.25,5.66,0.07,398.21,1.02
CMP-00223,2023-10-12,Google Ads,Engagement,Retail,Latin America,5061.21,575404,7883,578,52277.2,1.37,0.64,10.33,8.76
CMP-00224,2023-10-14,LinkedIn,Engagement,Healthcare,North America,24441.02,4161829,162727,3710,978827.85,3.91,0.15,40.05,6.59
CMP-00225,2022-06-02,Instagram,Retargeting,Education,Latin America,38126.65,3406525,187358,14525,5815383.49,5.5,0.2,152.53,2.62
CMP-00226,2023-11-29,Instagram,Lead Generation,Finance,Asia Pacific,36661.89,10843620,292777,34320,11021641.82,2.7,0.13,300.63,1.07
CMP-00227,2023-02-28,Google Ads,Conversion,Travel,Europe,38231.74,2411105,56902,5719,2413871.91,2.36,0.67,63.14,6.69
CMP-00228,2024-04-27,Facebook,Conversion,Food & Beverage,Europe,20859.38,6751356,363898,4665,331933.53,5.39,0.06,15.91,4.47
CMP-00229,2022-03-07,Email,Engagement,Food & Beverage,Middle East,27218.81,4704963,195726,7872,3742012.34,4.16,0.14,137.48,3.46
CMP-00230,2023-02-04,LinkedIn,Engagement,Finance,Latin America,15957.93,1086533,9670,671,236435.47,0.89,1.65,14.82,23.78
CMP-00231,2023-08-10,Facebook,Conversion,Travel,Middle East,42097.81,13481393,273672,1670,611222.7,2.03,0.15,14.52,25.21
CMP-00232,2023-09-22,Facebook,Lead Generation,Travel,Latin America,26818.01,8146933,241963,11167,2836094.69,2.97,0.11,105.75,2.4
CMP-00233,2024-02-10,Instagram,Brand Awareness,Retail,North America,41071.09,3442383,174184,8434,1736396.25,5.06,0.24,42.28,4.87
CMP-00234,2023-12-25,LinkedIn,Retargeting,Education,Middle East,10472.42,3669333,29721,1512,177314.82,0.81,0.35,16.93,6.93
CMP-00235,2022-03-15,Instagram,Lead Generation,Food & Beverage,North America,20806.82,6928527,75520,3832,1378655.66,1.09,0.28,66.26,5.43
CMP-00236,2022-04-16,TikTok,Brand Awareness,Travel,North America,35177.29,7858385,524940,24314,4782337.73,6.68,0.07,135.95,1.45
CMP-00237,2022-07-24,Facebook,Engagement,Healthcare,Asia Pacific,43096.98,18041782,1197974,103955,41717344.58,6.64,0.04,967.99,0.41
CMP-00238,2023-03-17,Instagram,Engagement,Education,Europe,35789.8,10746003,692042,77753,4170998.08,6.44,0.05,116.54,0.46
CMP-00239,2024-01-01,TikTok,Conversion,Food & Beverage,North America,2482.45,495541,10802,368,19745.11,2.18,0.23,7.95,6.75
CMP-00240,2022-04-28,Email,Retargeting,Tech,Latin America,8974.4,833749,15674,1122,42795.68,1.88,0.57,4.77,8.0
CMP-00241,2022-01-06,Facebook,Brand Awareness,Healthcare,Middle East,1032.66,238023,1904,159,17788.88,0.8,0.54,17.23,6.49
CMP-00242,2022-08-25,Google Ads,Brand Awareness,Food & Beverage,North America,45098.35,15100226,767091,9806,2415560.29,5.08,0.06,53.56,4.6
CMP-00243,2023-04-27,YouTube,Lead Generation,Healthcare,Europe,45615.66,16273247,634656,7787,3631497.82,3.9,0.07,79.61,5.86
CMP-00244,2024-04-04,Google Ads,Brand Awareness,Food & Beverage,Asia Pacific,41332.05,13603986,423083,12897,796183.65,3.11,0.1,19.26,3.2
CMP-00245,2023-06-22,YouTube,Engagement,Food & Beverage,Europe,31939.48,9625794,201179,3835,1902555.65,2.09,0.16,59.57,8.33
CMP-00246,2022-08-30,Email,Engagement,Travel,Latin America,39444.09,2100927,14496,1636,638065.23,0.69,2.72,16.18,24.11
CMP-00247,2022-06-13,LinkedIn,Conversion,Food & Beverage,Middle East,48885.04,22802921,599716,22364,878943.93,2.63,0.08,17.98,2.19
CMP-00248,2023-10-13,Email,Engagement,Retail,Latin America,10415.19,1627081,13342,471,194531.17,0.82,0.78,18.68,22.11
CMP-00249,2023-11-07,Google Ads,Retargeting,Travel,Latin America,37898.07,7444290,126552,6190,386753.41,1.7,0.3,10.21,6.12
CMP-00250,2022-05-16,Email,Engagement,Retail,North America,38425.06,9547314,327472,9699,3299246.18,3.43,0.12,85.86,3.96
CMP-00251,2023-04-23,Instagram,Lead Generation,Retail,Asia Pacific,27075.33,3519360,83408,4944,600231.51,2.37,0.32,22.17,5.48
CMP-00252,2022-02-28,TikTok,Retargeting,Food & Beverage,Middle East,6131.65,2751866,26968,2112,440162.56,0.98,0.23,71.79,2.9
CMP-00253,2023-02-27,Google Ads,Engagement,Tech,Middle East,35858.85,3403957,38124,1497,636216.21,1.12,0.94,17.74,23.95
CMP-00254,2022-04-05,Twitter,Engagement,Travel,North America,17580.95,7020038,308881,17455,7455545.83,4.4,0.06,424.07,1.01
CMP-00255,2024-01-15,LinkedIn,Retargeting,Tech,Latin America,1429.05,675581,14389,1538,576367.53,2.13,0.1,403.32,0.93
CMP-00256,2023-09-22,Twitter,Brand Awareness,Tech,North America,43052.25,16169632,90549,8623,2464346.0,0.56,0.48,57.24,4.99
CMP-00257,2023-03-23,Instagram,Brand Awareness,Travel,Asia Pacific,15925.83,7919671,426870,48343,23967388.31,5.39,0.04,1504.94,0.33
CMP-00258,2024-06-12,Google Ads,Brand Awareness,Finance,Asia Pacific,36465.78,5716415,62880,6844,3380974.23,1.1,0.58,92.72,5.33
CMP-00259,2022-06-05,Facebook,Brand Awareness,Food & Beverage,Middle East,35893.56,12248131,700593,47385,5907413.56,5.72,0.05,164.58,0.76
CMP-00260,2022-07-13,LinkedIn,Engagement,Finance,Europe,24108.3,6837020,127168,3594,1079311.38,1.86,0.19,44.77,6.71
CMP-00261,2023-09-22,Twitter,Engagement,Education,Latin America,24212.32,9820032,694276,3713,947171.66,7.07,0.03,39.12,6.52
CMP-00262,2022-07-22,Email,Conversion,Tech,North America,49272.61,14291630,118620,7347,2668000.55,0.83,0.42,54.15,6.71
CMP-00263,2023-12-04,YouTube,Retargeting,Tech,Middle East,28938.61,3037796,72907,7729,3343164.52,2.4,0.4,115.53,3.74
CMP-00264,2024-06-18,Instagram,Retargeting,Retail,Asia Pacific,19598.67,5686954,297996,12094,1768662.44,5.24,0.07,90.24,1.62
CMP-00265,2024-03-31,Twitter,Retargeting,Tech,Latin America,25065.1,5753205,327932,26123,11401752.75,5.7,0.08,454.89,0.96
CMP-00266,2022-03-09,YouTube,Retargeting,Education,Asia Pacific,2587.26,581788,20944,872,388394.76,3.6,0.12,150.12,2.97
CMP-00267,2024-01-24,LinkedIn,Engagement,Finance,Asia Pacific,11876.63,2565270,16417,1714,230573.68,0.64,0.72,19.41,6.93
CMP-00268,2022-03-01,YouTube,Conversion,Food & Beverage,Latin America,21940.43,5639626,186107,11744,3053679.74,3.3,0.12,139.18,1.87
CMP-00269,2022-08-30,Instagram,Brand Awareness,Education,Latin America,6736.85,2157593,28911,2165,720159.87,1.34,0.23,106.9,3.11
CMP-00270,2023-07-05,LinkedIn,Retargeting,Finance,Middle East,3078.49,170986,940,39,14573.59,0.55,3.27,4.73,78.94
CMP-00271,2023-09-06,TikTok,Conversion,Food & Beverage,Latin America,10629.52,1680606,61846,961,463944.04,3.68,0.17,43.65,11.06
CMP-00272,2022-03-17,Facebook,Conversion,Food & Beverage,Europe,30134.04,6629628,167729,6023,2474625.28,2.53,0.18,82.12,5.0
CMP-00273,2024-05-23,Facebook,Brand Awareness,Healthcare,Middle East,4865.6,1763447,30331,3378,1195695.59,1.72,0.16,245.74,1.44
CMP-00274,2023-02-15,Email,Engagement,Retail,Middle East,20734.77,8250653,113033,7278,1991855.51,1.37,0.18,96.06,2.85
CMP-00275,2023-09-12,Email,Lead Generation,Healthcare,Middle East,33530.87,1957807,78508,4367,2176123.67,4.01,0.43,64.9,7.68
CMP-00276,2023-01-11,Google Ads,Conversion,Education,Europe,22427.75,7473373,347511,32892,8642269.26,4.65,0.06,385.34,0.68
CMP-00277,2023-09-25,LinkedIn,Lead Generation,Retail,North America,8268.35,815534,62633,2776,595330.68,7.68,0.13,72.0,2.98
CMP-00278,2022-06-04,Twitter,Brand Awareness,Tech,Middle East,25842.54,7568577,205108,8902,874280.15,2.71,0.13,33.83,2.9
CMP-00279,2023-06-17,LinkedIn,Engagement,Healthcare,Latin America,5185.31,1763737,42329,4786,1654384.74,2.4,0.12,319.05,1.08
CMP-00280,2022-06-10,Email,Retargeting,Tech,Asia Pacific,932.51,242900,18703,323,118539.18,7.7,0.05,127.12,2.89
CMP-00281,2022-10-31,Instagram,Conversion,Healthcare,North America,26938.19,1558888,103977,9757,3835884.23,6.67,0.26,142.4,2.76
CMP-00282,2024-03-17,Google Ads,Lead Generation,Food & Beverage,Asia Pacific,36503.48,4936145,138212,5760,913131.63,2.8,0.26,25.01,6.34
CMP-00283,2022-03-17,Twitter,Lead Generation,Food & Beverage,Europe,34537.16,15924173,656075,22914,6734969.76,4.12,0.05,195.01,1.51
CMP-00284,2022-08-03,Twitter,Engagement,Retail,Middle East,35957.15,8013682,214766,9253,2655562.33,2.68,0.17,73.85,3.89
CMP-00285,2023-10-26,TikTok,Brand Awareness,Food & Beverage,Middle East,18643.67,5879224,49385,2621,709574.16,0.84,0.38,38.06,7.11
CMP-00286,2023-08-26,Google Ads,Retargeting,Retail,North America,14074.45,5117563,183208,11838,5031391.47,3.58,0.08,357.48,1.19
CMP-00287,2022-01-12,Twitter,Engagement,Food & Beverage,Asia Pacific,20933.43,7323617,385222,41933,18831390.84,5.26,0.05,899.58,0.5
CMP-00288,2024-05-03,Email,Engagement,Healthcare,Asia Pacific,21113.58,2499237,168448,3017,948639.63,6.74,0.13,44.93,7.0
CMP-00289,2022-02-04,Email,Conversion,Retail,Asia Pacific,35643.09,10903066,616023,8074,2914756.19,5.65,0.06,81.78,4.41
CMP-00290,2022-08-20,Google Ads,Engagement,Education,Asia Pacific,22271.6,5543104,116959,11755,2621403.96,2.11,0.19,117.7,1.89
CMP-00291,2022-09-25,Twitter,Conversion,Food & Beverage,Europe,26840.8,8928611,196429,12169,5204437.54,2.2,0.14,193.9,2.21
CMP-00292,2022-06-14,Email,Conversion,Healthcare,North America,13393.07,1925076,104146,9210,1274472.7,5.41,0.13,95.16,1.45
CMP-00293,2023-12-23,YouTube,Brand Awareness,Retail,Latin America,2250.2,236002,12437,681,186371.32,5.27,0.18,82.82,3.3
CMP-00294,2023-12-18,YouTube,Conversion,Food & Beverage,Asia Pacific,45072.63,20041075,1320706,80645,17435185.82,6.59,0.03,386.82,0.56
CMP-00295,2024-03-25,Google Ads,Conversion,Travel,Latin America,1975.54,218669,17187,1213,483004.96,7.86,0.11,244.49,1.63
CMP-00296,2022-12-02,TikTok,Brand Awareness,Retail,Latin America,20029.42,2930877,221867,7692,767163.63,7.57,0.09,38.3,2.6
CMP-00297,2024-05-15,LinkedIn,Lead Generation,Tech,North America,7264.87,1564943,37715,2363,369081.32,2.41,0.19,50.8,3.07
CMP-00298,2022-03-29,YouTube,Engagement,Travel,North America,6222.51,2412919,15201,1293,276854.71,0.63,0.41,44.49,4.81
CMP-00299,2022-07-22,TikTok,Brand Awareness,Healthcare,North America,24071.61,6141139,368468,6413,367380.85,6.0,0.07,15.26,3.75
CMP-00300,2024-04-23,TikTok,Retargeting,Healthcare,Middle East,4432.06,1505477,115921,8565,3885261.92,7.7,0.04,876.63,0.52
CMP-00301,2022-12-02,Twitter,Conversion,Tech,Asia Pacific,2478.02,653563,34442,1543,609965.89,5.27,0.07,246.15,1.61
CMP-00302,2024-03-14,LinkedIn,Brand Awareness,Retail,Middle East,33148.71,5709677,201551,9111,3616820.8,3.53,0.16,109.11,3.64
CMP-00303,2022-04-19,Email,Engagement,Retail,Europe,22692.19,2834088,173729,15213,6349548.01,6.13,0.13,279.81,1.49
CMP-00304,2022-05-08,Instagram,Engagement,Retail,North America,13553.08,5020375,271602,24900,6412291.18,5.41,0.05,473.12,0.54
CMP-00305,2023-09-29,Google Ads,Engagement,Travel,Latin America,36137.23,17343062,1349290,70745,18503975.81,7.78,0.03,512.05,0.51
CMP-00306,2024-06-03,TikTok,Engagement,Retail,Europe,24931.69,7930839,195891,5246,821160.97,2.47,0.13,32.94,4.75
CMP-00307,2024-01-09,Facebook,Lead Generation,Finance,Middle East,28315.94,2878315,135568,4321,939988.63,4.71,0.21,33.2,6.55
CMP-00308,2024-03-13,TikTok,Lead Generation,Tech,Asia Pacific,7266.27,3527322,280774,10605,1196699.03,7.96,0.03,164.69,0.69
CMP-00309,2023-04-13,LinkedIn,Conversion,Food & Beverage,Asia Pacific,36212.76,5264503,199524,7071,2202992.89,3.79,0.18,60.83,5.12
CMP-00310,2022-01-30,TikTok,Brand Awareness,Travel,Latin America,3122.01,925271,40619,3623,1627212.55,4.39,0.08,521.21,0.86
CMP-00311,2022-09-17,Email,Brand Awareness,Healthcare,North America,11182.78,4505669,109037,8324,1693861.52,2.42,0.1,151.47,1.34
CMP-00312,2023-08-03,Email,Lead Generation,Food & Beverage,Asia Pacific,38757.85,10998963,636839,26353,7994593.34,5.79,0.06,206.27,1.47
CMP-00313,2023-01-14,Email,Lead Generation,Travel,Asia Pacific,29434.87,5216117,350523,12433,1890496.76,6.72,0.08,64.23,2.37
CMP-00314,2022-08-15,YouTube,Brand Awareness,Finance,Asia Pacific,28378.56,4200799,99979,2571,118573.85,2.38,0.28,4.18,11.04
CMP-00315,2022-07-20,TikTok,Conversion,Food & Beverage,North America,25945.67,5322087,46834,2318,742750.14,0.88,0.55,28.63,11.19
CMP-00316,2023-01-13,Facebook,Retargeting,Finance,Europe,7243.5,1918924,114751,7488,260998.67,5.98,0.06,36.03,0.97
CMP-00317,2023-12-05,Facebook,Brand Awareness,Tech,Asia Pacific,22811.6,8103220,354110,19978,3250543.03,4.37,0.06,142.5,1.14
CMP-00318,2024-01-24,TikTok,Conversion,Education,Latin America,6311.94,2304959,130691,6460,986425.55,5.67,0.05,156.28,0.98
CMP-00319,2023-06-27,Email,Engagement,Finance,Europe,23131.6,10614800,355595,2904,95670.71,3.35,0.07,4.14,7.97
CMP-00320,2023-01-09,TikTok,Lead Generation,Travel,Latin America,11796.03,3492149,173909,945,161945.1,4.98,0.07,13.73,12.48
CMP-00321,2023-10-24,Facebook,Engagement,Food & Beverage,Europe,11346.1,3149020,184217,20558,7954088.43,5.85,0.06,701.04,0.55
CMP-00322,2024-02-15,LinkedIn,Lead Generation,Food & Beverage,Asia Pacific,9328.53,3920271,63508,5196,191228.48,1.62,0.15,20.5,1.8
CMP-00323,2023-09-15,Twitter,Conversion,Food & Beverage,Asia Pacific,40560.98,2968020,213994,15468,3304334.08,7.21,0.19,81.47,2.62
CMP-00324,2023-06-27,Facebook,Brand Awareness,Retail,Middle East,44902.14,14484239,315756,28953,9969671.16,2.18,0.14,222.03,1.55
CMP-00325,2024-05-28,Instagram,Lead Generation,Finance,Asia Pacific,45288.21,2287042,73185,3061,336387.91,3.2,0.62,7.43,14.8
CMP-00326,2023-03-07,YouTube,Lead Generation,Healthcare,Europe,44958.11,6455253,355684,31936,5920903.75,5.51,0.13,131.7,1.41
CMP-00327,2023-05-30,Twitter,Engagement,Travel,Europe,45411.01,12243759,488525,19981,3275861.56,3.99,0.09,72.14,2.27
CMP-00328,2023-09-02,Twitter,Brand Awareness,Food & Beverage,Middle East,8590.66,4233474,168068,10416,4208880.48,3.97,0.05,489.94,0.82
CMP-00329,2022-06-03,Email,Engagement,Travel,Europe,27663.79,10123273,176144,12851,5452949.96,1.74,0.16,197.12,2.15
CMP-00330,2023-08-24,YouTube,Retargeting,Healthcare,Europe,30270.31,7854209,324378,31682,10867182.19,4.13,0.09,359.0,0.96
CMP-00331,2024-01-07,Instagram,Retargeting,Tech,Europe,27062.9,6249173,371200,7765,2748013.47,5.94,0.07,101.54,3.49
CMP-00332,2023-08-19,Instagram,Retargeting,Healthcare,Asia Pacific,33981.31,15121136,769665,17158,4678030.27,5.09,0.04,137.66,1.98
CMP-00333,2022-09-20,Twitter,Retargeting,Education,Europe,43401.65,19812313,663712,61935,2618259.33,3.35,0.07,60.33,0.7
CMP-00334,2022-04-08,YouTube,Retargeting,Tech,Asia Pacific,31456.76,4673645,276679,6854,2274117.24,5.92,0.11,72.29,4.59
CMP-00335,2024-03-14,Email,Lead Generation,Finance,North America,14688.93,6680076,212426,13251,906857.4,3.18,0.07,61.74,1.11
CMP-00336,2022-03-16,Twitter,Conversion,Education,North America,1191.74,455101,5779,228,12892.28,1.27,0.21,10.82,5.23
CMP-00337,2022-08-16,TikTok,Brand Awareness,Tech,Latin America,6464.86,609781,5731,507,61567.8,0.94,1.13,9.52,12.75
CMP-00338,2024-04-15,Twitter,Retargeting,Tech,Asia Pacific,10933.41,2083961,151503,5012,2491873.63,7.27,0.07,227.91,2.18
CMP-00339,2024-03-04,Email,Brand Awareness,Tech,Europe,31799.79,3402106,110228,5284,1507401.41,3.24,0.29,47.4,6.02
CMP-00340,2023-07-08,TikTok,Conversion,Healthcare,Europe,23736.3,1660472,57452,5788,1001144.29,3.46,0.41,42.18,4.1
CMP-00341,2024-05-22,Google Ads,Retargeting,Finance,North America,31773.37,4248122,102804,10397,3513316.73,2.42,0.31,110.57,3.06
CMP-00342,2022-04-19,Google Ads,Engagement,Education,Asia Pacific,18612.23,1087635,12072,1029,418516.08,1.11,1.54,22.49,18.09
CMP-00343,2023-05-26,Email,Retargeting,Finance,Europe,47668.78,10786335,688168,9989,2412473.14,6.38,0.07,50.61,4.77
CMP-00344,2022-05-14,LinkedIn,Brand Awareness,Tech,Middle East,7276.27,1170168,64593,5878,1391062.99,5.52,0.11,191.18,1.24
CMP-00345,2024-02-17,TikTok,Brand Awareness,Tech,Asia Pacific,13583.54,5919327,358711,11513,1119140.4,6.06,0.04,82.39,1.18
CMP-00346,2023-01-29,Twitter,Retargeting,Education,Asia Pacific,23238.92,6754696,84433,3050,313569.1,1.25,0.28,13.49,7.62
CMP-00347,2022-01-19,YouTube,Retargeting,Tech,Latin America,27846.35,6018765,139635,4270,1007350.23,2.32,0.2,36.18,6.52
CMP-00348,2022-07-06,Google Ads,Brand Awareness,Retail,Europe,23107.07,8708732,190721,9231,997015.97,2.19,0.12,43.15,2.5
CMP-00349,2024-01-08,Google Ads,Lead Generation,Food & Beverage,Europe,34204.04,4019031,305446,23876,2269212.11,7.6,0.11,66.34,1.43
CMP-00350,2024-04-20,TikTok,Conversion,Tech,Middle East,25323.83,11085649,603059,57602,11485875.82,5.44,0.04,453.56,0.44
CMP-00351,2022-08-12,TikTok,Retargeting,Healthcare,Europe,33630.87,16042115,742749,29089,9907762.45,4.63,0.05,294.6,1.16
CMP-00352,2022-11-02,YouTube,Conversion,Retail,Latin America,17062.41,7889591,419726,45129,21156452.06,5.32,0.04,1239.95,0.38
CMP-00353,2022-07-07,Email,Lead Generation,Travel,North America,21760.12,2455862,63852,1490,562528.52,2.6,0.34,25.85,14.6
CMP-00354,2023-10-29,TikTok,Brand Awareness,Healthcare,Asia Pacific,6199.28,2031500,108075,2111,710522.11,5.32,0.06,114.61,2.94
CMP-00355,2023-03-29,Instagram,Brand Awareness,Food & Beverage,Middle East,38275.18,7009794,559381,30782,9717931.84,7.98,0.07,253.9,1.24
CMP-00356,2023-07-23,Email,Engagement,Travel,Asia Pacific,31644.63,6733850,160265,11911,1784277.09,2.38,0.2,56.38,2.66
CMP-00357,2023-06-19,YouTube,Lead Generation,Healthcare,Asia Pacific,43423.25,20586186,238799,27568,6734004.85,1.16,0.18,155.08,1.58
CMP-00358,2022-02-13,YouTube,Lead Generation,Tech,Europe,48144.03,6661272,273112,20345,9088668.37,4.1,0.18,188.78,2.37
CMP-00359,2023-01-05,YouTube,Lead Generation,Retail,Europe,46961.74,16655585,109926,6604,2515913.06,0.66,0.43,53.57,7.11
CMP-00360,2024-01-17,Twitter,Brand Awareness,Food & Beverage,Europe,43637.28,8444260,673007,31808,14013932.43,7.97,0.06,321.15,1.37
CMP-00361,2022-03-19,YouTube,Brand Awareness,Travel,Middle East,38674.77,16984133,922238,77897,14286440.06,5.43,0.04,369.4,0.5
CMP-00362,2023-04-05,Instagram,Conversion,Retail,North America,45659.59,20859867,905318,36045,10233282.83,4.34,0.05,224.12,1.27
CMP-00363,2022-10-02,Email,Retargeting,Finance,Asia Pacific,49739.33,23681362,1283529,114084,48552135.4,5.42,0.04,976.13,0.44
CMP-00364,2022-08-31,TikTok,Conversion,Finance,Asia Pacific,6758.56,2733824,139425,14027,3088443.56,5.1,0.05,456.97,0.48
CMP-00365,2022-06-15,Google Ads,Brand Awareness,Healthcare,North America,33997.99,3112117,196374,18692,7521663.96,6.31,0.17,221.24,1.82
CMP-00366,2022-04-03,Instagram,Lead Generation,Tech,North America,47641.58,7283580,76477,3726,1390950.93,1.05,0.62,29.2,12.79
CMP-00367,2023-01-01,Email,Engagement,Healthcare,North America,9971.44,2237496,73166,1813,305345.43,3.27,0.14,30.62,5.5
CMP-00368,2022-09-22,Email,Conversion,Finance,Middle East,28977.02,7895612,297664,7305,2540756.05,3.77,0.1,87.68,3.97
CMP-00369,2024-02-01,Email,Lead Generation,Food & Beverage,Asia Pacific,9518.83,3057324,84687,3639,993706.81,2.77,0.11,104.39,2.62
CMP-00370,2024-04-11,YouTube,Conversion,Travel,Europe,4903.64,840393,67147,2516,335644.07,7.99,0.07,68.45,1.95
CMP-00371,2023-05-25,TikTok,Engagement,Travel,Middle East,32897.68,15863828,312517,12959,1171752.44,1.97,0.11,35.62,2.54
CMP-00372,2024-01-25,Facebook,Conversion,Healthcare,Middle East,11644.6,641077,12757,670,74058.84,1.99,0.91,6.36,17.38
CMP-00373,2023-11-27,Twitter,Lead Generation,Retail,Asia Pacific,6997.13,2062996,112433,3593,588259.75,5.45,0.06,84.07,1.95
CMP-00374,2024-02-01,TikTok,Retargeting,Healthcare,Latin America,20820.13,5087375,306259,4089,851034.66,6.02,0.07,40.88,5.09
CMP-00375,2022-08-05,Twitter,Lead Generation,Tech,Latin America,28704.69,10123767,308774,4693,950467.09,3.05,0.09,33.11,6.12
CMP-00376,2022-09-22,LinkedIn,Lead Generation,Finance,Europe,18823.71,8553629,590200,12375,5775101.07,6.9,0.03,306.8,1.52
CMP-00377,2022-05-28,Google Ads,Retargeting,Retail,Middle East,47645.35,19785118,518370,39876,4984224.04,2.62,0.09,104.61,1.19
CMP-00378,2023-09-19,Google Ads,Lead Generation,Food & Beverage,Europe,12364.84,5111286,52646,3651,851730.34,1.03,0.23,68.88,3.39
CMP-00379,2024-03-14,YouTube,Brand Awareness,Finance,Latin America,32056.95,7049412,42296,4609,706404.9,0.6,0.76,22.04,6.96
CMP-00380,2023-04-10,Facebook,Retargeting,Retail,Europe,10017.13,1999722,96386,524,62206.17,4.82,0.1,6.21,19.12
CMP-00381,2024-03-31,LinkedIn,Lead Generation,Travel,Europe,9114.31,3384987,267413,22670,10286398.97,7.9,0.03,1128.6,0.4
CMP-00382,2022-11-22,Instagram,Engagement,Healthcare,Asia Pacific,12093.99,1222111,33852,3964,153408.5,2.77,0.36,12.68,3.05
CMP-00383,2022-05-10,YouTube,Lead Generation,Healthcare,North America,18571.46,3853379,37377,1531,79525.48,0.97,0.5,4.28,12.13
CMP-00384,2022-06-15,YouTube,Retargeting,Tech,North America,10925.25,1178825,49628,1597,758606.73,4.21,0.22,69.44,6.84
CMP-00385,2022-12-12,TikTok,Engagement,Healthcare,Europe,26377.08,5059325,271685,32164,9245302.86,5.37,0.1,350.51,0.82
CMP-00386,2024-04-10,Email,Retargeting,Education,Middle East,11240.25,1368074,40084,1599,293163.2,2.93,0.28,26.08,7.03
CMP-00387,2024-05-09,Google Ads,Conversion,Food & Beverage,Middle East,16656.44,6510791,487658,32480,11720754.29,7.49,0.03,703.68,0.51
CMP-00388,2023-12-14,Google Ads,Retargeting,Retail,Latin America,14809.81,2666456,210116,9089,1112254.74,7.88,0.07,75.1,1.63
CMP-00389,2023-01-04,Email,Lead Generation,Education,Asia Pacific,39533.45,11602649,271501,10121,3010545.02,2.34,0.15,76.15,3.91
CMP-00390,2022-07-02,Instagram,Engagement,Travel,Latin America,22434.53,10622407,800929,68864,7557269.19,7.54,0.03,336.86,0.33
CMP-00391,2023-08-26,Instagram,Lead Generation,Education,Asia Pacific,15271.35,4673780,311741,8903,3073287.66,6.67,0.05,201.25,1.72
CMP-00392,2023-06-25,Email,Engagement,Food & Beverage,Asia Pacific,38969.81,15554040,1085671,44349,10474233.85,6.98,0.04,268.78,0.88
CMP-00393,2023-12-11,Email,Brand Awareness,Education,Middle East,40858.41,16468539,1060573,79839,37967276.47,6.44,0.04,929.24,0.51
CMP-00394,2024-01-31,Google Ads,Conversion,Finance,Middle East,10826.75,2588453,191545,8059,3898251.29,7.4,0.06,360.06,1.34
CMP-00395,2023-07-04,YouTube,Lead Generation,Retail,North America,9301.58,1672854,111746,4085,915110.62,6.68,0.08,98.38,2.28
CMP-00396,2022-06-29,Facebook,Lead Generation,Finance,North America,21011.53,2610209,196809,17956,8414114.79,7.54,0.11,400.45,1.17
CMP-00397,2023-04-06,Instagram,Retargeting,Travel,Asia Pacific,41337.06,15625075,229688,5139,1197614.23,1.47,0.18,28.97,8.04
CMP-00398,2023-01-10,YouTube,Retargeting,Food & Beverage,Middle East,21145.95,9008604,590964,54814,1791173.77,6.56,0.04,84.71,0.39
CMP-00399,2022-12-26,Twitter,Retargeting,Education,Europe,17453.76,7685843,183691,8397,3315370.55,2.39,0.1,189.95,2.08
CMP-00400,2022-04-24,YouTube,Retargeting,Tech,Asia Pacific,18698.83,4178383,53901,5970,2247756.62,1.29,0.35,120.21,3.13
CMP-00401,2022-02-01,Twitter,Engagement,Healthcare,Asia Pacific,32917.85,4578817,22894,920,354180.11,0.5,1.44,10.76,35.78
CMP-00402,2024-04-03,Twitter,Conversion,Education,Latin America,14878.93,4359692,260709,1819,287773.39,5.98,0.06,19.34,8.18
CMP-00403,2023-02-16,LinkedIn,Lead Generation,Food & Beverage,Europe,8053.59,3510772,119717,13449,6512455.91,3.41,0.07,808.64,0.6
CMP-00404,2024-02-20,YouTube,Brand Awareness,Finance,Asia Pacific,27359.14,10382503,105901,4076,663856.02,1.02,0.26,24.26,6.71
CMP-00405,2023-06-18,Email,Engagement,Retail,North America,46737.28,19632314,634123,5463,2309105.93,3.23,0.07,49.41,8.56
CMP-00406,2023-11-19,Twitter,Brand Awareness,Retail,North America,2869.86,290798,18814,2141,867214.16,6.47,0.15,302.18,1.34
CMP-00407,2023-01-18,Twitter,Lead Generation,Food & Beverage,Latin America,6690.4,1688533,107559,4718,489263.82,6.37,0.06,73.13,1.42
CMP-00408,2022-05-01,LinkedIn,Retargeting,Finance,Asia Pacific,49949.97,24259879,531291,8136,877933.79,2.19,0.09,17.58,6.14
CMP-00409,2022-11-18,Instagram,Conversion,Finance,Asia Pacific,44496.91,5848916,391292,5400,1618093.19,6.69,0.11,36.36,8.24
CMP-00410,2024-04-21,TikTok,Retargeting,Finance,Middle East,47329.7,18095325,1185243,94498,16701049.75,6.55,0.04,352.87,0.5
CMP-00411,2023-08-05,Google Ads,Lead Generation,Travel,Latin America,22021.34,1227897,40520,1320,424022.07,3.3,0.54,19.26,16.68
CMP-00412,2024-02-07,LinkedIn,Lead Generation,Healthcare,Europe,9995.25,3228657,37775,2754,676739.74,1.17,0.26,67.71,3.63
CMP-00413,2022-05-24,LinkedIn,Lead Generation,Retail,Middle East,6175.25,2860446,34039,3544,1755337.85,1.19,0.18,284.25,1.74
CMP-00414,2022-09-25,Facebook,Brand Awareness,Finance,Middle East,20133.07,1214461,29997,3539,164386.72,2.47,0.67,8.17,5.69
CMP-00415,2022-12-01,Instagram,Lead Generation,Retail,Europe,14404.11,4717944,152389,13527,1040283.6,3.23,0.09,72.22,1.06
CMP-00416,2022-01-17,Facebook,Retargeting,Retail,Asia Pacific,10805.36,1075901,18505,1004,492107.21,1.72,0.58,45.54,10.76
CMP-00417,2023-10-05,Facebook,Engagement,Tech,Latin America,27218.88,4301519,113560,5946,948588.23,2.64,0.24,34.85,4.58
CMP-00418,2024-05-10,TikTok,Conversion,Food & Beverage,Europe,9311.96,570134,43159,3191,1112313.82,7.57,0.22,119.45,2.92
CMP-00419,2023-07-30,Facebook,Engagement,Tech,Asia Pacific,3068.93,1036432,76177,1527,697298.67,7.35,0.04,227.21,2.01
CMP-00420,2023-12-13,Facebook,Engagement,Travel,Middle East,28492.76,5852166,139866,7032,3156456.92,2.39,0.2,110.78,4.05
CMP-00421,2023-08-27,Google Ads,Engagement,Travel,Middle East,45439.67,14861106,370041,41070,19399519.08,2.49,0.12,426.93,1.11
CMP-00422,2022-12-10,Instagram,Conversion,Healthcare,North America,24924.73,11535346,340292,22860,7620556.29,2.95,0.07,305.74,1.09
CMP-00423,2024-05-14,Twitter,Engagement,Food & Beverage,Europe,7639.79,1208991,73627,7206,2693884.92,6.09,0.1,352.61,1.06
CMP-00424,2023-12-05,TikTok,Brand Awareness,Food & Beverage,Latin America,42371.44,4168775,182175,12381,2374982.78,4.37,0.23,56.05,3.42
CMP-00425,2022-06-19,LinkedIn,Conversion,Finance,Middle East,9856.15,1766285,56521,6527,757099.0,3.2,0.17,76.81,1.51
CMP-00426,2023-11-01,LinkedIn,Engagement,Retail,Europe,24403.77,9263207,164885,2766,581406.3,1.78,0.15,23.82,8.82
CMP-00427,2022-12-13,YouTube,Retargeting,Finance,Europe,5153.4,493539,4639,145,33432.54,0.94,1.11,6.49,35.54
CMP-00428,2022-10-21,Google Ads,Retargeting,Retail,Asia Pacific,11541.67,1355302,44047,3740,1161614.93,3.25,0.26,100.65,3.09
CMP-00429,2022-11-06,Facebook,Engagement,Travel,Middle East,6117.76,514643,16520,1042,112383.35,3.21,0.37,18.37,5.87
CMP-00430,2022-04-11,TikTok,Retargeting,Education,North America,31693.6,10191511,454541,53987,16434986.17,4.46,0.07,518.56,0.59
CMP-00431,2022-12-15,YouTube,Conversion,Finance,Asia Pacific,41593.7,15231019,761550,38643,17669175.73,5.0,0.05,424.8,1.08
CMP-00432,2022-08-07,Email,Brand Awareness,Finance,Asia Pacific,6901.84,3142290,140774,14311,2888916.99,4.48,0.05,418.57,0.48
CMP-00433,2022-03-30,Twitter,Engagement,Healthcare,Middle East,46841.25,8463775,588232,31779,14063805.45,6.95,0.08,300.24,1.47
CMP-00434,2022-11-17,Twitter,Conversion,Retail,Asia Pacific,23250.95,3989175,218606,18960,2005054.47,5.48,0.11,86.24,1.23
CMP-00435,2023-04-30,Twitter,Engagement,Food & Beverage,Latin America,8505.22,1818813,145505,13479,5361637.38,8.0,0.06,630.39,0.63
CMP-00436,2022-09-04,Twitter,Engagement,Healthcare,Middle East,28698.64,8737492,597644,17128,3877261.43,6.84,0.05,135.1,1.68
CMP-00437,2022-04-14,Email,Retargeting,Travel,Middle East,46659.06,11995079,146339,16336,980855.69,1.22,0.32,21.02,2.86
CMP-00438,2023-01-07,YouTube,Engagement,Tech,Latin America,48142.2,10121248,335013,8599,2201497.96,3.31,0.14,45.73,5.6
CMP-00439,2023-06-12,Twitter,Lead Generation,Education,North America,31603.58,1637287,29962,1383,620977.28,1.83,1.05,19.65,22.85
CMP-00440,2022-07-18,Facebook,Conversion,Travel,Latin America,8129.19,2594910,122479,13686,2176487.86,4.72,0.07,267.74,0.59
CMP-00441,2023-06-12,Twitter,Brand Awareness,Retail,Asia Pacific,13125.5,5320338,346886,15981,4295041.56,6.52,0.04,327.23,0.82
CMP-00442,2024-06-10,Facebook,Retargeting,Healthcare,Europe,29114.73,5914179,424046,33079,11264669.32,7.17,0.07,386.91,0.88
CMP-00443,2023-06-15,Google Ads,Brand Awareness,Healthcare,North America,33661.91,5820556,389395,30728,11085138.36,6.69,0.09,329.31,1.1
CMP-00444,2023-04-23,Email,Conversion,Healthcare,Asia Pacific,13276.34,6320569,254718,17282,5885603.43,4.03,0.05,443.32,0.77
CMP-00445,2024-04-07,YouTube,Brand Awareness,Finance,Middle East,39236.77,8569165,68553,7462,2302797.85,0.8,0.57,58.69,5.26
CMP-00446,2024-02-01,Google Ads,Lead Generation,Healthcare,Asia Pacific,4004.92,644015,44630,3689,964538.04,6.93,0.09,240.84,1.09
CMP-00447,2022-12-20,Twitter,Retargeting,Finance,Asia Pacific,42924.43,7021382,446559,19504,6661863.23,6.36,0.1,155.2,2.2
CMP-00448,2022-09-15,TikTok,Conversion,Food & Beverage,Middle East,27603.87,10357696,652534,20776,8953405.13,6.3,0.04,324.35,1.33
CMP-00449,2022-11-16,LinkedIn,Retargeting,Travel,North America,29464.61,12227562,328921,3916,1840362.67,2.69,0.09,62.46,7.52
CMP-00450,2023-12-04,Twitter,Conversion,Finance,Asia Pacific,41926.13,7609864,531168,14398,5334385.55,6.98,0.08,127.23,2.91
CMP-00451,2024-04-04,Google Ads,Conversion,Travel,Latin America,6771.53,1659262,61558,2068,258832.63,3.71,0.11,38.22,3.27
CMP-00452,2022-11-21,Instagram,Retargeting,Food & Beverage,Middle East,6497.49,2593497,57056,1237,517050.44,2.2,0.11,79.58,5.25
CMP-00453,2024-03-19,Google Ads,Conversion,Healthcare,North America,41762.88,15402141,990357,95735,4110622.91,6.43,0.04,98.43,0.44
CMP-00454,2023-05-24,Twitter,Engagement,Tech,Asia Pacific,44647.63,15852865,632529,46961,14518350.77,3.99,0.07,325.18,0.95
CMP-00455,2023-10-17,Instagram,Brand Awareness,Healthcare,Latin America,40226.6,12960843,68692,5273,1256358.26,0.53,0.59,31.23,7.63
CMP-00456,2024-06-02,Twitter,Engagement,Retail,North America,11673.09,3763986,59470,1792,715850.61,1.58,0.2,61.32,6.51
CMP-00457,2023-03-13,TikTok,Engagement,Travel,North America,33439.51,7164852,417710,8342,837200.9,5.83,0.08,25.04,4.01
CMP-00458,2023-10-25,YouTube,Lead Generation,Travel,Europe,46130.87,19095184,397179,17172,3471904.71,2.08,0.12,75.26,2.69
CMP-00459,2023-02-04,Facebook,Brand Awareness,Travel,North America,10146.32,3105107,75143,3884,538102.54,2.42,0.14,53.03,2.61
CMP-00460,2022-04-18,Twitter,Engagement,Retail,Asia Pacific,10241.61,2748382,66510,759,356444.35,2.42,0.15,34.8,13.49
CMP-00461,2023-06-01,TikTok,Lead Generation,Education,North America,20961.28,7925908,135533,14684,1460627.46,1.71,0.15,69.68,1.43
CMP-00462,2022-10-12,Email,Retargeting,Finance,Middle East,15374.83,4459002,177914,16499,2794335.76,3.99,0.09,181.75,0.93
CMP-00463,2023-03-27,LinkedIn,Retargeting,Travel,Europe,13875.83,1352453,58831,2530,840938.44,4.35,0.24,60.6,5.48
CMP-00464,2024-05-17,Twitter,Brand Awareness,Tech,Europe,9575.82,954345,24622,483,70040.66,2.58,0.39,7.31,19.83
CMP-00465,2023-05-05,Twitter,Lead Generation,Travel,Europe,19841.49,1206472,30161,3168,1477207.31,2.5,0.66,74.45,6.26
CMP-00466,2023-09-20,YouTube,Retargeting,Tech,Asia Pacific,16134.08,8009032,412465,22810,9526484.99,5.15,0.04,590.46,0.71
CMP-00467,2022-04-03,Twitter,Lead Generation,Tech,Latin America,20095.78,3683754,134825,7335,1883681.71,3.66,0.15,93.74,2.74
CMP-00468,2024-02-17,Facebook,Brand Awareness,Tech,North America,37453.19,2163762,96936,4568,702884.64,4.48,0.39,18.77,8.2
CMP-00469,2023-09-25,LinkedIn,Conversion,Healthcare,Europe,44148.82,17627811,1103500,14494,1040339.95,6.26,0.04,23.56,3.05
CMP-00470,2023-01-30,LinkedIn,Lead Generation,Travel,Latin America,11958.68,4152638,40280,1921,345814.52,0.97,0.3,28.92,6.23
CMP-00471,2023-10-12,Facebook,Lead Generation,Travel,Latin America,9508.61,1917645,73254,5286,614788.89,3.82,0.13,64.66,1.8
CMP-00472,2024-03-20,YouTube,Lead Generation,Healthcare,Middle East,22862.12,6599639,483753,30626,12582979.31,7.33,0.05,550.39,0.75
CMP-00473,2022-08-16,Email,Lead Generation,Finance,Europe,26450.83,12044368,95150,10050,3420118.23,0.79,0.28,129.3,2.63
CMP-00474,2023-02-19,TikTok,Brand Awareness,Healthcare,Latin America,34543.52,10622035,742480,55989,6939447.12,6.99,0.05,200.89,0.62
CMP-00475,2023-10-10,LinkedIn,Lead Generation,Retail,Latin America,35802.46,10248692,709209,36858,5007845.57,6.92,0.05,139.87,0.97
CMP-00476,2022-09-22,TikTok,Engagement,Tech,Asia Pacific,5956.12,1532092,113987,7418,3223400.67,7.44,0.05,541.19,0.8
CMP-00477,2022-05-10,Email,Lead Generation,Tech,Asia Pacific,26305.56,11362763,148852,12163,5571041.94,1.31,0.18,211.78,2.16
CMP-00478,2023-10-16,Facebook,Engagement,Travel,North America,9835.82,4136552,233715,11624,4565664.44,5.65,0.04,464.19,0.85
CMP-00479,2023-02-11,YouTube,Brand Awareness,Healthcare,Europe,7001.66,713881,44760,335,59991.1,6.27,0.16,8.57,20.9
CMP-00480,2023-07-01,Instagram,Retargeting,Tech,Latin America,17735.41,7930264,365585,2830,232417.88,4.61,0.05,13.1,6.27
CMP-00481,2024-05-21,Google Ads,Retargeting,Healthcare,Middle East,37285.58,12932749,249602,28656,7238583.12,1.93,0.15,194.14,1.3
CMP-00482,2023-08-29,Google Ads,Lead Generation,Tech,Europe,14787.45,5927523,158857,12067,5669298.09,2.68,0.09,383.39,1.23
CMP-00483,2022-11-28,Google Ads,Retargeting,Retail,North America,4479.54,1996745,92249,10122,3268805.98,4.62,0.05,729.72,0.44
CMP-00484,2022-09-21,TikTok,Retargeting,Food & Beverage,Middle East,13806.44,5670920,398665,44683,20790946.82,7.03,0.03,1505.89,0.31
CMP-00485,2023-11-14,Instagram,Engagement,Food & Beverage,Europe,18596.64,1346436,46990,1004,226150.49,3.49,0.4,12.16,18.52
CMP-00486,2022-10-22,YouTube,Brand Awareness,Tech,Middle East,19504.65,2526839,38155,482,191019.06,1.51,0.51,9.79,40.47
CMP-00487,2022-02-05,YouTube,Retargeting,Education,Asia Pacific,18898.3,2816984,105636,3052,558139.45,3.75,0.18,29.53,6.19
CMP-00488,2022-09-05,Facebook,Retargeting,Healthcare,Europe,5099.93,1109810,37733,3628,1256390.12,3.4,0.14,246.35,1.41
CMP-00489,2023-01-02,Email,Lead Generation,Retail,Latin America,6485.96,1749442,73826,6369,1106042.7,4.22,0.09,170.53,1.02
CMP-00490,2022-01-03,LinkedIn,Lead Generation,Education,Asia Pacific,11058.66,4385888,326310,35513,5414734.06,7.44,0.03,489.64,0.31
CMP-00491,2023-03-31,Facebook,Lead Generation,Retail,Asia Pacific,42544.78,11854076,568995,11519,442110.1,4.8,0.07,10.39,3.69
CMP-00492,2023-05-24,Twitter,Lead Generation,Finance,Middle East,3498.47,431814,10665,726,141678.81,2.47,0.33,40.5,4.82
CMP-00493,2024-06-05,Google Ads,Lead Generation,Education,Latin America,10270.18,2942991,151858,16623,4404454.34,5.16,0.07,428.86,0.62
CMP-00494,2023-02-24,Twitter,Retargeting,Travel,Latin America,873.32,223786,15620,1250,232371.03,6.98,0.06,266.08,0.7
CMP-00495,2022-06-14,YouTube,Lead Generation,Travel,Europe,12712.05,4984980,34894,1283,357222.79,0.7,0.36,28.1,9.91
CMP-00496,2023-08-05,TikTok,Engagement,Healthcare,Asia Pacific,36385.98,16601919,883222,5936,852450.73,5.32,0.04,23.43,6.13
CMP-00497,2022-10-20,Email,Engagement,Education,Latin America,12554.57,5432238,196647,18707,742866.92,3.62,0.06,59.17,0.67
CMP-00498,2022-09-21,Instagram,Conversion,Finance,Latin America,5567.75,351796,25505,1741,555931.64,7.25,0.22,99.85,3.2
CMP-00499,2023-11-26,YouTube,Lead Generation,Retail,Asia Pacific,25208.67,4905799,47586,301,22000.87,0.97,0.53,0.87,83.75
CMP-00500,2024-05-22,Email,Retargeting,Finance,Latin America,37766.18,10352871,504184,53339,3716795.18,4.87,0.07,98.42,0.71
CMP-00501,2024-02-25,Twitter,Conversion,Retail,Latin America,7613.02,1095976,81979,530,260262.55,7.48,0.09,34.19,14.36
CMP-00502,2023-12-10,LinkedIn,Engagement,Food & Beverage,Latin America,18260.82,1093981,73953,3303,336742.09,6.76,0.25,18.44,5.53
CMP-00503,2022-01-22,Google Ads,Lead Generation,Finance,Europe,9911.68,2438785,84625,3086,787068.76,3.47,0.12,79.41,3.21
CMP-00504,2023-09-26,Email,Conversion,Finance,Middle East,13633.38,5726012,308632,15353,5236465.82,5.39,0.04,384.09,0.89
CMP-00505,2023-10-06,Facebook,Retargeting,Retail,Latin America,11454.08,2222340,31557,2410,221502.44,1.42,0.36,19.34,4.75
CMP-00506,2022-04-06,Instagram,Brand Awareness,Food & Beverage,Asia Pacific,5681.31,2694775,205341,17927,5593562.26,7.62,0.03,984.56,0.32
CMP-00507,2022-11-02,Instagram,Lead Generation,Finance,Asia Pacific,17639.19,7544527,249723,15189,5252626.47,3.31,0.07,297.78,1.16
CMP-00508,2023-04-15,Facebook,Retargeting,Tech,Middle East,36569.77,13685416,71164,2582,177467.8,0.52,0.51,4.85,14.16
CMP-00509,2022-09-21,Email,Retargeting,Healthcare,Latin America,22812.93,5252432,223228,16958,6024772.34,4.25,0.1,264.09,1.35
CMP-00510,2022-02-14,Email,Retargeting,Tech,North America,13896.2,4015486,248960,7327,3206857.48,6.2,0.06,230.77,1.9
CMP-00511,2022-03-18,TikTok,Retargeting,Travel,Middle East,48939.23,24072490,941234,53976,16873356.01,3.91,0.05,344.78,0.91
CMP-00512,2023-02-27,TikTok,Engagement,Retail,Latin America,9976.24,4837414,354098,36613,5752356.78,7.32,0.03,576.61,0.27
CMP-00513,2022-02-19,LinkedIn,Engagement,Tech,Latin America,11841.36,5673186,213879,17861,5908951.28,3.77,0.06,499.01,0.66
CMP-00514,2023-02-13,Instagram,Lead Generation,Education,Latin America,33714.53,12249908,200898,11835,721185.41,1.64,0.17,21.39,2.85
CMP-00515,2023-03-29,LinkedIn,Brand Awareness,Healthcare,Europe,43287.01,14229584,486651,22078,3328487.09,3.42,0.09,76.89,1.96
CMP-00516,2022-10-14,Facebook,Lead Generation,Travel,Latin America,12937.85,4221582,248229,11351,1827896.04,5.88,0.05,141.28,1.14
CMP-00517,2023-01-18,Twitter,Brand Awareness,Tech,Middle East,22252.61,5428530,238312,14216,6351577.53,4.39,0.09,285.43,1.57
CMP-00518,2022-04-10,Twitter,Lead Generation,Tech,Europe,13354.58,5082376,94532,7089,816580.68,1.86,0.14,61.15,1.88
CMP-00519,2023-07-12,TikTok,Lead Generation,Food & Beverage,Latin America,36714.51,12038546,717497,11539,3683448.96,5.96,0.05,100.33,3.18
CMP-00520,2024-01-20,Email,Brand Awareness,Travel,North America,25974.48,12307971,721247,12904,2111689.57,5.86,0.04,81.3,2.01
CMP-00521,2022-07-18,Google Ads,Lead Generation,Travel,Middle East,26549.43,10953529,687881,74576,7483412.73,6.28,0.04,281.87,0.36
CMP-00522,2022-01-20,TikTok,Brand Awareness,Food & Beverage,Middle East,29889.52,11467350,311911,22760,1511486.74,2.72,0.1,50.57,1.31
CMP-00523,2022-05-11,Twitter,Retargeting,Food & Beverage,Asia Pacific,6061.38,2843988,152437,10575,560484.26,5.36,0.04,92.47,0.57
CMP-00524,2022-09-17,Email,Lead Generation,Food & Beverage,Middle East,32524.35,2699337,136316,5620,2573530.36,5.05,0.24,79.13,5.79
CMP-00525,2024-04-11,Email,Engagement,Food & Beverage,Europe,16126.74,1191222,36332,2649,769162.79,3.05,0.44,47.69,6.09
CMP-00526,2022-02-08,Facebook,Conversion,Retail,North America,10792.68,923789,14688,1458,360559.21,1.59,0.73,33.41,7.4
CMP-00527,2022-08-22,LinkedIn,Retargeting,Education,Middle East,6152.41,461142,22365,260,15931.98,4.85,0.28,2.59,23.66
CMP-00528,2023-03-30,TikTok,Engagement,Finance,Middle East,19691.16,6159761,213127,13037,3018030.31,3.46,0.09,153.27,1.51
CMP-00529,2022-10-12,YouTube,Engagement,Education,Middle East,9161.41,4480075,132610,8387,1789850.4,2.96,0.07,195.37,1.09
CMP-00530,2022-07-29,LinkedIn,Lead Generation,Travel,Middle East,40568.55,14924825,707436,35746,13421932.29,4.74,0.06,330.85,1.13
CMP-00531,2023-11-24,Google Ads,Lead Generation,Retail,North America,27239.03,5996138,461702,54195,8981411.57,7.7,0.06,329.73,0.5
CMP-00532,2023-12-01,Twitter,Retargeting,Tech,Latin America,27882.94,9398193,597725,57384,22817206.57,6.36,0.05,818.32,0.49
CMP-00533,2023-07-25,Instagram,Brand Awareness,Finance,Asia Pacific,47175.81,13901680,412879,13639,4799024.87,2.97,0.11,101.73,3.46
CMP-00534,2023-03-17,Facebook,Lead Generation,Food & Beverage,Latin America,24162.57,5288191,182442,4946,2393480.35,3.45,0.13,99.06,4.89
CMP-00535,2022-01-08,Google Ads,Engagement,Education,Middle East,4550.36,1952703,86700,7034,1871516.68,4.44,0.05,411.29,0.65
CMP-00536,2022-03-15,LinkedIn,Lead Generation,Healthcare,Latin America,35092.4,11094274,69893,7234,1212101.02,0.63,0.5,34.54,4.85
CMP-00537,2022-05-11,Google Ads,Retargeting,Finance,North America,45896.26,19533340,1371240,109056,30430210.86,7.02,0.03,663.02,0.42
CMP-00538,2022-11-24,YouTube,Engagement,Education,Middle East,48025.79,19395089,911569,91584,29043900.7,4.7,0.05,604.76,0.52
CMP-00539,2023-03-03,Google Ads,Conversion,Finance,Europe,30918.32,3827700,254159,5975,818421.86,6.64,0.12,26.47,5.17
CMP-00540,2023-04-09,LinkedIn,Conversion,Retail,Latin America,951.77,223551,2660,287,69786.18,1.19,0.36,73.32,3.32
CMP-00541,2022-10-17,YouTube,Retargeting,Retail,Europe,23063.73,5359427,202050,14861,1700201.4,3.77,0.11,73.72,1.55
CMP-00542,2022-05-29,Twitter,Retargeting,Food & Beverage,North America,42857.63,7454352,211703,23146,11190306.2,2.84,0.2,261.1,1.85
CMP-00543,2024-02-10,TikTok,Lead Generation,Travel,Middle East,20647.31,2140341,84757,3588,244584.87,3.96,0.24,11.85,5.75
CMP-00544,2023-11-23,Twitter,Brand Awareness,Retail,Europe,24330.07,6472735,348880,2157,1067135.67,5.39,0.07,43.86,11.28
CMP-00545,2023-11-24,LinkedIn,Retargeting,Finance,Middle East,46977.59,4242712,138736,1238,236471.07,3.27,0.34,5.03,37.95
CMP-00546,2024-01-19,LinkedIn,Conversion,Finance,Europe,18041.12,2152785,150479,2682,342085.77,6.99,0.12,18.96,6.73
CMP-00547,2023-10-24,TikTok,Retargeting,Food & Beverage,Middle East,36188.85,12629651,793142,75926,4739768.02,6.28,0.05,130.97,0.48
CMP-00548,2022-05-13,Email,Brand Awareness,Finance,Middle East,7264.31,3611625,269788,29078,7987414.8,7.47,0.03,1099.54,0.25
CMP-00549,2023-07-25,TikTok,Conversion,Food & Beverage,Asia Pacific,35169.87,3826398,104078,1220,486369.78,2.72,0.34,13.83,28.83
CMP-00550,2022-01-24,Twitter,Engagement,Healthcare,Asia Pacific,18977.75,3246539,142523,6041,2553583.71,4.39,0.13,134.56,3.14
CMP-00551,2023-12-13,Facebook,Retargeting,Retail,Middle East,33605.04,3467804,141139,4892,2422620.85,4.07,0.24,72.09,6.87
CMP-00552,2023-01-06,Email,Conversion,Healthcare,Asia Pacific,28218.06,7313616,434428,2694,921805.77,5.94,0.06,32.67,10.47
CMP-00553,2022-11-15,LinkedIn,Brand Awareness,Education,North America,26702.56,8157412,569387,9958,918043.13,6.98,0.05,34.38,2.68
CMP-00554,2023-02-09,Email,Conversion,Retail,Middle East,27624.27,7522500,551399,5028,801761.65,7.33,0.05,29.02,5.49
CMP-00555,2022-12-14,Google Ads,Retargeting,Food & Beverage,Middle East,4146.31,1043382,57177,2711,515543.13,5.48,0.07,124.34,1.53
CMP-00556,2022-12-04,TikTok,Conversion,Food & Beverage,North America,20038.08,8510654,486809,36871,11091132.71,5.72,0.04,553.5,0.54
CMP-00557,2023-08-21,Google Ads,Retargeting,Food & Beverage,Europe,36900.83,8861285,417366,6481,2188481.29,4.71,0.09,59.31,5.69
CMP-00558,2023-09-01,Facebook,Brand Awareness,Tech,Middle East,45618.74,2754626,193650,2859,888327.92,7.03,0.24,19.47,15.96
CMP-00559,2023-12-01,TikTok,Engagement,Finance,North America,28870.51,4358944,180024,21087,4935222.53,4.13,0.16,170.94,1.37
CMP-00560,2023-03-21,LinkedIn,Lead Generation,Retail,Asia Pacific,23532.18,7117389,557291,33128,10719051.03,7.83,0.04,455.51,0.71
CMP-00561,2024-06-16,Facebook,Retargeting,Travel,North America,3479.62,870274,50214,3580,1577182.54,5.77,0.07,453.26,0.97
CMP-00562,2022-10-16,YouTube,Retargeting,Finance,Middle East,34532.57,16059248,1153054,34781,2326466.11,7.18,0.03,67.37,0.99
CMP-00563,2023-11-19,TikTok,Brand Awareness,Finance,Middle East,19370.11,6991147,394999,26626,10962216.12,5.65,0.05,565.93,0.73
CMP-00564,2022-07-26,Instagram,Retargeting,Healthcare,Middle East,37114.02,9127424,287513,3868,232561.68,3.15,0.13,6.27,9.6
CMP-00565,2024-03-28,LinkedIn,Engagement,Finance,Middle East,31929.6,12404465,258012,15431,5214508.9,2.08,0.12,163.31,2.07
CMP-00566,2023-04-18,LinkedIn,Brand Awareness,Travel,Latin America,45902.8,20361413,1343853,22562,3891642.36,6.6,0.03,84.78,2.03
CMP-00567,2022-01-02,Google Ads,Engagement,Finance,North America,48877.68,22570915,214423,17669,5903833.71,0.95,0.23,120.79,2.77
CMP-00568,2022-03-24,Email,Engagement,Education,North America,16778.11,8078357,362718,30439,14071645.5,4.49,0.05,838.69,0.55
CMP-00569,2022-09-15,Facebook,Engagement,Travel,Asia Pacific,19030.66,8640775,533135,53312,14754762.15,6.17,0.04,775.32,0.36
CMP-00570,2022-05-24,Facebook,Conversion,Finance,Asia Pacific,29800.77,10120967,157887,1705,720735.35,1.56,0.19,24.19,17.48
CMP-00571,2023-03-18,Twitter,Lead Generation,Tech,Latin America,39856.16,6251926,283212,19931,1103395.95,4.53,0.14,27.68,2.0
CMP-00572,2022-10-30,TikTok,Engagement,Healthcare,North America,14543.52,6561784,183729,19763,7576503.59,2.8,0.08,520.95,0.74
CMP-00573,2023-11-16,Facebook,Conversion,Healthcare,North America,13751.27,5924349,280814,32301,6307827.89,4.74,0.05,458.71,0.43
CMP-00574,2023-03-19,Instagram,Engagement,Retail,North America,44608.08,2964841,211096,6441,869084.75,7.12,0.21,19.48,6.93
CMP-00575,2022-04-29,Instagram,Engagement,Education,Middle East,37191.05,5312874,146635,12986,5771185.35,2.76,0.25,155.18,2.86
CMP-00576,2023-07-22,TikTok,Lead Generation,Finance,Latin America,20362.28,2928580,89614,4539,1944170.57,3.06,0.23,95.48,4.49
CMP-00577,2022-12-15,Twitter,Engagement,Finance,Middle East,19910.06,1881818,70944,8243,1597975.69,3.77,0.28,80.26,2.42
CMP-00578,2023-08-25,Email,Brand Awareness,Finance,Latin America,16860.08,3348134,215619,6159,2275264.22,6.44,0.08,134.95,2.74
CMP-00579,2024-05-21,YouTube,Engagement,Finance,Asia Pacific,3011.18,1004371,33545,4014,1143467.49,3.34,0.09,379.74,0.75
CMP-00580,2024-02-03,LinkedIn,Lead Generation,Education,Europe,21966.96,3993832,41136,2369,374246.47,1.03,0.53,17.04,9.27
CMP-00581,2022-07-24,Instagram,Retargeting,Travel,North America,33102.32,2953574,125526,4352,1497050.93,4.25,0.26,45.22,7.61
CMP-00582,2022-01-16,Facebook,Brand Awareness,Retail,North America,31974.3,9057833,259959,16958,3449164.27,2.87,0.12,107.87,1.89
CMP-00583,2024-04-13,Email,Retargeting,Healthcare,Latin America,29198.38,10531390,585545,34973,8059409.92,5.56,0.05,276.02,0.83
CMP-00584,2022-05-04,YouTube,Brand Awareness,Food & Beverage,Latin America,34096.9,4994085,330608,33618,7017233.57,6.62,0.1,205.8,1.01
CMP-00585,2023-02-27,YouTube,Conversion,Travel,Middle East,29630.55,8723422,424830,12511,4724311.14,4.87,0.07,159.44,2.37
CMP-00586,2023-08-07,Google Ads,Brand Awareness,Retail,North America,5473.82,1083863,15499,618,307156.75,1.43,0.35,56.11,8.86
CMP-00587,2022-08-24,YouTube,Conversion,Travel,Asia Pacific,8849.47,1401211,94581,7982,2061456.01,6.75,0.09,232.95,1.11
CMP-00588,2022-09-03,Email,Retargeting,Food & Beverage,Latin America,25662.53,3422415,95143,8393,2626476.66,2.78,0.27,102.35,3.06
CMP-00589,2023-12-30,TikTok,Retargeting,Tech,Asia Pacific,31468.45,6943341,168723,4557,1600659.09,2.43,0.19,50.87,6.91
CMP-00590,2022-03-15,Twitter,Retargeting,Education,North America,1552.39,445017,16421,419,206318.09,3.69,0.09,132.9,3.7
CMP-00591,2023-11-23,Facebook,Lead Generation,Healthcare,Europe,26319.36,3739385,173507,14915,5121567.1,4.64,0.15,194.59,1.76
CMP-00592,2024-06-15,Instagram,Lead Generation,Tech,North America,32780.81,8511823,512411,16179,5918893.86,6.02,0.06,180.56,2.03
CMP-00593,2024-04-15,Google Ads,Brand Awareness,Healthcare,Middle East,45080.29,3669979,253595,7865,240512.99,6.91,0.18,5.34,5.73
CMP-00594,2023-07-14,Instagram,Brand Awareness,Education,Asia Pacific,39986.51,16569780,803634,51400,5340259.9,4.85,0.05,133.55,0.78
CMP-00595,2024-01-02,LinkedIn,Lead Generation,Education,Europe,30438.36,2668708,58978,4527,153072.5,2.21,0.52,5.03,6.72
CMP-00596,2022-02-06,Google Ads,Brand Awareness,Education,Middle East,12770.63,2993960,18263,1277,614699.69,0.61,0.7,48.13,10.0
CMP-00597,2022-09-03,Twitter,Engagement,Healthcare,Latin America,7610.38,900014,16560,836,269199.89,1.84,0.46,35.37,9.1
CMP-00598,2023-12-25,TikTok,Lead Generation,Tech,Middle East,8027.21,3340255,81836,8108,2499770.57,2.45,0.1,311.41,0.99
CMP-00599,2022-05-29,Google Ads,Brand Awareness,Retail,Asia Pacific,24529.69,3583063,131140,7361,3355219.46,3.66,0.19,136.78,3.33
CMP-00600,2022-09-27,Email,Lead Generation,Finance,Middle East,16230.02,5423512,385069,6198,2618999.64,7.1,0.04,161.37,2.62
CMP-00601,2024-04-12,Facebook,Engagement,Retail,Middle East,41607.07,4068595,193665,3628,1136787.79,4.76,0.21,27.32,11.47
CMP-00602,2023-02-28,Email,Brand Awareness,Food & Beverage,North America,15505.6,2233725,121514,7094,3118933.16,5.44,0.13,201.15,2.19
CMP-00603,2024-01-17,TikTok,Retargeting,Tech,North America,13799.79,832354,5410,376,103685.36,0.65,2.55,7.51,36.7
CMP-00604,2022-10-27,Google Ads,Engagement,Healthcare,Latin America,48941.1,8346034,267073,26135,871904.18,3.2,0.18,17.82,1.87
CMP-00605,2024-03-04,Facebook,Engagement,Travel,Latin America,47270.48,4053203,184420,4708,1167653.51,4.55,0.26,24.7,10.04
CMP-00606,2024-05-14,Twitter,Conversion,Retail,North America,33529.88,2054012,101468,925,134742.3,4.94,0.33,4.02,36.25
CMP-00607,2022-09-13,TikTok,Conversion,Retail,Latin America,14413.4,6529155,216115,22534,2894535.65,3.31,0.07,200.82,0.64
CMP-00608,2023-03-06,Email,Lead Generation,Healthcare,Asia Pacific,32417.49,15650146,856062,52474,13300153.6,5.47,0.04,410.28,0.62
CMP-00609,2023-10-19,Twitter,Conversion,Retail,Latin America,42625.71,12177436,159524,15477,6970474.77,1.31,0.27,163.53,2.75
CMP-00610,2023-12-13,Google Ads,Retargeting,Education,Middle East,2528.65,871232,45391,4732,323716.1,5.21,0.06,128.02,0.53
CMP-00611,2023-03-11,Google Ads,Retargeting,Finance,Europe,16676.18,3092685,201643,23114,4700824.52,6.52,0.08,281.89,0.72
CMP-00612,2022-07-01,Google Ads,Engagement,Education,North America,39218.27,3014189,139556,6304,277042.63,4.63,0.28,7.06,6.22
CMP-00613,2022-12-19,Facebook,Lead Generation,Travel,Latin America,24385.97,3581124,78784,7469,1876776.35,2.2,0.31,76.96,3.26
CMP-00614,2022-01-11,YouTube,Engagement,Education,North America,6210.7,2576293,33234,830,168898.51,1.29,0.19,27.19,7.48
CMP-00615,2022-09-10,Instagram,Retargeting,Healthcare,Middle East,37640.75,3826178,27165,1906,763090.86,0.71,1.39,20.27,19.75
CMP-00616,2023-07-17,Google Ads,Brand Awareness,Travel,North America,42459.44,6095568,351104,17766,2318822.53,5.76,0.12,54.61,2.39
CMP-00617,2022-11-15,Facebook,Retargeting,Travel,Europe,32464.63,6385962,97705,2401,830749.83,1.53,0.33,25.59,13.52
CMP-00618,2023-01-17,Email,Conversion,Retail,Europe,3461.83,286962,21120,161,6436.06,7.36,0.16,1.86,21.5
CMP-00619,2023-03-03,Facebook,Conversion,Tech,North America,37812.37,11137889,123630,3057,1403558.6,1.11,0.31,37.12,12.37
CMP-00620,2023-01-05,YouTube,Lead Generation,Retail,Europe,44329.16,21109000,601606,43862,3930318.79,2.85,0.07,88.66,1.01
CMP-00621,2022-09-10,TikTok,Engagement,Finance,Middle East,1311.01,187392,4441,108,30878.41,2.37,0.3,23.55,12.14
CMP-00622,2022-05-15,Google Ads,Conversion,Finance,Middle East,13059.01,4447031,191667,18873,2164505.03,4.31,0.07,165.75,0.69
CMP-00623,2022-07-09,Facebook,Engagement,Travel,Asia Pacific,30725.15,2378870,109903,3706,715390.06,4.62,0.28,23.28,8.29
CMP-00624,2024-03-09,Google Ads,Brand Awareness,Food & Beverage,North America,2989.65,752278,54916,877,147997.79,7.3,0.05,49.5,3.41
CMP-00625,2023-06-17,Google Ads,Lead Generation,Healthcare,Europe,22891.23,1464760,16258,1288,354134.52,1.11,1.41,15.47,17.77
CMP-00626,2024-04-28,YouTube,Conversion,Retail,Asia Pacific,42691.43,7048493,394715,46642,11338538.92,5.6,0.11,265.59,0.92
CMP-00627,2024-03-13,Twitter,Retargeting,Healthcare,North America,29093.63,8377057,398747,21667,4451143.95,4.76,0.07,152.99,1.34
CMP-00628,2022-06-11,Instagram,Engagement,Retail,Middle East,14361.33,5424803,162201,14936,1100670.33,2.99,0.09,76.64,0.96
CMP-00629,2024-04-17,TikTok,Lead Generation,Tech,Latin America,27657.6,13688784,509222,10143,853903.77,3.72,0.05,30.87,2.73
CMP-00630,2024-05-24,LinkedIn,Retargeting,Finance,Latin America,47241.14,19984295,317750,26086,12755201.39,1.59,0.15,270.0,1.81
CMP-00631,2023-12-22,Instagram,Brand Awareness,Food & Beverage,Middle East,44352.66,17450980,204176,2533,277200.27,1.17,0.22,6.25,17.51
CMP-00632,2022-09-08,TikTok,Brand Awareness,Retail,Asia Pacific,31346.38,2060820,160331,7264,559757.38,7.78,0.2,17.86,4.32
CMP-00633,2022-06-28,Instagram,Engagement,Food & Beverage,Latin America,12662.14,1387816,65643,4499,1878867.06,4.73,0.19,148.38,2.81
CMP-00634,2024-06-09,YouTube,Lead Generation,Education,North America,13442.05,2130126,149321,5580,851836.82,7.01,0.09,63.37,2.41
CMP-00635,2023-11-09,Facebook,Brand Awareness,Tech,Asia Pacific,18103.88,6718145,530733,22169,3228822.29,7.9,0.03,178.35,0.82
CMP-00636,2022-03-13,Facebook,Lead Generation,Retail,Middle East,27195.36,8465346,331841,28630,4979414.44,3.92,0.08,183.1,0.95
CMP-00637,2023-08-02,Facebook,Engagement,Tech,North America,12167.02,5388917,98078,2268,453991.84,1.82,0.12,37.31,5.36
CMP-00638,2023-08-23,Email,Lead Generation,Finance,Middle East,41716.79,7355100,483965,49966,9742714.48,6.58,0.09,233.54,0.83
CMP-00639,2023-09-01,LinkedIn,Conversion,Food & Beverage,Latin America,1066.71,501024,7415,140,64017.68,1.48,0.14,60.01,7.62
CMP-00640,2022-10-11,Email,Engagement,Tech,Asia Pacific,25969.02,7814411,262564,5262,525164.3,3.36,0.1,20.22,4.94
CMP-00641,2022-12-01,YouTube,Retargeting,Retail,Europe,34172.77,4282344,183284,1605,666140.38,4.28,0.19,19.49,21.29
CMP-00642,2023-09-18,Twitter,Lead Generation,Retail,Latin America,48418.6,2477284,113211,8603,2737014.56,4.57,0.43,56.53,5.63
CMP-00643,2022-09-23,Facebook,Engagement,Tech,North America,26029.06,10416692,530209,44244,12723805.0,5.09,0.05,488.83,0.59
CMP-00644,2024-04-12,Google Ads,Conversion,Travel,Europe,23896.79,7215029,500001,48142,7515449.74,6.93,0.05,314.5,0.5
CMP-00645,2022-07-26,Instagram,Engagement,Finance,North America,43036.12,21232441,908748,39930,13096376.96,4.28,0.05,304.31,1.08
CMP-00646,2023-08-01,Email,Retargeting,Healthcare,Latin America,32862.46,4111042,71943,6959,2846873.32,1.75,0.46,86.63,4.72
CMP-00647,2023-01-26,YouTube,Engagement,Travel,Europe,6423.3,2433767,114143,11234,738493.91,4.69,0.06,114.97,0.57
CMP-00648,2023-12-12,LinkedIn,Retargeting,Food & Beverage,North America,14929.75,7208693,149219,11225,2612293.08,2.07,0.1,174.97,1.33
CMP-00649,2024-01-19,Instagram,Retargeting,Food & Beverage,Middle East,46325.37,12594140,641041,35420,6081192.48,5.09,0.07,131.27,1.31
CMP-00650,2022-08-26,YouTube,Lead Generation,Travel,Asia Pacific,47648.38,11471175,724978,15332,3987482.74,6.32,0.07,83.69,3.11
CMP-00651,2022-03-03,Email,Conversion,Finance,Asia Pacific,38088.15,6054436,433497,50411,18487213.14,7.16,0.09,485.38,0.76
CMP-00652,2022-06-13,TikTok,Conversion,Retail,Latin America,7068.83,2245157,67130,2325,328505.47,2.99,0.11,46.47,3.04
CMP-00653,2022-02-08,Google Ads,Engagement,Education,North America,33123.03,7024698,395490,14282,4293123.36,5.63,0.08,129.61,2.32
CMP-00654,2022-04-26,Facebook,Lead Generation,Travel,Latin America,3645.24,1659677,63731,1646,406716.63,3.84,0.06,111.57,2.21
CMP-00655,2023-08-20,Twitter,Retargeting,Finance,North America,30776.92,7586451,365666,11859,481380.91,4.82,0.08,15.64,2.6
CMP-00656,2022-02-17,TikTok,Conversion,Education,Middle East,34080.68,3339168,171967,11903,2447514.54,5.15,0.2,71.82,2.86
CMP-00657,2023-06-13,LinkedIn,Engagement,Finance,North America,10088.5,4054835,123672,9112,4495473.35,3.05,0.08,445.6,1.11
CMP-00658,2023-02-05,Email,Lead Generation,Travel,Middle East,28836.36,5375180,55364,2765,493822.05,1.03,0.52,17.12,10.43
CMP-00659,2023-07-10,Google Ads,Retargeting,Healthcare,Middle East,41004.23,10141732,654141,53385,10357871.81,6.45,0.06,252.6,0.77
CMP-00660,2022-07-04,LinkedIn,Engagement,Retail,Middle East,38936.71,5041142,60997,3051,558122.12,1.21,0.64,14.33,12.76
CMP-00661,2023-11-17,Instagram,Lead Generation,Finance,North America,10420.77,900121,24933,2307,1116903.41,2.77,0.42,107.18,4.52
CMP-00662,2022-09-14,YouTube,Lead Generation,Retail,Latin America,11826.44,3903884,83152,1210,156555.85,2.13,0.14,13.24,9.77
CMP-00663,2023-10-24,TikTok,Brand Awareness,Travel,Middle East,13468.71,6593501,264399,15678,6332505.41,4.01,0.05,470.16,0.86
CMP-00664,2023-09-01,LinkedIn,Retargeting,Finance,Asia Pacific,25382.49,4153449,291987,16177,7519332.26,7.03,0.09,296.24,1.57
CMP-00665,2023-07-16,Instagram,Engagement,Retail,Latin America,47523.44,8202852,629158,52346,21240270.77,7.67,0.08,446.94,0.91
CMP-00666,2023-04-04,TikTok,Conversion,Travel,Latin America,19354.47,4179091,190984,8569,1915525.35,4.57,0.1,98.97,2.26
CMP-00667,2022-10-02,Facebook,Brand Awareness,Education,North America,20872.16,8940605,525707,21392,9676859.21,5.88,0.04,463.63,0.98
CMP-00668,2024-02-24,Google Ads,Brand Awareness,Finance,Europe,37704.03,11173607,602257,57513,6816846.27,5.39,0.06,180.8,0.66
CMP-00669,2022-11-26,Facebook,Engagement,Travel,Europe,48399.03,14415027,1115723,6004,2987049.09,7.74,0.04,61.72,8.06
CMP-00670,2023-06-09,Google Ads,Brand Awareness,Healthcare,Europe,2044.39,406948,16562,506,38626.3,4.07,0.12,18.89,4.04
CMP-00671,2023-12-10,Email,Conversion,Retail,Europe,24143.85,3766774,48214,2985,1090522.14,1.28,0.5,45.17,8.09
CMP-00672,2023-07-28,TikTok,Conversion,Retail,Asia Pacific,16508.36,5625239,100129,8753,3949328.94,1.78,0.16,239.23,1.89
CMP-00673,2022-04-13,TikTok,Engagement,Finance,North America,9386.09,1345083,105454,7542,320496.07,7.84,0.09,34.15,1.24
CMP-00674,2023-05-02,Twitter,Brand Awareness,Finance,Middle East,31077.56,4144681,74604,6759,2567592.14,1.8,0.42,82.62,4.6
CMP-00675,2022-12-22,Twitter,Engagement,Education,Latin America,10100.12,3053295,98316,11178,849666.13,3.22,0.1,84.12,0.9
CMP-00676,2023-08-23,TikTok,Engagement,Tech,Europe,9021.19,2550848,121930,13350,3076300.38,4.78,0.07,341.01,0.68
CMP-00677,2024-05-15,TikTok,Brand Awareness,Food & Beverage,Europe,23122.46,3295490,119626,7905,2183600.42,3.63,0.19,94.44,2.93
CMP-00678,2024-05-05,Instagram,Engagement,Finance,Latin America,13600.78,5417644,124605,10674,3035780.67,2.3,0.11,223.21,1.27
CMP-00679,2024-05-20,TikTok,Lead Generation,Retail,North America,39514.82,16755304,301595,19327,4247467.3,1.8,0.13,107.49,2.04
CMP-00680,2022-11-20,Google Ads,Engagement,Finance,Middle East,25502.28,9373110,704857,18354,3260901.73,7.52,0.04,127.87,1.39
CMP-00681,2022-06-04,Email,Conversion,Education,Europe,31805.21,13924660,878646,90734,28872826.49,6.31,0.04,907.8,0.35
CMP-00682,2022-11-03,YouTube,Engagement,Tech,Middle East,3489.65,1125628,51891,886,33941.81,4.61,0.07,9.73,3.94
CMP-00683,2023-03-21,YouTube,Conversion,Tech,North America,33117.79,6421237,322988,32977,1949020.54,5.03,0.1,58.85,1.0
CMP-00684,2022-05-30,TikTok,Brand Awareness,Healthcare,Latin America,10327.92,3284983,17410,660,27149.8,0.53,0.59,2.63,15.65
CMP-00685,2022-10-14,Email,Brand Awareness,Healthcare,North America,43516.78,6043241,420005,9043,2984319.22,6.95,0.1,68.58,4.81
CMP-00686,2024-04-02,Facebook,Engagement,Retail,Middle East,40710.64,3111182,88357,2765,88387.77,2.84,0.46,2.17,14.72
CMP-00687,2022-09-07,LinkedIn,Conversion,Retail,Europe,38446.91,6481503,217778,9298,1687289.47,3.36,0.18,43.89,4.13
CMP-00688,2023-04-23,Twitter,Conversion,Education,Latin America,33092.73,7934161,199147,7714,1179658.22,2.51,0.17,35.65,4.29
CMP-00689,2023-05-23,TikTok,Engagement,Food & Beverage,Europe,11406.21,5124523,70205,2224,706671.51,1.37,0.16,61.95,5.13
CMP-00690,2022-04-20,Facebook,Engagement,Tech,Asia Pacific,1221.58,210859,8054,349,148113.51,3.82,0.15,121.25,3.5
CMP-00691,2024-03-23,Google Ads,Lead Generation,Education,Latin America,47688.06,18333831,634350,13971,6707559.55,3.46,0.08,140.65,3.41
CMP-00692,2022-08-21,YouTube,Lead Generation,Retail,Latin America,20530.34,5336485,38422,3598,1729482.65,0.72,0.53,84.24,5.71
CMP-00693,2023-06-02,Instagram,Engagement,Travel,Latin America,39312.24,15306368,538784,25960,7534537.47,3.52,0.07,191.66,1.51
CMP-00694,2022-11-08,Instagram,Conversion,Finance,Asia Pacific,15353.4,4502372,270592,4068,1693921.7,6.01,0.06,110.33,3.77
CMP-00695,2022-01-29,Facebook,Lead Generation,Finance,North America,49559.99,9123996,149633,17053,5973594.6,1.64,0.33,120.53,2.91
CMP-00696,2023-08-28,LinkedIn,Retargeting,Healthcare,North America,41291.99,17990368,523519,10424,883536.07,2.91,0.08,21.4,3.96
CMP-00697,2022-03-10,YouTube,Conversion,Retail,Europe,5232.66,1081198,58168,4325,350622.78,5.38,0.09,67.01,1.21
CMP-00698,2024-04-07,Google Ads,Conversion,Education,Middle East,5791.15,1805548,42430,2412,1009271.07,2.35,0.14,174.28,2.4
CMP-00699,2023-01-28,Facebook,Brand Awareness,Food & Beverage,Europe,34215.37,16295109,1150434,44218,15334528.22,7.06,0.03,448.18,0.77
CMP-00700,2022-10-05,Facebook,Brand Awareness,Healthcare,North America,41158.55,10148929,771318,58120,18492758.87,7.6,0.05,449.31,0.71
CMP-00701,2023-07-31,Facebook,Conversion,Retail,Asia Pacific,10885.42,987855,20448,669,279737.44,2.07,0.53,25.7,16.27
CMP-00702,2022-07-27,Twitter,Retargeting,Healthcare,Middle East,12326.44,1766029,87065,9998,3458319.28,4.93,0.14,280.56,1.23
CMP-00703,2023-07-16,Email,Retargeting,Retail,Middle East,21140.75,5769845,411389,5340,1924277.4,7.13,0.05,91.02,3.96
CMP-00704,2022-09-24,TikTok,Brand Awareness,Retail,North America,43242.32,14643523,752677,43696,19236993.06,5.14,0.06,444.86,0.99
CMP-00705,2022-07-09,TikTok,Retargeting,Tech,North America,44455.21,17709939,478168,36993,13600384.31,2.7,0.09,305.93,1.2
CMP-00706,2023-07-07,LinkedIn,Brand Awareness,Retail,North America,34597.61,13936559,972771,91836,30057933.55,6.98,0.04,868.79,0.38
CMP-00707,2022-11-10,TikTok,Conversion,Tech,North America,12508.17,3394052,236226,3280,169357.5,6.96,0.05,13.54,3.81
CMP-00708,2023-09-11,LinkedIn,Brand Awareness,Healthcare,Asia Pacific,48378.43,18911606,136163,10242,4334882.95,0.72,0.36,89.6,4.72
CMP-00709,2023-02-04,TikTok,Brand Awareness,Retail,Middle East,3835.1,1397466,22918,1084,62122.06,1.64,0.17,16.2,3.54
CMP-00710,2023-06-12,Google Ads,Conversion,Food & Beverage,Europe,28071.32,11396869,627967,44895,19033941.21,5.51,0.04,678.06,0.63
CMP-00711,2023-10-07,Google Ads,Engagement,Healthcare,Middle East,48659.32,14412445,1031931,120670,6535872.22,7.16,0.05,134.32,0.4
CMP-00712,2022-01-25,Facebook,Lead Generation,Finance,Europe,26067.82,4807587,367780,9695,4285308.38,7.65,0.07,164.39,2.69
CMP-00713,2022-11-27,LinkedIn,Retargeting,Retail,Middle East,5520.93,1871359,10666,934,142093.73,0.57,0.52,25.74,5.91
CMP-00714,2022-11-16,TikTok,Lead Generation,Travel,Middle East,6826.39,2410588,155482,10744,3432105.47,6.45,0.04,502.77,0.64
CMP-00715,2023-07-21,Email,Retargeting,Food & Beverage,Middle East,7660.86,1222915,74353,8810,367789.17,6.08,0.1,48.01,0.87
CMP-00716,2023-03-15,Facebook,Conversion,Travel,North America,3957.72,525995,27825,177,67134.91,5.29,0.14,16.96,22.36
CMP-00717,2024-03-21,Twitter,Retargeting,Education,Europe,33606.96,5689088,34703,2761,145735.74,0.61,0.97,4.34,12.17
CMP-00718,2023-02-02,TikTok,Brand Awareness,Food & Beverage,Latin America,36474.28,7029921,201758,9430,4565569.67,2.87,0.18,125.17,3.87
CMP-00719,2024-01-22,Instagram,Lead Generation,Education,Asia Pacific,40870.89,11253775,402885,28771,12844919.97,3.58,0.1,314.28,1.42
CMP-00720,2024-03-10,Email,Brand Awareness,Travel,Asia Pacific,29026.87,1962675,84198,3678,296472.65,4.29,0.34,10.21,7.89
CMP-00721,2023-03-01,Email,Lead Generation,Tech,Middle East,22227.69,10840326,434697,26999,12708374.03,4.01,0.05,571.74,0.82
CMP-00722,2023-06-09,YouTube,Brand Awareness,Finance,Europe,31756.2,15700353,304586,27717,8195839.19,1.94,0.1,258.09,1.15
CMP-00723,2022-09-01,Email,Lead Generation,Retail,Europe,48816.15,18899977,979018,74534,20152367.08,5.18,0.05,412.82,0.65
CMP-00724,2022-06-12,Facebook,Conversion,Retail,Middle East,36996.54,3962550,262320,28215,4375847.64,6.62,0.14,118.28,1.31
CMP-00725,2023-10-02,Facebook,Brand Awareness,Tech,North America,2613.11,1111238,27336,1477,453344.33,2.46,0.1,173.49,1.77
CMP-00726,2022-02-11,Facebook,Brand Awareness,Food & Beverage,Middle East,19403.58,6929945,354813,11842,5191436.19,5.12,0.05,267.55,1.64
CMP-00727,2022-11-23,TikTok,Lead Generation,Education,Latin America,7008.93,3200170,28161,852,82165.72,0.88,0.25,11.72,8.23
CMP-00728,2023-02-03,Facebook,Engagement,Travel,Europe,20684.02,5139310,283175,28124,1337744.39,5.51,0.07,64.68,0.74
CMP-00729,2022-10-26,Instagram,Conversion,Finance,Middle East,4297.34,339360,13302,331,58405.88,3.92,0.32,13.59,12.98
CMP-00730,2022-08-26,Twitter,Brand Awareness,Food & Beverage,Asia Pacific,40406.44,5302325,130967,14252,6620579.22,2.47,0.31,163.85,2.84
CMP-00731,2023-08-14,YouTube,Engagement,Travel,Middle East,38886.29,3255320,64780,1095,339106.17,1.99,0.6,8.72,35.51
CMP-00732,2022-12-19,YouTube,Lead Generation,Tech,Asia Pacific,49661.42,20046489,1433323,72113,15254007.87,7.15,0.03,307.16,0.69
CMP-00733,2023-03-07,LinkedIn,Lead Generation,Tech,Middle East,45568.15,9160951,449802,30218,14155422.99,4.91,0.1,310.64,1.51
CMP-00734,2024-02-07,Facebook,Brand Awareness,Travel,Asia Pacific,24289.56,2568593,103771,11851,5194332.04,4.04,0.23,213.85,2.05
CMP-00735,2022-06-16,LinkedIn,Lead Generation,Finance,Middle East,33623.72,3409118,170455,7090,2462708.1,5.0,0.2,73.24,4.74
CMP-00736,2023-12-03,Google Ads,Lead Generation,Food & Beverage,North America,30465.46,1975680,124467,5355,2257407.23,6.3,0.24,74.1,5.69
CMP-00737,2024-02-03,Google Ads,Lead Generation,Travel,North America,41968.1,9928379,648323,49575,2520026.62,6.53,0.06,60.05,0.85
CMP-00738,2022-03-15,Email,Engagement,Tech,Asia Pacific,35324.84,16607233,677575,73075,5677116.91,4.08,0.05,160.71,0.48
CMP-00739,2022-04-28,Twitter,Engagement,Education,North America,35474.39,13341873,325541,16857,5699762.91,2.44,0.11,160.67,2.1
CMP-00740,2023-09-26,Instagram,Conversion,Finance,Europe,19916.13,7047256,57787,6040,2070560.59,0.82,0.34,103.96,3.3
CMP-00741,2023-08-30,Google Ads,Engagement,Travel,Europe,31882.56,12102979,436917,37427,4767811.11,3.61,0.07,149.54,0.85
CMP-00742,2023-03-08,Email,Conversion,Food & Beverage,Asia Pacific,23179.55,8718791,685296,6856,802435.67,7.86,0.03,34.62,3.38
CMP-00743,2022-05-15,Email,Brand Awareness,Food & Beverage,Latin America,16503.46,6059675,180578,2869,1393559.36,2.98,0.09,84.44,5.75
CMP-00744,2024-02-28,Google Ads,Brand Awareness,Finance,Latin America,41398.36,11400426,140225,9510,2489570.73,1.23,0.3,60.14,4.35
CMP-00745,2023-10-27,LinkedIn,Brand Awareness,Retail,North America,46911.29,13856370,978259,72772,21956339.69,7.06,0.05,468.04,0.64
CMP-00746,2024-02-09,Instagram,Retargeting,Healthcare,Latin America,48976.19,16106925,747361,70865,11610299.51,4.64,0.07,237.06,0.69
CMP-00747,2023-05-25,Google Ads,Engagement,Travel,Europe,30557.16,2164068,13633,1171,437141.81,0.63,2.24,14.31,26.09
CMP-00748,2024-03-21,Email,Conversion,Education,Europe,29174.74,2615954,131320,8883,603925.06,5.02,0.22,20.7,3.28
CMP-00749,2022-08-27,YouTube,Conversion,Retail,North America,14942.14,2096175,131849,1268,202553.73,6.29,0.11,13.56,11.78
CMP-00750,2023-11-07,YouTube,Brand Awareness,Travel,North America,10464.15,4870624,209436,15647,688023.76,4.3,0.05,65.75,0.67
CMP-00751,2024-04-14,Email,Conversion,Education,North America,17009.35,3170405,166763,10764,331265.71,5.26,0.1,19.48,1.58
CMP-00752,2022-04-29,Instagram,Lead Generation,Healthcare,North America,12252.36,3344695,242490,22307,7205320.14,7.25,0.05,588.08,0.55
CMP-00753,2023-10-05,LinkedIn,Retargeting,Education,Asia Pacific,18015.67,2258210,20549,1198,530141.95,0.91,0.88,29.43,15.04
CMP-00754,2022-04-29,Instagram,Brand Awareness,Tech,Asia Pacific,12863.13,2388704,36786,3458,731073.71,1.54,0.35,56.83,3.72
CMP-00755,2023-02-21,TikTok,Engagement,Food & Beverage,Europe,41384.28,18205566,657220,73362,5146479.18,3.61,0.06,124.36,0.56
CMP-00756,2022-10-07,Instagram,Retargeting,Education,Europe,32078.66,6504622,330434,24764,3236857.1,5.08,0.1,100.9,1.3
CMP-00757,2022-11-02,Facebook,Retargeting,Retail,Latin America,41175.24,19117211,1254089,53959,19451560.09,6.56,0.03,472.41,0.76
CMP-00758,2022-07-26,LinkedIn,Brand Awareness,Travel,Europe,10211.81,2700062,126902,11075,720626.66,4.7,0.08,70.57,0.92
CMP-00759,2023-02-10,Google Ads,Conversion,Food & Beverage,Europe,908.24,264381,14620,75,2773.25,5.53,0.06,3.05,12.11
CMP-00760,2023-11-05,YouTube,Engagement,Finance,Middle East,15209.49,850147,47098,5365,486429.4,5.54,0.32,31.98,2.83
CMP-00761,2023-05-05,YouTube,Lead Generation,Education,Latin America,12789.89,5260752,196752,5516,1569478.02,3.74,0.07,122.71,2.32
CMP-00762,2023-12-01,LinkedIn,Brand Awareness,Healthcare,Asia Pacific,49742.65,15364724,342633,16608,5226679.94,2.23,0.15,105.07,3.0
CMP-00763,2023-07-09,Facebook,Lead Generation,Education,North America,45838.89,9208626,488057,9614,2981879.83,5.3,0.09,65.05,4.77
CMP-00764,2022-06-19,YouTube,Conversion,Retail,Asia Pacific,31405.18,13402992,747886,77668,23330623.09,5.58,0.04,742.89,0.4
CMP-00765,2022-06-06,YouTube,Engagement,Food & Beverage,Latin America,10035.97,2950579,29505,3476,368362.1,1.0,0.34,36.7,2.89
CMP-00766,2022-09-01,Google Ads,Retargeting,Retail,Middle East,36879.69,18007075,1166858,106933,47559893.0,6.48,0.03,1289.6,0.34
CMP-00767,2022-10-05,Email,Brand Awareness,Travel,Middle East,18936.44,2408072,94396,10320,4535601.02,3.92,0.2,239.52,1.83
CMP-00768,2022-03-06,Facebook,Engagement,Finance,Asia Pacific,1837.59,521469,6831,668,125074.49,1.31,0.27,68.06,2.75
CMP-00769,2024-02-10,Email,Engagement,Food & Beverage,Middle East,9699.6,1165327,29482,1772,778517.57,2.53,0.33,80.26,5.47
CMP-00770,2023-08-25,LinkedIn,Lead Generation,Tech,Asia Pacific,45740.23,19310060,125515,8233,3794305.67,0.65,0.36,82.95,5.56
CMP-00771,2022-03-04,TikTok,Engagement,Tech,Asia Pacific,35296.55,3571506,211076,3057,1000100.97,5.91,0.17,28.33,11.55
CMP-00772,2023-12-04,Twitter,Brand Awareness,Finance,Middle East,1092.49,238375,14469,845,242476.15,6.07,0.08,221.95,1.29
CMP-00773,2024-05-19,TikTok,Conversion,Travel,North America,22060.23,3536862,226359,9015,1636449.13,6.4,0.1,74.18,2.45
CMP-00774,2022-04-10,Facebook,Lead Generation,Education,Asia Pacific,9680.11,4220054,75960,5881,1896324.91,1.8,0.13,195.9,1.65
CMP-00775,2022-10-29,Instagram,Conversion,Food & Beverage,North America,20286.31,9180938,499443,39384,8231488.61,5.44,0.04,405.77,0.52
CMP-00776,2023-10-17,Twitter,Retargeting,Tech,Asia Pacific,41171.2,8320849,503411,57198,23877996.95,6.05,0.08,579.97,0.72
CMP-00777,2022-08-15,Instagram,Retargeting,Finance,Middle East,37105.8,17673762,927872,64052,29587373.99,5.25,0.04,797.38,0.58
CMP-00778,2023-12-02,YouTube,Engagement,Finance,Europe,19128.47,8073375,368145,21147,8392223.46,4.56,0.05,438.73,0.9
CMP-00779,2023-04-10,Google Ads,Lead Generation,Food & Beverage,Latin America,36095.63,17377755,604745,60783,22580712.52,3.48,0.06,625.58,0.59
CMP-00780,2022-10-01,TikTok,Engagement,Retail,Middle East,12439.78,2909846,153639,3108,355284.6,5.28,0.08,28.56,4.0
CMP-00781,2024-06-08,TikTok,Brand Awareness,Travel,North America,42275.1,16321076,478207,20071,5358751.98,2.93,0.09,126.76,2.11
CMP-00782,2023-03-01,LinkedIn,Lead Generation,Food & Beverage,North America,49003.69,14246869,472996,38989,4004026.86,3.32,0.1,81.71,1.26
CMP-00783,2023-12-19,Instagram,Retargeting,Finance,North America,47779.19,22483923,1340041,99720,9080156.96,5.96,0.04,190.04,0.48
CMP-00784,2022-03-20,Google Ads,Lead Generation,Healthcare,Asia Pacific,8907.97,2345090,72932,4735,1938401.27,3.11,0.12,217.6,1.88
CMP-00785,2024-01-24,Google Ads,Brand Awareness,Healthcare,North America,7624.46,2444523,117337,3750,1432302.98,4.8,0.06,187.86,2.03
CMP-00786,2023-03-06,Facebook,Lead Generation,Finance,Middle East,44474.99,20876506,895602,74613,36091843.09,4.29,0.05,811.51,0.6
CMP-00787,2022-03-17,Google Ads,Conversion,Travel,Asia Pacific,30073.76,8183716,207866,2844,998292.52,2.54,0.14,33.19,10.57
CMP-00788,2023-05-06,LinkedIn,Retargeting,Retail,North America,47575.06,6762114,125775,9853,1266664.72,1.86,0.38,26.62,4.83
CMP-00789,2023-02-08,Instagram,Retargeting,Healthcare,Latin America,6982.76,973068,50210,811,156320.09,5.16,0.14,22.39,8.61
CMP-00790,2023-04-03,LinkedIn,Engagement,Travel,North America,6578.1,2290038,120914,3722,948114.75,5.28,0.05,144.13,1.77
CMP-00791,2023-11-22,Twitter,Retargeting,Finance,Middle East,41954.07,11158640,248837,12509,4916988.25,2.23,0.17,117.2,3.35
CMP-00792,2023-02-20,Google Ads,Retargeting,Travel,Latin America,40992.7,4284049,267753,12738,3159222.07,6.25,0.15,77.07,3.22
CMP-00793,2023-09-23,Twitter,Engagement,Healthcare,Middle East,40374.3,3456214,102649,5580,1910974.99,2.97,0.39,47.33,7.24
CMP-00794,2023-10-10,YouTube,Lead Generation,Education,Asia Pacific,20336.06,7343514,87387,7409,3215274.51,1.19,0.23,158.11,2.74
CMP-00795,2023-08-18,Email,Lead Generation,Travel,Europe,28613.57,10916854,653919,26649,3264893.45,5.99,0.04,114.1,1.07
CMP-00796,2023-05-21,Instagram,Retargeting,Tech,Latin America,45883.78,4650740,335318,32608,2107390.58,7.21,0.14,45.93,1.41
CMP-00797,2022-06-02,Google Ads,Engagement,Education,Asia Pacific,24833.66,7980464,442117,14505,7105898.13,5.54,0.06,286.14,1.71
CMP-00798,2022-07-30,YouTube,Engagement,Retail,Latin America,2793.66,984719,38404,2976,1353722.27,3.9,0.07,484.57,0.94
CMP-00799,2023-03-22,Instagram,Engagement,Travel,Europe,15953.86,4097141,285161,4100,393484.14,6.96,0.06,24.66,3.89
CMP-00800,2024-03-03,Email,Engagement,Healthcare,North America,13294.17,5406398,246531,27599,4461116.05,4.56,0.05,335.57,0.48
CMP-00801,2024-02-16,Twitter,Lead Generation,Finance,Middle East,38523.24,10787848,667767,77450,2840379.84,6.19,0.06,73.73,0.5
CMP-00802,2024-01-15,TikTok,Brand Awareness,Healthcare,Asia Pacific,21679.25,1930390,129529,7499,1013400.04,6.71,0.17,46.75,2.89
CMP-00803,2022-03-26,YouTube,Retargeting,Tech,Latin America,15056.53,6271989,383845,35518,17203399.57,6.12,0.04,1142.59,0.42
CMP-00804,2023-01-17,Instagram,Lead Generation,Education,Middle East,41712.58,17578005,759369,37116,11280508.58,4.32,0.05,270.43,1.12
CMP-00805,2023-02-10,Instagram,Engagement,Healthcare,North America,40336.0,13526364,623565,63947,3966266.78,4.61,0.06,98.33,0.63
CMP-00806,2024-02-02,Facebook,Engagement,Tech,Asia Pacific,2096.24,287780,21410,1862,441424.28,7.44,0.1,210.58,1.13
CMP-00807,2022-06-28,Google Ads,Retargeting,Retail,Middle East,22698.66,3758729,134938,12399,1592932.71,3.59,0.17,70.18,1.83
CMP-00808,2023-01-13,Google Ads,Engagement,Tech,Middle East,9617.67,3949174,232211,26407,4136776.76,5.88,0.04,430.12,0.36
CMP-00809,2023-10-10,TikTok,Brand Awareness,Food & Beverage,Latin America,4294.26,1834046,133151,9741,4749882.87,7.26,0.03,1106.1,0.44
CMP-00810,2023-09-15,Twitter,Engagement,Healthcare,North America,33304.28,15804359,714357,76290,30835777.33,4.52,0.05,925.88,0.44
CMP-00811,2023-04-17,Google Ads,Lead Generation,Finance,Latin America,6566.15,2855020,88220,9098,3016757.13,3.09,0.07,459.44,0.72
CMP-00812,2024-03-02,TikTok,Retargeting,Finance,Latin America,8245.19,1494037,49751,4387,1716896.85,3.33,0.17,208.23,1.88
CMP-00813,2022-02-14,Instagram,Engagement,Food & Beverage,Latin America,43377.45,14222843,841992,55252,21814023.56,5.92,0.05,502.89,0.79
CMP-00814,2022-04-07,Email,Conversion,Travel,Asia Pacific,30840.05,10604925,357385,26564,10040534.95,3.37,0.09,325.57,1.16
CMP-00815,2022-01-22,Instagram,Lead Generation,Tech,Middle East,49264.72,8451597,341444,25877,2062167.41,4.04,0.14,41.86,1.9
CMP-00816,2022-08-10,Email,Conversion,Tech,Middle East,32699.62,4322088,162078,4116,306205.07,3.75,0.2,9.36,7.94
CMP-00817,2023-07-03,Google Ads,Brand Awareness,Tech,North America,49361.57,19391990,201676,12912,4492097.99,1.04,0.24,91.0,3.82
CMP-00818,2022-01-28,LinkedIn,Conversion,Education,Asia Pacific,42494.17,6164720,433996,8867,1013817.45,7.04,0.1,23.86,4.79
CMP-00819,2022-09-19,TikTok,Conversion,Travel,Latin America,34695.71,7932416,64252,507,36993.66,0.81,0.54,1.07,68.43
CMP-00820,2022-06-20,LinkedIn,Brand Awareness,Travel,North America,1218.99,576155,28462,3397,488003.1,4.94,0.04,400.33,0.36
CMP-00821,2022-06-28,Email,Engagement,Travel,North America,17344.73,7507360,286030,6267,2991114.23,3.81,0.06,172.45,2.77
CMP-00822,2022-12-04,YouTube,Engagement,Retail,Middle East,15580.32,7081271,56650,6653,2120078.89,0.8,0.28,136.07,2.34
CMP-00823,2023-10-16,Email,Engagement,Healthcare,Asia Pacific,24766.76,1565755,43214,3158,1408392.08,2.76,0.57,56.87,7.84
CMP-00824,2022-12-26,Email,Engagement,Healthcare,Middle East,29957.68,10515631,202951,18390,2127212.62,1.93,0.15,71.01,1.63
CMP-00825,2024-04-06,Email,Engagement,Retail,Latin America,2406.02,197644,9309,288,139326.96,4.71,0.26,57.91,8.35
CMP-00826,2022-12-19,Twitter,Brand Awareness,Finance,Europe,2546.77,851967,19254,998,464927.71,2.26,0.13,182.56,2.55
CMP-00827,2023-07-16,Instagram,Conversion,Travel,Latin America,5280.7,1545497,69392,4514,518693.39,4.49,0.08,98.22,1.17
CMP-00828,2022-12-29,YouTube,Retargeting,Finance,Europe,10685.57,4316141,164444,2700,898010.75,3.81,0.06,84.04,3.96
CMP-00829,2023-08-29,YouTube,Engagement,Healthcare,North America,28689.82,4748863,295379,33151,5859663.92,6.22,0.1,204.24,0.87
CMP-00830,2022-03-16,Twitter,Conversion,Retail,North America,30714.46,3299320,67306,4697,206259.22,2.04,0.46,6.72,6.54
CMP-00831,2022-01-26,Facebook,Retargeting,Food & Beverage,Asia Pacific,4737.32,1025241,78533,782,173960.0,7.66,0.06,36.72,6.06
CMP-00832,2023-04-11,Email,Lead Generation,Education,Europe,42281.69,12368912,153374,7530,3244532.85,1.24,0.28,76.74,5.62
CMP-00833,2023-06-15,LinkedIn,Lead Generation,Travel,Europe,27484.45,12206006,936200,101956,36393340.81,7.67,0.03,1324.14,0.27
CMP-00834,2022-12-19,Twitter,Engagement,Finance,Middle East,36998.48,15133740,965532,20482,7840247.47,6.38,0.04,211.91,1.81
CMP-00835,2023-11-10,LinkedIn,Lead Generation,Tech,Middle East,12165.95,2390236,124292,10076,718748.72,5.2,0.1,59.08,1.21
CMP-00836,2023-10-08,Email,Engagement,Travel,Asia Pacific,32448.91,9257840,157383,16884,3624276.76,1.7,0.21,111.69,1.92
CMP-00837,2023-10-09,Email,Retargeting,Retail,Latin America,41835.09,4111112,266400,6451,1363652.32,6.48,0.16,32.6,6.49
CMP-00838,2022-08-02,YouTube,Retargeting,Travel,North America,21293.87,3468394,139776,15342,2898731.31,4.03,0.15,136.13,1.39
CMP-00839,2023-02-01,YouTube,Brand Awareness,Travel,Europe,14637.45,4306029,24974,2912,145846.14,0.58,0.59,9.96,5.03
CMP-00840,2023-11-15,Email,Conversion,Education,North America,6924.96,1800113,111787,11706,818251.81,6.21,0.06,118.16,0.59
CMP-00841,2023-06-10,LinkedIn,Brand Awareness,Food & Beverage,Europe,1959.75,945786,48140,1153,37287.25,5.09,0.04,19.03,1.7
CMP-00842,2022-07-29,Google Ads,Conversion,Retail,North America,2669.84,338875,7421,415,72683.56,2.19,0.36,27.22,6.43
CMP-00843,2023-03-12,Twitter,Conversion,Healthcare,North America,48077.05,14245197,169517,10305,4433529.48,1.19,0.28,92.22,4.67
CMP-00844,2023-09-26,Instagram,Lead Generation,Healthcare,North America,18677.35,3316896,233177,4778,2344447.65,7.03,0.08,125.52,3.91
CMP-00845,2024-05-07,LinkedIn,Brand Awareness,Travel,Middle East,21868.99,8620465,362059,24404,11813837.27,4.2,0.06,540.21,0.9
CMP-00846,2023-12-11,Email,Retargeting,Retail,Asia Pacific,11206.96,5381593,358414,18925,1170889.39,6.66,0.03,104.48,0.59
CMP-00847,2024-06-14,Twitter,Lead Generation,Retail,Europe,10025.92,3796050,78578,5107,575266.97,2.07,0.13,57.38,1.96
CMP-00848,2022-11-08,Instagram,Brand Awareness,Healthcare,Asia Pacific,26639.98,3800322,41423,1746,612808.57,1.09,0.64,23.0,15.26
CMP-00849,2023-09-24,Instagram,Conversion,Travel,Middle East,23449.79,9607695,593755,58669,27267742.43,6.18,0.04,1162.81,0.4
CMP-00850,2024-04-28,YouTube,Conversion,Education,Middle East,44601.9,14066992,856679,13954,815139.67,6.09,0.05,18.28,3.2
CMP-00851,2024-03-07,TikTok,Retargeting,Finance,Latin America,10668.84,781893,41518,1640,712997.28,5.31,0.26,66.83,6.51
CMP-00852,2022-06-01,Facebook,Lead Generation,Education,Europe,34100.09,12560360,305216,35018,1121565.91,2.43,0.11,32.89,0.97
CMP-00853,2024-04-20,LinkedIn,Retargeting,Tech,Asia Pacific,7443.13,2269909,98287,8965,4363296.41,4.33,0.08,586.22,0.83
CMP-00854,2023-02-05,LinkedIn,Conversion,Retail,Europe,40010.97,18980724,277118,30139,14412797.62,1.46,0.14,360.22,1.33
CMP-00855,2023-05-20,Instagram,Engagement,Tech,Middle East,10644.11,1845460,11257,806,356539.31,0.61,0.95,33.5,13.21
CMP-00856,2022-12-08,Instagram,Engagement,Travel,North America,543.26,208664,9243,222,42076.91,4.43,0.06,77.45,2.45
CMP-00857,2023-01-08,LinkedIn,Retargeting,Healthcare,Asia Pacific,22372.82,2672769,22985,1457,358470.09,0.86,0.97,16.02,15.36
CMP-00858,2024-05-04,LinkedIn,Lead Generation,Food & Beverage,North America,13736.17,1443442,41138,614,162912.22,2.85,0.33,11.86,22.37
CMP-00859,2024-06-12,Facebook,Conversion,Education,Asia Pacific,6863.91,1069946,59595,1248,614294.4,5.57,0.12,89.5,5.5
CMP-00860,2023-03-21,LinkedIn,Retargeting,Education,North America,44354.35,18318723,1009361,49895,11532276.21,5.51,0.04,260.0,0.89
CMP-00861,2022-12-23,Facebook,Retargeting,Education,Europe,35120.09,17252630,1031707,73985,6859121.99,5.98,0.03,195.3,0.47
CMP-00862,2024-04-06,Twitter,Retargeting,Travel,Asia Pacific,6069.45,2113725,56225,500,28487.2,2.66,0.11,4.69,12.14
CMP-00863,2022-09-05,Facebook,Engagement,Tech,Europe,21873.09,5795779,387737,15353,7403249.18,6.69,0.06,338.46,1.42
CMP-00864,2023-01-25,Google Ads,Retargeting,Tech,Middle East,47589.96,17610452,612843,14094,2102132.42,3.48,0.08,44.17,3.38
CMP-00865,2022-01-04,Facebook,Lead Generation,Education,Middle East,13285.52,717462,35012,1809,288870.5,4.88,0.38,21.74,7.34
CMP-00866,2023-12-19,Google Ads,Conversion,Tech,Europe,47520.95,16285679,281742,2050,799051.57,1.73,0.17,16.81,23.18
CMP-00867,2022-02-13,Twitter,Conversion,Travel,Europe,12313.69,6038695,415462,26891,9413309.52,6.88,0.03,764.46,0.46
CMP-00868,2022-05-23,Instagram,Engagement,Tech,North America,14223.31,5202019,111843,9590,487025.4,2.15,0.13,34.24,1.48
CMP-00869,2022-10-02,Email,Lead Generation,Healthcare,North America,16367.52,1128815,9933,842,272309.67,0.88,1.65,16.64,19.44
CMP-00870,2022-10-09,Instagram,Conversion,Travel,Europe,3422.6,1225896,10787,806,296343.25,0.88,0.32,86.58,4.25
CMP-00871,2023-01-02,TikTok,Lead Generation,Finance,Asia Pacific,37680.37,10411111,597597,25714,10921287.52,5.74,0.06,289.84,1.47
CMP-00872,2023-07-08,TikTok,Retargeting,Finance,Middle East,11549.91,2083265,153119,15166,5820545.8,7.35,0.08,503.95,0.76
CMP-00873,2023-06-28,Google Ads,Lead Generation,Healthcare,Middle East,28455.29,3542848,228513,2372,551612.44,6.45,0.12,19.39,12.0
CMP-00874,2022-04-30,LinkedIn,Brand Awareness,Retail,Middle East,37539.06,5748159,417891,33734,10525981.95,7.27,0.09,280.4,1.11
CMP-00875,2024-05-03,Email,Conversion,Retail,Middle East,3470.75,201206,16036,1374,356306.28,7.97,0.22,102.66,2.53
CMP-00876,2023-02-02,Google Ads,Conversion,Retail,Asia Pacific,10034.36,2460360,186003,2167,318935.75,7.56,0.05,31.78,4.63
CMP-00877,2023-02-22,Facebook,Lead Generation,Education,North America,24477.67,2336846,108897,12631,4378351.72,4.66,0.22,178.87,1.94
CMP-00878,2023-05-31,LinkedIn,Conversion,Healthcare,Middle East,49700.8,19182326,1444429,108842,9415192.9,7.53,0.03,189.44,0.46
CMP-00879,2024-04-21,LinkedIn,Retargeting,Food & Beverage,North America,30225.3,11241209,249554,24659,11177437.36,2.22,0.12,369.8,1.23
CMP-00880,2022-01-23,Google Ads,Conversion,Food & Beverage,Middle East,41933.69,13628131,444277,48741,11651966.32,3.26,0.09,277.87,0.86
CMP-00881,2022-07-24,Google Ads,Retargeting,Finance,Latin America,44609.61,14035600,474403,40670,2931950.6,3.38,0.09,65.72,1.1
CMP-00882,2022-07-25,Twitter,Lead Generation,Tech,Latin America,9734.89,2337956,142381,11185,4843134.58,6.09,0.07,497.5,0.87
CMP-00883,2023-04-17,YouTube,Conversion,Tech,North America,8513.46,1366758,60547,5400,695887.32,4.43,0.14,81.74,1.58
CMP-00884,2022-10-09,YouTube,Retargeting,Tech,Latin America,46884.13,3399552,29236,2553,236349.14,0.86,1.6,5.04,18.36
CMP-00885,2022-09-01,Email,Engagement,Healthcare,North America,6239.0,2737529,169726,17292,5923980.04,6.2,0.04,949.51,0.36
CMP-00886,2024-04-16,Email,Lead Generation,Tech,Middle East,38523.43,7439683,559464,38110,15882669.5,7.52,0.07,412.29,1.01
CMP-00887,2023-09-09,YouTube,Conversion,Travel,Europe,45424.61,2506914,126348,3572,281645.82,5.04,0.36,6.2,12.72
CMP-00888,2022-11-22,Email,Lead Generation,Retail,Asia Pacific,19745.2,5275240,328647,18776,839252.57,6.23,0.06,42.5,1.05
CMP-00889,2023-09-10,Google Ads,Retargeting,Education,Middle East,7888.39,3037356,36752,2824,1085398.02,1.21,0.21,137.59,2.79
CMP-00890,2022-03-04,TikTok,Brand Awareness,Healthcare,Latin America,42226.97,13612805,925670,4783,1395523.17,6.8,0.05,33.05,8.83
CMP-00891,2023-07-01,Twitter,Engagement,Retail,Latin America,8640.19,2634559,165713,13063,3799394.45,6.29,0.05,439.74,0.66
CMP-00892,2023-01-30,LinkedIn,Engagement,Finance,Asia Pacific,18799.37,8787796,634478,54190,10474523.7,7.22,0.03,557.17,0.35
CMP-00893,2022-06-27,Google Ads,Lead Generation,Food & Beverage,Middle East,1497.33,438655,27328,3228,500846.68,6.23,0.05,334.49,0.46
CMP-00894,2022-10-19,Google Ads,Lead Generation,Tech,Asia Pacific,42763.38,12355129,641231,74133,20295299.07,5.19,0.07,474.6,0.58
CMP-00895,2023-03-08,Google Ads,Engagement,Food & Beverage,Middle East,25429.6,3783047,188774,20869,3085604.17,4.99,0.13,121.34,1.22
CMP-00896,2023-11-16,LinkedIn,Engagement,Food & Beverage,North America,8932.17,4025929,159426,16032,5047839.85,3.96,0.06,565.13,0.56
CMP-00897,2023-07-09,Twitter,Engagement,Finance,North America,49696.42,21332837,1452766,67242,8519227.43,6.81,0.03,171.43,0.74
CMP-00898,2023-07-26,Twitter,Lead Generation,Retail,Middle East,9525.62,2851916,66164,5376,1654475.48,2.32,0.14,173.69,1.77
CMP-00899,2024-03-09,Facebook,Retargeting,Tech,Middle East,38343.31,13550375,1025763,78159,21216213.48,7.57,0.04,553.32,0.49
CMP-00900,2023-12-11,YouTube,Engagement,Healthcare,Asia Pacific,17263.62,1080611,59109,2304,119662.6,5.47,0.29,6.93,7.49
CMP-00901,2022-10-13,Twitter,Engagement,Tech,Latin America,30085.42,9176025,275280,21689,10616583.09,3.0,0.11,352.88,1.39
CMP-00902,2024-01-25,LinkedIn,Brand Awareness,Finance,North America,43383.41,6796420,258943,2780,429130.17,3.81,0.17,9.89,15.61
CMP-00903,2023-10-29,Instagram,Engagement,Retail,Latin America,24821.28,2707504,180590,20561,6998634.92,6.67,0.14,281.96,1.21
CMP-00904,2022-10-04,Twitter,Engagement,Food & Beverage,Latin America,27251.84,7733658,210355,12486,1665759.34,2.72,0.13,61.12,2.18
CMP-00905,2022-01-13,LinkedIn,Retargeting,Tech,Europe,23668.4,5758401,293102,5896,579179.55,5.09,0.08,24.47,4.01
CMP-00906,2023-02-14,Google Ads,Conversion,Food & Beverage,Middle East,47020.05,19136675,139697,4942,908384.2,0.73,0.34,19.32,9.51
CMP-00907,2023-08-24,TikTok,Conversion,Retail,Latin America,18407.59,7131194,180419,18497,865628.18,2.53,0.1,47.03,1.0
CMP-00908,2024-06-08,Instagram,Conversion,Education,Latin America,40859.62,11342280,461630,49675,12124641.33,4.07,0.09,296.74,0.82
CMP-00909,2023-08-10,TikTok,Engagement,Travel,Europe,7510.56,3242946,219223,20741,4406470.72,6.76,0.03,586.7,0.36
CMP-00910,2023-09-16,Google Ads,Brand Awareness,Food & Beverage,Middle East,32550.64,5036553,270462,17127,7166331.26,5.37,0.12,220.16,1.9
CMP-00911,2022-07-20,Instagram,Retargeting,Education,Europe,31156.44,4512441,324895,36154,14352627.78,7.2,0.1,460.66,0.86
CMP-00912,2022-07-04,Twitter,Engagement,Finance,Latin America,45895.81,14382467,395517,41019,13855931.54,2.75,0.12,301.9,1.12
CMP-00913,2023-12-01,Facebook,Conversion,Tech,Europe,29748.46,11380584,353936,37263,16484959.53,3.11,0.08,554.14,0.8
CMP-00914,2022-01-27,LinkedIn,Conversion,Retail,Latin America,6674.07,2016593,147412,9099,1196950.02,7.31,0.05,179.34,0.73
CMP-00915,2023-05-20,LinkedIn,Engagement,Healthcare,Latin America,7123.95,1250025,78376,8798,2960981.05,6.27,0.09,415.64,0.81
CMP-00916,2023-12-04,TikTok,Lead Generation,Finance,Europe,32032.67,8706739,195030,2356,206414.73,2.24,0.16,6.44,13.6
CMP-00917,2024-03-22,LinkedIn,Retargeting,Tech,Asia Pacific,31573.66,9693464,257846,8820,2793595.15,2.66,0.12,88.48,3.58
CMP-00918,2022-02-03,TikTok,Lead Generation,Finance,Europe,36478.66,9014677,197421,2016,868562.3,2.19,0.18,23.81,18.09
CMP-00919,2023-01-25,TikTok,Retargeting,Tech,Latin America,40561.43,9917836,716067,84714,7859809.46,7.22,0.06,193.78,0.48
CMP-00920,2022-11-19,Twitter,Engagement,Travel,Europe,19575.03,4110908,228977,8513,1019931.86,5.57,0.09,52.1,2.3
CMP-00921,2022-08-06,Instagram,Conversion,Retail,Europe,25906.51,4556480,277945,27930,10537638.88,6.1,0.09,406.76,0.93
CMP-00922,2022-02-02,Twitter,Conversion,Education,Latin America,33261.59,8057195,446368,25686,3966427.79,5.54,0.07,119.25,1.29
CMP-00923,2023-07-31,TikTok,Lead Generation,Education,Asia Pacific,22771.89,4580259,223974,21282,9250742.75,4.89,0.1,406.24,1.07
CMP-00924,2023-10-07,Email,Lead Generation,Tech,North America,1135.45,277992,18931,1529,519613.46,6.81,0.06,457.63,0.74
CMP-00925,2022-07-05,YouTube,Lead Generation,Finance,Europe,16501.69,6658033,176437,11514,5156085.67,2.65,0.09,312.46,1.43
CMP-00926,2022-08-18,Facebook,Engagement,Food & Beverage,North America,47813.63,3301234,43246,2911,322912.6,1.31,1.11,6.75,16.43
CMP-00927,2022-12-05,LinkedIn,Brand Awareness,Food & Beverage,Europe,6507.79,2297833,175554,12045,3142077.44,7.64,0.04,482.82,0.54
CMP-00928,2023-04-16,Facebook,Engagement,Healthcare,Asia Pacific,35825.95,17065666,462479,46474,21590720.16,2.71,0.08,602.66,0.77
CMP-00929,2022-03-28,YouTube,Engagement,Finance,Asia Pacific,17399.15,1821978,31520,3570,1059880.9,1.73,0.55,60.92,4.87
CMP-00930,2022-05-22,Email,Conversion,Tech,Europe,21062.84,9158627,47624,5279,1541116.04,0.52,0.44,73.17,3.99
CMP-00931,2023-04-07,Email,Engagement,Finance,Latin America,6276.39,2228559,43679,3893,757432.29,1.96,0.14,120.68,1.61
CMP-00932,2022-02-11,Google Ads,Engagement,Travel,Latin America,8283.79,1254191,59699,6370,776939.62,4.76,0.14,93.79,1.3
CMP-00933,2022-08-18,Twitter,Retargeting,Healthcare,Europe,23277.18,8716710,112445,5838,1390900.81,1.29,0.21,59.75,3.99
CMP-00934,2024-06-13,Google Ads,Conversion,Finance,Latin America,31027.37,6520870,264747,21016,2166630.38,4.06,0.12,69.83,1.48
CMP-00935,2023-08-31,Email,Lead Generation,Healthcare,North America,29900.46,5842496,106333,6867,482482.13,1.82,0.28,16.14,4.35
CMP-00936,2023-03-28,Google Ads,Retargeting,Retail,Asia Pacific,658.55,218872,15824,1523,524601.03,7.23,0.04,796.6,0.43
CMP-00937,2022-11-06,TikTok,Conversion,Finance,Europe,33149.13,1710316,124339,9632,1859239.06,7.27,0.27,56.09,3.44
CMP-00938,2024-05-05,Facebook,Brand Awareness,Travel,Middle East,35115.46,9173715,594456,56806,3753874.84,6.48,0.06,106.9,0.62
CMP-00939,2022-11-24,Facebook,Conversion,Travel,Europe,47817.74,6092284,106005,3929,337429.02,1.74,0.45,7.06,12.17
CMP-00940,2024-05-04,Twitter,Engagement,Healthcare,Middle East,8396.49,2056859,115801,12868,1091400.44,5.63,0.07,129.98,0.65
CMP-00941,2023-10-06,Twitter,Conversion,Travel,Latin America,2418.89,1160832,35637,2906,301720.44,3.07,0.07,124.74,0.83
CMP-00942,2023-05-02,Facebook,Retargeting,Education,Asia Pacific,39759.2,4277684,321254,29595,2058781.23,7.51,0.12,51.78,1.34
CMP-00943,2022-01-02,LinkedIn,Conversion,Education,North America,23755.24,6291807,311444,14375,5863281.41,4.95,0.08,246.82,1.65
CMP-00944,2022-12-13,Email,Brand Awareness,Travel,Middle East,29779.64,8613920,216209,14424,1232819.46,2.51,0.14,41.4,2.06
CMP-00945,2022-04-21,Twitter,Engagement,Education,Latin America,15470.13,6342177,87522,9503,3172392.92,1.38,0.18,205.07,1.63
CMP-00946,2024-01-20,YouTube,Brand Awareness,Retail,Latin America,45309.5,9997324,593841,51027,2540287.02,5.94,0.08,56.07,0.89
CMP-00947,2022-07-11,Facebook,Retargeting,Finance,Asia Pacific,38537.4,6536841,443851,43068,4862693.74,6.79,0.09,126.18,0.89
CMP-00948,2022-08-06,TikTok,Retargeting,Finance,Middle East,35371.11,8371062,326471,8767,2284439.1,3.9,0.11,64.58,4.03
CMP-00949,2023-12-01,Facebook,Conversion,Education,Latin America,2334.26,718454,36856,2342,1035304.82,5.13,0.06,443.53,1.0
CMP-00950,2023-10-10,Google Ads,Brand Awareness,Finance,Asia Pacific,44989.32,3193502,185861,10464,4560902.85,5.82,0.24,101.38,4.3
CMP-00951,2023-09-18,Google Ads,Retargeting,Travel,Middle East,2502.04,1125746,59889,525,132921.64,5.32,0.04,53.13,4.77
CMP-00952,2024-01-16,LinkedIn,Conversion,Tech,North America,32762.83,5464099,45352,3181,1546404.28,0.83,0.72,47.2,10.3
CMP-00953,2022-10-01,Instagram,Engagement,Education,Latin America,1749.66,708574,13108,1225,246220.95,1.85,0.13,140.73,1.43
CMP-00954,2024-05-22,Instagram,Lead Generation,Finance,Middle East,14305.86,5095411,221140,26417,9301159.27,4.34,0.06,650.16,0.54
CMP-00955,2022-10-20,TikTok,Lead Generation,Finance,Europe,48140.29,15745327,1065958,28715,3763784.35,6.77,0.05,78.18,1.68
CMP-00956,2023-10-17,YouTube,Lead Generation,Education,Asia Pacific,5240.4,1997736,75314,8836,3984363.81,3.77,0.07,760.32,0.59
CMP-00957,2023-10-28,Facebook,Retargeting,Retail,Europe,18601.45,1699619,23284,1425,449359.67,1.37,0.8,24.16,13.05
CMP-00958,2023-08-22,Instagram,Lead Generation,Travel,Asia Pacific,3437.24,680997,6673,219,23056.49,0.98,0.52,6.71,15.7
CMP-00959,2023-05-15,TikTok,Engagement,Education,North America,25451.14,4413720,154921,7798,3223839.48,3.51,0.16,126.67,3.26
CMP-00960,2022-09-04,LinkedIn,Brand Awareness,Retail,North America,46932.07,22559852,568508,16778,2718025.07,2.52,0.08,57.91,2.8
CMP-00961,2023-12-13,LinkedIn,Retargeting,Finance,Latin America,39461.72,15307224,381149,13850,4110891.01,2.49,0.1,104.17,2.85
CMP-00962,2023-10-18,Email,Engagement,Tech,Latin America,47856.0,23005808,338185,27988,10973970.75,1.47,0.14,229.31,1.71
CMP-00963,2022-04-10,Twitter,Lead Generation,Retail,Latin America,30213.64,10348143,256633,6991,339481.28,2.48,0.12,11.24,4.32
CMP-00964,2023-12-01,YouTube,Engagement,Education,North America,16323.95,7908739,350357,8344,1403954.4,4.43,0.05,86.01,1.96
CMP-00965,2024-06-07,Facebook,Retargeting,Food & Beverage,Middle East,49321.91,14180244,626766,53894,23245184.75,4.42,0.08,471.3,0.92
CMP-00966,2024-04-23,Twitter,Lead Generation,Travel,North America,31804.55,9585662,373840,3869,1782450.79,3.9,0.09,56.04,8.22
CMP-00967,2022-10-16,Instagram,Lead Generation,Tech,Middle East,18082.89,3486840,99026,7438,1162830.35,2.84,0.18,64.31,2.43
CMP-00968,2023-08-14,TikTok,Brand Awareness,Education,Asia Pacific,48509.6,18337201,148531,11247,5561852.14,0.81,0.33,114.65,4.31
CMP-00969,2023-01-18,Twitter,Engagement,Education,Europe,32855.7,2593321,192943,12187,2767513.31,7.44,0.17,84.23,2.7
CMP-00970,2022-02-07,YouTube,Brand Awareness,Healthcare,North America,46136.58,23065376,1612269,110515,44779840.98,6.99,0.03,970.59,0.42
CMP-00971,2023-05-05,Twitter,Conversion,Finance,Middle East,4626.42,423128,20521,817,244169.16,4.85,0.23,52.78,5.66
CMP-00972,2022-05-27,Google Ads,Conversion,Finance,Asia Pacific,48493.61,3469978,43374,4324,1941842.23,1.25,1.12,40.04,11.21
CMP-00973,2022-09-22,TikTok,Lead Generation,Finance,Europe,14026.69,5271461,119662,2677,1193726.71,2.27,0.12,85.1,5.24
CMP-00974,2022-11-19,Twitter,Brand Awareness,Education,Asia Pacific,32208.11,3401695,157158,3992,471402.85,4.62,0.2,14.64,8.07
CMP-00975,2023-05-26,LinkedIn,Brand Awareness,Healthcare,Asia Pacific,14225.11,5616213,229141,1320,290415.5,4.08,0.06,20.42,10.78
CMP-00976,2022-09-11,Instagram,Brand Awareness,Retail,Middle East,6772.19,1671889,91285,7136,1663261.99,5.46,0.07,245.6,0.95
CMP-00977,2022-06-12,YouTube,Conversion,Healthcare,Asia Pacific,4015.7,1768250,84522,7575,412642.92,4.78,0.05,102.76,0.53
CMP-00978,2023-05-28,Google Ads,Conversion,Tech,Latin America,48450.92,9919391,473154,43081,15030048.5,4.77,0.1,310.21,1.12
CMP-00979,2022-08-29,YouTube,Engagement,Tech,Latin America,45008.81,21837798,1065684,92119,44010307.79,4.88,0.04,977.82,0.49
CMP-00980,2022-10-01,Twitter,Retargeting,Healthcare,Latin America,28425.76,6853293,365280,42179,11709738.23,5.33,0.08,411.94,0.67
CMP-00981,2024-03-05,Email,Lead Generation,Retail,Asia Pacific,31457.81,10840270,440114,49889,12126345.45,4.06,0.07,385.48,0.63
CMP-00982,2022-04-07,TikTok,Lead Generation,Travel,Latin America,3316.23,537567,10643,578,197796.07,1.98,0.31,59.64,5.74
CMP-00983,2023-02-08,Google Ads,Conversion,Food & Beverage,North America,40885.79,9165657,74241,7734,249636.88,0.81,0.55,6.11,5.29
CMP-00984,2023-05-19,LinkedIn,Brand Awareness,Healthcare,Middle East,13749.3,4024828,114707,9360,4659973.87,2.85,0.12,338.92,1.47
CMP-00985,2024-06-03,YouTube,Lead Generation,Education,North America,9404.38,893164,50821,2813,865784.5,5.69,0.19,92.06,3.34
CMP-00986,2022-06-11,Twitter,Engagement,Tech,Latin America,21348.8,2205589,49625,5139,979097.62,2.25,0.43,45.86,4.15
CMP-00987,2022-04-03,TikTok,Conversion,Healthcare,North America,40462.79,8709368,151543,1690,752702.06,1.74,0.27,18.6,23.94
CMP-00988,2022-09-07,TikTok,Retargeting,Healthcare,Latin America,36215.93,8026145,54577,3597,1368826.79,0.68,0.66,37.8,10.07
CMP-00989,2023-11-27,TikTok,Conversion,Food & Beverage,Middle East,19318.76,5986598,331657,14809,4168452.07,5.54,0.06,215.77,1.3
CMP-00990,2023-06-10,Instagram,Lead Generation,Tech,North America,10417.01,2378750,122029,8102,3943775.24,5.13,0.09,378.59,1.29
CMP-00991,2024-05-19,TikTok,Brand Awareness,Retail,Middle East,22217.28,7610480,70016,5157,1369829.45,0.92,0.32,61.66,4.31
CMP-00992,2022-11-06,Google Ads,Conversion,Healthcare,Asia Pacific,33687.42,16640408,108162,11341,3790749.2,0.65,0.31,112.53,2.97
CMP-00993,2022-04-28,Email,Conversion,Retail,Europe,2612.88,1069525,74438,390,51331.12,6.96,0.04,19.65,6.7
CMP-00994,2023-11-12,YouTube,Conversion,Travel,Latin America,7540.83,1933128,112508,7225,2191454.83,5.82,0.07,290.61,1.04
CMP-00995,2023-05-22,Facebook,Conversion,Healthcare,Europe,5965.45,2889817,49126,3248,954124.65,1.7,0.12,159.94,1.84
CMP-00996,2023-12-06,Google Ads,Engagement,Food & Beverage,North America,35664.57,14985554,92910,10311,4078917.68,0.62,0.38,114.37,3.46
CMP-00997,2023-05-08,Twitter,Conversion,Healthcare,Asia Pacific,9482.45,2109719,117300,2355,874910.31,5.56,0.08,92.27,4.03
CMP-00998,2022-08-04,Email,Conversion,Tech,Europe,30312.55,8965391,487717,55371,18968133.85,5.44,0.06,625.75,0.55
CMP-00999,2023-10-05,Google Ads,Conversion,Education,Middle East,13137.25,3874643,172809,4460,1605516.43,4.46,0.08,122.21,2.95
CMP-01000,2022-04-13,Facebook,Lead Generation,Tech,Asia Pacific,33525.61,9771266,584321,44364,20576100.26,5.98,0.06,613.74,0.76
CMP-01001,2022-10-21,Email,Engagement,Education,Europe,24271.95,2460461,105307,9769,4726596.66,4.28,0.23,194.73,2.48
CMP-01002,2022-08-21,TikTok,Lead Generation,Education,Asia Pacific,5883.38,2220659,154779,17422,2898993.94,6.97,0.04,492.74,0.34
CMP-01003,2022-08-07,YouTube,Brand Awareness,Tech,Latin America,47985.56,9376518,577593,51598,13104729.06,6.16,0.08,273.1,0.93
CMP-01004,2022-02-17,Email,Conversion,Finance,Middle East,25501.25,1823262,95721,10033,3440164.11,5.25,0.27,134.9,2.54
CMP-01005,2023-06-12,Google Ads,Brand Awareness,Tech,Europe,41957.61,13173530,915560,26998,11915536.15,6.95,0.05,283.99,1.55
CMP-01006,2022-01-26,Instagram,Brand Awareness,Retail,Middle East,28905.99,7419306,529738,16967,1257874.62,7.14,0.05,43.52,1.7
CMP-01007,2023-03-21,Email,Lead Generation,Healthcare,Middle East,9990.5,3067877,227022,11930,4417132.26,7.4,0.04,442.13,0.84
CMP-01008,2023-07-12,TikTok,Retargeting,Healthcare,Asia Pacific,43719.5,21406502,1329343,79327,32914477.57,6.21,0.03,752.86,0.55
CMP-01009,2023-11-25,Facebook,Retargeting,Retail,Middle East,43205.56,5528118,425665,31468,2646774.69,7.7,0.1,61.26,1.37
CMP-01010,2023-05-14,Email,Conversion,Retail,Europe,7946.62,813300,27408,1694,168356.38,3.37,0.29,21.19,4.69
CMP-01011,2022-10-31,Email,Engagement,Healthcare,Latin America,7987.76,499973,4349,195,10051.52,0.87,1.84,1.26,40.96
CMP-01012,2024-05-08,Instagram,Engagement,Tech,Asia Pacific,41926.95,5002040,313127,6189,1615744.22,6.26,0.13,38.54,6.77
CMP-01013,2023-09-24,Instagram,Brand Awareness,Retail,Europe,42683.92,9578203,229876,13190,5385410.44,2.4,0.19,126.17,3.24
CMP-01014,2022-08-02,YouTube,Engagement,Healthcare,Asia Pacific,947.99,252003,14011,1078,162361.85,5.56,0.07,171.27,0.88
CMP-01015,2023-09-01,Email,Engagement,Tech,Middle East,13701.59,6320336,297055,13663,2971892.29,4.7,0.05,216.9,1.0
CMP-01016,2022-11-20,YouTube,Conversion,Retail,Asia Pacific,28208.87,3968786,300833,14103,743316.4,7.58,0.09,26.35,2.0
CMP-01017,2023-10-03,Instagram,Lead Generation,Finance,North America,46177.47,20804959,532606,27831,1811140.82,2.56,0.09,39.22,1.66
CMP-01018,2022-07-17,TikTok,Brand Awareness,Finance,North America,2839.08,868048,57377,3481,1570297.75,6.61,0.05,553.1,0.82
CMP-01019,2024-05-21,Instagram,Conversion,Food & Beverage,Europe,12468.67,5592420,156587,2327,883792.24,2.8,0.08,70.88,5.36
CMP-01020,2024-03-12,Email,Retargeting,Healthcare,Middle East,7266.53,2088120,134057,10159,3166192.72,6.42,0.05,435.72,0.72
CMP-01021,2023-07-03,Facebook,Brand Awareness,Healthcare,North America,1827.82,183886,3585,124,9876.87,1.95,0.51,5.4,14.74
CMP-01022,2023-01-09,Instagram,Retargeting,Travel,Middle East,11550.33,3581977,233186,17442,2017263.62,6.51,0.05,174.65,0.66
CMP-01023,2023-07-14,YouTube,Engagement,Education,North America,49718.05,13457489,589438,25266,6746497.33,4.38,0.08,135.7,1.97
CMP-01024,2022-05-01,Google Ads,Retargeting,Tech,Asia Pacific,5576.78,567862,24304,2902,1019750.89,4.28,0.23,182.86,1.92
CMP-01025,2023-06-02,TikTok,Lead Generation,Retail,North America,26252.48,9442055,397510,21477,7323825.59,4.21,0.07,278.98,1.22
CMP-01026,2023-10-25,Email,Engagement,Education,Europe,40642.24,18829278,1397132,67922,30092689.58,7.42,0.03,740.43,0.6
CMP-01027,2022-01-06,Email,Retargeting,Tech,Europe,21725.0,9878140,616395,5722,901463.17,6.24,0.04,41.49,3.8
CMP-01028,2023-02-06,YouTube,Engagement,Finance,Europe,17628.54,6078364,175056,18360,8716406.81,2.88,0.1,494.45,0.96
CMP-01029,2024-04-04,Facebook,Conversion,Tech,Europe,9874.29,1879606,135519,4655,384168.74,7.21,0.07,38.91,2.12
CMP-01030,2022-02-27,LinkedIn,Brand Awareness,Food & Beverage,Asia Pacific,28302.15,6619332,216452,6161,1496226.37,3.27,0.13,52.87,4.59
CMP-01031,2024-06-17,Facebook,Conversion,Retail,Middle East,18554.98,6047143,380970,7298,1487736.18,6.3,0.05,80.18,2.54
CMP-01032,2023-07-08,YouTube,Brand Awareness,Finance,Latin America,12833.12,2717079,187750,7721,1391824.61,6.91,0.07,108.46,1.66
CMP-01033,2023-02-24,TikTok,Retargeting,Food & Beverage,North America,42275.13,20452251,1331441,102353,6812291.98,6.51,0.03,161.14,0.41
CMP-01034,2022-10-04,LinkedIn,Engagement,Travel,Latin America,49557.42,3115218,167287,6125,1818464.84,5.37,0.3,36.69,8.09
CMP-01035,2024-02-10,TikTok,Retargeting,Travel,Middle East,28985.96,2843041,180817,6122,416287.51,6.36,0.16,14.36,4.73
CMP-01036,2023-01-18,TikTok,Brand Awareness,Tech,North America,29007.92,11865118,439009,30853,12548624.09,3.7,0.07,432.59,0.94
CMP-01037,2022-10-24,Email,Retargeting,Travel,Europe,40389.97,9966568,720582,55464,16881613.05,7.23,0.06,417.97,0.73
CMP-01038,2022-08-17,TikTok,Brand Awareness,Retail,Middle East,28581.55,2244543,113124,9877,1637096.3,5.04,0.25,57.28,2.89
CMP-01039,2022-10-13,TikTok,Engagement,Retail,Asia Pacific,35820.42,2930520,93483,2302,252078.15,3.19,0.38,7.04,15.56
CMP-01040,2023-08-10,Twitter,Brand Awareness,Travel,Asia Pacific,10287.42,782552,47187,456,85602.85,6.03,0.22,8.32,22.56
CMP-01041,2022-04-10,TikTok,Brand Awareness,Healthcare,Asia Pacific,40676.76,20160630,1104802,118879,47232457.81,5.48,0.04,1161.17,0.34
CMP-01042,2023-01-21,Instagram,Lead Generation,Tech,Asia Pacific,40287.83,8954165,700215,15583,4759482.07,7.82,0.06,118.14,2.59
CMP-01043,2023-05-24,LinkedIn,Lead Generation,Healthcare,Latin America,41973.4,10632754,710267,4102,876175.36,6.68,0.06,20.87,10.23
CMP-01044,2022-05-14,Instagram,Brand Awareness,Education,North America,5871.04,2556702,81814,3691,622071.69,3.2,0.07,105.96,1.59
CMP-01045,2023-03-04,Email,Lead Generation,Finance,Middle East,40562.59,13174576,138333,14499,6593702.09,1.05,0.29,162.56,2.8
CMP-01046,2024-05-10,LinkedIn,Retargeting,Education,Middle East,5462.7,2216037,152020,1795,450756.26,6.86,0.04,82.52,3.04
CMP-01047,2023-07-14,Instagram,Engagement,Finance,Middle East,6470.78,1800286,89834,7576,3315489.16,4.99,0.07,512.38,0.85
CMP-01048,2023-08-29,Email,Retargeting,Travel,North America,7790.38,2927485,97192,4829,830016.17,3.32,0.08,106.54,1.61
CMP-01049,2023-01-20,Google Ads,Conversion,Retail,North America,45753.78,4740916,358887,24728,5152631.29,7.57,0.13,112.62,1.85
CMP-01050,2022-12-24,Google Ads,Lead Generation,Healthcare,Asia Pacific,39686.56,13220349,663661,50766,22152416.78,5.02,0.06,558.18,0.78
CMP-01051,2023-07-23,Instagram,Lead Generation,Food & Beverage,Europe,35553.65,7580372,87174,1902,929980.23,1.15,0.41,26.16,18.69
CMP-01052,2022-06-03,YouTube,Engagement,Food & Beverage,North America,29554.85,6026121,212722,3667,1336835.21,3.53,0.14,45.23,8.06
CMP-01053,2024-04-18,LinkedIn,Brand Awareness,Finance,Latin America,42568.22,20863546,1170444,84612,10609685.32,5.61,0.04,249.24,0.5
CMP-01054,2022-06-15,LinkedIn,Engagement,Education,Middle East,17798.01,5265437,252214,18221,1784006.36,4.79,0.07,100.24,0.98
CMP-01055,2022-10-06,Email,Conversion,Education,Middle East,15571.65,4896757,217905,20885,8871002.19,4.45,0.07,569.69,0.75
CMP-01056,2023-08-29,Instagram,Conversion,Retail,Latin America,38415.28,11259667,228571,20031,8897462.03,2.03,0.17,231.61,1.92
CMP-01057,2022-10-22,TikTok,Retargeting,Food & Beverage,North America,49486.38,5223561,100292,9109,532454.77,1.92,0.49,10.76,5.43
CMP-01058,2024-01-17,Twitter,Retargeting,Food & Beverage,Middle East,46946.45,10608969,311903,14227,4005215.33,2.94,0.15,85.31,3.3
CMP-01059,2022-01-10,LinkedIn,Lead Generation,Healthcare,North America,16466.38,1396114,64919,7478,2702252.44,4.65,0.25,164.11,2.2
CMP-01060,2022-11-04,LinkedIn,Lead Generation,Food & Beverage,Asia Pacific,11304.34,3188741,196745,9445,3477057.91,6.17,0.06,307.59,1.2
CMP-01061,2023-10-13,Google Ads,Brand Awareness,Travel,Middle East,8404.8,2761535,99691,10753,5201853.69,3.61,0.08,618.91,0.78
CMP-01062,2023-07-15,LinkedIn,Conversion,Finance,Asia Pacific,20377.84,5506298,338637,9365,758207.69,6.15,0.06,37.21,2.18
CMP-01063,2022-12-08,YouTube,Retargeting,Education,North America,6216.11,1338937,102696,1205,360064.5,7.67,0.06,57.92,5.16
CMP-01064,2024-06-04,YouTube,Lead Generation,Retail,Europe,47920.94,11708119,270457,24387,4000618.61,2.31,0.18,83.48,1.97
CMP-01065,2022-06-27,Facebook,Engagement,Tech,Europe,25645.18,10569040,232518,19902,5156542.7,2.2,0.11,201.07,1.29
CMP-01066,2022-05-17,Twitter,Conversion,Food & Beverage,Latin America,47842.65,16311173,432246,23319,8969298.84,2.65,0.11,187.47,2.05
CMP-01067,2022-12-09,TikTok,Retargeting,Retail,North America,9915.69,816801,31038,1211,432343.96,3.8,0.32,43.6,8.19
CMP-01068,2022-07-05,Google Ads,Brand Awareness,Tech,Europe,26795.88,1420457,43750,1431,268969.24,3.08,0.61,10.04,18.73
CMP-01069,2022-09-21,Instagram,Lead Generation,Healthcare,North America,48765.79,7032769,535193,37634,6373813.04,7.61,0.09,130.7,1.3
CMP-01070,2022-01-02,TikTok,Lead Generation,Healthcare,Asia Pacific,35146.88,16976125,381962,19759,4468178.57,2.25,0.09,127.13,1.78
CMP-01071,2022-11-06,Google Ads,Conversion,Education,Asia Pacific,49866.0,14985850,963590,65497,8490730.73,6.43,0.05,170.27,0.76
CMP-01072,2022-06-10,Facebook,Engagement,Healthcare,Latin America,35547.3,10101058,120202,7744,945739.81,1.19,0.3,26.61,4.59
CMP-01073,2022-04-01,Email,Conversion,Food & Beverage,Latin America,3214.85,438191,2234,131,63229.5,0.51,1.44,19.67,24.54
CMP-01074,2023-03-01,Facebook,Retargeting,Retail,Middle East,14343.28,2566455,184271,5114,1966311.52,7.18,0.08,137.09,2.8
CMP-01075,2024-01-21,YouTube,Conversion,Education,Middle East,17151.38,3633845,127547,4111,208819.99,3.51,0.13,12.18,4.17
CMP-01076,2022-11-30,Facebook,Lead Generation,Tech,North America,26341.29,3388128,66068,5681,1498604.28,1.95,0.4,56.89,4.64
CMP-01077,2023-06-24,Twitter,Lead Generation,Finance,Asia Pacific,38361.15,9193175,604910,8006,3879163.87,6.58,0.06,101.12,4.79
CMP-01078,2022-05-23,Instagram,Conversion,Food & Beverage,North America,15050.25,6408179,337711,19453,5172358.81,5.27,0.04,343.67,0.77
CMP-01079,2024-04-29,Instagram,Lead Generation,Travel,Latin America,48506.6,9448402,728471,46985,5353318.59,7.71,0.07,110.36,1.03
CMP-01080,2022-04-14,YouTube,Brand Awareness,Finance,North America,21514.12,7610142,286141,2564,1204740.72,3.76,0.08,56.0,8.39
CMP-01081,2022-01-04,Instagram,Brand Awareness,Food & Beverage,Europe,25316.61,8043110,58714,2429,794452.02,0.73,0.43,31.38,10.42
CMP-01082,2022-06-20,Facebook,Engagement,Finance,Europe,5923.09,2004679,19645,1566,597932.38,0.98,0.3,100.95,3.78
CMP-01083,2023-07-14,Twitter,Brand Awareness,Education,Europe,38018.94,16159028,740083,73016,9770323.7,4.58,0.05,256.99,0.52
CMP-01084,2023-02-10,Google Ads,Lead Generation,Tech,Europe,5942.63,861313,47716,3217,443884.4,5.54,0.12,74.69,1.85
CMP-01085,2023-02-01,TikTok,Engagement,Food & Beverage,Asia Pacific,6999.42,1814015,65304,1723,168186.25,3.6,0.11,24.03,4.06
CMP-01086,2024-06-01,Facebook,Brand Awareness,Tech,Middle East,4745.82,505350,33858,2378,434190.22,6.7,0.14,91.49,2.0
CMP-01087,2022-10-23,Facebook,Engagement,Tech,Asia Pacific,28097.01,8647708,397794,37759,10814050.15,4.6,0.07,384.88,0.74
CMP-01088,2023-11-11,Facebook,Engagement,Tech,North America,1486.05,355478,2168,249,23929.76,0.61,0.69,16.1,5.97
CMP-01089,2024-01-03,Twitter,Retargeting,Education,North America,3230.51,457343,20854,106,9523.97,4.56,0.15,2.95,30.48
CMP-01090,2024-06-08,YouTube,Retargeting,Finance,North America,35140.02,14460312,472852,42149,3459125.57,3.27,0.07,98.44,0.83
CMP-01091,2024-01-03,LinkedIn,Retargeting,Finance,North America,42158.72,8455729,44815,1187,220424.59,0.53,0.94,5.23,35.52
CMP-01092,2023-01-12,Instagram,Conversion,Healthcare,Asia Pacific,907.81,137639,9208,748,119907.6,6.69,0.1,132.08,1.21
CMP-01093,2023-02-04,LinkedIn,Lead Generation,Food & Beverage,North America,48108.72,14739405,1084820,58717,14847777.72,7.36,0.04,308.63,0.82
CMP-01094,2023-04-14,Google Ads,Retargeting,Food & Beverage,Asia Pacific,45393.45,4593766,68447,3521,1649350.78,1.49,0.66,36.33,12.89
CMP-01095,2024-01-21,LinkedIn,Brand Awareness,Finance,Latin America,5374.99,1274179,9428,400,80645.83,0.74,0.57,15.0,13.44
CMP-01096,2023-04-15,Twitter,Engagement,Tech,North America,36033.96,13971398,673421,71326,24316458.02,4.82,0.05,674.82,0.51
CMP-01097,2022-02-14,LinkedIn,Conversion,Tech,Asia Pacific,25759.68,4336834,163932,10529,2867516.08,3.78,0.16,111.32,2.45
CMP-01098,2022-01-03,Facebook,Conversion,Food & Beverage,Latin America,49379.32,22402127,306909,24587,8654660.45,1.37,0.16,175.27,2.01
CMP-01099,2024-05-29,Instagram,Engagement,Food & Beverage,Latin America,5195.65,2067780,40321,653,64933.03,1.95,0.13,12.5,7.96
CMP-01100,2024-03-27,Facebook,Engagement,Education,Latin America,4745.31,647507,6410,730,198234.91,0.99,0.74,41.77,6.5
CMP-01101,2024-05-27,Instagram,Engagement,Tech,Europe,27277.66,1888542,44947,2919,1384044.34,2.38,0.61,50.74,9.34
CMP-01102,2023-12-02,Twitter,Engagement,Finance,Europe,3361.23,508735,10581,793,61432.83,2.08,0.32,18.28,4.24
CMP-01103,2024-03-04,Instagram,Brand Awareness,Education,Latin America,32723.9,5829188,233750,25782,6351826.77,4.01,0.14,194.1,1.27
CMP-01104,2022-09-01,YouTube,Brand Awareness,Healthcare,North America,12599.45,1244114,62330,937,174625.96,5.01,0.2,13.86,13.45
CMP-01105,2022-06-06,Twitter,Conversion,Tech,Asia Pacific,12216.18,5180651,126925,9205,4049662.97,2.45,0.1,331.5,1.33
CMP-01106,2022-04-17,YouTube,Lead Generation,Finance,Latin America,46841.6,11251957,884403,48441,7905049.51,7.86,0.05,168.76,0.97
CMP-01107,2022-09-21,LinkedIn,Conversion,Retail,Middle East,40588.74,7234169,521583,44579,11999275.4,7.21,0.08,295.63,0.91
CMP-01108,2023-04-16,Instagram,Engagement,Healthcare,North America,1223.29,449813,14798,1674,462656.52,3.29,0.08,378.21,0.73
CMP-01109,2023-10-27,Facebook,Retargeting,Retail,North America,10521.22,2804370,63939,4462,2198862.87,2.28,0.16,208.99,2.36
CMP-01110,2024-06-13,TikTok,Brand Awareness,Travel,Asia Pacific,18205.7,7462938,380609,8195,1211753.8,5.1,0.05,66.56,2.22
CMP-01111,2022-06-04,Google Ads,Conversion,Retail,Middle East,38373.12,16180048,585717,23650,2699302.23,3.62,0.07,70.34,1.62
CMP-01112,2024-04-16,Twitter,Conversion,Travel,Europe,1721.58,759880,48328,2301,726208.93,6.36,0.04,421.83,0.75
CMP-01113,2023-07-31,Facebook,Brand Awareness,Healthcare,North America,25755.11,2644171,113434,7471,2174706.63,4.29,0.23,84.44,3.45
CMP-01114,2023-11-25,TikTok,Lead Generation,Tech,North America,24429.92,11551833,676937,43492,8535596.36,5.86,0.04,349.39,0.56
CMP-01115,2022-09-26,Twitter,Brand Awareness,Tech,Europe,11223.39,3264586,240599,10649,5319896.19,7.37,0.05,474.0,1.05
CMP-01116,2023-03-07,Twitter,Brand Awareness,Food & Beverage,Europe,35487.72,3057578,132698,5880,2541959.75,4.34,0.27,71.63,6.04
CMP-01117,2022-04-24,TikTok,Conversion,Travel,North America,38181.64,6559525,193505,6342,3157110.92,2.95,0.2,82.69,6.02
CMP-01118,2024-04-04,LinkedIn,Conversion,Education,North America,46162.54,21647374,1539128,97961,47398839.08,7.11,0.03,1026.78,0.47
CMP-01119,2024-06-05,YouTube,Brand Awareness,Education,Europe,48398.62,10331635,567206,54855,2059089.29,5.49,0.09,42.54,0.88
CMP-01120,2023-04-16,Google Ads,Conversion,Finance,Europe,21673.36,7838063,395822,3854,1564194.13,5.05,0.05,72.17,5.62
CMP-01121,2023-07-05,TikTok,Brand Awareness,Tech,Europe,41245.63,6162843,289653,9409,2545498.17,4.7,0.14,61.72,4.38
CMP-01122,2023-03-04,Email,Retargeting,Tech,Middle East,9291.63,1017184,43433,4690,1568463.35,4.27,0.21,168.8,1.98
CMP-01123,2023-05-03,YouTube,Brand Awareness,Healthcare,North America,44390.24,8854611,427677,11523,3494833.91,4.83,0.1,78.73,3.85
CMP-01124,2022-07-28,Email,Lead Generation,Finance,Europe,48331.59,8938322,321779,32426,6950167.25,3.6,0.15,143.8,1.49
CMP-01125,2024-05-16,Twitter,Brand Awareness,Tech,Latin America,25163.07,10986712,626242,18386,3305201.5,5.7,0.04,131.35,1.37
CMP-01126,2024-05-16,Instagram,Retargeting,Healthcare,North America,29850.32,6446219,453169,21594,8459345.74,7.03,0.07,283.39,1.38
CMP-01127,2023-04-08,Email,Lead Generation,Finance,Europe,25249.06,12414517,388574,10959,2392759.6,3.13,0.06,94.77,2.3
CMP-01128,2022-03-21,TikTok,Conversion,Travel,Middle East,45176.42,16095849,1244209,78816,8288675.87,7.73,0.04,183.47,0.57
CMP-01129,2023-12-10,Google Ads,Lead Generation,Food & Beverage,Europe,40562.79,12650058,216315,18832,2346407.06,1.71,0.19,57.85,2.15
CMP-01130,2023-08-05,YouTube,Retargeting,Healthcare,Middle East,29533.46,7601202,461392,32052,13596208.86,6.07,0.06,460.37,0.92
CMP-01131,2023-03-20,Twitter,Engagement,Education,Middle East,21597.16,9777021,265934,6247,900625.79,2.72,0.08,41.7,3.46
CMP-01132,2023-10-26,Facebook,Brand Awareness,Travel,Middle East,15994.01,4189370,125681,8486,3039352.01,3.0,0.13,190.03,1.88
CMP-01133,2022-08-29,YouTube,Conversion,Finance,Middle East,40386.53,8639888,307580,2718,949343.47,3.56,0.13,23.51,14.86
CMP-01134,2023-07-20,Instagram,Retargeting,Food & Beverage,Latin America,19090.77,1253342,37600,4458,671528.47,3.0,0.51,35.18,4.28
CMP-01135,2023-02-21,Instagram,Engagement,Travel,Middle East,22336.49,3397345,271108,20511,879654.1,7.98,0.08,39.38,1.09
CMP-01136,2023-05-04,TikTok,Conversion,Healthcare,North America,41830.28,5149388,195676,6953,2817552.98,3.8,0.21,67.36,6.02
CMP-01137,2023-03-25,YouTube,Retargeting,Travel,North America,10176.19,1971308,95608,11134,963054.78,4.85,0.11,94.64,0.91
CMP-01138,2024-03-11,Email,Conversion,Food & Beverage,Asia Pacific,47947.14,21655011,1444389,65886,16361810.27,6.67,0.03,341.25,0.73
CMP-01139,2022-11-21,Google Ads,Engagement,Food & Beverage,Middle East,14484.16,5774922,268533,9706,2994636.86,4.65,0.05,206.75,1.49
CMP-01140,2023-04-18,LinkedIn,Brand Awareness,Travel,Middle East,17043.17,6833311,133932,12712,2089595.14,1.96,0.13,122.61,1.34
CMP-01141,2022-09-06,Instagram,Lead Generation,Retail,Asia Pacific,37293.32,13185080,908452,28282,8767305.29,6.89,0.04,235.09,1.32
CMP-01142,2023-12-20,Facebook,Engagement,Tech,Latin America,14122.7,1491309,41458,2111,470241.5,2.78,0.34,33.3,6.69
CMP-01143,2022-05-02,YouTube,Engagement,Healthcare,Middle East,33361.59,13205023,923031,65091,4560677.03,6.99,0.04,136.7,0.51
CMP-01144,2022-03-01,LinkedIn,Conversion,Food & Beverage,Middle East,20886.06,10372351,604708,39731,9175168.53,5.83,0.03,439.3,0.53
CMP-01145,2022-08-03,Twitter,Retargeting,Tech,Middle East,7428.42,1937514,28481,2377,187307.17,1.47,0.26,25.21,3.13
CMP-01146,2023-04-09,YouTube,Engagement,Retail,Asia Pacific,23378.25,1655048,22343,1780,683972.42,1.35,1.05,29.26,13.13
CMP-01147,2023-10-11,LinkedIn,Retargeting,Retail,Latin America,6311.71,431276,26480,1994,680232.67,6.14,0.24,107.77,3.17
CMP-01148,2023-09-06,LinkedIn,Engagement,Tech,Latin America,39754.09,19404802,1234145,61707,19395113.2,6.36,0.03,487.88,0.64
CMP-01149,2022-07-25,TikTok,Conversion,Food & Beverage,Middle East,15522.93,7500629,253521,7023,582906.29,3.38,0.06,37.55,2.21
CMP-01150,2023-02-08,LinkedIn,Lead Generation,Food & Beverage,North America,16137.54,3131907,71407,2239,668387.2,2.28,0.23,41.42,7.21
CMP-01151,2023-11-15,Twitter,Conversion,Finance,Middle East,16499.39,1469798,114938,2011,342666.97,7.82,0.14,20.77,8.2
CMP-01152,2022-04-01,LinkedIn,Lead Generation,Finance,Latin America,39434.66,2240760,94111,2089,294770.65,4.2,0.42,7.47,18.88
CMP-01153,2023-04-10,TikTok,Brand Awareness,Finance,Latin America,37355.37,11078224,177251,10409,3431676.56,1.6,0.21,91.87,3.59
CMP-01154,2023-04-19,LinkedIn,Brand Awareness,Retail,North America,27966.13,11660601,121270,1560,720799.75,1.04,0.23,25.77,17.93
CMP-01155,2023-11-30,Email,Lead Generation,Education,Europe,3604.56,1257587,28547,220,7528.66,2.27,0.13,2.09,16.38
CMP-01156,2024-03-01,Facebook,Engagement,Healthcare,Latin America,45545.17,15958240,647904,68628,15748278.64,4.06,0.07,345.77,0.66
CMP-01157,2023-03-17,YouTube,Retargeting,Retail,Middle East,16148.56,967542,36476,2948,1402116.22,3.77,0.44,86.83,5.48
CMP-01158,2022-03-20,LinkedIn,Brand Awareness,Finance,Middle East,21621.65,9044466,528196,10834,659075.35,5.84,0.04,30.48,2.0
CMP-01159,2022-10-31,TikTok,Brand Awareness,Travel,Middle East,15494.33,3128766,182407,4193,404580.38,5.83,0.08,26.11,3.7
CMP-01160,2023-03-09,Email,Retargeting,Tech,North America,44957.97,7059432,558401,36384,13533240.17,7.91,0.08,301.02,1.24
CMP-01161,2023-11-04,Google Ads,Brand Awareness,Food & Beverage,Asia Pacific,7446.39,3374740,130602,2189,78833.27,3.87,0.06,10.59,3.4
CMP-01162,2022-10-29,YouTube,Conversion,Travel,Europe,25722.13,9020712,475391,43022,21105308.79,5.27,0.05,820.51,0.6
CMP-01163,2023-04-09,YouTube,Brand Awareness,Education,Middle East,10288.92,4923339,82712,1436,444933.26,1.68,0.12,43.24,7.16
CMP-01164,2023-11-05,Twitter,Engagement,Finance,Middle East,45216.16,16033031,950758,88280,30223198.7,5.93,0.05,668.42,0.51
CMP-01165,2023-02-02,Facebook,Lead Generation,Retail,Middle East,13124.65,5875213,253221,10505,4915080.3,4.31,0.05,374.49,1.25
CMP-01166,2023-03-07,Google Ads,Retargeting,Healthcare,Latin America,48421.0,9186088,267315,14402,5003699.96,2.91,0.18,103.34,3.36
CMP-01167,2024-01-27,TikTok,Lead Generation,Travel,Latin America,47098.06,15424941,215949,16623,2416302.34,1.4,0.22,51.3,2.83
CMP-01168,2023-04-06,LinkedIn,Engagement,Education,Middle East,26649.64,1882451,80380,6836,2672902.95,4.27,0.33,100.3,3.9
CMP-01169,2022-01-29,Google Ads,Retargeting,Travel,Europe,45384.31,8097007,434809,34951,13585356.06,5.37,0.1,299.34,1.3
CMP-01170,2023-07-16,YouTube,Retargeting,Education,North America,42681.39,17948210,513318,37144,17181727.22,2.86,0.08,402.56,1.15
CMP-01171,2024-03-01,Facebook,Engagement,Healthcare,Latin America,19105.54,5110049,131839,10819,2977168.1,2.58,0.14,155.83,1.77
CMP-01172,2022-10-28,Google Ads,Conversion,Tech,Latin America,46096.48,21538862,702166,34363,16310566.42,3.26,0.07,353.84,1.34
CMP-01173,2023-09-18,TikTok,Brand Awareness,Tech,Middle East,15456.34,2083850,82937,4172,1288019.62,3.98,0.19,83.33,3.7
CMP-01174,2023-08-08,Instagram,Conversion,Travel,Latin America,3221.55,512811,16409,887,329420.95,3.2,0.2,102.26,3.63
CMP-01175,2022-06-18,Facebook,Conversion,Travel,Asia Pacific,45310.72,18805140,940257,55525,12601978.37,5.0,0.05,278.12,0.82
CMP-01176,2024-03-21,LinkedIn,Lead Generation,Food & Beverage,North America,28526.41,12488943,469584,42604,7221306.3,3.76,0.06,253.14,0.67
CMP-01177,2024-06-02,TikTok,Conversion,Retail,North America,8281.97,1567817,102692,11448,3037005.35,6.55,0.08,366.7,0.72
CMP-01178,2023-04-15,Twitter,Retargeting,Travel,Asia Pacific,44385.53,8148840,383810,33505,12570979.49,4.71,0.12,283.22,1.32
CMP-01179,2023-06-28,Twitter,Conversion,Travel,Latin America,25732.43,12163441,270028,23726,3418033.64,2.22,0.1,132.83,1.08
CMP-01180,2023-07-20,Google Ads,Brand Awareness,Tech,Middle East,37371.1,5265820,147442,15942,6027255.28,2.8,0.25,161.28,2.34
CMP-01181,2023-07-10,Facebook,Conversion,Healthcare,Asia Pacific,38139.38,13275841,369068,25704,4583538.05,2.78,0.1,120.18,1.48
CMP-01182,2022-04-03,Email,Brand Awareness,Finance,North America,23657.74,8834346,336588,3130,470301.62,3.81,0.07,19.88,7.56
CMP-01183,2024-01-13,Instagram,Retargeting,Finance,Middle East,11157.48,1346259,15481,946,329439.04,1.15,0.72,29.53,11.79
CMP-01184,2024-04-28,Twitter,Conversion,Tech,Asia Pacific,17322.26,880428,46750,2690,842634.45,5.31,0.37,48.64,6.44
CMP-01185,2024-06-05,LinkedIn,Conversion,Finance,North America,30855.53,2716546,163536,10694,3587478.58,6.02,0.19,116.27,2.89
CMP-01186,2022-09-18,Instagram,Conversion,Tech,Middle East,17001.12,3967945,24998,2252,782965.58,0.63,0.68,46.05,7.55
CMP-01187,2024-06-06,TikTok,Engagement,Finance,Asia Pacific,38256.89,6002728,107448,7388,3422864.69,1.79,0.36,89.47,5.18
CMP-01188,2023-01-16,LinkedIn,Conversion,Food & Beverage,Middle East,25335.74,8506413,345360,37351,12860433.34,4.06,0.07,507.6,0.68
CMP-01189,2023-09-15,Google Ads,Retargeting,Tech,Asia Pacific,23897.75,5124336,248530,16219,3830525.15,4.85,0.1,160.29,1.47
CMP-01190,2022-05-05,YouTube,Retargeting,Tech,Latin America,28715.9,9240986,421388,38990,11126975.88,4.56,0.07,387.48,0.74
CMP-01191,2023-08-18,Google Ads,Retargeting,Finance,North America,10028.02,2214678,13288,100,8916.15,0.6,0.75,0.89,100.28
CMP-01192,2023-01-25,Instagram,Conversion,Travel,Asia Pacific,17944.22,2637562,112623,13102,3613836.11,4.27,0.16,201.39,1.37
CMP-01193,2024-03-29,LinkedIn,Brand Awareness,Travel,Middle East,23224.61,6329057,386072,35581,13653365.75,6.1,0.06,587.88,0.65
CMP-01194,2022-02-11,Instagram,Retargeting,Healthcare,Middle East,27049.23,7121720,215075,24811,1620108.48,3.02,0.13,59.89,1.09
CMP-01195,2022-11-04,LinkedIn,Lead Generation,Travel,Europe,29361.31,14172466,150228,13603,5875736.12,1.06,0.2,200.12,2.16
CMP-01196,2023-05-27,Google Ads,Retargeting,Tech,Middle East,42814.58,10046710,241121,27505,3965737.62,2.4,0.18,92.63,1.56
CMP-01197,2022-01-30,Facebook,Retargeting,Tech,North America,8434.92,3375250,76955,3055,1398603.64,2.28,0.11,165.81,2.76
CMP-01198,2023-10-09,Twitter,Brand Awareness,Tech,Asia Pacific,31600.13,12960473,285130,26723,3343452.12,2.2,0.11,105.81,1.18
CMP-01199,2024-03-05,YouTube,Engagement,Healthcare,North America,7411.75,3478850,161070,10188,1144850.56,4.63,0.05,154.46,0.73
CMP-01200,2022-02-10,Google Ads,Engagement,Education,Asia Pacific,49606.4,23645920,1520432,131742,45789483.24,6.43,0.03,923.06,0.38
CMP-01201,2024-03-01,Google Ads,Conversion,Healthcare,Middle East,24334.49,6164645,185555,12630,4952432.11,3.01,0.13,203.51,1.93
CMP-01202,2024-06-12,Instagram,Brand Awareness,Retail,Latin America,37877.78,16732014,1167894,82666,26973653.31,6.98,0.03,712.12,0.46
CMP-01203,2022-12-17,TikTok,Conversion,Retail,Europe,35900.75,4777786,213567,24765,7397591.02,4.47,0.17,206.06,1.45
CMP-01204,2023-07-10,Google Ads,Conversion,Education,Latin America,46529.03,20450033,468305,47775,17445918.79,2.29,0.1,374.95,0.97
CMP-01205,2023-01-21,LinkedIn,Conversion,Travel,Latin America,35816.6,2446726,193291,3835,1009769.58,7.9,0.19,28.19,9.34
CMP-01206,2024-03-29,Google Ads,Engagement,Finance,Latin America,1460.38,583823,13836,1435,340060.73,2.37,0.11,232.86,1.02
CMP-01207,2023-12-31,Google Ads,Conversion,Tech,Europe,13643.52,5490747,85655,9574,3520399.29,1.56,0.16,258.03,1.43
CMP-01208,2022-05-16,Email,Engagement,Food & Beverage,Asia Pacific,17121.73,6042020,297871,20629,9011895.87,4.93,0.06,526.34,0.83
CMP-01209,2022-10-26,Twitter,Engagement,Tech,Middle East,38624.23,11867911,580340,50037,7039144.59,4.89,0.07,182.25,0.77
CMP-01210,2023-03-17,Email,Engagement,Retail,Latin America,41370.0,10041034,187767,12455,1627266.76,1.87,0.22,39.33,3.32
CMP-01211,2022-04-24,Twitter,Retargeting,Tech,Europe,20791.86,6583250,331137,32389,8467080.91,5.03,0.06,407.23,0.64
CMP-01212,2024-04-03,Instagram,Retargeting,Tech,North America,49249.37,4798178,282132,7950,2167429.1,5.88,0.17,44.01,6.19
CMP-01213,2023-09-07,YouTube,Brand Awareness,Retail,Latin America,41187.53,3386236,26751,1861,74460.97,0.79,1.54,1.81,22.13
CMP-01214,2022-03-19,YouTube,Conversion,Education,Asia Pacific,43707.53,6704794,386866,3965,545192.32,5.77,0.11,12.47,11.02
CMP-01215,2024-05-24,Facebook,Lead Generation,Finance,Middle East,5809.53,2392964,47141,2059,407363.49,1.97,0.12,70.12,2.82
CMP-01216,2024-01-09,Email,Brand Awareness,Education,Europe,39702.32,7275346,408146,13499,5157082.14,5.61,0.1,129.89,2.94
CMP-01217,2024-05-01,LinkedIn,Brand Awareness,Travel,Latin America,47130.44,4288536,202847,16240,1413557.26,4.73,0.23,29.99,2.9
CMP-01218,2022-11-18,Google Ads,Conversion,Healthcare,Europe,44428.31,11409678,386788,40743,8023364.71,3.39,0.11,180.59,1.09
CMP-01219,2023-06-22,Google Ads,Conversion,Tech,Asia Pacific,30588.29,13492526,789312,25050,7798398.59,5.85,0.04,254.95,1.22
CMP-01220,2023-12-02,TikTok,Brand Awareness,Finance,Europe,44102.18,13128564,175922,13095,4085464.75,1.34,0.25,92.64,3.37
CMP-01221,2022-09-09,Facebook,Conversion,Education,Middle East,20003.22,1289088,13019,1015,133544.33,1.01,1.54,6.68,19.71
CMP-01222,2023-05-11,Email,Conversion,Retail,Latin America,24808.24,7233387,182281,18248,1126383.18,2.52,0.14,45.4,1.36
CMP-01223,2022-10-25,Facebook,Engagement,Finance,Middle East,22897.95,6803290,95246,3950,242197.76,1.4,0.24,10.58,5.8
CMP-01224,2023-02-11,Facebook,Lead Generation,Healthcare,Europe,47888.85,2613168,31096,955,280797.5,1.19,1.54,5.86,50.15
CMP-01225,2022-01-09,TikTok,Retargeting,Food & Beverage,Asia Pacific,10438.34,3538966,52376,688,333097.68,1.48,0.2,31.91,15.17
CMP-01226,2024-04-02,LinkedIn,Retargeting,Healthcare,North America,1157.91,120127,3627,327,140296.6,3.02,0.32,121.16,3.54
CMP-01227,2024-04-17,LinkedIn,Retargeting,Travel,Middle East,33958.4,12419307,413562,12939,2231532.13,3.33,0.08,65.71,2.62
CMP-01228,2023-04-13,Instagram,Engagement,Tech,Asia Pacific,35471.81,11205321,844881,25859,3418030.22,7.54,0.04,96.36,1.37
CMP-01229,2023-08-11,Facebook,Brand Awareness,Finance,Europe,40413.44,17068794,890991,16707,5950738.75,5.22,0.05,147.25,2.42
CMP-01230,2022-09-17,Instagram,Lead Generation,Retail,North America,30794.4,11164159,860756,89467,11436778.38,7.71,0.04,371.39,0.34
CMP-01231,2023-07-08,Instagram,Retargeting,Travel,Middle East,39876.68,4363192,223831,24442,7475200.48,5.13,0.18,187.46,1.63
CMP-01232,2023-05-25,TikTok,Conversion,Education,North America,35103.68,16710183,763655,43772,13698321.34,4.57,0.05,390.22,0.8
CMP-01233,2022-11-30,Twitter,Retargeting,Healthcare,Latin America,8989.68,1333706,40277,1628,136170.58,3.02,0.22,15.15,5.52
CMP-01234,2023-05-24,YouTube,Brand Awareness,Tech,North America,5741.95,2104423,98066,2408,1127031.82,4.66,0.06,196.28,2.38
CMP-01235,2023-04-15,TikTok,Engagement,Food & Beverage,Asia Pacific,49425.43,5462655,142029,9599,3980423.99,2.6,0.35,80.53,5.15
CMP-01236,2022-01-04,LinkedIn,Conversion,Travel,Latin America,26641.59,10621446,548066,48314,5049541.67,5.16,0.05,189.54,0.55
CMP-01237,2022-05-26,Facebook,Conversion,Healthcare,Europe,42136.79,8707794,188959,16034,3073807.27,2.17,0.22,72.95,2.63
CMP-01238,2024-03-28,Email,Retargeting,Retail,North America,7480.46,2002010,131532,15457,4612802.6,6.57,0.06,616.65,0.48
CMP-01239,2024-02-18,Twitter,Lead Generation,Tech,Europe,35254.01,9050734,384656,38453,6461557.14,4.25,0.09,183.29,0.92
CMP-01240,2024-01-29,Instagram,Retargeting,Travel,Europe,44055.58,7624017,211947,19424,2729520.23,2.78,0.21,61.96,2.27
CMP-01241,2022-06-22,Email,Conversion,Healthcare,Middle East,20208.51,2857039,71140,6553,1558881.97,2.49,0.28,77.14,3.08
CMP-01242,2022-09-12,Twitter,Conversion,Travel,Middle East,45664.16,11616910,724895,70742,29184138.54,6.24,0.06,639.1,0.65
CMP-01243,2022-05-04,LinkedIn,Conversion,Travel,North America,45364.2,15118918,548816,20403,6076803.77,3.63,0.08,133.96,2.22
CMP-01244,2023-12-08,LinkedIn,Brand Awareness,Tech,Middle East,34886.93,14009055,598186,9528,2015140.86,4.27,0.06,57.76,3.66
CMP-01245,2022-10-05,Facebook,Lead Generation,Finance,North America,35640.64,11387320,423608,50664,18164484.05,3.72,0.08,509.66,0.7
CMP-01246,2022-06-23,Twitter,Conversion,Finance,Europe,19026.77,2043107,76003,7552,1896190.34,3.72,0.25,99.66,2.52
CMP-01247,2024-03-25,LinkedIn,Conversion,Retail,Middle East,40962.6,12604959,869742,25979,1704526.21,6.9,0.05,41.61,1.58
CMP-01248,2022-08-16,Email,Retargeting,Food & Beverage,Latin America,3170.58,1173438,50223,2091,102737.38,4.28,0.06,32.4,1.52
CMP-01249,2023-02-25,Twitter,Retargeting,Education,Middle East,13682.19,6247595,96212,6163,2936891.81,1.54,0.14,214.65,2.22
CMP-01250,2022-09-18,YouTube,Engagement,Finance,Middle East,39761.0,2501334,102304,9366,2486580.29,4.09,0.39,62.54,4.25
CMP-01251,2022-06-14,LinkedIn,Conversion,Finance,Latin America,9031.89,3500172,214910,17638,6425415.21,6.14,0.04,711.41,0.51
CMP-01252,2022-08-25,Google Ads,Conversion,Finance,Europe,47690.42,11846860,108991,2279,808790.17,0.92,0.44,16.96,20.93
CMP-01253,2022-02-13,Twitter,Lead Generation,Education,Latin America,5878.58,2081489,29765,195,80795.7,1.43,0.2,13.74,30.15
CMP-01254,2024-02-13,YouTube,Conversion,Travel,Asia Pacific,49293.43,3708681,261462,29598,6908641.85,7.05,0.19,140.15,1.67
CMP-01255,2022-05-13,Facebook,Conversion,Food & Beverage,Asia Pacific,15355.82,5269196,304032,28253,7779000.67,5.77,0.05,506.58,0.54
CMP-01256,2022-12-19,Twitter,Retargeting,Travel,Middle East,700.45,201003,13829,139,69094.12,6.88,0.05,98.64,5.04
CMP-01257,2022-06-27,TikTok,Conversion,Healthcare,Europe,20768.37,5414865,386079,34518,16881070.48,7.13,0.05,812.83,0.6
CMP-01258,2023-11-23,LinkedIn,Engagement,Food & Beverage,Europe,6545.71,2168549,78284,6641,1398531.65,3.61,0.08,213.66,0.99
CMP-01259,2024-06-07,YouTube,Brand Awareness,Finance,Middle East,42720.47,6252901,163826,15337,2820155.05,2.62,0.26,66.01,2.79
CMP-01260,2023-12-24,Email,Retargeting,Retail,North America,21355.28,7770999,156197,6761,2234763.0,2.01,0.14,104.65,3.16
CMP-01261,2023-08-09,Google Ads,Brand Awareness,Tech,Latin America,49180.48,8333014,242490,4871,659090.98,2.91,0.2,13.4,10.1
CMP-01262,2023-11-13,Email,Lead Generation,Finance,Europe,28910.0,11898095,943518,28770,2750831.33,7.93,0.03,95.15,1.0
CMP-01263,2023-04-29,Google Ads,Brand Awareness,Education,Middle East,24270.39,3089594,91451,478,44449.46,2.96,0.27,1.83,50.77
CMP-01264,2024-02-02,YouTube,Retargeting,Tech,North America,42795.34,20054252,1197238,57862,6765740.27,5.97,0.04,158.1,0.74
CMP-01265,2023-04-23,YouTube,Lead Generation,Healthcare,Asia Pacific,10955.0,2238000,164045,4797,1696796.01,7.33,0.07,154.89,2.28
CMP-01266,2024-03-22,Twitter,Brand Awareness,Food & Beverage,Asia Pacific,25886.3,3832437,215382,9744,4764073.23,5.62,0.12,184.04,2.66
CMP-01267,2022-05-30,Facebook,Retargeting,Retail,Middle East,11193.51,4188453,314971,9786,2083655.2,7.52,0.04,186.15,1.14
CMP-01268,2022-10-17,TikTok,Retargeting,Education,Middle East,39562.03,16700377,367408,41950,8732069.23,2.2,0.11,220.72,0.94
CMP-01269,2023-04-05,Google Ads,Lead Generation,Tech,Latin America,9715.22,4700380,70975,8084,359310.0,1.51,0.14,36.98,1.2
CMP-01270,2022-06-27,Google Ads,Conversion,Finance,North America,24243.32,6729650,341193,1978,121614.12,5.07,0.07,5.02,12.26
CMP-01271,2022-06-22,Instagram,Conversion,Travel,North America,31049.95,3152052,71236,1906,735340.55,2.26,0.44,23.68,16.29
CMP-01272,2022-07-31,Google Ads,Retargeting,Retail,North America,21769.28,8482153,325714,32513,7323953.54,3.84,0.07,336.44,0.67
CMP-01273,2023-07-12,Facebook,Lead Generation,Healthcare,Middle East,8212.32,751000,43107,4299,1416627.85,5.74,0.19,172.5,1.91
CMP-01274,2023-04-19,LinkedIn,Brand Awareness,Education,Asia Pacific,22494.96,5222071,54309,1219,300378.67,1.04,0.41,13.35,18.45
CMP-01275,2022-10-22,Email,Brand Awareness,Food & Beverage,Europe,19210.63,5118489,352663,2971,414073.77,6.89,0.05,21.55,6.47
CMP-01276,2023-07-07,LinkedIn,Lead Generation,Education,Middle East,27159.85,7166159,343975,11732,5043136.14,4.8,0.08,185.68,2.32
CMP-01277,2023-02-17,LinkedIn,Retargeting,Travel,North America,39428.41,13548684,537882,7205,1403886.56,3.97,0.07,35.61,5.47
CMP-01278,2024-04-22,TikTok,Retargeting,Retail,Asia Pacific,45832.02,18560804,265419,16007,6479535.84,1.43,0.17,141.38,2.86
CMP-01279,2022-10-19,Email,Retargeting,Food & Beverage,Middle East,39605.91,4559998,257639,5483,2080878.71,5.65,0.15,52.54,7.22
CMP-01280,2022-09-01,Twitter,Conversion,Healthcare,North America,34985.19,5216225,317146,12526,4602058.73,6.08,0.11,131.54,2.79
CMP-01281,2023-02-27,Twitter,Conversion,Food & Beverage,Europe,43589.55,5747872,415571,41258,17347717.47,7.23,0.1,397.98,1.06
CMP-01282,2024-01-03,LinkedIn,Engagement,Education,Europe,26578.97,8059505,295783,10151,2132592.36,3.67,0.09,80.24,2.62
CMP-01283,2022-08-30,LinkedIn,Conversion,Travel,Latin America,17650.71,1752220,57122,4654,181310.43,3.26,0.31,10.27,3.79
CMP-01284,2022-09-24,TikTok,Retargeting,Tech,North America,47916.06,7551462,588258,22438,7228705.44,7.79,0.08,150.86,2.14
CMP-01285,2023-09-04,Email,Conversion,Food & Beverage,Asia Pacific,42546.07,6448784,439162,21018,4920831.79,6.81,0.1,115.66,2.02
CMP-01286,2023-06-13,YouTube,Engagement,Finance,Europe,37165.78,4861110,361666,33945,1893893.51,7.44,0.1,50.96,1.09
CMP-01287,2024-04-03,Twitter,Retargeting,Education,Asia Pacific,17069.49,5732087,159352,6437,1872428.76,2.78,0.11,109.69,2.65
CMP-01288,2022-04-16,LinkedIn,Retargeting,Food & Beverage,Latin America,46112.64,14713457,331052,24291,3145921.07,2.25,0.14,68.22,1.9
CMP-01289,2022-08-17,Email,Engagement,Food & Beverage,Europe,27838.04,9064980,688938,47101,6157317.25,7.6,0.04,221.18,0.59
CMP-01290,2023-03-29,Instagram,Conversion,Retail,Europe,47550.42,14365181,866220,42650,13372674.48,6.03,0.05,281.23,1.11
CMP-01291,2022-09-13,YouTube,Brand Awareness,Tech,Latin America,12309.13,4848789,178435,4080,1696015.3,3.68,0.07,137.79,3.02
CMP-01292,2023-04-13,Email,Lead Generation,Tech,North America,1451.35,528456,3804,164,36073.71,0.72,0.38,24.86,8.85
CMP-01293,2022-12-31,TikTok,Engagement,Retail,Asia Pacific,2655.91,652760,49218,4337,1046851.95,7.54,0.05,394.16,0.61
CMP-01294,2022-10-16,Google Ads,Conversion,Food & Beverage,Asia Pacific,15491.78,4791787,147107,15233,2432514.09,3.07,0.11,157.02,1.02
CMP-01295,2023-08-12,YouTube,Lead Generation,Travel,Europe,2487.52,1053182,50552,4306,872334.07,4.8,0.05,350.68,0.58
CMP-01296,2022-09-27,Facebook,Conversion,Healthcare,North America,33336.4,5340138,214673,17058,7454300.24,4.02,0.16,223.61,1.95
CMP-01297,2023-09-16,Google Ads,Engagement,Retail,Middle East,13798.89,1483407,107250,6367,1793372.39,7.23,0.13,129.96,2.17
CMP-01298,2022-05-15,TikTok,Engagement,Food & Beverage,Middle East,40742.57,6290291,256014,21381,10484479.17,4.07,0.16,257.33,1.91
CMP-01299,2023-12-05,Email,Conversion,Travel,Latin America,7219.5,680716,25322,2916,970890.25,3.72,0.29,134.48,2.48
CMP-01300,2022-04-14,Facebook,Retargeting,Finance,Middle East,46844.21,11894156,133214,6395,1161173.15,1.12,0.35,24.79,7.33
CMP-01301,2022-03-20,Instagram,Conversion,Retail,Asia Pacific,34397.92,7015095,460891,16588,6044300.44,6.57,0.07,175.72,2.07
CMP-01302,2023-01-21,Facebook,Brand Awareness,Finance,Europe,39368.52,13164734,504209,48912,6782174.74,3.83,0.08,172.27,0.8
CMP-01303,2022-08-01,Google Ads,Conversion,Travel,Europe,47219.09,5139061,44709,3924,1256188.37,0.87,1.06,26.6,12.03
CMP-01304,2024-03-30,LinkedIn,Lead Generation,Finance,North America,18624.19,3207315,235737,15159,6654934.6,7.35,0.08,357.33,1.23
CMP-01305,2022-09-28,Email,Brand Awareness,Retail,North America,31446.33,6882111,469359,36411,6423098.71,6.82,0.07,204.26,0.86
CMP-01306,2023-06-03,YouTube,Conversion,Healthcare,Europe,16324.29,5563074,352698,38187,17547062.84,6.34,0.05,1074.91,0.43
CMP-01307,2022-09-03,TikTok,Brand Awareness,Retail,Europe,29275.84,12020320,852240,44778,9023029.03,7.09,0.03,308.21,0.65
CMP-01308,2022-05-22,Google Ads,Engagement,Retail,Latin America,11961.34,3060453,216374,11689,5007211.18,7.07,0.06,418.62,1.02
CMP-01309,2022-07-30,Google Ads,Lead Generation,Finance,Middle East,3678.47,530189,21525,2022,717739.1,4.06,0.17,195.12,1.82
CMP-01310,2024-03-31,LinkedIn,Retargeting,Tech,North America,2131.05,883094,8919,231,75446.05,1.01,0.24,35.4,9.23
CMP-01311,2022-10-04,Facebook,Retargeting,Finance,Europe,33183.94,7971807,601074,41309,14491467.19,7.54,0.06,436.7,0.8
CMP-01312,2022-08-18,Twitter,Lead Generation,Food & Beverage,Asia Pacific,9217.01,1407699,74748,3763,963191.29,5.31,0.12,104.5,2.45
CMP-01313,2024-04-13,TikTok,Conversion,Food & Beverage,North America,21287.44,1245764,48460,3885,481287.28,3.89,0.44,22.61,5.48
CMP-01314,2022-04-08,Facebook,Engagement,Food & Beverage,Asia Pacific,19326.74,2205691,80066,9154,2325897.64,3.63,0.24,120.35,2.11
CMP-01315,2022-10-21,Facebook,Conversion,Travel,Latin America,45701.19,7324675,422633,13119,638213.93,5.77,0.11,13.96,3.48
CMP-01316,2022-02-09,LinkedIn,Retargeting,Travel,North America,1302.36,119560,8823,143,49442.21,7.38,0.15,37.96,9.11
CMP-01317,2022-02-10,Twitter,Brand Awareness,Travel,Europe,11786.55,3648295,129514,9886,3858580.34,3.55,0.09,327.37,1.19
CMP-01318,2022-01-30,YouTube,Engagement,Food & Beverage,Asia Pacific,18585.28,3460295,261598,31037,4813993.07,7.56,0.07,259.02,0.6
CMP-01319,2023-02-23,Email,Brand Awareness,Retail,North America,21808.23,5687968,394176,31204,14877124.55,6.93,0.06,682.18,0.7
CMP-01320,2024-02-25,YouTube,Lead Generation,Food & Beverage,Europe,20286.21,9505710,181559,11543,2973661.16,1.91,0.11,146.59,1.76
CMP-01321,2023-09-06,Google Ads,Retargeting,Education,Asia Pacific,5577.7,1431487,104212,7695,1954113.38,7.28,0.05,350.34,0.72
CMP-01322,2022-09-16,LinkedIn,Lead Generation,Healthcare,Europe,43641.48,11004598,676782,25737,11011577.04,6.15,0.06,252.32,1.7
CMP-01323,2023-06-02,Google Ads,Conversion,Tech,Asia Pacific,17130.57,5678410,380453,36916,10181195.69,6.7,0.05,594.33,0.46
CMP-01324,2022-03-24,YouTube,Engagement,Retail,Asia Pacific,19761.81,9828978,546491,11894,2271024.79,5.56,0.04,114.92,1.66
CMP-01325,2022-04-01,Twitter,Brand Awareness,Finance,Latin America,33738.7,14837900,847244,8895,365092.53,5.71,0.04,10.82,3.79
CMP-01326,2023-06-29,YouTube,Retargeting,Finance,Asia Pacific,5267.81,672991,43609,3805,708544.18,6.48,0.12,134.5,1.38
CMP-01327,2023-03-25,LinkedIn,Conversion,Retail,Asia Pacific,10106.2,3740693,82669,5879,272971.42,2.21,0.12,27.01,1.72
CMP-01328,2023-07-24,Instagram,Brand Awareness,Food & Beverage,Asia Pacific,46725.38,3005692,211600,10557,4613565.74,7.04,0.22,98.74,4.43
CMP-01329,2024-02-08,TikTok,Brand Awareness,Travel,Europe,12572.49,2620437,62890,4390,475891.41,2.4,0.2,37.85,2.86
CMP-01330,2022-02-15,LinkedIn,Engagement,Education,Middle East,48024.65,19893797,1386597,47231,9139369.17,6.97,0.03,190.31,1.02
CMP-01331,2023-04-23,Facebook,Retargeting,Healthcare,Europe,49430.56,19616765,1567379,65633,13033397.22,7.99,0.03,263.67,0.75
CMP-01332,2022-03-12,Instagram,Lead Generation,Education,North America,24164.14,3894596,118785,6465,2727221.31,3.05,0.2,112.86,3.74
CMP-01333,2022-06-18,Facebook,Conversion,Food & Beverage,Middle East,27552.01,2003916,160112,18595,2248615.74,7.99,0.17,81.61,1.48
CMP-01334,2024-03-27,Facebook,Engagement,Healthcare,Asia Pacific,44660.7,13258118,627108,21225,8869825.35,4.73,0.07,198.6,2.1
CMP-01335,2022-07-19,LinkedIn,Brand Awareness,Finance,Asia Pacific,8058.54,2973415,89202,1659,702921.85,3.0,0.09,87.23,4.86
CMP-01336,2024-05-02,YouTube,Retargeting,Education,Middle East,29645.79,4947597,55907,1998,279296.02,1.13,0.53,9.42,14.84
CMP-01337,2022-04-29,LinkedIn,Retargeting,Tech,North America,12951.32,5884096,112386,9919,1141526.64,1.91,0.12,88.14,1.31
CMP-01338,2024-01-29,Twitter,Retargeting,Healthcare,Middle East,33052.6,1831578,21612,419,78005.24,1.18,1.53,2.36,78.88
CMP-01339,2023-08-17,Google Ads,Retargeting,Retail,Asia Pacific,30060.45,14569573,1002386,10448,1212363.12,6.88,0.03,40.33,2.88
CMP-01340,2022-05-01,LinkedIn,Engagement,Finance,Middle East,19296.95,1500068,83703,7360,2608325.6,5.58,0.23,135.17,2.62
CMP-01341,2022-12-25,Instagram,Engagement,Travel,Latin America,20301.13,9759993,118095,14031,3401151.82,1.21,0.17,167.54,1.45
CMP-01342,2023-12-28,Facebook,Engagement,Tech,Asia Pacific,27208.25,12646304,235221,18397,9080272.96,1.86,0.12,333.73,1.48
CMP-01343,2022-07-30,YouTube,Engagement,Finance,Europe,19248.57,4926260,118230,5846,1168599.92,2.4,0.16,60.71,3.29
CMP-01344,2024-04-28,Email,Conversion,Retail,North America,34138.29,5949030,364675,42538,14802640.05,6.13,0.09,433.61,0.8
CMP-01345,2023-01-25,Facebook,Retargeting,Healthcare,North America,2858.01,852716,26519,2862,714897.5,3.11,0.11,250.14,1.0
CMP-01346,2022-08-02,Email,Retargeting,Food & Beverage,North America,44920.81,14327524,1054505,107231,41533960.15,7.36,0.04,924.6,0.42
CMP-01347,2023-10-19,LinkedIn,Brand Awareness,Healthcare,Middle East,14191.4,3511378,161172,10407,2579611.18,4.59,0.09,181.77,1.36
CMP-01348,2022-01-13,TikTok,Engagement,Education,Middle East,20398.88,8585115,338253,28654,13040269.79,3.94,0.06,639.26,0.71
CMP-01349,2022-02-12,Email,Engagement,Retail,North America,48907.8,23292235,414601,34498,10924189.1,1.78,0.12,223.36,1.42
CMP-01350,2022-09-06,LinkedIn,Lead Generation,Healthcare,Asia Pacific,45734.4,6257808,301000,25543,3319540.64,4.81,0.15,72.58,1.79
CMP-01351,2024-04-14,TikTok,Conversion,Education,Asia Pacific,27385.99,10086733,517449,57788,7406766.29,5.13,0.05,270.46,0.47
CMP-01352,2024-05-24,YouTube,Engagement,Food & Beverage,Latin America,23760.64,1445589,75026,6570,2598369.33,5.19,0.32,109.36,3.62
CMP-01353,2022-06-23,Facebook,Lead Generation,Education,Asia Pacific,19910.04,9931223,94346,11169,442856.07,0.95,0.21,22.24,1.78
CMP-01354,2022-09-22,Twitter,Conversion,Travel,Europe,2255.52,796075,5731,628,204374.5,0.72,0.39,90.61,3.59
CMP-01355,2022-11-09,Facebook,Conversion,Travel,Europe,38510.91,9374953,303748,30555,7813338.8,3.24,0.13,202.89,1.26
CMP-01356,2024-05-18,Twitter,Lead Generation,Finance,Middle East,20362.29,2094166,73924,740,78636.17,3.53,0.28,3.86,27.52
CMP-01357,2024-04-05,Google Ads,Lead Generation,Retail,Europe,27097.79,7089077,200620,9194,4073403.52,2.83,0.14,150.32,2.95
CMP-01358,2023-05-24,YouTube,Lead Generation,Retail,Europe,12109.22,2342069,99772,10646,1737119.94,4.26,0.12,143.45,1.14
CMP-01359,2023-04-04,YouTube,Retargeting,Travel,Asia Pacific,11669.27,2796754,105717,1273,401337.8,3.78,0.11,34.39,9.17
CMP-01360,2022-05-02,Email,Brand Awareness,Education,Asia Pacific,2986.86,161949,10996,1271,273031.66,6.79,0.27,91.41,2.35
CMP-01361,2024-02-20,Facebook,Engagement,Education,Asia Pacific,13740.49,4448920,326995,8083,2617576.41,7.35,0.04,190.5,1.7
CMP-01362,2022-11-27,LinkedIn,Lead Generation,Travel,Asia Pacific,26292.87,8884557,373151,34236,15083894.89,4.2,0.07,573.69,0.77
CMP-01363,2024-05-20,YouTube,Lead Generation,Finance,Latin America,21936.68,7253925,335131,7661,621129.04,4.62,0.07,28.31,2.86
CMP-01364,2024-01-15,Google Ads,Conversion,Food & Beverage,Middle East,42558.58,16488840,765082,54378,9730618.17,4.64,0.06,228.64,0.78
CMP-01365,2023-08-16,Email,Conversion,Finance,Europe,5906.23,604012,34307,2749,149414.6,5.68,0.17,25.3,2.15
CMP-01366,2024-01-21,Twitter,Brand Awareness,Education,Asia Pacific,33184.94,7612394,95916,9217,835830.37,1.26,0.35,25.19,3.6
CMP-01367,2024-04-05,YouTube,Brand Awareness,Education,Latin America,20131.72,3527246,51497,4663,607963.58,1.46,0.39,30.2,4.32
CMP-01368,2024-05-29,Facebook,Lead Generation,Food & Beverage,North America,25236.44,1315598,52360,4555,1670281.59,3.98,0.48,66.19,5.54
CMP-01369,2023-01-04,YouTube,Lead Generation,Retail,Latin America,3105.95,1186081,68555,5218,1879656.16,5.78,0.05,605.18,0.6
CMP-01370,2023-03-30,Email,Conversion,Retail,Europe,20844.7,4811210,328124,1836,662721.02,6.82,0.06,31.79,11.35
CMP-01371,2024-05-22,Google Ads,Lead Generation,Education,North America,31695.74,8383500,411629,34527,6763554.5,4.91,0.08,213.39,0.92
CMP-01372,2024-05-08,TikTok,Retargeting,Tech,Asia Pacific,5528.56,684005,12517,1335,350287.23,1.83,0.44,63.36,4.14
CMP-01373,2023-03-11,TikTok,Conversion,Travel,Europe,33051.95,11347877,451645,11845,3643867.83,3.98,0.07,110.25,2.79
CMP-01374,2022-01-10,Facebook,Conversion,Travel,North America,32983.08,15276536,1119770,88356,9989886.45,7.33,0.03,302.88,0.37
CMP-01375,2023-10-06,Facebook,Engagement,Food & Beverage,Asia Pacific,19627.97,5575598,165595,19619,2159321.14,2.97,0.12,110.01,1.0
CMP-01376,2022-10-02,YouTube,Retargeting,Retail,Europe,28543.58,6033941,453752,28262,5431807.56,7.52,0.06,190.3,1.01
CMP-01377,2023-10-20,TikTok,Conversion,Food & Beverage,Europe,8213.85,3936537,246033,28254,3979361.41,6.25,0.03,484.47,0.29
CMP-01378,2022-03-05,TikTok,Engagement,Tech,North America,4004.76,1799002,99125,10196,3708375.62,5.51,0.04,925.99,0.39
CMP-01379,2023-01-24,Facebook,Brand Awareness,Tech,Latin America,42510.52,18308756,241675,1583,701992.79,1.32,0.18,16.51,26.85
CMP-01380,2024-03-24,LinkedIn,Engagement,Food & Beverage,Middle East,40065.29,18906028,828084,24382,9829066.66,4.38,0.05,245.33,1.64
CMP-01381,2022-05-23,Email,Retargeting,Tech,Latin America,18158.59,5135748,35950,2181,909276.59,0.7,0.51,50.07,8.33
CMP-01382,2024-06-01,Instagram,Brand Awareness,Finance,Europe,24682.16,6507418,318212,18217,7813179.74,4.89,0.08,316.55,1.35
CMP-01383,2022-10-23,TikTok,Brand Awareness,Finance,Latin America,34139.58,2749758,87992,3878,1866026.81,3.2,0.39,54.66,8.8
CMP-01384,2022-11-16,Twitter,Retargeting,Healthcare,Latin America,17432.55,7985017,455944,26686,2993283.91,5.71,0.04,171.71,0.65
CMP-01385,2023-04-04,Google Ads,Brand Awareness,Retail,Middle East,33593.32,10631837,803766,60441,18883631.54,7.56,0.04,562.12,0.56
CMP-01386,2022-08-26,TikTok,Retargeting,Travel,Middle East,45625.15,12786088,882240,42481,10014891.35,6.9,0.05,219.5,1.07
CMP-01387,2023-02-13,YouTube,Brand Awareness,Tech,Middle East,30474.32,4480819,257647,28298,9477616.72,5.75,0.12,311.0,1.08
CMP-01388,2022-03-27,TikTok,Engagement,Tech,Asia Pacific,49705.65,20795528,1559664,101284,33134928.78,7.5,0.03,666.62,0.49
CMP-01389,2022-01-10,Instagram,Lead Generation,Finance,Latin America,39091.02,5726166,217594,14082,3379216.43,3.8,0.18,86.44,2.78
CMP-01390,2023-07-08,Email,Lead Generation,Tech,Middle East,9745.4,3126866,86614,7174,2389295.65,2.77,0.11,245.17,1.36
CMP-01391,2024-02-16,Facebook,Engagement,Travel,Europe,32383.08,2509257,163101,2477,245549.88,6.5,0.2,7.58,13.07
CMP-01392,2022-07-12,YouTube,Engagement,Finance,North America,3954.5,1085762,71334,5802,450109.46,6.57,0.06,113.82,0.68
CMP-01393,2024-01-20,TikTok,Retargeting,Healthcare,North America,1587.23,790602,43720,3517,283471.48,5.53,0.04,178.6,0.45
CMP-01394,2023-11-06,Twitter,Lead Generation,Tech,North America,42083.08,17609147,774802,11531,5388490.01,4.4,0.05,128.04,3.65
CMP-01395,2024-05-30,Google Ads,Retargeting,Tech,Asia Pacific,37753.71,11125659,313743,9000,829550.06,2.82,0.12,21.97,4.19
CMP-01396,2023-12-20,Google Ads,Engagement,Healthcare,Latin America,702.08,254357,9258,786,364209.48,3.64,0.08,518.76,0.89
CMP-01397,2023-11-20,YouTube,Lead Generation,Travel,Latin America,23048.53,8999427,369876,13035,991561.76,4.11,0.06,43.02,1.77
CMP-01398,2023-07-24,LinkedIn,Engagement,Healthcare,Middle East,31980.2,4684120,128813,7467,2639713.06,2.75,0.25,82.54,4.28
CMP-01399,2022-05-12,Google Ads,Conversion,Food & Beverage,Europe,24639.49,1465695,84717,1409,233854.0,5.78,0.29,9.49,17.49
CMP-01400,2022-06-25,LinkedIn,Lead Generation,Tech,North America,2384.5,884531,57052,5016,1911876.05,6.45,0.04,801.79,0.48
CMP-01401,2023-10-28,Twitter,Retargeting,Food & Beverage,Latin America,26107.66,2989968,23022,1576,245432.16,0.77,1.13,9.4,16.57
CMP-01402,2023-02-03,Google Ads,Conversion,Education,North America,39214.56,18848421,295920,6243,2187544.37,1.57,0.13,55.78,6.28
CMP-01403,2022-12-19,Email,Retargeting,Healthcare,Europe,43851.81,5575493,181761,20304,7171421.81,3.26,0.24,163.54,2.16
CMP-01404,2023-03-27,YouTube,Engagement,Finance,Europe,25787.85,10503146,274132,26864,9641557.48,2.61,0.09,373.88,0.96
CMP-01405,2022-09-16,TikTok,Lead Generation,Finance,Middle East,17573.7,2972469,67772,962,100783.76,2.28,0.26,5.73,18.27
CMP-01406,2023-12-05,Email,Retargeting,Education,Asia Pacific,5200.75,481107,4281,513,240100.38,0.89,1.21,46.17,10.14
CMP-01407,2023-03-06,Google Ads,Conversion,Finance,Asia Pacific,23948.88,7825368,418657,47760,23875483.47,5.35,0.06,996.94,0.5
CMP-01408,2022-05-09,Google Ads,Brand Awareness,Tech,North America,36399.96,11777998,798548,87839,13870784.27,6.78,0.05,381.07,0.41
CMP-01409,2022-10-20,Google Ads,Conversion,Education,Europe,24018.84,8540837,374088,38844,9552537.34,4.38,0.06,397.71,0.62
CMP-01410,2022-01-17,Twitter,Conversion,Travel,Middle East,2467.58,1065088,60390,828,350001.21,5.67,0.04,141.84,2.98
CMP-01411,2022-04-12,Email,Conversion,Education,North America,26797.66,4126584,141954,4842,1231879.57,3.44,0.19,45.97,5.53
CMP-01412,2023-10-09,LinkedIn,Brand Awareness,Healthcare,Latin America,41712.97,20495864,1551536,52792,3175345.69,7.57,0.03,76.12,0.79
CMP-01413,2022-01-10,YouTube,Engagement,Healthcare,Asia Pacific,18628.24,2909746,53248,5234,1894707.23,1.83,0.35,101.71,3.56
CMP-01414,2023-12-19,Twitter,Conversion,Tech,Latin America,27668.31,8860101,334025,31365,9444243.37,3.77,0.08,341.34,0.88
CMP-01415,2022-05-17,Twitter,Retargeting,Travel,Middle East,36458.52,5127987,25639,2904,1400406.71,0.5,1.42,38.41,12.55
CMP-01416,2023-10-27,Email,Conversion,Retail,Latin America,3293.98,356452,18464,1301,585480.38,5.18,0.18,177.74,2.53
CMP-01417,2022-11-05,YouTube,Lead Generation,Retail,North America,18422.46,7267312,501444,37825,18670920.05,6.9,0.04,1013.49,0.49
CMP-01418,2022-06-19,YouTube,Retargeting,Healthcare,Latin America,10080.34,852367,57449,3185,741951.38,6.74,0.18,73.6,3.16
CMP-01419,2023-05-28,TikTok,Engagement,Education,Europe,37407.18,7175511,143510,1663,789346.04,2.0,0.26,21.1,22.49
CMP-01420,2023-11-04,Twitter,Brand Awareness,Healthcare,Asia Pacific,49427.55,13097176,92989,1470,600121.58,0.71,0.53,12.14,33.62
CMP-01421,2023-04-02,Twitter,Lead Generation,Travel,North America,4875.33,1816043,102243,5839,1152052.75,5.63,0.05,236.3,0.83
CMP-01422,2022-02-13,TikTok,Conversion,Food & Beverage,Asia Pacific,36400.03,5404380,39451,2688,638091.18,0.73,0.92,17.53,13.54
CMP-01423,2022-05-26,Instagram,Conversion,Education,Europe,28317.72,4643179,57575,2523,241157.06,1.24,0.49,8.52,11.22
CMP-01424,2022-08-24,Email,Lead Generation,Education,Middle East,30573.91,7408267,531913,46077,15995573.8,7.18,0.06,523.18,0.66
CMP-01425,2023-01-02,Instagram,Brand Awareness,Travel,Europe,34246.69,2965839,134055,15401,3495389.79,4.52,0.26,102.07,2.22
CMP-01426,2022-05-03,TikTok,Retargeting,Retail,Latin America,9338.86,3264991,179901,17533,1061791.75,5.51,0.05,113.7,0.53
CMP-01427,2023-07-15,Instagram,Lead Generation,Travel,Europe,14648.4,2633952,40036,4495,2165064.58,1.52,0.37,147.8,3.26
CMP-01428,2023-11-17,LinkedIn,Engagement,Finance,Latin America,21636.36,1928400,112040,10637,773515.84,5.81,0.19,35.75,2.03
CMP-01429,2022-12-17,Twitter,Conversion,Food & Beverage,Middle East,5845.2,1960380,18427,941,457866.88,0.94,0.32,78.33,6.21
CMP-01430,2023-07-24,YouTube,Brand Awareness,Tech,Asia Pacific,5770.85,2538802,161721,15929,5460489.87,6.37,0.04,946.22,0.36
CMP-01431,2022-09-27,TikTok,Brand Awareness,Education,Europe,18395.63,7500351,45752,809,44032.68,0.61,0.4,2.39,22.74
CMP-01432,2022-10-01,Instagram,Brand Awareness,Finance,Middle East,23691.77,11550543,287608,13005,2690555.35,2.49,0.08,113.56,1.82
CMP-01433,2022-11-14,Google Ads,Brand Awareness,Education,North America,29086.77,9665992,545161,56291,1744267.22,5.64,0.05,59.97,0.52
CMP-01434,2023-10-24,YouTube,Conversion,Travel,Middle East,2306.28,465118,5069,242,24417.23,1.09,0.45,10.59,9.53
CMP-01435,2023-08-12,Instagram,Conversion,Tech,Europe,20729.15,2699386,110134,4268,782092.19,4.08,0.19,37.73,4.86
CMP-01436,2023-09-01,Instagram,Retargeting,Retail,Latin America,36305.8,3439480,199833,8027,1373818.55,5.81,0.18,37.84,4.52
CMP-01437,2023-09-18,Facebook,Retargeting,Healthcare,Europe,20512.77,6998008,65781,2256,545231.66,0.94,0.31,26.58,9.09
CMP-01438,2024-05-01,LinkedIn,Retargeting,Healthcare,Latin America,8084.02,2612418,13323,522,176957.15,0.51,0.61,21.89,15.49
CMP-01439,2022-10-29,YouTube,Brand Awareness,Finance,Latin America,16073.59,4902700,257391,5302,279356.46,5.25,0.06,17.38,3.03
CMP-01440,2024-03-23,Facebook,Engagement,Finance,Europe,39916.7,10846991,203923,18978,7237286.88,1.88,0.2,181.31,2.1
CMP-01441,2023-09-21,Instagram,Retargeting,Tech,Latin America,14721.77,4021510,144372,17189,585399.98,3.59,0.1,39.76,0.86
CMP-01442,2022-08-28,Email,Conversion,Retail,Latin America,14003.87,3447241,188908,6467,2721151.23,5.48,0.07,194.31,2.17
CMP-01443,2022-12-11,Instagram,Brand Awareness,Healthcare,Asia Pacific,11173.17,3220481,27374,2600,422528.68,0.85,0.41,37.82,4.3
CMP-01444,2024-02-26,Google Ads,Brand Awareness,Food & Beverage,Europe,9503.15,2224038,166580,8292,1087018.87,7.49,0.06,114.39,1.15
CMP-01445,2024-03-16,Instagram,Brand Awareness,Finance,North America,7431.52,2363059,65456,1051,518462.99,2.77,0.11,69.77,7.07
CMP-01446,2022-02-15,LinkedIn,Conversion,Food & Beverage,North America,18046.19,4313644,134154,13193,1461197.28,3.11,0.13,80.97,1.37
CMP-01447,2024-03-06,Twitter,Conversion,Finance,Latin America,12175.49,5875496,269685,13157,1192020.98,4.59,0.05,97.9,0.93
CMP-01448,2022-03-23,Twitter,Brand Awareness,Healthcare,Asia Pacific,8910.23,3009517,93595,1980,572050.29,3.11,0.1,64.2,4.5
CMP-01449,2024-02-24,Google Ads,Conversion,Tech,Asia Pacific,48630.68,15350942,629388,10181,2805246.59,4.1,0.08,57.68,4.78
CMP-01450,2023-08-22,TikTok,Retargeting,Tech,Middle East,41634.42,11935954,846259,74359,15964087.49,7.09,0.05,383.43,0.56
CMP-01451,2023-12-27,LinkedIn,Brand Awareness,Food & Beverage,Latin America,27080.41,2896242,28383,1279,385645.89,0.98,0.95,14.24,21.17
CMP-01452,2023-12-09,YouTube,Lead Generation,Healthcare,Europe,46156.8,12157552,629761,63376,16863810.78,5.18,0.07,365.36,0.73
CMP-01453,2022-08-23,Twitter,Lead Generation,Finance,Latin America,24954.32,7038736,425139,40907,1652326.68,6.04,0.06,66.21,0.61
CMP-01454,2023-10-13,Twitter,Engagement,Travel,Middle East,5287.18,2059188,50450,1287,633373.46,2.45,0.1,119.79,4.11
CMP-01455,2023-06-06,Google Ads,Lead Generation,Travel,Asia Pacific,19742.09,7726667,506096,2914,784666.79,6.55,0.04,39.75,6.77
CMP-01456,2022-02-07,LinkedIn,Lead Generation,Healthcare,North America,3746.35,1289501,86912,4302,535309.64,6.74,0.04,142.89,0.87
CMP-01457,2024-04-21,Twitter,Conversion,Travel,North America,34232.88,14675997,1118310,45039,12612245.68,7.62,0.03,368.42,0.76
CMP-01458,2022-07-11,Google Ads,Lead Generation,Healthcare,Asia Pacific,15375.95,1534517,88081,7618,1769579.35,5.74,0.17,115.09,2.02
CMP-01459,2023-08-14,Instagram,Brand Awareness,Retail,Middle East,9384.78,3307530,233842,2073,851113.64,7.07,0.04,90.69,4.53
CMP-01460,2022-11-14,Twitter,Conversion,Education,Europe,15081.93,5166057,184944,13840,3643865.52,3.58,0.08,241.6,1.09
CMP-01461,2024-03-14,Facebook,Brand Awareness,Education,Europe,49718.84,10910940,426617,14508,4619727.07,3.91,0.12,92.92,3.43
CMP-01462,2023-07-04,TikTok,Lead Generation,Tech,Europe,4026.98,1532904,69440,3279,462012.23,4.53,0.06,114.73,1.23
CMP-01463,2023-12-08,Facebook,Retargeting,Finance,Middle East,21812.4,9921883,401836,28659,12838219.67,4.05,0.05,588.57,0.76
CMP-01464,2023-04-06,Email,Brand Awareness,Education,North America,15098.36,3732714,59350,6505,3139678.45,1.59,0.25,207.95,2.32
CMP-01465,2024-01-26,Facebook,Retargeting,Education,Asia Pacific,13940.62,3229216,76209,3564,534488.04,2.36,0.18,38.34,3.91
CMP-01466,2023-10-22,Email,Brand Awareness,Travel,North America,39542.18,18463404,258487,30876,11654165.9,1.4,0.15,294.73,1.28
CMP-01467,2023-08-21,TikTok,Engagement,Travel,Middle East,16989.2,8241905,96430,11136,2796536.2,1.17,0.18,164.61,1.53
CMP-01468,2022-10-31,Google Ads,Retargeting,Travel,Middle East,49897.35,6228350,112110,9770,2183924.75,1.8,0.45,43.77,5.11
CMP-01469,2023-08-21,LinkedIn,Lead Generation,Healthcare,Latin America,25815.84,1746176,104945,7697,240925.98,6.01,0.25,9.33,3.35
CMP-01470,2023-02-05,TikTok,Engagement,Education,Latin America,3402.0,1352626,95224,3906,1836308.72,7.04,0.04,539.77,0.87
CMP-01471,2023-01-14,LinkedIn,Retargeting,Healthcare,Latin America,8745.58,3327271,214608,13708,2450682.43,6.45,0.04,280.22,0.64
CMP-01472,2023-11-14,Email,Conversion,Tech,North America,11123.39,4827783,62278,1535,270435.73,1.29,0.18,24.31,7.25
CMP-01473,2024-04-15,Google Ads,Engagement,Food & Beverage,North America,23143.22,1533808,16258,1199,561133.43,1.06,1.42,24.25,19.3
CMP-01474,2022-05-06,Twitter,Retargeting,Finance,Europe,7490.67,1001735,67717,4448,1670792.15,6.76,0.11,223.05,1.68
CMP-01475,2022-04-15,YouTube,Retargeting,Tech,Middle East,23824.04,9556924,243701,12158,2086811.4,2.55,0.1,87.59,1.96
CMP-01476,2023-08-23,LinkedIn,Lead Generation,Healthcare,Asia Pacific,32807.81,14857260,1187095,47114,6813206.84,7.99,0.03,207.67,0.7
CMP-01477,2023-05-12,YouTube,Conversion,Finance,Middle East,42045.77,13180651,251750,26901,2604027.44,1.91,0.17,61.93,1.56
CMP-01478,2022-08-15,TikTok,Engagement,Healthcare,Europe,2540.91,895142,32225,1834,468685.01,3.6,0.08,184.46,1.39
CMP-01479,2023-06-02,LinkedIn,Engagement,Healthcare,Europe,29350.35,8239720,561948,44525,11768859.26,6.82,0.05,400.98,0.66
CMP-01480,2023-12-25,LinkedIn,Lead Generation,Education,Asia Pacific,5805.91,1452185,47776,2456,1010320.07,3.29,0.12,174.02,2.36
CMP-01481,2023-06-09,Twitter,Engagement,Travel,Europe,34939.72,3408190,74298,5668,1920291.54,2.18,0.47,54.96,6.16
CMP-01482,2022-04-23,Twitter,Engagement,Retail,Latin America,4878.71,2334829,72846,7218,2450489.49,3.12,0.07,502.28,0.68
CMP-01483,2024-05-22,TikTok,Brand Awareness,Retail,Middle East,40297.78,12613656,436432,42806,9203483.05,3.46,0.09,228.39,0.94
CMP-01484,2023-10-08,LinkedIn,Retargeting,Education,Middle East,22708.94,3237507,162846,5805,1856669.53,5.03,0.14,81.76,3.91
CMP-01485,2022-07-25,YouTube,Engagement,Travel,Asia Pacific,21801.81,5432112,132543,8776,4106419.22,2.44,0.16,188.35,2.48
CMP-01486,2023-03-06,YouTube,Retargeting,Finance,Middle East,6049.31,2895715,180403,10973,478565.2,6.23,0.03,79.11,0.55
CMP-01487,2023-09-30,Instagram,Conversion,Finance,North America,5798.71,1450315,109643,6351,3159171.66,7.56,0.05,544.81,0.91
CMP-01488,2022-05-12,Twitter,Brand Awareness,Retail,Middle East,47300.09,23256858,1709379,140429,39884875.13,7.35,0.03,843.23,0.34
CMP-01489,2023-08-21,Instagram,Engagement,Travel,Asia Pacific,2695.51,1245405,35494,2996,498986.21,2.85,0.08,185.12,0.9
CMP-01490,2022-08-24,Twitter,Conversion,Healthcare,Europe,40095.1,4947301,255280,16417,1954609.25,5.16,0.16,48.75,2.44
CMP-01491,2023-09-19,Email,Lead Generation,Travel,Middle East,39280.08,12269656,148462,8729,1963829.5,1.21,0.26,50.0,4.5
CMP-01492,2022-08-03,Facebook,Conversion,Retail,Asia Pacific,34649.68,11986326,471062,41505,9356484.11,3.93,0.07,270.03,0.83
CMP-01493,2022-03-04,Email,Conversion,Travel,Middle East,1405.51,700050,52573,5696,1692758.08,7.51,0.03,1204.37,0.25
CMP-01494,2023-10-09,YouTube,Engagement,Travel,Europe,32950.81,1881772,92583,5068,1501210.96,4.92,0.36,45.56,6.5
CMP-01495,2023-06-20,Instagram,Retargeting,Retail,Latin America,16290.63,8129868,627625,12722,4992041.6,7.72,0.03,306.44,1.28
CMP-01496,2023-05-01,Email,Conversion,Education,Europe,43221.73,14557205,890900,77923,5531622.19,6.12,0.05,127.98,0.55
CMP-01497,2023-09-26,Facebook,Retargeting,Travel,Latin America,1251.6,138775,9575,618,297208.39,6.9,0.13,237.46,2.03
CMP-01498,2023-11-06,Instagram,Retargeting,Travel,North America,9800.99,4477484,295513,10463,4487312.39,6.6,0.03,457.84,0.94
CMP-01499,2023-07-16,YouTube,Lead Generation,Tech,North America,19075.95,6442304,335644,38021,15402643.96,5.21,0.06,807.44,0.5
CMP-01500,2023-06-08,Facebook,Lead Generation,Finance,Asia Pacific,47654.24,15456495,310675,31340,7721199.54,2.01,0.15,162.03,1.52
CMP-01501,2023-12-15,Twitter,Conversion,Travel,North America,24046.2,5194952,389101,3728,1721212.34,7.49,0.06,71.58,6.45
CMP-01502,2024-05-19,YouTube,Retargeting,Travel,North America,38686.96,2142411,152325,14017,4558394.1,7.11,0.25,117.83,2.76
CMP-01503,2023-04-26,Facebook,Lead Generation,Retail,Latin America,12796.63,2291777,126506,1412,529337.3,5.52,0.1,41.37,9.06
CMP-01504,2024-06-09,LinkedIn,Conversion,Education,North America,23764.24,3912294,34819,2068,1010924.2,0.89,0.68,42.54,11.49
CMP-01505,2022-03-10,TikTok,Retargeting,Healthcare,North America,12026.8,3532587,18016,1303,322719.04,0.51,0.67,26.83,9.23
CMP-01506,2023-03-01,TikTok,Conversion,Travel,Latin America,44501.74,3022441,238470,12783,2460753.36,7.89,0.19,55.3,3.48
CMP-01507,2023-12-28,Twitter,Conversion,Travel,Middle East,14127.63,1948260,97607,6819,1843063.13,5.01,0.14,130.46,2.07
CMP-01508,2024-03-26,Instagram,Conversion,Travel,Asia Pacific,28875.33,10331401,479377,19957,4211744.59,4.64,0.06,145.86,1.45
CMP-01509,2023-10-04,LinkedIn,Engagement,Food & Beverage,Europe,18365.4,7693719,601648,41034,19244390.56,7.82,0.03,1047.86,0.45
CMP-01510,2023-11-30,Twitter,Retargeting,Food & Beverage,Latin America,18866.82,8758096,635837,24381,10295762.86,7.26,0.03,545.71,0.77
CMP-01511,2024-01-21,Facebook,Conversion,Finance,Latin America,38399.48,6575486,324829,6328,3028977.75,4.94,0.12,78.88,6.07
CMP-01512,2022-06-14,TikTok,Retargeting,Food & Beverage,Europe,41835.73,7409796,88917,632,119098.66,1.2,0.47,2.85,66.2
CMP-01513,2022-12-13,Twitter,Brand Awareness,Tech,North America,23463.69,1401768,50463,2242,347493.53,3.6,0.46,14.81,10.47
CMP-01514,2023-01-16,YouTube,Engagement,Education,North America,23923.26,4866953,368428,11093,2593544.37,7.57,0.06,108.41,2.16
CMP-01515,2022-04-22,LinkedIn,Conversion,Healthcare,Latin America,5103.18,2066221,140503,9938,675061.65,6.8,0.04,132.28,0.51
CMP-01516,2022-01-30,Facebook,Lead Generation,Tech,North America,10557.32,3091331,89030,8556,3787489.87,2.88,0.12,358.75,1.23
CMP-01517,2022-11-07,TikTok,Retargeting,Education,Europe,4223.35,1919033,61025,4321,1934116.09,3.18,0.07,457.96,0.98
CMP-01518,2023-09-29,Instagram,Brand Awareness,Finance,Latin America,14798.29,763574,24205,2779,392917.08,3.17,0.61,26.55,5.33
CMP-01519,2023-08-01,Email,Lead Generation,Tech,North America,33978.0,16347451,225594,26642,7639918.56,1.38,0.15,224.85,1.28
CMP-01520,2024-04-24,LinkedIn,Engagement,Food & Beverage,Latin America,44359.81,7508492,400202,37571,13413114.15,5.33,0.11,302.37,1.18
CMP-01521,2022-06-15,LinkedIn,Engagement,Retail,Asia Pacific,30273.38,3922563,52170,3705,1513013.79,1.33,0.58,49.98,8.17
CMP-01522,2022-12-24,Email,Lead Generation,Travel,Latin America,16388.52,5760077,260355,16130,4572223.34,4.52,0.06,278.99,1.02
CMP-01523,2022-04-13,Email,Conversion,Travel,North America,6669.45,2937278,165662,4998,1601370.92,5.64,0.04,240.11,1.33
CMP-01524,2023-09-14,YouTube,Conversion,Finance,Latin America,28809.38,7566216,64312,6108,735282.29,0.85,0.45,25.52,4.72
CMP-01525,2023-03-20,Twitter,Lead Generation,Travel,Middle East,44499.16,14739030,1099531,80127,6096656.95,7.46,0.04,137.01,0.56
CMP-01526,2024-04-16,LinkedIn,Engagement,Food & Beverage,North America,39395.7,12300303,137763,3787,1806738.58,1.12,0.29,45.86,10.4
CMP-01527,2022-07-04,Email,Lead Generation,Finance,Europe,41197.57,16464334,464294,11728,5123714.29,2.82,0.09,124.37,3.51
CMP-01528,2024-04-21,Google Ads,Retargeting,Travel,Asia Pacific,25729.27,8890072,192025,10780,788913.77,2.16,0.13,30.66,2.39
CMP-01529,2024-01-11,Twitter,Lead Generation,Healthcare,Latin America,2524.09,182490,4416,178,61643.22,2.42,0.57,24.42,14.18
CMP-01530,2023-11-22,YouTube,Brand Awareness,Tech,Middle East,46054.71,15973527,466426,40213,18818866.18,2.92,0.1,408.62,1.15
CMP-01531,2022-01-02,Twitter,Engagement,Education,Latin America,14631.25,2189618,20363,774,157659.67,0.93,0.72,10.78,18.9
CMP-01532,2023-06-01,Facebook,Retargeting,Tech,Europe,19176.47,6864490,490811,26098,6304665.73,7.15,0.04,328.77,0.73
CMP-01533,2024-06-01,LinkedIn,Engagement,Food & Beverage,North America,13070.73,5943308,75480,6263,1150953.45,1.27,0.17,88.06,2.09
CMP-01534,2024-06-14,LinkedIn,Lead Generation,Healthcare,Middle East,39722.17,14514022,737312,28534,6803597.76,5.08,0.05,171.28,1.39
CMP-01535,2022-01-02,Google Ads,Conversion,Finance,Asia Pacific,6898.2,2039294,105023,12019,3515938.67,5.15,0.07,509.69,0.57
CMP-01536,2023-10-23,YouTube,Lead Generation,Retail,Latin America,38871.84,4687875,150012,10194,1615302.62,3.2,0.26,41.55,3.81
CMP-01537,2023-10-08,Facebook,Lead Generation,Finance,Middle East,17325.69,913406,58732,1163,113529.59,6.43,0.29,6.55,14.9
CMP-01538,2022-06-18,TikTok,Retargeting,Travel,Asia Pacific,15523.71,7679978,79103,3781,1793026.07,1.03,0.2,115.5,4.11
CMP-01539,2023-11-03,Email,Brand Awareness,Tech,Latin America,20037.4,1097408,58601,2469,883678.98,5.34,0.34,44.1,8.12
CMP-01540,2022-08-12,LinkedIn,Conversion,Retail,Latin America,11033.92,922984,52794,1966,863415.59,5.72,0.21,78.25,5.61
CMP-01541,2023-08-09,Facebook,Conversion,Travel,Latin America,41747.44,7874319,219693,18860,4462285.77,2.79,0.19,106.89,2.21
CMP-01542,2022-03-31,Instagram,Conversion,Food & Beverage,Asia Pacific,16898.44,1402695,21180,1514,585675.94,1.51,0.8,34.66,11.16
CMP-01543,2023-10-29,Facebook,Conversion,Education,North America,48854.43,20936984,1442558,108561,33347535.66,6.89,0.03,682.59,0.45
CMP-01544,2023-04-14,Instagram,Retargeting,Tech,North America,665.65,195083,15099,593,188986.8,7.74,0.04,283.91,1.12
CMP-01545,2022-06-28,Instagram,Engagement,Food & Beverage,Asia Pacific,28042.69,10144858,382461,25057,11227558.68,3.77,0.07,400.37,1.12
CMP-01546,2022-08-11,TikTok,Engagement,Finance,Middle East,26302.23,2924795,109972,11649,1472435.11,3.76,0.24,55.98,2.26
CMP-01547,2023-06-10,Instagram,Retargeting,Tech,North America,39515.63,17006194,724463,7158,1176663.56,4.26,0.05,29.78,5.52
CMP-01548,2024-05-19,Twitter,Retargeting,Healthcare,Europe,40980.51,11915791,661326,41278,1897592.01,5.55,0.06,46.3,0.99
CMP-01549,2024-02-05,Twitter,Retargeting,Tech,Middle East,22464.37,8469828,155844,7273,1978550.1,1.84,0.14,88.08,3.09
CMP-01550,2023-09-02,LinkedIn,Brand Awareness,Food & Beverage,Latin America,19164.87,4098193,298348,2373,289107.22,7.28,0.06,15.09,8.08
CMP-01551,2023-11-18,Instagram,Conversion,Retail,Asia Pacific,43807.01,14287057,288598,3844,1694334.93,2.02,0.15,38.68,11.4
CMP-01552,2022-05-29,Email,Conversion,Travel,North America,44208.65,4059848,136004,2531,209506.89,3.35,0.33,4.74,17.47
CMP-01553,2024-01-28,Facebook,Retargeting,Healthcare,Middle East,48957.87,4534011,243929,20143,2853333.58,5.38,0.2,58.28,2.43
CMP-01554,2024-01-21,LinkedIn,Lead Generation,Education,Asia Pacific,22915.28,1196353,54314,3959,1507835.22,4.54,0.42,65.8,5.79
CMP-01555,2023-12-03,Email,Lead Generation,Retail,Latin America,9430.67,2247099,149432,15373,2902597.33,6.65,0.06,307.78,0.61
CMP-01556,2022-07-22,Email,Lead Generation,Retail,Europe,37079.16,11299498,858761,35008,10158402.01,7.6,0.04,273.97,1.06
CMP-01557,2022-12-07,YouTube,Retargeting,Food & Beverage,Middle East,28689.9,1564887,42408,1001,191617.08,2.71,0.68,6.68,28.66
CMP-01558,2022-05-06,Email,Brand Awareness,Travel,North America,45194.15,20879022,1661970,114955,44439494.15,7.96,0.03,983.3,0.39
CMP-01559,2022-05-29,Google Ads,Retargeting,Food & Beverage,Asia Pacific,10260.32,4194020,254996,9051,289291.26,6.08,0.04,28.2,1.13
CMP-01560,2023-10-18,Google Ads,Retargeting,Healthcare,Latin America,25166.42,8043780,641893,53415,18537180.87,7.98,0.04,736.58,0.47
CMP-01561,2023-04-15,Email,Brand Awareness,Travel,Middle East,46537.28,17771898,302122,28223,1530344.52,1.7,0.15,32.88,1.65
CMP-01562,2022-06-04,TikTok,Engagement,Food & Beverage,Middle East,551.86,55454,1585,164,50159.6,2.86,0.35,90.89,3.37
CMP-01563,2023-02-18,Twitter,Engagement,Travel,North America,25517.09,6447076,61891,3796,1157591.5,0.96,0.41,45.37,6.72
CMP-01564,2023-02-26,LinkedIn,Conversion,Food & Beverage,Latin America,18279.57,2158317,171370,1449,645453.39,7.94,0.11,35.31,12.62
CMP-01565,2022-03-30,YouTube,Conversion,Tech,North America,37231.17,11961000,604030,71508,15821520.75,5.05,0.06,424.95,0.52
CMP-01566,2023-10-25,Google Ads,Engagement,Healthcare,Asia Pacific,32231.54,15869228,618899,66938,15054168.41,3.9,0.05,467.06,0.48
CMP-01567,2022-12-06,Twitter,Lead Generation,Healthcare,North America,27600.49,5184229,82429,5034,2267808.43,1.59,0.33,82.17,5.48
CMP-01568,2024-06-17,Email,Lead Generation,Education,North America,45428.13,18593395,641472,76131,23653571.8,3.45,0.07,520.68,0.6
CMP-01569,2023-08-16,Instagram,Conversion,Healthcare,Latin America,28531.83,4633600,346129,11796,4561188.09,7.47,0.08,159.86,2.42
CMP-01570,2022-06-21,Facebook,Conversion,Tech,Latin America,37499.06,4084286,218917,12699,6035176.52,5.36,0.17,160.94,2.95
CMP-01571,2022-08-18,Google Ads,Conversion,Education,Middle East,21071.13,3778680,126207,2100,1039213.61,3.34,0.17,49.32,10.03
CMP-01572,2022-03-26,Google Ads,Conversion,Tech,Middle East,39592.93,3374743,238594,24014,789380.1,7.07,0.17,19.94,1.65
CMP-01573,2022-02-04,LinkedIn,Engagement,Food & Beverage,Asia Pacific,24209.23,3518762,52429,2369,509460.72,1.49,0.46,21.04,10.22
CMP-01574,2022-08-23,Email,Lead Generation,Healthcare,North America,33841.86,13994472,1073376,33502,1046737.7,7.67,0.03,30.93,1.01
CMP-01575,2023-01-14,TikTok,Lead Generation,Travel,Europe,19120.58,6058034,98745,1237,437581.07,1.63,0.19,22.89,15.46
CMP-01576,2023-11-28,Facebook,Conversion,Education,North America,44827.68,15444331,1135158,13024,5787300.11,7.35,0.04,129.1,3.44
CMP-01577,2023-08-12,Google Ads,Engagement,Retail,Middle East,23965.7,1531702,85468,8062,2465297.23,5.58,0.28,102.87,2.97
CMP-01578,2022-11-30,Facebook,Brand Awareness,Healthcare,Middle East,32098.68,1693042,89054,3876,1867136.01,5.26,0.36,58.17,8.28
CMP-01579,2022-08-05,LinkedIn,Brand Awareness,Travel,Latin America,42085.44,11572139,639939,12869,2898196.69,5.53,0.07,68.86,3.27
CMP-01580,2022-06-13,Twitter,Brand Awareness,Food & Beverage,North America,19105.25,7363858,319591,35742,10706577.11,4.34,0.06,560.4,0.53
CMP-01581,2022-10-20,LinkedIn,Conversion,Healthcare,Asia Pacific,48309.1,5632999,39430,562,219657.18,0.7,1.23,4.55,85.96
CMP-01582,2022-10-12,YouTube,Engagement,Tech,Middle East,29788.29,11214188,650422,39246,8264992.59,5.8,0.05,277.46,0.76
CMP-01583,2024-06-18,Facebook,Engagement,Healthcare,Asia Pacific,49930.62,17858695,1162601,79152,35988749.19,6.51,0.04,720.78,0.63
CMP-01584,2023-07-11,Facebook,Conversion,Healthcare,Asia Pacific,16219.39,1158101,74002,2694,292356.65,6.39,0.22,18.03,6.02
CMP-01585,2023-07-05,Twitter,Lead Generation,Food & Beverage,North America,33219.73,12093795,796981,43082,18917619.46,6.59,0.04,569.47,0.77
CMP-01586,2022-09-03,Google Ads,Conversion,Healthcare,Asia Pacific,15310.65,6733521,173051,3078,1378186.12,2.57,0.09,90.01,4.97
CMP-01587,2023-02-27,Google Ads,Engagement,Food & Beverage,Latin America,20144.71,3562079,159224,1250,223048.61,4.47,0.13,11.07,16.12
CMP-01588,2022-02-23,YouTube,Retargeting,Food & Beverage,Asia Pacific,30083.45,10972702,521203,12674,4403684.04,4.75,0.06,146.38,2.37
CMP-01589,2022-05-30,Twitter,Conversion,Food & Beverage,North America,45491.99,21196714,1250606,49505,16296039.29,5.9,0.04,358.22,0.92
CMP-01590,2023-01-12,YouTube,Retargeting,Education,Middle East,22781.43,11171009,296031,15089,2242940.98,2.65,0.08,98.45,1.51
CMP-01591,2023-12-15,Instagram,Retargeting,Tech,Europe,9660.21,1541534,116848,2566,143152.72,7.58,0.08,14.82,3.76
CMP-01592,2022-07-05,Google Ads,Brand Awareness,Travel,Asia Pacific,43822.96,18458697,1059529,106142,52059719.03,5.74,0.04,1187.96,0.41
CMP-01593,2024-02-02,Email,Engagement,Healthcare,Latin America,21499.63,5609825,209807,20046,5146368.63,3.74,0.1,239.37,1.07
CMP-01594,2022-06-10,LinkedIn,Conversion,Finance,Middle East,43358.23,6951663,313520,6327,2832474.78,4.51,0.14,65.33,6.85
CMP-01595,2023-09-18,LinkedIn,Conversion,Tech,North America,46308.09,6292654,370008,17808,1405495.24,5.88,0.13,30.35,2.6
CMP-01596,2022-11-13,Facebook,Brand Awareness,Education,Middle East,1355.1,663823,42219,5014,1194948.08,6.36,0.03,881.82,0.27
CMP-01597,2023-01-28,Instagram,Retargeting,Retail,Middle East,32782.29,12627777,854900,89937,35037640.76,6.77,0.04,1068.8,0.36
CMP-01598,2022-12-21,Twitter,Conversion,Food & Beverage,Latin America,36096.81,9551708,726884,73826,32258232.27,7.61,0.05,893.66,0.49
CMP-01599,2024-01-07,Google Ads,Engagement,Retail,Middle East,9296.2,3556588,160046,17591,4555157.09,4.5,0.06,490.0,0.53
CMP-01600,2024-03-22,Instagram,Lead Generation,Finance,North America,14961.71,4432519,84217,4885,2363371.55,1.9,0.18,157.96,3.06
CMP-01601,2024-06-12,Google Ads,Engagement,Tech,North America,27406.26,6458707,395918,34176,17061838.44,6.13,0.07,622.55,0.8
CMP-01602,2022-04-28,TikTok,Engagement,Retail,Latin America,5784.99,1224181,41132,3678,1006129.21,3.36,0.14,173.92,1.57
CMP-01603,2022-06-13,LinkedIn,Conversion,Healthcare,Asia Pacific,38977.39,18695186,536551,58783,19326541.1,2.87,0.07,495.84,0.66
CMP-01604,2023-02-12,Google Ads,Retargeting,Tech,Europe,2443.08,235444,1954,220,101471.14,0.83,1.25,41.53,11.1
CMP-01605,2023-05-21,LinkedIn,Retargeting,Travel,Latin America,41795.61,17958368,1079297,19062,3608685.81,6.01,0.04,86.34,2.19
CMP-01606,2023-12-24,Instagram,Retargeting,Food & Beverage,North America,38847.78,13129531,349245,15639,3742072.58,2.66,0.11,96.33,2.48
CMP-01607,2024-04-13,Facebook,Engagement,Retail,Asia Pacific,46243.03,17551749,751214,69881,18522828.24,4.28,0.06,400.55,0.66
CMP-01608,2022-01-14,Facebook,Retargeting,Food & Beverage,Asia Pacific,6503.26,796916,49249,2120,334607.55,6.18,0.13,51.45,3.07
CMP-01609,2024-05-10,Google Ads,Lead Generation,Education,Middle East,46250.79,20692152,873208,36061,1166006.49,4.22,0.05,25.21,1.28
CMP-01610,2023-08-31,Twitter,Engagement,Food & Beverage,North America,13247.36,2202284,48670,2812,298262.59,2.21,0.27,22.51,4.71
CMP-01611,2024-03-11,Facebook,Conversion,Retail,Middle East,3504.85,1635983,28466,2137,268625.23,1.74,0.12,76.64,1.64
CMP-01612,2023-10-08,TikTok,Engagement,Education,North America,12250.59,1301257,8718,682,282953.78,0.67,1.41,23.1,17.96
CMP-01613,2022-12-26,LinkedIn,Lead Generation,Food & Beverage,North America,14192.91,3343132,211954,19549,6833071.2,6.34,0.07,481.44,0.73
CMP-01614,2024-03-12,Twitter,Lead Generation,Healthcare,Middle East,28533.24,5367164,85874,2934,869568.9,1.6,0.33,30.48,9.73
CMP-01615,2024-02-27,Twitter,Engagement,Retail,Middle East,15169.2,4107306,196739,16420,4364652.19,4.79,0.08,287.73,0.92
CMP-01616,2024-01-21,TikTok,Retargeting,Education,Middle East,14485.03,2085021,33360,510,101131.45,1.6,0.43,6.98,28.4
CMP-01617,2023-03-30,Google Ads,Conversion,Education,Europe,10555.35,1914208,43452,3458,1150074.77,2.27,0.24,108.96,3.05
CMP-01618,2023-04-01,Twitter,Engagement,Travel,North America,48340.15,21258482,1536988,114761,8049652.46,7.23,0.03,166.52,0.42
CMP-01619,2022-01-05,TikTok,Brand Awareness,Education,North America,25725.03,8817264,624262,48380,17064739.49,7.08,0.04,663.35,0.53
CMP-01620,2023-12-31,YouTube,Brand Awareness,Retail,Middle East,41704.33,16478295,354283,28158,7746578.33,2.15,0.12,185.75,1.48
CMP-01621,2024-05-07,Facebook,Engagement,Travel,North America,2977.76,627861,25553,1808,156313.77,4.07,0.12,52.49,1.65
CMP-01622,2024-02-24,Email,Retargeting,Tech,Europe,19582.08,2826788,95262,2692,202294.33,3.37,0.21,10.33,7.27
CMP-01623,2022-05-08,Email,Retargeting,Travel,Middle East,16043.99,2687943,118269,6483,1173041.55,4.4,0.14,73.11,2.47
CMP-01624,2022-12-02,Facebook,Retargeting,Education,North America,24001.49,2182033,174344,10667,3533180.7,7.99,0.14,147.21,2.25
CMP-01625,2024-04-13,Email,Brand Awareness,Finance,North America,24407.31,7843761,338066,35667,14330308.2,4.31,0.07,587.13,0.68
CMP-01626,2022-12-05,YouTube,Conversion,Tech,North America,2215.87,805662,36415,3161,973164.36,4.52,0.06,439.18,0.7
CMP-01627,2024-04-21,Google Ads,Engagement,Tech,Asia Pacific,1500.91,586396,41810,2634,610623.11,7.13,0.04,406.84,0.57
CMP-01628,2023-01-13,Instagram,Retargeting,Tech,Asia Pacific,39186.42,9765459,624989,35222,12666724.08,6.4,0.06,323.24,1.11
CMP-01629,2023-11-12,Google Ads,Lead Generation,Travel,Asia Pacific,4533.05,1928434,89093,9995,3571215.99,4.62,0.05,787.82,0.45
CMP-01630,2023-03-28,Instagram,Brand Awareness,Tech,Asia Pacific,9849.38,4199080,185179,7331,1225892.66,4.41,0.05,124.46,1.34
CMP-01631,2022-10-10,Instagram,Brand Awareness,Education,Europe,43000.11,17553671,958430,44577,7419222.01,5.46,0.04,172.54,0.96
CMP-01632,2022-03-28,Facebook,Engagement,Retail,Asia Pacific,12994.61,5991068,361261,36056,15481319.74,6.03,0.04,1191.36,0.36
CMP-01633,2023-04-17,Twitter,Brand Awareness,Education,Europe,1089.87,523414,2931,109,44331.55,0.56,0.37,40.68,10.0
CMP-01634,2023-12-11,YouTube,Engagement,Travel,Asia Pacific,37068.29,7910594,217541,21438,5138399.39,2.75,0.17,138.62,1.73
CMP-01635,2022-02-22,YouTube,Conversion,Tech,Europe,39564.03,18366305,868726,94164,14454264.9,4.73,0.05,365.34,0.42
CMP-01636,2023-06-22,LinkedIn,Retargeting,Travel,North America,25230.69,6894788,538482,42708,3128402.93,7.81,0.05,123.99,0.59
CMP-01637,2024-01-26,Instagram,Conversion,Tech,Latin America,22265.25,6170860,420852,32141,10500491.54,6.82,0.05,471.61,0.69
CMP-01638,2023-06-30,Google Ads,Lead Generation,Food & Beverage,Asia Pacific,2272.72,559504,39389,2472,341208.39,7.04,0.06,150.13,0.92
CMP-01639,2023-09-07,YouTube,Brand Awareness,Education,Latin America,26400.9,1368424,35715,3004,779609.24,2.61,0.74,29.53,8.79
CMP-01640,2023-05-10,Google Ads,Retargeting,Tech,Europe,45969.1,4585128,259976,23930,2426936.88,5.67,0.18,52.79,1.92
CMP-01641,2023-03-29,Instagram,Lead Generation,Retail,Europe,16470.8,1314124,73590,2518,628230.54,5.6,0.22,38.14,6.54
CMP-01642,2023-01-21,TikTok,Lead Generation,Retail,North America,17655.05,2176771,125164,7313,1997197.34,5.75,0.14,113.12,2.41
CMP-01643,2023-01-16,TikTok,Brand Awareness,Travel,Europe,8161.37,814279,62780,5629,892555.2,7.71,0.13,109.36,1.45
CMP-01644,2023-01-16,TikTok,Conversion,Food & Beverage,Europe,19003.72,1189287,41149,1056,250908.2,3.46,0.46,13.2,18.0
CMP-01645,2022-09-22,Instagram,Conversion,Education,Asia Pacific,47486.15,13458466,199185,11322,5385372.18,1.48,0.24,113.41,4.19
CMP-01646,2022-11-26,Email,Conversion,Finance,Asia Pacific,40129.55,18704824,871644,69440,32008461.36,4.66,0.05,797.63,0.58
CMP-01647,2023-05-23,Google Ads,Retargeting,Tech,Latin America,38280.76,12548125,673834,77191,28663996.34,5.37,0.06,748.78,0.5
CMP-01648,2024-03-13,Twitter,Conversion,Healthcare,Europe,19146.54,8762401,221688,15389,1028709.67,2.53,0.09,53.73,1.24
CMP-01649,2022-11-18,TikTok,Conversion,Tech,Latin America,17433.32,1668685,89107,9558,2827611.42,5.34,0.2,162.2,1.82
CMP-01650,2023-12-21,LinkedIn,Brand Awareness,Finance,Latin America,41935.98,18965535,1259311,124963,5053761.93,6.64,0.03,120.51,0.34
CMP-01651,2022-04-29,Instagram,Conversion,Food & Beverage,North America,4282.95,1307880,13732,1186,217378.92,1.05,0.31,50.75,3.61
CMP-01652,2022-05-11,Twitter,Brand Awareness,Food & Beverage,Asia Pacific,42293.14,12115193,313783,21688,2882779.74,2.59,0.13,68.16,1.95
CMP-01653,2024-02-03,Facebook,Conversion,Travel,Europe,21755.57,8379572,98040,3204,1461551.3,1.17,0.22,67.18,6.79
CMP-01654,2022-08-07,Facebook,Conversion,Retail,Asia Pacific,21680.97,5851611,38620,2880,794418.17,0.66,0.56,36.64,7.53
CMP-01655,2023-08-19,Google Ads,Conversion,Education,Europe,20423.45,1775520,128725,6671,396727.48,7.25,0.16,19.43,3.06
CMP-01656,2022-04-25,LinkedIn,Engagement,Travel,Latin America,6333.45,1992297,146035,13210,6535993.07,7.33,0.04,1031.98,0.48
CMP-01657,2023-06-06,Twitter,Retargeting,Education,North America,38381.94,2185834,165467,1471,140677.14,7.57,0.23,3.67,26.09
CMP-01658,2024-03-10,Google Ads,Engagement,Healthcare,Asia Pacific,40782.64,7476651,328224,27825,2788457.05,4.39,0.12,68.37,1.47
CMP-01659,2023-02-03,Google Ads,Conversion,Tech,Asia Pacific,45210.62,21328710,697448,78340,15154804.37,3.27,0.06,335.2,0.58
CMP-01660,2022-06-15,Email,Retargeting,Tech,Europe,15124.58,5522889,98307,11525,1175106.77,1.78,0.15,77.7,1.31
CMP-01661,2023-05-06,YouTube,Engagement,Travel,North America,3980.8,1687822,76120,3358,1025879.96,4.51,0.05,257.71,1.19
CMP-01662,2022-06-04,YouTube,Conversion,Education,Europe,27374.97,13145345,152486,12407,4897590.74,1.16,0.18,178.91,2.21
CMP-01663,2024-03-15,Instagram,Conversion,Travel,Europe,33733.97,11839915,468860,46883,21531190.59,3.96,0.07,638.26,0.72
CMP-01664,2023-04-16,Twitter,Brand Awareness,Healthcare,Latin America,2580.92,159501,10511,699,166852.57,6.59,0.25,64.65,3.69
CMP-01665,2023-12-28,Twitter,Brand Awareness,Food & Beverage,Latin America,1814.23,577165,45422,1487,178966.28,7.87,0.04,98.65,1.22
CMP-01666,2024-05-16,Google Ads,Lead Generation,Food & Beverage,Europe,25737.02,9977268,644531,37781,5057997.04,6.46,0.04,196.53,0.68
CMP-01667,2023-04-02,TikTok,Conversion,Healthcare,Middle East,23884.77,10480079,94320,8355,1623383.44,0.9,0.25,67.97,2.86
CMP-01668,2024-02-15,Google Ads,Conversion,Finance,North America,35132.19,9882056,406152,39612,7264603.52,4.11,0.09,206.78,0.89
CMP-01669,2022-12-10,Instagram,Lead Generation,Healthcare,Latin America,10437.78,2120441,63825,3600,287036.42,3.01,0.16,27.5,2.9
CMP-01670,2022-08-12,Facebook,Lead Generation,Travel,Latin America,33869.91,15978591,94273,1930,518195.26,0.59,0.36,15.3,17.55
CMP-01671,2024-06-16,LinkedIn,Lead Generation,Tech,Latin America,5570.94,1843224,12902,1486,338313.6,0.7,0.43,60.73,3.75
CMP-01672,2022-01-15,Facebook,Conversion,Retail,Asia Pacific,19799.97,6649110,102396,7343,1228981.9,1.54,0.19,62.07,2.7
CMP-01673,2023-09-27,Google Ads,Engagement,Retail,North America,28913.84,2335380,96217,4467,1778958.85,4.12,0.3,61.53,6.47
CMP-01674,2023-04-04,Email,Conversion,Retail,Latin America,5134.66,1830281,104326,9349,2440671.98,5.7,0.05,475.33,0.55
CMP-01675,2022-03-05,Google Ads,Lead Generation,Food & Beverage,North America,20177.27,9710359,54378,2362,843854.6,0.56,0.37,41.82,8.54
CMP-01676,2023-12-27,Email,Retargeting,Retail,North America,1431.7,565268,12096,1114,243145.64,2.14,0.12,169.83,1.29
CMP-01677,2022-09-04,Instagram,Brand Awareness,Education,Asia Pacific,13106.29,3987562,108860,5089,2378128.06,2.73,0.12,181.45,2.58
CMP-01678,2022-01-29,YouTube,Brand Awareness,Healthcare,Latin America,17925.39,6660969,458274,14890,3838853.15,6.88,0.04,214.16,1.2
CMP-01679,2024-06-18,Google Ads,Brand Awareness,Food & Beverage,Middle East,15692.23,850927,47226,2135,660608.55,5.55,0.33,42.1,7.35
CMP-01680,2022-10-18,YouTube,Conversion,Retail,Latin America,43276.86,2383590,154218,1949,652928.93,6.47,0.28,15.09,22.2
CMP-01681,2022-05-04,Google Ads,Engagement,Tech,Asia Pacific,37795.07,4298194,287549,15705,4043325.26,6.69,0.13,106.98,2.41
CMP-01682,2022-01-08,TikTok,Lead Generation,Finance,Europe,20520.65,3576397,192052,5033,705646.98,5.37,0.11,34.39,4.08
CMP-01683,2023-01-23,TikTok,Lead Generation,Healthcare,Europe,33867.42,7052384,403396,44993,17278301.57,5.72,0.08,510.17,0.75
CMP-01684,2024-06-03,YouTube,Engagement,Healthcare,Latin America,31777.31,10460876,580578,50762,2484281.67,5.55,0.05,78.18,0.63
CMP-01685,2023-06-20,Email,Lead Generation,Food & Beverage,Asia Pacific,551.34,85609,590,51,5434.18,0.69,0.93,9.86,10.81
CMP-01686,2024-04-20,Facebook,Conversion,Food & Beverage,North America,42448.11,12326713,94915,10590,1245591.69,0.77,0.45,29.34,4.01
CMP-01687,2022-11-15,Instagram,Brand Awareness,Food & Beverage,Europe,1510.53,508305,36953,572,128248.13,7.27,0.04,84.9,2.64
CMP-01688,2022-05-23,Google Ads,Conversion,Tech,Asia Pacific,38689.55,8050179,584442,36370,3886361.06,7.26,0.07,100.45,1.06
CMP-01689,2022-01-27,YouTube,Retargeting,Finance,North America,43209.18,18051213,967545,54111,12433350.07,5.36,0.04,287.75,0.8
CMP-01690,2023-01-05,YouTube,Lead Generation,Healthcare,Middle East,37429.73,12883533,602949,17426,1602121.03,4.68,0.06,42.8,2.15
CMP-01691,2022-11-05,YouTube,Retargeting,Finance,North America,5088.38,1703398,128776,5626,1402894.64,7.56,0.04,275.71,0.9
CMP-01692,2023-02-20,LinkedIn,Engagement,Travel,Asia Pacific,37255.08,5329679,257423,13022,393394.99,4.83,0.14,10.56,2.86
CMP-01693,2023-10-21,Twitter,Conversion,Food & Beverage,North America,47054.54,16176374,946317,72256,14618164.51,5.85,0.05,310.66,0.65
CMP-01694,2023-08-14,YouTube,Conversion,Retail,Asia Pacific,48618.56,9134449,516096,18268,4343126.63,5.65,0.09,89.33,2.66
CMP-01695,2022-03-18,Email,Brand Awareness,Healthcare,Middle East,18458.5,6209613,334698,37340,8720617.06,5.39,0.06,472.44,0.49
CMP-01696,2022-05-15,Google Ads,Conversion,Tech,Europe,44459.19,12261925,199869,23697,9500332.21,1.63,0.22,213.69,1.88
CMP-01697,2022-11-08,TikTok,Conversion,Tech,Europe,42382.06,13855900,210609,22096,1659384.04,1.52,0.2,39.15,1.92
CMP-01698,2024-03-27,Email,Retargeting,Food & Beverage,North America,43327.34,9867300,422320,7360,1102299.63,4.28,0.1,25.44,5.89
CMP-01699,2023-10-26,Twitter,Conversion,Finance,Europe,20402.57,8397200,560932,8611,4222677.68,6.68,0.04,206.97,2.37
CMP-01700,2022-04-03,Twitter,Conversion,Finance,North America,39346.06,14457451,906482,18509,3518778.65,6.27,0.04,89.43,2.13
CMP-01701,2024-05-17,YouTube,Conversion,Education,North America,44434.76,9968361,676851,27343,4974338.55,6.79,0.07,111.95,1.63
CMP-01702,2022-09-17,Facebook,Lead Generation,Tech,Europe,37740.43,6071805,128722,7329,272492.28,2.12,0.29,7.22,5.15
CMP-01703,2023-09-12,Email,Lead Generation,Healthcare,Asia Pacific,8161.19,522714,7736,582,52107.96,1.48,1.05,6.38,14.02
CMP-01704,2022-11-25,TikTok,Brand Awareness,Tech,Asia Pacific,2644.67,774259,17111,1060,202891.81,2.21,0.15,76.72,2.49
CMP-01705,2023-11-13,YouTube,Retargeting,Finance,North America,10448.7,1171191,5855,202,23186.44,0.5,1.78,2.22,51.73
CMP-01706,2023-11-05,LinkedIn,Brand Awareness,Tech,Middle East,6876.19,2739396,132860,7137,1790027.79,4.85,0.05,260.32,0.96
CMP-01707,2023-03-28,TikTok,Retargeting,Tech,North America,42716.74,8034048,114083,4401,1722220.28,1.42,0.37,40.32,9.71
CMP-01708,2022-03-23,Facebook,Engagement,Food & Beverage,North America,34130.19,12701742,551255,16786,4438065.96,4.34,0.06,130.03,2.03
CMP-01709,2022-05-25,Instagram,Conversion,Education,Middle East,32476.62,9800215,51941,5432,558045.21,0.53,0.63,17.18,5.98
CMP-01710,2022-06-22,YouTube,Conversion,Food & Beverage,Asia Pacific,24102.27,1752681,70107,2181,310104.97,4.0,0.34,12.87,11.05
CMP-01711,2023-11-26,Email,Retargeting,Food & Beverage,Latin America,41058.35,19021194,789379,35216,4320983.16,4.15,0.05,105.24,1.17
CMP-01712,2023-09-28,Twitter,Conversion,Food & Beverage,Middle East,37164.65,3537050,97622,2029,848661.82,2.76,0.38,22.84,18.32
CMP-01713,2024-01-15,YouTube,Brand Awareness,Food & Beverage,North America,26042.54,7827348,182377,21104,5270810.66,2.33,0.14,202.39,1.23
CMP-01714,2023-09-15,Email,Brand Awareness,Finance,Europe,25583.53,6040900,267007,23573,11273467.77,4.42,0.1,440.65,1.09
CMP-01715,2022-11-24,Instagram,Retargeting,Tech,Middle East,25557.42,8987331,649784,67021,7365570.95,7.23,0.04,288.2,0.38
CMP-01716,2023-07-23,LinkedIn,Lead Generation,Travel,Asia Pacific,20182.25,5683951,439369,44664,22106262.58,7.73,0.05,1095.33,0.45
CMP-01717,2023-05-13,LinkedIn,Engagement,Tech,Middle East,40005.76,17656836,586206,64757,14855152.89,3.32,0.07,371.33,0.62
CMP-01718,2022-04-01,Twitter,Brand Awareness,Food & Beverage,Middle East,1785.63,439253,10585,215,55134.08,2.41,0.17,30.88,8.31
CMP-01719,2024-03-25,LinkedIn,Engagement,Retail,Middle East,23850.09,11240165,845260,86258,17147593.43,7.52,0.03,718.97,0.28
CMP-01720,2023-04-04,TikTok,Retargeting,Travel,North America,42352.81,14772927,1050355,94480,17673762.46,7.11,0.04,417.3,0.45
CMP-01721,2022-06-21,Facebook,Brand Awareness,Finance,North America,42239.18,8928804,307150,16482,5783619.45,3.44,0.14,136.93,2.56
CMP-01722,2023-05-05,Email,Retargeting,Retail,Latin America,10601.43,2999235,74680,5589,2658902.85,2.49,0.14,250.81,1.9
CMP-01723,2022-01-29,LinkedIn,Lead Generation,Healthcare,Europe,41968.42,11425507,244505,23603,7070509.91,2.14,0.17,168.47,1.78
CMP-01724,2023-03-10,YouTube,Retargeting,Food & Beverage,Latin America,22249.08,8919383,610085,59720,27356344.08,6.84,0.04,1229.55,0.37
CMP-01725,2022-08-28,TikTok,Conversion,Travel,North America,32431.19,4674620,218772,5125,998844.4,4.68,0.15,30.8,6.33
CMP-01726,2023-10-08,YouTube,Lead Generation,Education,Middle East,23111.2,7970914,311662,17273,3663833.62,3.91,0.07,158.53,1.34
CMP-01727,2022-01-03,TikTok,Conversion,Healthcare,Latin America,12894.57,3044447,42622,3490,1207298.13,1.4,0.3,93.63,3.69
CMP-01728,2023-06-19,TikTok,Lead Generation,Education,Europe,33751.8,11244088,119187,12808,2115839.6,1.06,0.28,62.69,2.64
CMP-01729,2023-11-18,Google Ads,Brand Awareness,Tech,Latin America,32527.23,4672880,275232,10214,1295393.78,5.89,0.12,39.82,3.18
CMP-01730,2023-08-23,Email,Conversion,Food & Beverage,Middle East,34688.43,5060608,277827,22845,5325153.71,5.49,0.12,153.51,1.52
CMP-01731,2023-03-19,TikTok,Brand Awareness,Healthcare,Europe,10697.43,4412724,342868,19823,6184705.97,7.77,0.03,578.15,0.54
CMP-01732,2024-03-19,Twitter,Brand Awareness,Food & Beverage,Asia Pacific,4821.66,702592,27892,2231,570066.83,3.97,0.17,118.23,2.16
CMP-01733,2022-09-23,TikTok,Brand Awareness,Retail,Europe,37628.54,8107397,269165,31452,2983356.17,3.32,0.14,79.28,1.2
CMP-01734,2024-04-23,LinkedIn,Brand Awareness,Retail,North America,25564.51,1861832,14149,1319,483505.72,0.76,1.81,18.91,19.38
CMP-01735,2024-01-27,Email,Retargeting,Healthcare,North America,24890.42,8157728,128892,8637,633296.22,1.58,0.19,25.44,2.88
CMP-01736,2023-02-02,Google Ads,Brand Awareness,Food & Beverage,Europe,29309.66,5094934,196154,19585,7664177.45,3.85,0.15,261.49,1.5
CMP-01737,2023-12-24,Instagram,Brand Awareness,Food & Beverage,Middle East,30907.6,11033816,738162,8061,550595.62,6.69,0.04,17.81,3.83
CMP-01738,2024-03-12,YouTube,Conversion,Healthcare,Europe,26904.47,6753709,495722,38038,6619711.47,7.34,0.05,246.05,0.71
CMP-01739,2023-02-10,LinkedIn,Brand Awareness,Retail,North America,32975.32,8791159,614502,30316,4803178.96,6.99,0.05,145.66,1.09
CMP-01740,2022-11-23,Twitter,Conversion,Retail,North America,30062.0,12926065,544187,3614,1791295.11,4.21,0.06,59.59,8.32
CMP-01741,2023-08-15,TikTok,Engagement,Tech,Europe,39914.68,7926725,286154,16524,6486481.56,3.61,0.14,162.51,2.42
CMP-01742,2023-07-22,YouTube,Lead Generation,Tech,Latin America,10365.75,862294,53031,4317,796923.24,6.15,0.2,76.88,2.4
CMP-01743,2023-08-06,Twitter,Lead Generation,Tech,North America,17026.31,1884391,144909,1671,433583.81,7.69,0.12,25.47,10.19
CMP-01744,2022-12-11,Instagram,Retargeting,Education,Latin America,18527.97,2005854,98688,8783,2528016.21,4.92,0.19,136.44,2.11
CMP-01745,2023-09-20,Facebook,Engagement,Travel,Europe,3232.76,696323,8982,701,294513.37,1.29,0.36,91.1,4.61
CMP-01746,2022-05-31,Facebook,Brand Awareness,Retail,North America,14742.71,1754228,116480,2515,264367.92,6.64,0.13,17.93,5.86
CMP-01747,2022-11-17,Instagram,Brand Awareness,Healthcare,Latin America,25812.86,6830392,341519,33129,1025525.2,5.0,0.08,39.73,0.78
CMP-01748,2023-03-13,Facebook,Conversion,Healthcare,Latin America,10876.71,4003870,260651,22317,1737021.13,6.51,0.04,159.7,0.49
CMP-01749,2023-12-24,Facebook,Brand Awareness,Finance,Europe,43668.95,20964681,725377,50907,16957474.04,3.46,0.06,388.32,0.86
CMP-01750,2023-07-22,Instagram,Retargeting,Education,Middle East,36785.91,3550644,43317,4285,1819652.52,1.22,0.85,49.47,8.58
CMP-01751,2022-04-15,Facebook,Conversion,Healthcare,North America,20010.3,1722522,112825,1283,265055.76,6.55,0.18,13.25,15.6
CMP-01752,2024-05-26,Instagram,Conversion,Finance,Latin America,19697.95,1345178,6994,600,65397.12,0.52,2.82,3.32,32.83
CMP-01753,2022-09-19,Google Ads,Engagement,Food & Beverage,Middle East,14527.32,3461561,101077,9581,1955844.31,2.92,0.14,134.63,1.52
CMP-01754,2023-04-07,Google Ads,Conversion,Retail,Europe,13774.36,4035072,32684,3212,484767.7,0.81,0.42,35.19,4.29
CMP-01755,2023-10-26,Instagram,Conversion,Food & Beverage,Europe,22304.56,5183706,297544,1837,169065.33,5.74,0.07,7.58,12.14
CMP-01756,2023-07-09,YouTube,Retargeting,Travel,North America,18198.14,5433311,290682,26693,5266379.48,5.35,0.06,289.39,0.68
CMP-01757,2022-02-07,Email,Engagement,Tech,Middle East,21029.85,1505310,45159,4539,1794105.83,3.0,0.47,85.31,4.63
CMP-01758,2022-11-12,Google Ads,Engagement,Food & Beverage,Middle East,35308.56,7685719,387360,17105,6931668.27,5.04,0.09,196.32,2.06
CMP-01759,2023-11-20,Google Ads,Retargeting,Tech,Latin America,4505.95,1746322,62867,6451,1630142.67,3.6,0.07,361.78,0.7
CMP-01760,2022-12-03,LinkedIn,Conversion,Tech,North America,17264.19,2080895,40161,3006,1410017.81,1.93,0.43,81.67,5.74
CMP-01761,2023-03-27,Facebook,Lead Generation,Food & Beverage,North America,2584.81,429677,30936,243,48424.16,7.2,0.08,18.73,10.64
CMP-01762,2022-09-02,Facebook,Engagement,Retail,Asia Pacific,14938.84,3797598,176588,4498,1665063.49,4.65,0.08,111.46,3.32
CMP-01763,2023-04-18,Twitter,Conversion,Travel,Asia Pacific,754.57,374628,21353,2276,445341.14,5.7,0.04,590.19,0.33
CMP-01764,2023-06-25,YouTube,Lead Generation,Healthcare,Middle East,40548.53,7636620,483398,5475,2403205.55,6.33,0.08,59.27,7.41
CMP-01765,2022-05-08,Instagram,Lead Generation,Retail,Asia Pacific,35618.45,3930722,190246,12950,2022109.4,4.84,0.19,56.77,2.75
CMP-01766,2023-05-12,YouTube,Brand Awareness,Food & Beverage,North America,577.9,31573,442,12,3085.0,1.4,1.31,5.34,48.16
CMP-01767,2022-11-14,YouTube,Engagement,Healthcare,Asia Pacific,3560.98,1512936,77159,1965,276822.4,5.1,0.05,77.74,1.81
CMP-01768,2022-03-15,Instagram,Lead Generation,Retail,North America,17105.52,1766785,34098,2871,460553.95,1.93,0.5,26.92,5.96
CMP-01769,2023-07-10,Instagram,Retargeting,Travel,Middle East,44615.54,12028973,163594,8085,1163200.76,1.36,0.27,26.07,5.52
CMP-01770,2022-01-16,Instagram,Retargeting,Education,Europe,12610.27,1732947,125811,2516,1190095.25,7.26,0.1,94.38,5.01
CMP-01771,2022-01-04,Twitter,Retargeting,Finance,Asia Pacific,39995.45,8755590,456166,22534,4460460.17,5.21,0.09,111.52,1.77
CMP-01772,2022-10-12,Email,Lead Generation,Education,Latin America,29421.37,4592444,255339,14309,3849439.23,5.56,0.12,130.84,2.06
CMP-01773,2022-07-10,Instagram,Conversion,Healthcare,Middle East,39986.04,8964487,201700,22603,9522734.15,2.25,0.2,238.15,1.77
CMP-01774,2024-01-30,LinkedIn,Conversion,Education,Asia Pacific,2435.19,723290,21988,1123,302167.84,3.04,0.11,124.08,2.17
CMP-01775,2023-10-26,Twitter,Retargeting,Travel,Asia Pacific,5256.48,1969018,76594,6286,1008411.2,3.89,0.07,191.84,0.84
CMP-01776,2022-05-04,Facebook,Brand Awareness,Food & Beverage,Middle East,45494.25,6080874,60200,4761,1335108.94,0.99,0.76,29.35,9.56
CMP-01777,2024-04-08,LinkedIn,Engagement,Healthcare,Latin America,21240.11,6830936,387314,14382,5650828.25,5.67,0.05,266.05,1.48
CMP-01778,2023-03-23,Instagram,Brand Awareness,Finance,North America,12109.86,1029447,45192,3595,1250023.22,4.39,0.27,103.22,3.37
CMP-01779,2023-10-16,LinkedIn,Engagement,Travel,North America,916.89,336378,21460,1405,639064.64,6.38,0.04,696.99,0.65
CMP-01780,2023-04-11,Facebook,Conversion,Travel,Middle East,12855.51,3252240,242942,4289,1425147.33,7.47,0.05,110.86,3.0
CMP-01781,2022-02-08,Instagram,Retargeting,Finance,Latin America,18286.39,3118857,78907,2706,1217724.82,2.53,0.23,66.59,6.76
CMP-01782,2022-11-05,Facebook,Engagement,Travel,North America,13826.7,5797840,413385,33814,16481554.75,7.13,0.03,1192.01,0.41
CMP-01783,2022-06-21,TikTok,Retargeting,Tech,Middle East,35803.12,13320177,428909,50454,21044757.23,3.22,0.08,587.79,0.71
CMP-01784,2023-08-05,Instagram,Lead Generation,Food & Beverage,Europe,13860.77,6467704,166219,4965,893720.96,2.57,0.08,64.48,2.79
CMP-01785,2022-01-04,Facebook,Conversion,Travel,Latin America,41602.06,11131268,819261,40914,12062105.67,7.36,0.05,289.94,1.02
CMP-01786,2022-03-20,Twitter,Conversion,Finance,Asia Pacific,47069.02,7086539,372751,24226,5659641.75,5.26,0.13,120.24,1.94
CMP-01787,2022-05-17,YouTube,Brand Awareness,Finance,Europe,46189.01,4670243,124228,11478,5614938.95,2.66,0.37,121.56,4.02
CMP-01788,2024-04-18,Email,Brand Awareness,Finance,Europe,30735.91,6088008,328143,12308,3784794.11,5.39,0.09,123.14,2.5
CMP-01789,2023-07-12,Email,Retargeting,Education,Latin America,36039.95,12513594,455494,26884,7456475.89,3.64,0.08,206.89,1.34
CMP-01790,2023-01-04,Twitter,Engagement,Tech,Middle East,34316.2,13307575,570894,4196,448676.03,4.29,0.06,13.07,8.18
CMP-01791,2022-09-23,Twitter,Lead Generation,Finance,Europe,10069.0,1946721,27643,2531,193730.09,1.42,0.36,19.24,3.98
CMP-01792,2023-08-15,Instagram,Engagement,Travel,Middle East,24753.66,10267576,100622,2627,187864.08,0.98,0.25,7.59,9.42
CMP-01793,2022-04-29,Twitter,Retargeting,Tech,Latin America,40742.9,17061824,1177265,52578,12925755.03,6.9,0.03,317.25,0.77
CMP-01794,2023-07-30,LinkedIn,Lead Generation,Education,Middle East,22374.99,3585369,183212,8975,2237424.26,5.11,0.12,100.0,2.49
CMP-01795,2023-09-11,Email,Conversion,Tech,Latin America,11522.97,4272868,163650,13501,3887995.16,3.83,0.07,337.41,0.85
CMP-01796,2022-06-17,TikTok,Brand Awareness,Healthcare,Asia Pacific,43484.22,4353122,241598,2730,1172085.44,5.55,0.18,26.95,15.93
CMP-01797,2024-03-13,Instagram,Engagement,Tech,Asia Pacific,25596.51,4939249,46922,3750,248235.84,0.95,0.55,9.7,6.83
CMP-01798,2023-02-15,Facebook,Retargeting,Food & Beverage,Middle East,2514.58,342412,25509,679,237591.98,7.45,0.1,94.49,3.7
CMP-01799,2023-05-20,Instagram,Engagement,Food & Beverage,North America,29910.47,13115127,323943,17490,7993019.5,2.47,0.09,267.23,1.71
CMP-01800,2023-04-10,Email,Brand Awareness,Finance,Asia Pacific,13646.1,3129011,126412,2579,807977.36,4.04,0.11,59.21,5.29
CMP-01801,2024-04-06,LinkedIn,Engagement,Food & Beverage,Latin America,25359.9,10524613,796713,70431,25600683.99,7.57,0.03,1009.49,0.36
CMP-01802,2022-05-21,Twitter,Brand Awareness,Tech,Asia Pacific,11210.71,5534639,378015,28137,3900236.85,6.83,0.03,347.9,0.4
CMP-01803,2024-06-03,YouTube,Lead Generation,Finance,Latin America,17621.03,5632532,70406,512,21431.07,1.25,0.25,1.22,34.42
CMP-01804,2024-05-06,Google Ads,Lead Generation,Tech,Middle East,41435.96,3715902,105903,2948,565140.3,2.85,0.39,13.64,14.06
CMP-01805,2023-05-02,Email,Engagement,Tech,Middle East,3447.16,1490712,57690,2357,188691.23,3.87,0.06,54.74,1.46
CMP-01806,2024-05-11,LinkedIn,Engagement,Travel,Asia Pacific,36371.64,7126657,186005,10175,3096642.95,2.61,0.2,85.14,3.57
CMP-01807,2023-12-27,Instagram,Conversion,Tech,Europe,4785.77,974700,8869,760,211514.78,0.91,0.54,44.2,6.3
CMP-01808,2022-08-17,Google Ads,Engagement,Finance,Europe,10742.51,4352824,97938,8247,2343418.19,2.25,0.11,218.14,1.3
CMP-01809,2024-03-26,LinkedIn,Conversion,Food & Beverage,Asia Pacific,35035.51,4245564,290396,17855,5011317.22,6.84,0.12,143.04,1.96
CMP-01810,2023-11-18,LinkedIn,Brand Awareness,Healthcare,Latin America,46078.26,13032564,276290,20188,2532971.98,2.12,0.17,54.97,2.28
CMP-01811,2022-05-26,Email,Engagement,Finance,North America,7502.78,3169684,202542,15123,1645469.02,6.39,0.04,219.31,0.5
CMP-01812,2023-03-12,Twitter,Brand Awareness,Travel,Latin America,36387.0,18113102,648449,55682,14605433.07,3.58,0.06,401.39,0.65
CMP-01813,2024-05-16,LinkedIn,Conversion,Travel,Middle East,608.36,213596,6407,385,121723.9,3.0,0.09,200.09,1.58
CMP-01814,2022-09-04,Facebook,Retargeting,Education,Middle East,32195.71,9939974,167985,17004,3038247.83,1.69,0.19,94.37,1.89
CMP-01815,2024-05-29,Twitter,Brand Awareness,Travel,Europe,28818.45,7560389,319804,29859,4914045.71,4.23,0.09,170.52,0.97
CMP-01816,2022-06-15,TikTok,Retargeting,Finance,Middle East,17811.84,8183692,234053,24607,4503219.84,2.86,0.08,252.82,0.72
CMP-01817,2024-01-30,TikTok,Conversion,Finance,Europe,32725.61,5398681,197051,23082,8712651.5,3.65,0.17,266.23,1.42
CMP-01818,2024-03-03,Google Ads,Brand Awareness,Education,Middle East,9694.97,880615,9510,1081,460897.33,1.08,1.02,47.54,8.97
CMP-01819,2024-01-15,Facebook,Conversion,Finance,Middle East,9188.0,944491,70931,1947,407680.94,7.51,0.13,44.37,4.72
CMP-01820,2023-09-23,Twitter,Engagement,Retail,Europe,45885.37,4785890,127304,5812,1834932.55,2.66,0.36,39.99,7.89
CMP-01821,2023-01-31,LinkedIn,Conversion,Education,Latin America,24082.51,10972099,844851,98208,21526165.39,7.7,0.03,893.85,0.25
CMP-01822,2023-05-02,Email,Brand Awareness,Finance,Latin America,34773.78,13241543,390625,45522,3302154.96,2.95,0.09,94.96,0.76
CMP-01823,2022-02-21,Twitter,Engagement,Tech,Latin America,30525.98,13769291,839926,51780,24474004.97,6.1,0.04,801.74,0.59
CMP-01824,2023-05-22,Google Ads,Retargeting,Finance,Latin America,13042.53,958910,22054,852,279944.47,2.3,0.59,21.46,15.31
CMP-01825,2022-02-11,Instagram,Conversion,Travel,Latin America,31489.38,12301470,305076,29178,10735234.98,2.48,0.1,340.92,1.08
CMP-01826,2024-06-17,TikTok,Lead Generation,Tech,Asia Pacific,21858.41,4399191,98981,10037,2579020.2,2.25,0.22,117.99,2.18
CMP-01827,2023-01-10,LinkedIn,Brand Awareness,Finance,Middle East,30203.81,12354759,256978,5151,1306722.99,2.08,0.12,43.26,5.86
CMP-01828,2022-01-08,Instagram,Brand Awareness,Healthcare,Middle East,1932.1,146213,10322,421,208405.39,7.06,0.19,107.86,4.59
CMP-01829,2023-10-07,Email,Lead Generation,Tech,North America,38349.44,2696149,188460,4934,1973976.04,6.99,0.2,51.47,7.77
CMP-01830,2023-07-03,YouTube,Brand Awareness,Finance,North America,8926.46,3924234,237416,21089,8816860.3,6.05,0.04,987.72,0.42
CMP-01831,2022-11-06,Google Ads,Conversion,Retail,Middle East,8557.6,4142648,153692,17052,5109172.06,3.71,0.06,597.03,0.5
CMP-01832,2022-09-03,Twitter,Engagement,Education,Latin America,38952.92,8825539,368907,43709,13642458.51,4.18,0.11,350.23,0.89
CMP-01833,2023-09-01,Twitter,Retargeting,Education,Asia Pacific,20834.33,6231586,269204,4313,590465.26,4.32,0.08,28.34,4.83
CMP-01834,2023-01-18,LinkedIn,Lead Generation,Finance,Latin America,26872.33,9175533,295452,27924,9737972.51,3.22,0.09,362.38,0.96
CMP-01835,2023-07-19,Google Ads,Retargeting,Tech,Latin America,46229.71,15548647,1033985,17576,3090621.5,6.65,0.04,66.85,2.63
CMP-01836,2022-09-09,Google Ads,Conversion,Tech,North America,41578.94,14202932,370696,33758,7952299.38,2.61,0.11,191.26,1.23
CMP-01837,2022-12-05,Twitter,Lead Generation,Education,Latin America,3065.3,793976,17864,634,81047.73,2.25,0.17,26.44,4.83
CMP-01838,2022-04-22,LinkedIn,Conversion,Finance,Asia Pacific,2556.13,385333,28514,256,59108.82,7.4,0.09,23.12,9.98
CMP-01839,2022-10-11,Instagram,Conversion,Healthcare,Middle East,34875.72,16592270,589025,5961,2469034.95,3.55,0.06,70.8,5.85
CMP-01840,2022-12-20,TikTok,Lead Generation,Retail,North America,44795.51,4288188,84906,5067,1811461.93,1.98,0.53,40.44,8.84
CMP-01841,2023-06-27,Twitter,Lead Generation,Travel,Latin America,7414.82,3099190,234608,13797,4962347.57,7.57,0.03,669.25,0.54
CMP-01842,2023-10-20,Email,Lead Generation,Food & Beverage,Middle East,37394.4,13405486,780199,14065,5756455.92,5.82,0.05,153.94,2.66
CMP-01843,2023-08-02,Facebook,Retargeting,Finance,North America,12939.45,5019199,49690,1104,232448.28,0.99,0.26,17.96,11.72
CMP-01844,2024-05-26,Email,Conversion,Food & Beverage,Latin America,42964.29,4652381,278212,30579,11515302.84,5.98,0.15,268.02,1.41
CMP-01845,2023-10-10,LinkedIn,Brand Awareness,Education,North America,43793.53,7201480,87137,7172,2155195.56,1.21,0.5,49.21,6.11
CMP-01846,2022-02-13,Twitter,Retargeting,Tech,Latin America,48677.42,3341674,105262,3818,470813.09,3.15,0.46,9.67,12.75
CMP-01847,2022-11-17,Email,Retargeting,Finance,North America,43319.46,20470970,1625395,55469,23490826.55,7.94,0.03,542.27,0.78
CMP-01848,2022-12-29,Email,Conversion,Food & Beverage,Middle East,39614.01,7875047,448877,30927,13263194.59,5.7,0.09,334.81,1.28
CMP-01849,2022-07-01,YouTube,Engagement,Travel,Europe,10319.82,873186,23314,1807,629731.84,2.67,0.44,61.02,5.71
CMP-01850,2023-06-01,Google Ads,Conversion,Education,Europe,21587.08,5523050,84502,4120,1691410.19,1.53,0.26,78.35,5.24
CMP-01851,2022-03-30,TikTok,Conversion,Travel,Asia Pacific,47041.0,4973146,231748,8840,3115360.53,4.66,0.2,66.23,5.32
CMP-01852,2023-10-09,LinkedIn,Lead Generation,Food & Beverage,Middle East,528.37,100820,4778,27,8659.9,4.74,0.11,16.39,19.57
CMP-01853,2022-05-20,YouTube,Retargeting,Travel,North America,33231.86,3750221,245639,12624,2479675.8,6.55,0.14,74.62,2.63
CMP-01854,2023-04-03,TikTok,Retargeting,Travel,North America,12547.29,4049237,161564,11026,723957.67,3.99,0.08,57.7,1.14
CMP-01855,2024-03-26,Facebook,Brand Awareness,Healthcare,Asia Pacific,41289.48,18651732,1232879,6288,1313229.77,6.61,0.03,31.81,6.57
CMP-01856,2023-09-07,YouTube,Retargeting,Tech,Europe,11703.12,2653726,179391,13260,4949497.04,6.76,0.07,422.92,0.88
CMP-01857,2023-08-02,TikTok,Lead Generation,Retail,Middle East,41349.9,15224470,558738,56796,11609664.72,3.67,0.07,280.77,0.73
CMP-01858,2023-12-01,Facebook,Brand Awareness,Travel,Europe,43702.93,14476400,563131,48161,9700703.14,3.89,0.08,221.97,0.91
CMP-01859,2023-04-29,YouTube,Engagement,Finance,Europe,48063.39,22393327,680757,9297,1009403.56,3.04,0.07,21.0,5.17
CMP-01860,2023-11-25,YouTube,Engagement,Finance,Europe,34694.14,3795856,231547,25290,5774749.88,6.1,0.15,166.45,1.37
CMP-01861,2023-03-08,YouTube,Engagement,Healthcare,Latin America,5158.38,1861336,136249,6965,698937.94,7.32,0.04,135.5,0.74
CMP-01862,2023-11-04,TikTok,Lead Generation,Tech,Europe,10320.44,3092606,24431,1286,438227.67,0.79,0.42,42.46,8.03
CMP-01863,2022-03-28,Google Ads,Lead Generation,Healthcare,Asia Pacific,13259.36,6491518,375209,26194,3358774.01,5.78,0.04,253.31,0.51
CMP-01864,2023-07-24,TikTok,Brand Awareness,Healthcare,North America,36972.6,6131793,321919,26037,2495956.25,5.25,0.11,67.51,1.42
CMP-01865,2022-08-04,TikTok,Brand Awareness,Finance,Middle East,20075.23,5691646,363127,12749,4480140.78,6.38,0.06,223.17,1.57
CMP-01866,2023-02-27,YouTube,Brand Awareness,Travel,Latin America,18283.89,3711850,207863,23467,9247921.16,5.6,0.09,505.8,0.78
CMP-01867,2023-07-04,Instagram,Lead Generation,Tech,Asia Pacific,1580.57,518405,22602,538,212544.71,4.36,0.07,134.47,2.94
CMP-01868,2023-11-14,Google Ads,Conversion,Finance,Middle East,32961.35,1935340,60576,1995,139953.6,3.13,0.54,4.25,16.52
CMP-01869,2023-06-14,Facebook,Lead Generation,Food & Beverage,North America,44965.39,15397734,468091,18087,5980056.76,3.04,0.1,132.99,2.49
CMP-01870,2024-05-31,YouTube,Retargeting,Healthcare,Latin America,4331.89,1266258,71290,3308,444974.58,5.63,0.06,102.72,1.31
CMP-01871,2024-06-15,TikTok,Conversion,Healthcare,Asia Pacific,3236.41,318706,22946,1191,262788.02,7.2,0.14,81.2,2.72
CMP-01872,2023-09-08,Email,Engagement,Retail,Middle East,1189.15,583278,30738,2887,1404404.95,5.27,0.04,1181.02,0.41
CMP-01873,2024-04-09,LinkedIn,Lead Generation,Education,Asia Pacific,20588.2,3149985,34649,778,381223.81,1.1,0.59,18.52,26.46
CMP-01874,2023-10-10,YouTube,Retargeting,Retail,Middle East,3982.49,1989152,14122,1649,578838.1,0.71,0.28,145.35,2.42
CMP-01875,2023-03-29,TikTok,Brand Awareness,Education,Middle East,16089.43,5562729,57296,5271,1646614.54,1.03,0.28,102.34,3.05
CMP-01876,2022-01-03,Instagram,Brand Awareness,Healthcare,Asia Pacific,1203.22,305294,2320,263,100616.64,0.76,0.52,83.62,4.57
CMP-01877,2022-11-08,TikTok,Conversion,Education,North America,19176.15,4624557,352853,20665,8351387.8,7.63,0.05,435.51,0.93
CMP-01878,2022-10-15,YouTube,Brand Awareness,Education,Latin America,33646.44,10359156,284876,28085,11072392.18,2.75,0.12,329.08,1.2
CMP-01879,2022-04-03,Google Ads,Conversion,Food & Beverage,Asia Pacific,38979.48,17485677,704672,27403,10715929.21,4.03,0.06,274.91,1.42
CMP-01880,2023-06-19,YouTube,Retargeting,Finance,Europe,12904.64,965369,34174,2147,185938.4,3.54,0.38,14.41,6.01
CMP-01881,2024-05-25,LinkedIn,Lead Generation,Education,Latin America,34041.12,3198290,36140,2113,611170.91,1.13,0.94,17.95,16.11
CMP-01882,2023-02-26,Email,Engagement,Retail,Europe,31803.95,12597160,581988,26374,4591905.07,4.62,0.05,144.38,1.21
CMP-01883,2022-07-27,Facebook,Retargeting,Education,North America,28193.37,1932291,51978,2661,854051.52,2.69,0.54,30.29,10.6
CMP-01884,2022-12-21,LinkedIn,Brand Awareness,Travel,Europe,24107.57,2399028,76528,7651,857099.19,3.19,0.32,35.55,3.15
CMP-01885,2023-09-06,Email,Conversion,Tech,Europe,24442.33,11338560,741541,11731,4596811.63,6.54,0.03,188.07,2.08
CMP-01886,2024-03-16,Instagram,Retargeting,Tech,Latin America,33099.95,2914965,105230,8510,1128211.82,3.61,0.31,34.09,3.89
CMP-01887,2022-03-24,Instagram,Engagement,Retail,Europe,37292.48,6410689,48721,3880,381239.52,0.76,0.77,10.22,9.61
CMP-01888,2022-08-17,LinkedIn,Brand Awareness,Education,Asia Pacific,27165.3,9417740,453935,47704,18207087.93,4.82,0.06,670.23,0.57
CMP-01889,2023-03-07,YouTube,Conversion,Food & Beverage,Europe,45089.38,21954776,1501706,58908,7803033.18,6.84,0.03,173.06,0.77
CMP-01890,2022-02-07,Twitter,Brand Awareness,Education,Asia Pacific,31730.43,4754303,257683,5762,1663795.06,5.42,0.12,52.44,5.51
CMP-01891,2024-01-01,Google Ads,Conversion,Finance,Middle East,32054.29,10736025,561494,11666,3412240.47,5.23,0.06,106.45,2.75
CMP-01892,2023-01-28,TikTok,Engagement,Finance,Europe,15594.26,7377460,135745,1138,425480.08,1.84,0.11,27.28,13.7
CMP-01893,2022-10-01,Twitter,Lead Generation,Education,Latin America,31689.86,5704988,119804,14264,1489801.82,2.1,0.26,47.01,2.22
CMP-01894,2023-01-11,TikTok,Engagement,Tech,Middle East,46009.95,7976482,297522,5912,1120756.52,3.73,0.15,24.36,7.78
CMP-01895,2023-06-04,TikTok,Retargeting,Healthcare,Asia Pacific,22353.32,1816944,13990,923,92521.2,0.77,1.6,4.14,24.22
CMP-01896,2024-05-18,LinkedIn,Lead Generation,Retail,Asia Pacific,44527.88,21853920,222909,16220,6400495.35,1.02,0.2,143.74,2.75
CMP-01897,2022-08-03,YouTube,Lead Generation,Healthcare,Asia Pacific,22672.15,5850913,238717,28404,11609793.74,4.08,0.09,512.07,0.8
CMP-01898,2022-11-11,LinkedIn,Engagement,Retail,Europe,5884.77,399211,30978,3410,139364.67,7.76,0.19,23.68,1.73
CMP-01899,2022-01-16,LinkedIn,Engagement,Retail,Latin America,9450.3,2320430,14618,1078,262878.19,0.63,0.65,27.82,8.77
CMP-01900,2023-10-18,Google Ads,Retargeting,Food & Beverage,Europe,33051.6,16355732,199539,13406,2668541.81,1.22,0.17,80.74,2.47
CMP-01901,2023-10-06,Instagram,Engagement,Finance,Middle East,27952.99,12724249,75073,4117,1232283.09,0.59,0.37,44.08,6.79
CMP-01902,2023-12-27,Instagram,Lead Generation,Retail,Asia Pacific,29155.38,11071849,321083,17341,8129160.28,2.9,0.09,278.82,1.68
CMP-01903,2024-01-08,Google Ads,Conversion,Food & Beverage,Latin America,18478.92,1650079,17820,1784,135299.06,1.08,1.04,7.32,10.36
CMP-01904,2023-05-02,Facebook,Brand Awareness,Tech,Latin America,32729.03,4346603,216460,7741,2920444.58,4.98,0.15,89.23,4.23
CMP-01905,2022-08-30,Email,Conversion,Travel,Middle East,6861.03,1638607,62430,4196,1523751.26,3.81,0.11,222.09,1.64
CMP-01906,2024-04-15,Twitter,Brand Awareness,Food & Beverage,North America,28356.88,12296531,965277,58171,2854691.3,7.85,0.03,100.67,0.49
CMP-01907,2023-08-09,YouTube,Engagement,Education,North America,15243.24,1223453,48081,1138,269129.11,3.93,0.32,17.66,13.39
CMP-01908,2023-08-03,Facebook,Engagement,Travel,North America,43347.52,4437511,52806,3378,1100956.37,1.19,0.82,25.4,12.83
CMP-01909,2022-05-18,Email,Conversion,Food & Beverage,Asia Pacific,5499.86,1879886,71247,5757,2717437.94,3.79,0.08,494.09,0.96
CMP-01910,2022-06-13,Instagram,Brand Awareness,Food & Beverage,Asia Pacific,2712.03,323456,7730,216,67988.38,2.39,0.35,25.07,12.56
CMP-01911,2023-08-19,Google Ads,Engagement,Travel,North America,38544.18,9432072,111298,7881,1169717.29,1.18,0.35,30.35,4.89
CMP-01912,2023-12-08,YouTube,Brand Awareness,Finance,Middle East,19318.47,2239582,150723,11667,3920443.45,6.73,0.13,202.94,1.66
CMP-01913,2023-01-11,TikTok,Conversion,Finance,Latin America,14761.3,4520085,204759,17281,3724285.81,4.53,0.07,252.3,0.85
CMP-01914,2024-03-14,LinkedIn,Brand Awareness,Education,Middle East,45361.67,12919683,1020654,25092,5150195.33,7.9,0.04,113.54,1.81
CMP-01915,2024-03-24,Twitter,Lead Generation,Healthcare,Europe,14297.25,1248149,81504,6015,1697007.59,6.53,0.18,118.69,2.38
CMP-01916,2022-06-12,Email,Lead Generation,Food & Beverage,Asia Pacific,14798.93,2279163,56067,3108,1310613.28,2.46,0.26,88.56,4.76
CMP-01917,2023-02-17,LinkedIn,Conversion,Healthcare,Europe,29873.03,6445690,301658,35113,14062519.31,4.68,0.1,470.74,0.85
CMP-01918,2023-07-03,YouTube,Conversion,Education,Europe,14077.08,2784258,219956,21352,4022434.71,7.9,0.06,285.74,0.66
CMP-01919,2023-05-14,Google Ads,Conversion,Tech,Asia Pacific,30971.93,9676321,580579,19502,7190303.34,6.0,0.05,232.16,1.59
CMP-01920,2024-06-07,Instagram,Brand Awareness,Tech,North America,1158.34,399707,5635,105,15109.18,1.41,0.21,13.04,11.03
CMP-01921,2023-05-02,Instagram,Brand Awareness,Finance,Middle East,32341.45,13242865,493958,19485,6888778.73,3.73,0.07,213.0,1.66
CMP-01922,2024-05-17,Email,Engagement,Retail,North America,40277.78,11907833,498938,49664,1794644.59,4.19,0.08,44.56,0.81
CMP-01923,2022-01-11,Twitter,Brand Awareness,Healthcare,Europe,26128.63,1588728,83249,1827,626015.02,5.24,0.31,23.96,14.3
CMP-01924,2023-09-25,LinkedIn,Brand Awareness,Retail,Asia Pacific,16987.23,6324872,228960,13838,2706075.37,3.62,0.07,159.3,1.23
CMP-01925,2023-04-02,LinkedIn,Retargeting,Tech,Latin America,24058.19,9318762,581490,64914,5156569.45,6.24,0.04,214.34,0.37
CMP-01926,2022-12-14,Email,Brand Awareness,Food & Beverage,Europe,14455.8,6977395,107451,4597,793464.01,1.54,0.13,54.89,3.14
CMP-01927,2022-09-26,Facebook,Conversion,Healthcare,Middle East,13439.6,2410574,156205,15860,2998195.29,6.48,0.09,223.09,0.85
CMP-01928,2024-01-02,TikTok,Lead Generation,Food & Beverage,Asia Pacific,10316.11,806074,53442,2904,940145.19,6.63,0.19,91.13,3.55
CMP-01929,2023-04-28,Google Ads,Conversion,Travel,Asia Pacific,31796.03,15233197,359503,41264,20440140.68,2.36,0.09,642.85,0.77
CMP-01930,2024-01-08,LinkedIn,Lead Generation,Finance,Latin America,49830.39,17991724,338244,18711,4983093.72,1.88,0.15,100.0,2.66
CMP-01931,2023-04-02,Twitter,Engagement,Retail,Middle East,26940.95,9312901,502896,28393,9579504.83,5.4,0.05,355.57,0.95
CMP-01932,2022-10-29,YouTube,Engagement,Retail,Middle East,15324.26,4683759,39343,3011,1147812.25,0.84,0.39,74.9,5.09
CMP-01933,2024-01-11,Instagram,Conversion,Food & Beverage,Latin America,42197.91,4843667,341478,40658,2559020.82,7.05,0.12,60.64,1.04
CMP-01934,2024-06-01,Facebook,Engagement,Tech,Latin America,42275.96,19010694,287061,16693,6824272.86,1.51,0.15,161.42,2.53
CMP-01935,2023-03-04,Twitter,Retargeting,Education,Europe,39003.13,19302934,285683,18441,8323763.74,1.48,0.14,213.41,2.12
CMP-01936,2024-01-25,LinkedIn,Conversion,Food & Beverage,Middle East,23220.7,3870985,234581,15689,7039914.25,6.06,0.1,303.17,1.48
CMP-01937,2024-03-21,TikTok,Engagement,Finance,Asia Pacific,16617.4,8286414,578391,42145,7117431.63,6.98,0.03,428.31,0.39
CMP-01938,2022-10-02,LinkedIn,Lead Generation,Food & Beverage,Latin America,21615.52,4241773,331706,32896,8723248.54,7.82,0.07,403.56,0.66
CMP-01939,2022-09-16,Facebook,Brand Awareness,Healthcare,Middle East,18506.98,6270873,484111,32420,14703152.25,7.72,0.04,794.47,0.57
CMP-01940,2024-05-17,Google Ads,Brand Awareness,Healthcare,Middle East,33803.23,7828945,145618,2292,620252.72,1.86,0.23,18.35,14.75
CMP-01941,2023-09-04,Instagram,Lead Generation,Finance,North America,14606.78,1860379,120738,12244,3835349.24,6.49,0.12,262.57,1.19
CMP-01942,2023-03-09,YouTube,Lead Generation,Education,Middle East,9167.12,4359685,167847,7037,1458130.73,3.85,0.05,159.06,1.3
CMP-01943,2022-10-09,Email,Lead Generation,Finance,Europe,1268.53,149529,9016,907,333915.69,6.03,0.14,263.23,1.4
CMP-01944,2022-10-09,Twitter,Retargeting,Healthcare,Europe,19356.53,1415514,24346,512,116248.66,1.72,0.8,6.01,37.81
CMP-01945,2023-11-24,Google Ads,Engagement,Education,North America,13703.27,4773699,147507,16713,2894374.35,3.09,0.09,211.22,0.82
CMP-01946,2023-10-25,Instagram,Engagement,Travel,Europe,6704.84,2180633,23550,2648,865358.61,1.08,0.28,129.06,2.53
CMP-01947,2024-01-13,Email,Retargeting,Retail,Europe,22506.77,7496796,365093,13454,3198367.36,4.87,0.06,142.11,1.67
CMP-01948,2022-02-17,YouTube,Lead Generation,Finance,Asia Pacific,41413.77,13462399,836014,55932,23026717.27,6.21,0.05,556.02,0.74
CMP-01949,2024-06-02,YouTube,Lead Generation,Education,Europe,4880.06,1411801,14682,1418,291872.16,1.04,0.33,59.81,3.44
CMP-01950,2022-07-10,LinkedIn,Engagement,Education,Middle East,13011.95,5495864,86285,6774,1793860.61,1.57,0.15,137.86,1.92
CMP-01951,2024-05-08,Email,Retargeting,Education,Latin America,20322.3,7191597,155338,4785,440463.22,2.16,0.13,21.67,4.25
CMP-01952,2023-03-23,Facebook,Engagement,Food & Beverage,North America,18097.08,2073382,40430,3864,1216443.24,1.95,0.45,67.22,4.68
CMP-01953,2022-05-23,LinkedIn,Conversion,Food & Beverage,North America,46992.51,22220196,1004352,78873,29406475.12,4.52,0.05,625.77,0.6
CMP-01954,2024-04-18,Facebook,Engagement,Food & Beverage,Asia Pacific,14756.88,1800636,74186,8836,1824239.82,4.12,0.2,123.62,1.67
CMP-01955,2023-03-21,Instagram,Retargeting,Food & Beverage,Asia Pacific,10701.47,749520,49168,4180,1550310.0,6.56,0.22,144.87,2.56
CMP-01956,2023-02-01,Google Ads,Engagement,Tech,Europe,38900.08,9073174,238624,27324,8839672.03,2.63,0.16,227.24,1.42
CMP-01957,2022-10-17,TikTok,Conversion,Travel,North America,40934.67,18704639,929620,68529,16910743.17,4.97,0.04,413.12,0.6
CMP-01958,2022-01-07,Instagram,Brand Awareness,Food & Beverage,Asia Pacific,6141.26,1289614,23728,1714,847057.95,1.84,0.26,137.93,3.58
CMP-01959,2022-06-10,Instagram,Retargeting,Tech,Europe,3288.89,1048057,62569,1469,685099.02,5.97,0.05,208.31,2.24
CMP-01960,2023-01-20,Twitter,Lead Generation,Food & Beverage,Latin America,19452.99,3915944,115911,3425,287411.8,2.96,0.17,14.77,5.68
CMP-01961,2024-06-06,Email,Conversion,Tech,Europe,34054.89,13327147,318518,2452,862080.39,2.39,0.11,25.31,13.89
CMP-01962,2023-12-31,Twitter,Lead Generation,Finance,North America,25423.48,10071807,104746,9732,746621.81,1.04,0.24,29.37,2.61
CMP-01963,2023-02-06,LinkedIn,Engagement,Education,Asia Pacific,2073.19,459417,25681,437,66253.15,5.59,0.08,31.96,4.74
CMP-01964,2024-04-26,Google Ads,Lead Generation,Healthcare,Middle East,38394.09,5209822,275078,8968,3292723.08,5.28,0.14,85.76,4.28
CMP-01965,2022-07-23,Twitter,Engagement,Food & Beverage,North America,47212.25,10648738,686843,27467,13583954.64,6.45,0.07,287.72,1.72
CMP-01966,2022-02-21,LinkedIn,Brand Awareness,Finance,Middle East,20799.67,4939204,77545,8930,898667.67,1.57,0.27,43.21,2.33
CMP-01967,2023-05-27,TikTok,Retargeting,Healthcare,North America,4572.41,527346,31218,1963,789376.88,5.92,0.15,172.64,2.33
CMP-01968,2023-01-10,Google Ads,Retargeting,Retail,Asia Pacific,30174.5,14007232,473444,10630,4541240.66,3.38,0.06,150.5,2.84
CMP-01969,2022-09-23,Facebook,Retargeting,Healthcare,Asia Pacific,11814.65,2046877,63453,6240,2895288.78,3.1,0.19,245.06,1.89
CMP-01970,2024-03-28,Instagram,Brand Awareness,Food & Beverage,Asia Pacific,40320.16,6353627,472709,20103,8038671.15,7.44,0.09,199.37,2.01
CMP-01971,2022-04-24,Email,Brand Awareness,Healthcare,Europe,44603.9,13420969,165077,12394,1525393.31,1.23,0.27,34.2,3.6
CMP-01972,2023-09-10,TikTok,Brand Awareness,Retail,Asia Pacific,17736.01,7232355,133798,12170,5989005.97,1.85,0.13,337.67,1.46
CMP-01973,2022-09-13,TikTok,Retargeting,Healthcare,Middle East,10365.99,1970535,11232,917,54607.88,0.57,0.92,5.27,11.3
CMP-01974,2022-10-26,Google Ads,Retargeting,Healthcare,Asia Pacific,36831.45,7583493,136502,14404,3668107.05,1.8,0.27,99.59,2.56
CMP-01975,2022-09-05,Instagram,Brand Awareness,Tech,Middle East,44795.68,21062113,798254,38508,16586331.11,3.79,0.06,370.27,1.16
CMP-01976,2022-05-22,Facebook,Engagement,Healthcare,Asia Pacific,18017.13,1512082,20564,413,201905.58,1.36,0.88,11.21,43.63
CMP-01977,2023-12-15,LinkedIn,Brand Awareness,Food & Beverage,North America,8418.57,4089109,212633,18798,3955790.13,5.2,0.04,469.89,0.45
CMP-01978,2023-06-04,Facebook,Retargeting,Travel,Latin America,39864.16,6377601,218113,20038,4846126.4,3.42,0.18,121.57,1.99
CMP-01979,2022-08-01,Facebook,Brand Awareness,Travel,Latin America,33618.51,15887105,227185,12495,1154606.26,1.43,0.15,34.34,2.69
CMP-01980,2022-11-14,LinkedIn,Brand Awareness,Finance,Asia Pacific,48026.26,20521387,1319525,61108,17260782.73,6.43,0.04,359.4,0.79
CMP-01981,2022-03-22,LinkedIn,Retargeting,Healthcare,Europe,6547.55,3124384,115914,13140,2306079.39,3.71,0.06,352.2,0.5
CMP-01982,2023-04-24,TikTok,Conversion,Education,Middle East,22243.6,9791226,287862,2714,482998.19,2.94,0.08,21.71,8.2
CMP-01983,2024-05-28,Facebook,Lead Generation,Retail,North America,17843.37,1517667,109879,2180,598070.24,7.24,0.16,33.52,8.19
CMP-01984,2024-04-12,TikTok,Lead Generation,Healthcare,North America,44228.26,18424104,1289687,94023,5574539.9,7.0,0.03,126.04,0.47
CMP-01985,2022-04-13,TikTok,Lead Generation,Healthcare,Asia Pacific,40250.53,9180271,575602,49501,18097433.31,6.27,0.07,449.62,0.81
CMP-01986,2023-10-20,YouTube,Retargeting,Education,Europe,26795.32,10145987,712248,7466,1554711.81,7.02,0.04,58.02,3.59
CMP-01987,2023-07-05,Email,Engagement,Food & Beverage,North America,28135.73,9026096,353822,32502,13436719.81,3.92,0.08,477.57,0.87
CMP-01988,2023-02-18,Twitter,Engagement,Retail,North America,16999.57,4941837,358283,23259,9392000.59,7.25,0.05,552.48,0.73
CMP-01989,2022-09-25,Google Ads,Engagement,Healthcare,Middle East,8325.61,891206,11407,526,187573.07,1.28,0.73,22.53,15.83
CMP-01990,2023-12-13,Instagram,Engagement,Retail,Latin America,4166.56,1715852,63143,4384,682266.33,3.68,0.07,163.75,0.95
CMP-01991,2023-11-20,Instagram,Lead Generation,Travel,Asia Pacific,24541.92,8012180,51277,5433,497502.61,0.64,0.48,20.27,4.52
CMP-01992,2022-10-09,Google Ads,Conversion,Retail,Latin America,10052.66,2109734,131014,13284,5830713.8,6.21,0.08,580.02,0.76
CMP-01993,2022-05-11,TikTok,Brand Awareness,Retail,Middle East,24900.81,4271399,262263,2638,402304.19,6.14,0.09,16.16,9.44
CMP-01994,2023-05-10,Instagram,Conversion,Education,Middle East,39421.86,10263012,667095,35023,15247777.22,6.5,0.06,386.78,1.13
CMP-01995,2022-01-27,TikTok,Lead Generation,Travel,Middle East,12319.94,2197176,86568,4973,578676.98,3.94,0.14,46.97,2.48
CMP-01996,2022-09-24,TikTok,Conversion,Travel,North America,6300.11,537565,12148,947,364910.6,2.26,0.52,57.92,6.65
CMP-01997,2024-01-21,TikTok,Conversion,Travel,Europe,36647.32,12850888,790329,33548,1999671.47,6.15,0.05,54.57,1.09
CMP-01998,2024-04-03,LinkedIn,Engagement,Tech,Latin America,4177.31,1167893,49752,3382,1299672.49,4.26,0.08,311.13,1.24
CMP-01999,2022-03-17,Facebook,Retargeting,Travel,Asia Pacific,48853.79,22781584,1214258,134678,53921096.65,5.33,0.04,1103.72,0.36
CMP-02000,2023-11-20,YouTube,Brand Awareness,Finance,Asia Pacific,40537.87,17194800,901007,57178,6201287.79,5.24,0.04,152.98,0.71
CMP-02001,2022-03-25,Twitter,Lead Generation,Travel,North America,4312.99,705082,38920,2990,1039931.23,5.52,0.11,241.12,1.44
CMP-02002,2022-09-17,Google Ads,Retargeting,Tech,Middle East,8423.49,948867,48297,4143,876036.59,5.09,0.17,104.0,2.03
CMP-02003,2022-05-10,Google Ads,Conversion,Tech,Asia Pacific,5391.85,1178415,74475,7615,282817.97,6.32,0.07,52.45,0.71
CMP-02004,2023-04-22,LinkedIn,Brand Awareness,Retail,Latin America,37766.72,17622751,801835,78127,12087709.71,4.55,0.05,320.06,0.48
CMP-02005,2022-06-11,LinkedIn,Brand Awareness,Retail,North America,31235.5,5796624,217373,15405,3801821.22,3.75,0.14,121.71,2.03
CMP-02006,2024-01-06,Facebook,Retargeting,Tech,Latin America,7167.55,734117,46616,794,354852.45,6.35,0.15,49.51,9.03
CMP-02007,2022-12-13,LinkedIn,Conversion,Healthcare,Latin America,38171.55,9328468,711762,28905,12416315.68,7.63,0.05,325.28,1.32
CMP-02008,2023-11-30,TikTok,Retargeting,Food & Beverage,Middle East,21808.39,4952213,27237,2536,1259916.61,0.55,0.8,57.77,8.6
CMP-02009,2023-01-01,YouTube,Lead Generation,Education,Middle East,26566.79,12366230,103876,3735,1273980.66,0.84,0.26,47.95,7.11
CMP-02010,2022-11-30,Twitter,Engagement,Food & Beverage,Middle East,13001.31,4233115,281925,21602,9259637.74,6.66,0.05,712.21,0.6
CMP-02011,2022-03-13,Email,Retargeting,Finance,Europe,45345.75,17965271,350322,19505,7674518.47,1.95,0.13,169.24,2.32
CMP-02012,2023-04-30,Email,Retargeting,Education,Latin America,45160.04,18488407,859710,24295,11382908.12,4.65,0.05,252.06,1.86
CMP-02013,2024-05-18,Twitter,Retargeting,Education,North America,11365.0,3547585,236623,16155,6801817.49,6.67,0.05,598.49,0.7
CMP-02014,2022-08-18,Instagram,Lead Generation,Education,Asia Pacific,26467.13,4173429,111013,8185,2502602.72,2.66,0.24,94.56,3.23
CMP-02015,2022-05-24,Email,Retargeting,Retail,Asia Pacific,41093.39,19405380,968328,104352,29982548.17,4.99,0.04,729.62,0.39
CMP-02016,2022-08-20,Twitter,Conversion,Travel,Latin America,17105.33,4107403,51342,3166,1311486.75,1.25,0.33,76.67,5.4
CMP-02017,2022-08-15,LinkedIn,Retargeting,Finance,Latin America,647.15,32467,1142,115,39065.9,3.52,0.57,60.37,5.63
CMP-02018,2023-07-09,Instagram,Retargeting,Travel,North America,16858.78,8047627,385481,17149,4490776.32,4.79,0.04,266.38,0.98
CMP-02019,2022-07-15,Twitter,Lead Generation,Finance,North America,12469.19,5078494,288458,3418,1542783.65,5.68,0.04,123.73,3.65
CMP-02020,2024-02-25,TikTok,Brand Awareness,Tech,Middle East,35842.79,8181211,336247,2471,729872.68,4.11,0.11,20.36,14.51
CMP-02021,2024-04-27,Facebook,Lead Generation,Education,North America,33084.63,9120874,444186,45777,14329371.06,4.87,0.07,433.11,0.72
CMP-02022,2024-03-13,Twitter,Lead Generation,Retail,Middle East,23920.36,7961101,612208,18591,824101.55,7.69,0.04,34.45,1.29
CMP-02023,2023-03-21,Google Ads,Brand Awareness,Healthcare,Latin America,46530.29,8790204,141522,11276,3120954.77,1.61,0.33,67.07,4.13
CMP-02024,2024-03-26,Google Ads,Lead Generation,Finance,Latin America,42335.93,2404066,12020,856,304711.93,0.5,3.52,7.2,49.46
CMP-02025,2023-10-24,LinkedIn,Conversion,Healthcare,Latin America,28519.35,13353595,948105,36556,10229734.48,7.1,0.03,358.69,0.78
CMP-02026,2023-11-16,TikTok,Retargeting,Travel,Asia Pacific,18757.24,5356661,212659,22213,6666636.9,3.97,0.09,355.42,0.84
CMP-02027,2022-10-26,YouTube,Lead Generation,Healthcare,Middle East,43173.91,3196086,38353,4007,335116.05,1.2,1.13,7.76,10.77
CMP-02028,2024-04-03,Twitter,Conversion,Retail,Asia Pacific,9580.91,1103512,82653,7695,3809994.7,7.49,0.12,397.67,1.25
CMP-02029,2022-07-07,LinkedIn,Brand Awareness,Food & Beverage,Europe,48679.77,24095261,1472220,164927,82027612.04,6.11,0.03,1685.05,0.3
CMP-02030,2024-04-18,Google Ads,Engagement,Healthcare,Middle East,39637.75,11536976,194974,22771,4227694.88,1.69,0.2,106.66,1.74
CMP-02031,2023-08-31,Instagram,Lead Generation,Tech,Europe,36052.52,15965023,1080832,125479,9000009.03,6.77,0.03,249.64,0.29
CMP-02032,2022-03-07,Google Ads,Lead Generation,Travel,Asia Pacific,33631.98,2995163,192888,5426,1469627.55,6.44,0.17,43.7,6.2
CMP-02033,2022-09-28,Instagram,Engagement,Retail,Middle East,4704.14,981356,75073,2137,725141.63,7.65,0.06,154.15,2.2
CMP-02034,2022-05-30,Google Ads,Conversion,Finance,Europe,47368.55,19879014,711668,66061,31026621.68,3.58,0.07,655.0,0.72
CMP-02035,2023-12-03,YouTube,Retargeting,Food & Beverage,Europe,16853.12,5534799,199252,2615,861125.43,3.6,0.08,51.1,6.44
CMP-02036,2023-06-13,TikTok,Engagement,Education,Asia Pacific,28948.08,12931135,395692,14689,7084697.92,3.06,0.07,244.74,1.97
CMP-02037,2022-07-25,Twitter,Brand Awareness,Retail,Europe,10367.73,1858312,147735,5475,2143090.54,7.95,0.07,206.71,1.89
CMP-02038,2023-10-31,Facebook,Conversion,Retail,Latin America,22140.58,5039328,63999,2220,557202.59,1.27,0.35,25.17,9.97
CMP-02039,2023-08-11,Google Ads,Retargeting,Finance,Europe,8023.54,1773327,37239,1320,117967.71,2.1,0.22,14.7,6.08
CMP-02040,2022-09-13,Facebook,Conversion,Tech,North America,14235.25,4036569,250267,23473,11221796.17,6.2,0.06,788.31,0.61
CMP-02041,2023-04-16,Instagram,Lead Generation,Education,Latin America,7581.42,1156274,22547,1419,505474.27,1.95,0.34,66.67,5.34
CMP-02042,2022-12-03,Instagram,Retargeting,Finance,North America,25414.26,2941887,219170,9958,4668369.78,7.45,0.12,183.69,2.55
CMP-02043,2024-01-14,LinkedIn,Retargeting,Finance,Asia Pacific,17412.9,7443822,76671,4525,938402.05,1.03,0.23,53.89,3.85
CMP-02044,2023-10-21,LinkedIn,Retargeting,Healthcare,Europe,46268.87,12631529,790733,46167,15749084.84,6.26,0.06,340.38,1.0
CMP-02045,2022-08-26,Twitter,Engagement,Food & Beverage,Asia Pacific,25767.1,1908223,13357,124,53900.05,0.7,1.93,2.09,207.8
CMP-02046,2022-05-06,TikTok,Brand Awareness,Education,Asia Pacific,49993.18,20979057,1533569,80229,33934873.41,7.31,0.03,678.79,0.62
CMP-02047,2023-07-11,TikTok,Engagement,Healthcare,Middle East,4035.9,857368,15689,953,457636.42,1.83,0.26,113.39,4.23
CMP-02048,2023-08-26,Google Ads,Engagement,Food & Beverage,Asia Pacific,6179.37,417140,18437,1782,119067.85,4.42,0.34,19.27,3.47
CMP-02049,2023-07-24,Twitter,Retargeting,Food & Beverage,North America,26165.44,5613812,432824,29437,11765202.4,7.71,0.06,449.65,0.89
CMP-02050,2023-08-06,TikTok,Brand Awareness,Retail,Asia Pacific,34773.62,13907793,1063946,67200,33176735.41,7.65,0.03,954.08,0.52
CMP-02051,2024-04-19,Email,Lead Generation,Travel,Middle East,21554.11,4499370,23846,533,144214.8,0.53,0.9,6.69,40.44
CMP-02052,2023-12-23,Instagram,Engagement,Healthcare,North America,20361.52,6967470,96151,10880,1284217.15,1.38,0.21,63.07,1.87
CMP-02053,2022-11-06,YouTube,Engagement,Finance,Europe,31010.6,13765175,1094331,45805,15031574.38,7.95,0.03,484.72,0.68
CMP-02054,2023-05-04,Facebook,Brand Awareness,Finance,Middle East,34701.56,3483117,123650,9919,1289723.73,3.55,0.28,37.17,3.5
CMP-02055,2022-03-21,YouTube,Lead Generation,Finance,Europe,3286.39,209422,6282,435,183247.1,3.0,0.52,55.76,7.55
CMP-02056,2023-04-09,Facebook,Lead Generation,Retail,Asia Pacific,29941.9,3194627,211484,11514,1305263.59,6.62,0.14,43.59,2.6
CMP-02057,2022-06-14,Google Ads,Conversion,Food & Beverage,North America,28516.23,5073652,395744,5384,1519113.42,7.8,0.07,53.27,5.3
CMP-02058,2024-03-17,TikTok,Engagement,Tech,Europe,32969.3,11367314,868462,31063,2643639.68,7.64,0.04,80.18,1.06
CMP-02059,2023-02-06,YouTube,Engagement,Food & Beverage,Europe,3071.68,325395,7061,501,48457.35,2.17,0.44,15.78,6.13
CMP-02060,2022-02-24,TikTok,Lead Generation,Tech,North America,48938.75,11407842,149442,12934,768793.45,1.31,0.33,15.71,3.78
CMP-02061,2024-04-14,Facebook,Conversion,Education,Europe,12366.78,2479175,56525,967,440360.17,2.28,0.22,35.61,12.79
CMP-02062,2023-12-07,Instagram,Retargeting,Tech,Latin America,33429.23,3682726,99433,2872,572447.72,2.7,0.34,17.12,11.64
CMP-02063,2023-10-19,Instagram,Retargeting,Education,North America,33350.79,4569567,210200,11581,440315.12,4.6,0.16,13.2,2.88
CMP-02064,2024-01-15,YouTube,Brand Awareness,Healthcare,Middle East,40286.5,14352665,255477,24657,4605151.19,1.78,0.16,114.31,1.63
CMP-02065,2022-12-18,Twitter,Retargeting,Travel,Asia Pacific,30833.12,11444885,392559,37396,14531668.42,3.43,0.08,471.3,0.82
CMP-02066,2023-02-02,Facebook,Engagement,Travel,North America,11252.29,2415240,182350,10844,2976013.37,7.55,0.06,264.48,1.04
CMP-02067,2023-03-01,TikTok,Lead Generation,Retail,Latin America,14812.02,4398243,78728,921,181399.02,1.79,0.19,12.25,16.08
CMP-02068,2023-05-30,Instagram,Engagement,Healthcare,Latin America,13312.19,3553477,157063,10536,3882402.67,4.42,0.08,291.64,1.26
CMP-02069,2022-10-31,TikTok,Engagement,Healthcare,Europe,37234.28,7140112,515516,48420,4908274.26,7.22,0.07,131.82,0.77
CMP-02070,2022-08-20,Email,Retargeting,Finance,Middle East,6164.71,1671613,77395,8288,3913291.2,4.63,0.08,634.79,0.74
CMP-02071,2024-05-21,Email,Retargeting,Education,Middle East,38589.66,7600399,421062,24364,4346619.72,5.54,0.09,112.64,1.58
CMP-02072,2023-10-17,TikTok,Lead Generation,Healthcare,Asia Pacific,34158.42,14433117,255466,29838,5105367.04,1.77,0.13,149.46,1.14
CMP-02073,2023-03-24,YouTube,Conversion,Retail,Europe,7603.23,2856574,136544,4796,804266.11,4.78,0.06,105.78,1.59
CMP-02074,2023-10-01,TikTok,Lead Generation,Food & Beverage,Middle East,37042.42,8842984,209578,17698,3498401.75,2.37,0.18,94.44,2.09
CMP-02075,2024-06-08,Instagram,Brand Awareness,Finance,Latin America,9213.73,3052310,210304,17918,7198101.71,6.89,0.04,781.24,0.51
CMP-02076,2023-06-10,TikTok,Retargeting,Tech,Europe,9249.5,3590658,55655,848,268971.17,1.55,0.17,29.08,10.91
CMP-02077,2023-02-13,Facebook,Brand Awareness,Healthcare,Asia Pacific,47222.65,12068810,427235,31348,9462745.63,3.54,0.11,200.39,1.51
CMP-02078,2022-12-22,Google Ads,Engagement,Education,Asia Pacific,27144.21,8792260,609303,48449,15913056.21,6.93,0.04,586.24,0.56
CMP-02079,2023-06-03,Google Ads,Lead Generation,Education,Europe,33575.01,9622029,762064,24223,10636880.12,7.92,0.04,316.81,1.39
CMP-02080,2022-01-20,YouTube,Engagement,Retail,Middle East,23899.34,3039855,193030,15200,7169207.66,6.35,0.12,299.98,1.57
CMP-02081,2022-07-19,Email,Retargeting,Finance,Asia Pacific,16852.37,1785057,104604,8295,3381959.65,5.86,0.16,200.68,2.03
CMP-02082,2024-01-23,Google Ads,Conversion,Travel,Europe,12243.65,1499978,69148,3293,1459728.33,4.61,0.18,119.22,3.72
CMP-02083,2022-02-18,LinkedIn,Conversion,Food & Beverage,Europe,27733.2,10456263,570911,23376,5102966.49,5.46,0.05,184.0,1.19
CMP-02084,2022-12-26,TikTok,Lead Generation,Finance,Asia Pacific,11254.99,1252284,24169,2895,406748.98,1.93,0.47,36.14,3.89
CMP-02085,2024-01-27,YouTube,Conversion,Tech,Middle East,1116.31,122727,8198,625,80123.65,6.68,0.14,71.78,1.79
CMP-02086,2023-01-09,Facebook,Brand Awareness,Tech,North America,34672.89,5628319,315185,27442,2534204.86,5.6,0.11,73.09,1.26
CMP-02087,2022-02-18,LinkedIn,Retargeting,Food & Beverage,Europe,44919.5,4270548,291251,19045,7364723.82,6.82,0.15,163.95,2.36
CMP-02088,2022-06-14,Email,Retargeting,Education,Europe,12864.28,2437301,68000,1061,515463.03,2.79,0.19,40.07,12.12
CMP-02089,2023-06-11,Facebook,Engagement,Finance,Latin America,39284.3,10902201,272555,20409,2354555.95,2.5,0.14,59.94,1.92
CMP-02090,2023-04-04,TikTok,Retargeting,Tech,North America,10418.37,4121842,221755,1969,788311.18,5.38,0.05,75.67,5.29
CMP-02091,2023-10-20,Instagram,Lead Generation,Retail,Asia Pacific,46773.43,3457584,165272,4348,2001030.03,4.78,0.28,42.78,10.76
CMP-02092,2022-03-19,Google Ads,Lead Generation,Education,Middle East,21647.52,8481074,278179,8124,3938069.05,3.28,0.08,181.92,2.66
CMP-02093,2023-06-23,Twitter,Brand Awareness,Tech,Latin America,10037.72,4066042,324876,33052,3502999.16,7.99,0.03,348.98,0.3
CMP-02094,2023-07-13,Instagram,Lead Generation,Finance,Asia Pacific,9782.36,4619840,290125,8956,1783123.49,6.28,0.03,182.28,1.09
CMP-02095,2022-11-15,TikTok,Engagement,Tech,Europe,31194.44,6332828,350838,11661,5128653.03,5.54,0.09,164.41,2.68
CMP-02096,2023-12-21,TikTok,Brand Awareness,Tech,North America,48292.73,15413975,843144,37464,11581581.23,5.47,0.06,239.82,1.29
CMP-02097,2022-01-22,TikTok,Brand Awareness,Food & Beverage,Middle East,11072.23,5265860,396519,40291,5843362.08,7.53,0.03,527.75,0.27
CMP-02098,2024-04-19,LinkedIn,Lead Generation,Travel,Latin America,25133.11,9120085,631109,14226,5119704.01,6.92,0.04,203.7,1.77
CMP-02099,2022-04-26,Facebook,Retargeting,Travel,Europe,10710.64,4925162,51714,1477,111697.52,1.05,0.21,10.43,7.25
CMP-02100,2022-11-11,Google Ads,Retargeting,Retail,Europe,47503.02,20284635,139963,14519,6228236.46,0.69,0.34,131.11,3.27
CMP-02101,2023-03-05,Email,Conversion,Travel,North America,49244.05,7940819,289839,24118,1701801.06,3.65,0.17,34.56,2.04
CMP-02102,2023-08-13,TikTok,Conversion,Retail,Europe,10076.58,4128152,166777,7949,2836358.11,4.04,0.06,281.48,1.27
CMP-02103,2023-06-28,Instagram,Brand Awareness,Retail,North America,40585.59,16036193,891612,9484,1986920.5,5.56,0.05,48.96,4.28
CMP-02104,2022-07-08,LinkedIn,Brand Awareness,Education,Asia Pacific,37765.66,6164673,472830,7401,1267385.58,7.67,0.08,33.56,5.1
CMP-02105,2022-08-16,Email,Retargeting,Food & Beverage,Latin America,46444.81,4674354,171548,11564,1618185.7,3.67,0.27,34.84,4.02
CMP-02106,2023-07-14,LinkedIn,Lead Generation,Finance,North America,36023.3,10347401,340429,31388,5567645.81,3.29,0.11,154.56,1.15
CMP-02107,2023-10-01,Email,Brand Awareness,Healthcare,Latin America,7650.57,3109458,178171,17728,720994.73,5.73,0.04,94.24,0.43
CMP-02108,2023-01-21,Email,Conversion,Retail,Asia Pacific,15756.26,2995901,183349,3155,728089.6,6.12,0.09,46.21,4.99
CMP-02109,2023-08-23,Google Ads,Brand Awareness,Retail,Europe,3538.18,577369,41166,4302,1811178.54,7.13,0.09,511.9,0.82
CMP-02110,2022-10-31,YouTube,Conversion,Food & Beverage,Asia Pacific,45666.76,15746679,681831,43021,3214094.88,4.33,0.07,70.38,1.06
CMP-02111,2024-04-04,LinkedIn,Retargeting,Finance,North America,23554.21,6114493,342411,8425,3638419.11,5.6,0.07,154.47,2.8
CMP-02112,2022-08-28,Twitter,Brand Awareness,Healthcare,Asia Pacific,18026.07,3945700,120738,7793,3588200.02,3.06,0.15,199.06,2.31
CMP-02113,2023-07-04,LinkedIn,Retargeting,Food & Beverage,Asia Pacific,1624.25,544401,10833,445,153978.52,1.99,0.15,94.8,3.65
CMP-02114,2022-12-06,TikTok,Conversion,Food & Beverage,Middle East,16669.34,7947729,631844,33732,4390548.51,7.95,0.03,263.39,0.49
CMP-02115,2024-04-23,Email,Brand Awareness,Healthcare,Middle East,24498.19,5388630,309846,25535,1029072.26,5.75,0.08,42.01,0.96
CMP-02116,2023-11-20,Facebook,Lead Generation,Tech,Latin America,44088.64,3083562,55504,3681,1517292.66,1.8,0.79,34.41,11.98
CMP-02117,2023-11-06,Email,Engagement,Travel,Europe,36694.91,2140529,19692,2134,452794.31,0.92,1.86,12.34,17.2
CMP-02118,2023-11-19,Twitter,Brand Awareness,Healthcare,Asia Pacific,12770.69,6125135,270118,18516,7163349.7,4.41,0.05,560.92,0.69
CMP-02119,2023-09-25,LinkedIn,Retargeting,Education,Latin America,49944.2,9101974,718145,46667,12525326.41,7.89,0.07,250.79,1.07
CMP-02120,2023-01-11,TikTok,Engagement,Tech,Latin America,21099.83,5996055,116323,7693,1970378.88,1.94,0.18,93.38,2.74
CMP-02121,2023-06-04,Facebook,Conversion,Retail,Europe,777.17,189347,8463,645,55998.02,4.47,0.09,72.05,1.2
CMP-02122,2023-12-08,Email,Brand Awareness,Retail,Asia Pacific,11647.4,3069183,202259,6599,297148.63,6.59,0.06,25.51,1.77
CMP-02123,2022-09-07,Facebook,Conversion,Travel,Middle East,6911.09,3256403,252371,30216,3519492.5,7.75,0.03,509.25,0.23
CMP-02124,2024-03-06,TikTok,Engagement,Food & Beverage,North America,25348.19,11722464,907318,22449,2604750.65,7.74,0.03,102.76,1.13
CMP-02125,2023-08-13,Google Ads,Brand Awareness,Finance,Middle East,11544.15,1702287,102818,4684,801546.09,6.04,0.11,69.43,2.46
CMP-02126,2023-08-26,Instagram,Conversion,Tech,Europe,49871.35,23348654,1856217,157091,29290617.18,7.95,0.03,587.32,0.32
CMP-02127,2023-03-20,LinkedIn,Engagement,Finance,Europe,18226.6,3637848,225182,18739,3902092.37,6.19,0.08,214.09,0.97
CMP-02128,2022-07-28,LinkedIn,Conversion,Food & Beverage,Middle East,32605.7,11552175,103969,7219,2196590.74,0.9,0.31,67.37,4.52
CMP-02129,2022-11-04,Facebook,Engagement,Education,North America,36127.64,4678291,249820,17596,765307.16,5.34,0.14,21.18,2.05
CMP-02130,2023-03-01,Instagram,Brand Awareness,Tech,Europe,3775.02,918540,72013,7239,1937425.31,7.84,0.05,513.22,0.52
CMP-02131,2023-09-12,Instagram,Brand Awareness,Travel,North America,6181.51,2818334,121470,3668,1504746.14,4.31,0.05,243.43,1.69
CMP-02132,2022-08-19,TikTok,Retargeting,Tech,Asia Pacific,27449.84,7213712,91614,3583,1317010.65,1.27,0.3,47.98,7.66
CMP-02133,2023-11-11,TikTok,Lead Generation,Healthcare,North America,43791.71,4435046,47454,4810,1237178.32,1.07,0.92,28.25,9.1
CMP-02134,2023-11-01,Instagram,Conversion,Education,North America,39323.04,11986923,520232,38643,18404548.99,4.34,0.08,468.03,1.02
CMP-02135,2022-12-27,Google Ads,Retargeting,Travel,Asia Pacific,36204.92,13728128,837415,69314,4946841.02,6.1,0.04,136.63,0.52
CMP-02136,2023-12-16,LinkedIn,Engagement,Finance,North America,31360.98,12689844,855295,91670,7527528.54,6.74,0.04,240.03,0.34
CMP-02137,2022-06-12,TikTok,Engagement,Tech,North America,47602.86,13203542,784290,56381,9419466.82,5.94,0.06,197.88,0.84
CMP-02138,2023-04-16,Instagram,Brand Awareness,Retail,North America,19142.31,1856791,129046,3295,256524.61,6.95,0.15,13.4,5.81
CMP-02139,2022-02-01,LinkedIn,Retargeting,Finance,Latin America,16993.92,5976280,237855,10945,355002.3,3.98,0.07,20.89,1.55
CMP-02140,2022-12-14,Email,Brand Awareness,Finance,Middle East,10532.67,3947594,304359,10005,1832256.23,7.71,0.03,173.96,1.05
CMP-02141,2023-10-01,Facebook,Retargeting,Finance,Latin America,25894.35,12128851,162526,5619,2358591.55,1.34,0.16,91.09,4.61
CMP-02142,2024-03-25,Google Ads,Lead Generation,Education,North America,5989.3,1612069,78346,2813,591499.79,4.86,0.08,98.76,2.13
CMP-02143,2022-09-01,Facebook,Lead Generation,Education,Europe,17741.69,4934681,366153,26353,11009020.93,7.42,0.05,620.52,0.67
CMP-02144,2023-07-20,Instagram,Engagement,Retail,Latin America,25260.04,8534383,273100,2047,72893.64,3.2,0.09,2.89,12.34
CMP-02145,2022-06-07,TikTok,Engagement,Food & Beverage,North America,25139.31,12307960,631398,10216,2148994.01,5.13,0.04,85.48,2.46
CMP-02146,2023-09-21,Google Ads,Brand Awareness,Healthcare,Middle East,47574.01,14546489,613861,37539,11429340.84,4.22,0.08,240.24,1.27
CMP-02147,2022-12-04,Instagram,Lead Generation,Food & Beverage,Asia Pacific,26578.98,8255248,283155,8078,3132888.93,3.43,0.09,117.87,3.29
CMP-02148,2023-07-09,Instagram,Lead Generation,Travel,Middle East,14837.1,2777173,41657,2043,708311.81,1.5,0.36,47.74,7.26
CMP-02149,2022-01-17,Google Ads,Brand Awareness,Food & Beverage,Middle East,29722.72,6452347,198087,22325,3343857.71,3.07,0.15,112.5,1.33
CMP-02150,2024-04-30,Google Ads,Brand Awareness,Finance,Asia Pacific,2077.59,148434,5907,126,5280.09,3.98,0.35,2.54,16.49
CMP-02151,2022-04-02,Email,Lead Generation,Food & Beverage,North America,35128.54,17277601,590893,24439,9918496.11,3.42,0.06,282.35,1.44
CMP-02152,2023-01-11,LinkedIn,Conversion,Travel,Middle East,13459.53,5120651,221212,10101,990431.65,4.32,0.06,73.59,1.33
CMP-02153,2023-03-18,Twitter,Engagement,Travel,Asia Pacific,12515.89,2273993,139850,3787,392292.81,6.15,0.09,31.34,3.3
CMP-02154,2022-09-13,Instagram,Engagement,Travel,Middle East,19338.38,9272375,729735,75677,26958528.52,7.87,0.03,1394.04,0.26
CMP-02155,2023-08-20,Twitter,Engagement,Education,Middle East,22917.08,9652132,613875,62998,24971246.2,6.36,0.04,1089.63,0.36
CMP-02156,2022-08-03,Facebook,Engagement,Healthcare,Asia Pacific,5880.4,1986542,107869,5603,1294424.73,5.43,0.05,220.13,1.05
CMP-02157,2022-06-09,LinkedIn,Retargeting,Finance,Europe,23972.8,8604034,533450,36814,2728681.54,6.2,0.04,113.82,0.65
CMP-02158,2024-03-14,YouTube,Brand Awareness,Education,North America,18547.81,1329835,32979,1923,462749.39,2.48,0.56,24.95,9.65
CMP-02159,2023-08-07,TikTok,Lead Generation,Travel,Latin America,16319.7,2052096,123125,3999,1386145.87,6.0,0.13,84.94,4.08
CMP-02160,2024-02-01,Facebook,Conversion,Healthcare,Asia Pacific,45686.96,13640809,637025,61457,21589499.65,4.67,0.07,472.55,0.74
CMP-02161,2023-09-01,Twitter,Retargeting,Education,Asia Pacific,27581.05,13194455,480278,21675,5051151.66,3.64,0.06,183.14,1.27
CMP-02162,2022-11-12,Instagram,Brand Awareness,Finance,Europe,23723.31,9642628,296028,28847,11662656.54,3.07,0.08,491.61,0.82
CMP-02163,2022-05-01,Google Ads,Conversion,Finance,Asia Pacific,6844.01,2721912,202238,17419,2743762.7,7.43,0.03,400.9,0.39
CMP-02164,2023-01-10,Instagram,Conversion,Food & Beverage,Europe,36740.79,9161364,418674,31611,1088109.25,4.57,0.09,29.62,1.16
CMP-02165,2022-05-14,Instagram,Lead Generation,Travel,North America,2007.97,670110,10453,1173,442624.06,1.56,0.19,220.43,1.71
CMP-02166,2023-06-01,Google Ads,Brand Awareness,Travel,North America,8175.17,2514969,91796,8943,1842418.66,3.65,0.09,225.37,0.91
CMP-02167,2022-11-25,TikTok,Brand Awareness,Retail,Latin America,43023.21,17667804,1360420,41374,9224048.63,7.7,0.03,214.4,1.04
CMP-02168,2023-08-14,TikTok,Lead Generation,Food & Beverage,Middle East,15900.24,6751695,488147,56823,13330549.72,7.23,0.03,838.39,0.28
CMP-02169,2023-05-26,Email,Engagement,Food & Beverage,Europe,15084.6,2583135,205359,10307,3225108.27,7.95,0.07,213.8,1.46
CMP-02170,2023-04-21,Instagram,Engagement,Tech,Middle East,12850.51,2938579,139288,9081,4119352.72,4.74,0.09,320.56,1.42
CMP-02171,2023-03-04,Facebook,Brand Awareness,Food & Beverage,Europe,49266.99,22348882,1562186,176173,7988344.79,6.99,0.03,162.14,0.28
CMP-02172,2024-03-19,YouTube,Brand Awareness,Education,Asia Pacific,32526.58,4552584,209418,20655,7361246.38,4.6,0.16,226.31,1.57
CMP-02173,2023-06-13,Twitter,Engagement,Finance,Asia Pacific,10279.4,3131290,92373,4436,1625953.42,2.95,0.11,158.18,2.32
CMP-02174,2022-03-11,Email,Retargeting,Travel,North America,8807.53,1257813,30816,2818,941484.53,2.45,0.29,106.9,3.13
CMP-02175,2022-06-23,LinkedIn,Lead Generation,Travel,North America,10523.97,3217783,96533,2724,676419.24,3.0,0.11,64.27,3.86
CMP-02176,2022-12-04,TikTok,Brand Awareness,Tech,North America,10740.24,3783913,88921,8514,418208.53,2.35,0.12,38.94,1.26
CMP-02177,2023-09-15,LinkedIn,Lead Generation,Retail,Europe,40161.75,18139948,105211,764,243768.2,0.58,0.38,6.07,52.57
CMP-02178,2022-12-16,Instagram,Conversion,Food & Beverage,Latin America,24317.91,7015839,521978,12335,2390398.29,7.44,0.05,98.3,1.97
CMP-02179,2023-10-08,YouTube,Retargeting,Finance,Latin America,44922.27,3714364,41972,4912,1478420.68,1.13,1.07,32.91,9.15
CMP-02180,2022-06-11,Facebook,Engagement,Healthcare,Asia Pacific,42804.79,11782290,210902,11100,5206936.12,1.79,0.2,121.64,3.86
CMP-02181,2023-12-01,Facebook,Conversion,Healthcare,Europe,17700.67,7011745,353391,5183,765228.93,5.04,0.05,43.23,3.42
CMP-02182,2023-08-07,Twitter,Engagement,Retail,Latin America,3959.04,1496230,100097,10009,385846.14,6.69,0.04,97.46,0.4
CMP-02183,2023-11-02,TikTok,Lead Generation,Travel,Middle East,2557.88,590651,33371,1197,172784.79,5.65,0.08,67.55,2.14
CMP-02184,2023-08-27,Facebook,Engagement,Education,North America,34449.45,12264336,884258,5492,1672296.05,7.21,0.04,48.54,6.27
CMP-02185,2022-05-10,Google Ads,Conversion,Tech,North America,34204.03,11044355,452818,39897,7855768.88,4.1,0.08,229.67,0.86
CMP-02186,2023-04-10,Twitter,Conversion,Tech,North America,37809.76,11960235,837216,67487,5684606.91,7.0,0.05,150.35,0.56
CMP-02187,2024-05-23,Twitter,Engagement,Education,Europe,38399.94,12680879,451439,20864,5578325.97,3.56,0.09,145.27,1.84
CMP-02188,2023-10-19,Instagram,Lead Generation,Food & Beverage,Europe,36770.84,12764194,598640,16967,4150271.6,4.69,0.06,112.87,2.17
CMP-02189,2022-10-14,Facebook,Engagement,Travel,Latin America,7899.14,3883087,249294,24462,4278935.67,6.42,0.03,541.7,0.32
CMP-02190,2023-07-15,Google Ads,Retargeting,Tech,North America,34442.8,12555899,611472,56668,7397419.84,4.87,0.06,214.77,0.61
CMP-02191,2022-02-05,Email,Retargeting,Food & Beverage,Latin America,20138.12,8234059,436405,33590,2412495.27,5.3,0.05,119.8,0.6
CMP-02192,2023-05-09,Twitter,Brand Awareness,Retail,Asia Pacific,3002.66,173859,8779,394,46479.04,5.05,0.34,15.48,7.62
CMP-02193,2023-10-15,YouTube,Conversion,Healthcare,North America,2208.17,781977,11807,945,251251.67,1.51,0.19,113.78,2.34
CMP-02194,2024-02-01,Email,Conversion,Retail,North America,18451.3,3045227,44155,4059,775409.39,1.45,0.42,42.02,4.55
CMP-02195,2024-03-04,Twitter,Retargeting,Finance,Europe,36958.59,16763248,720819,61051,25728611.08,4.3,0.05,696.15,0.61
CMP-02196,2022-09-14,Email,Conversion,Healthcare,Middle East,24430.89,4234860,239693,17592,3299698.9,5.66,0.1,135.06,1.39
CMP-02197,2023-12-07,TikTok,Engagement,Travel,Middle East,37069.12,18062278,124629,9064,2781091.56,0.69,0.3,75.02,4.09
CMP-02198,2023-02-28,Google Ads,Brand Awareness,Travel,Europe,29621.32,7142453,50711,3599,173454.54,0.71,0.58,5.86,8.23
CMP-02199,2024-03-09,YouTube,Conversion,Tech,Middle East,35381.9,14155146,1067298,41520,15430254.96,7.54,0.03,436.11,0.85
CMP-02200,2023-11-16,LinkedIn,Engagement,Retail,Asia Pacific,6745.0,574720,3218,64,2823.18,0.56,2.1,0.42,105.39
CMP-02201,2024-05-22,YouTube,Brand Awareness,Tech,Latin America,23415.95,9465782,421227,41258,9726034.93,4.45,0.06,415.36,0.57
CMP-02202,2024-01-11,TikTok,Brand Awareness,Retail,Asia Pacific,47427.05,5662634,225372,3862,476555.33,3.98,0.21,10.05,12.28
CMP-02203,2023-09-30,TikTok,Lead Generation,Travel,Middle East,35136.8,5236451,216265,15624,6972708.65,4.13,0.16,198.44,2.25
CMP-02204,2023-11-06,Google Ads,Engagement,Healthcare,Asia Pacific,4455.98,1752029,22250,843,62702.45,1.27,0.2,14.07,5.29
CMP-02205,2022-07-27,Facebook,Lead Generation,Travel,Latin America,3727.21,1595578,101638,2729,843475.24,6.37,0.04,226.3,1.37
CMP-02206,2022-11-04,Email,Lead Generation,Travel,North America,10819.72,1114262,53150,4148,854180.34,4.77,0.2,78.95,2.61
CMP-02207,2024-01-30,Google Ads,Engagement,Education,Latin America,27173.99,11319531,501455,36909,4518270.76,4.43,0.05,166.27,0.74
CMP-02208,2022-11-30,TikTok,Engagement,Education,Middle East,4555.42,1180403,69761,1472,380098.23,5.91,0.07,83.44,3.09
CMP-02209,2022-01-16,Twitter,Engagement,Finance,North America,22729.04,9155104,102537,1902,944764.76,1.12,0.22,41.57,11.95
CMP-02210,2023-03-14,YouTube,Engagement,Retail,Asia Pacific,37775.92,3026645,88680,1690,261086.16,2.93,0.43,6.91,22.35
CMP-02211,2022-05-10,Instagram,Lead Generation,Finance,Asia Pacific,18139.1,5213373,85499,1676,431603.21,1.64,0.21,23.79,10.82
CMP-02212,2022-11-15,Instagram,Conversion,Tech,Middle East,23864.67,9168342,532680,8158,1802466.54,5.81,0.04,75.53,2.93
CMP-02213,2022-03-22,TikTok,Brand Awareness,Education,Middle East,31555.89,3450193,253934,18626,5903049.45,7.36,0.12,187.07,1.69
CMP-02214,2022-04-02,Instagram,Retargeting,Tech,North America,23586.17,9236532,629931,10680,2456864.23,6.82,0.04,104.17,2.21
CMP-02215,2022-08-17,Twitter,Conversion,Travel,Latin America,35903.79,17083230,1214617,111799,46363833.11,7.11,0.03,1291.34,0.32
CMP-02216,2024-03-01,YouTube,Conversion,Education,Latin America,11180.18,4379266,28903,3410,1312019.78,0.66,0.39,117.35,3.28
CMP-02217,2022-08-09,Facebook,Retargeting,Education,North America,36807.77,15477472,611360,44638,3259904.59,3.95,0.06,88.57,0.82
CMP-02218,2022-07-26,Instagram,Lead Generation,Finance,Middle East,26060.34,8319221,391003,10836,3764897.98,4.7,0.07,144.47,2.4
CMP-02219,2022-01-16,Email,Retargeting,Food & Beverage,Middle East,36322.28,2734095,60150,4062,1124739.83,2.2,0.6,30.97,8.94
CMP-02220,2023-09-29,Twitter,Retargeting,Education,Middle East,21611.23,2798973,126513,3395,1019686.01,4.52,0.17,47.18,6.37
CMP-02221,2023-09-18,Twitter,Brand Awareness,Travel,North America,33644.46,15238657,387061,28536,7762544.0,2.54,0.09,230.72,1.18
CMP-02222,2024-05-08,Facebook,Brand Awareness,Retail,Asia Pacific,39451.31,19484677,605973,53226,12379761.52,3.11,0.07,313.8,0.74
CMP-02223,2023-06-13,TikTok,Retargeting,Tech,Asia Pacific,14480.78,1294386,39219,650,296977.34,3.03,0.37,20.51,22.28
CMP-02224,2024-05-18,LinkedIn,Engagement,Finance,Asia Pacific,20087.25,8292911,51416,1692,208524.23,0.62,0.39,10.38,11.87
CMP-02225,2023-12-27,Google Ads,Engagement,Travel,Asia Pacific,49579.46,24015399,1601827,107884,53679133.8,6.67,0.03,1082.69,0.46
CMP-02226,2023-01-19,TikTok,Brand Awareness,Finance,North America,5581.64,2231713,178090,11377,4565609.63,7.98,0.03,817.97,0.49
CMP-02227,2023-02-01,TikTok,Engagement,Tech,Europe,48807.52,16316334,401381,32242,5510617.15,2.46,0.12,112.91,1.51
CMP-02228,2024-01-13,TikTok,Engagement,Healthcare,Latin America,36047.89,11857720,648617,29591,7148397.43,5.47,0.06,198.3,1.22
CMP-02229,2024-04-05,Instagram,Retargeting,Finance,Latin America,6497.59,2073407,27990,2384,718701.95,1.35,0.23,110.61,2.73
CMP-02230,2022-05-03,Twitter,Conversion,Education,Latin America,28599.92,11922663,842932,35365,8567676.11,7.07,0.03,299.57,0.81
CMP-02231,2023-10-30,YouTube,Retargeting,Healthcare,Latin America,17693.91,4847484,337869,26300,5505182.04,6.97,0.05,311.13,0.67
CMP-02232,2022-05-12,YouTube,Brand Awareness,Healthcare,Europe,5658.83,1684704,19711,2224,947673.26,1.17,0.29,167.47,2.54
CMP-02233,2023-10-14,Twitter,Brand Awareness,Healthcare,Latin America,42912.48,2581034,205966,22767,1398868.25,7.98,0.21,32.6,1.88
CMP-02234,2023-07-06,LinkedIn,Conversion,Finance,Asia Pacific,3744.96,884623,69265,5760,2484380.31,7.83,0.05,663.39,0.65
CMP-02235,2024-05-17,Google Ads,Brand Awareness,Food & Beverage,Europe,42001.28,5365886,294587,13516,5223810.64,5.49,0.14,124.37,3.11
CMP-02236,2022-11-07,Facebook,Retargeting,Travel,North America,42955.61,20340830,1476744,31515,9538874.77,7.26,0.03,222.06,1.36
CMP-02237,2022-03-11,Facebook,Conversion,Finance,Middle East,38826.58,9979593,163665,13108,5976418.36,1.64,0.24,153.93,2.96
CMP-02238,2024-04-09,Twitter,Conversion,Education,Europe,49954.97,4303587,294365,19500,1395125.02,6.84,0.17,27.93,2.56
CMP-02239,2022-05-18,Google Ads,Engagement,Education,Middle East,33324.24,13619756,524360,30785,11564270.49,3.85,0.06,347.02,1.08
CMP-02240,2024-04-15,Facebook,Conversion,Food & Beverage,Middle East,32920.39,7043943,516321,12389,1287287.03,7.33,0.06,39.1,2.66
CMP-02241,2023-06-26,Email,Lead Generation,Education,Middle East,46198.88,7386813,486790,29932,13540039.47,6.59,0.09,293.08,1.54
CMP-02242,2024-05-18,Twitter,Engagement,Healthcare,Latin America,2335.79,257930,3456,372,108190.86,1.34,0.68,46.32,6.28
CMP-02243,2024-05-29,Email,Brand Awareness,Retail,North America,31387.8,9809227,505175,33564,3407864.17,5.15,0.06,108.57,0.94
CMP-02244,2024-04-20,Google Ads,Retargeting,Tech,Asia Pacific,22292.51,9820827,274983,30364,10688579.23,2.8,0.08,479.47,0.73
CMP-02245,2023-08-29,Instagram,Lead Generation,Travel,Latin America,25065.67,10926994,494992,21999,8745232.16,4.53,0.05,348.89,1.14
CMP-02246,2022-01-12,Google Ads,Retargeting,Education,Asia Pacific,10475.35,4581288,49019,4585,1889259.25,1.07,0.21,180.35,2.28
CMP-02247,2022-02-21,Google Ads,Lead Generation,Travel,Europe,28108.05,10883151,374380,41373,12764581.22,3.44,0.08,454.13,0.68
CMP-02248,2023-12-27,YouTube,Lead Generation,Tech,Asia Pacific,5328.88,2554003,178780,14565,2379193.64,7.0,0.03,446.47,0.37
CMP-02249,2023-04-28,Facebook,Engagement,Finance,Europe,49766.03,3413997,55306,4243,314090.9,1.62,0.9,6.31,11.73
CMP-02250,2022-07-24,LinkedIn,Lead Generation,Food & Beverage,Europe,13121.67,4642736,86819,1192,388737.46,1.87,0.15,29.63,11.01
CMP-02251,2024-06-02,Instagram,Brand Awareness,Education,Europe,40533.91,7269633,238443,13804,4099254.08,3.28,0.17,101.13,2.94
CMP-02252,2022-05-30,Facebook,Engagement,Retail,Asia Pacific,17875.78,5122869,341695,31655,13985077.32,6.67,0.05,782.35,0.56
CMP-02253,2022-10-14,Instagram,Retargeting,Retail,Middle East,29642.99,2260057,115940,11633,1693900.58,5.13,0.26,57.14,2.55
CMP-02254,2024-03-09,Email,Conversion,Finance,Asia Pacific,48464.33,16736307,652715,76705,15552237.95,3.9,0.07,320.9,0.63
CMP-02255,2023-07-01,Instagram,Brand Awareness,Food & Beverage,Middle East,16551.99,2838392,92815,481,120000.1,3.27,0.18,7.25,34.41
CMP-02256,2024-03-12,Twitter,Engagement,Finance,Asia Pacific,49763.57,22494299,1050483,89377,6527074.87,4.67,0.05,131.16,0.56
CMP-02257,2022-06-09,LinkedIn,Brand Awareness,Tech,Europe,42109.72,17011658,199036,15075,4624037.56,1.17,0.21,109.81,2.79
CMP-02258,2022-12-01,Instagram,Retargeting,Food & Beverage,Latin America,3780.19,909391,43196,4291,1213584.05,4.75,0.09,321.04,0.88
CMP-02259,2023-07-11,YouTube,Conversion,Healthcare,Asia Pacific,27022.31,4325786,51476,1854,172295.02,1.19,0.52,6.38,14.58
CMP-02260,2022-02-22,Email,Lead Generation,Retail,Latin America,35262.48,7279912,82263,8409,3169168.71,1.13,0.43,89.87,4.19
CMP-02261,2023-10-03,Email,Engagement,Tech,Latin America,29597.56,12910819,466080,29783,1266553.71,3.61,0.06,42.79,0.99
CMP-02262,2024-05-29,Twitter,Retargeting,Education,North America,2222.25,232111,12487,1026,158010.84,5.38,0.18,71.1,2.17
CMP-02263,2022-11-15,YouTube,Engagement,Travel,North America,13408.16,1012420,77956,5753,1379839.87,7.7,0.17,102.91,2.33
CMP-02264,2023-09-23,Facebook,Retargeting,Retail,Middle East,18768.55,3644854,266803,11589,4166885.91,7.32,0.07,222.01,1.62
CMP-02265,2023-11-30,Google Ads,Conversion,Retail,Europe,12712.35,4198470,290534,19427,6441730.64,6.92,0.04,506.73,0.65
CMP-02266,2023-02-20,Email,Brand Awareness,Retail,Latin America,8392.68,499687,30880,269,42691.51,6.18,0.27,5.09,31.2
CMP-02267,2022-04-30,Twitter,Brand Awareness,Travel,North America,1952.7,184608,9784,476,26748.59,5.3,0.2,13.7,4.1
CMP-02268,2024-05-01,Facebook,Engagement,Tech,Asia Pacific,29993.93,8331481,475727,50408,1551733.99,5.71,0.06,51.73,0.6
CMP-02269,2023-04-01,LinkedIn,Brand Awareness,Healthcare,Middle East,42093.24,6814524,105625,10505,2805960.92,1.55,0.4,66.66,4.01
CMP-02270,2022-11-16,YouTube,Engagement,Food & Beverage,North America,21785.26,2422598,118949,11721,4460037.87,4.91,0.18,204.73,1.86
CMP-02271,2024-04-17,TikTok,Conversion,Education,Middle East,14948.43,1148376,15732,600,25146.62,1.37,0.95,1.68,24.91
CMP-02272,2022-05-12,Email,Brand Awareness,Education,Latin America,10680.45,2029992,48313,4902,1988371.97,2.38,0.22,186.17,2.18
CMP-02273,2022-12-21,Google Ads,Lead Generation,Retail,North America,21934.55,2131670,44125,2143,95259.68,2.07,0.5,4.34,10.24
CMP-02274,2022-07-25,Instagram,Engagement,Retail,Middle East,26558.94,2939949,73498,1735,104146.86,2.5,0.36,3.92,15.31
CMP-02275,2024-01-07,LinkedIn,Engagement,Education,Asia Pacific,21381.24,3094160,99013,4081,315444.87,3.2,0.22,14.75,5.24
CMP-02276,2023-09-03,LinkedIn,Conversion,Education,Asia Pacific,41622.34,11069766,397404,9622,711232.49,3.59,0.1,17.09,4.33
CMP-02277,2024-03-21,Facebook,Conversion,Tech,Asia Pacific,9679.6,1343261,11014,439,65882.77,0.82,0.88,6.81,22.05
CMP-02278,2024-01-12,Google Ads,Engagement,Tech,Europe,25330.44,12509090,251432,9885,1981567.12,2.01,0.1,78.23,2.56
CMP-02279,2022-03-20,TikTok,Lead Generation,Travel,Europe,32273.13,3719216,84426,2737,247911.9,2.27,0.38,7.68,11.79
CMP-02280,2024-04-01,Facebook,Conversion,Healthcare,Middle East,13163.73,1083148,69429,6855,236780.91,6.41,0.19,17.99,1.92
CMP-02281,2022-02-02,YouTube,Engagement,Food & Beverage,Middle East,10188.73,792121,55369,1803,337339.02,6.99,0.18,33.11,5.65
CMP-02282,2023-07-24,Instagram,Brand Awareness,Education,Latin America,17992.94,3048962,205195,24499,8365378.91,6.73,0.09,464.93,0.73
CMP-02283,2024-01-09,TikTok,Conversion,Healthcare,Latin America,35421.13,7402315,226510,19470,4933183.92,3.06,0.16,139.27,1.82
CMP-02284,2022-09-14,Email,Conversion,Travel,Asia Pacific,14520.02,1608051,86673,4498,536346.21,5.39,0.17,36.94,3.23
CMP-02285,2023-06-10,TikTok,Retargeting,Healthcare,North America,2877.82,1427062,24117,1983,441966.14,1.69,0.12,153.58,1.45
CMP-02286,2023-12-03,Google Ads,Brand Awareness,Tech,North America,24518.45,10486640,432049,36777,14024771.57,4.12,0.06,572.01,0.67
CMP-02287,2022-09-23,TikTok,Engagement,Food & Beverage,Asia Pacific,38973.97,8871012,476373,28668,3649594.93,5.37,0.08,93.64,1.36
CMP-02288,2022-12-26,LinkedIn,Lead Generation,Tech,Middle East,16020.56,7232070,537342,58861,17743159.07,7.43,0.03,1107.52,0.27
CMP-02289,2022-07-17,Twitter,Lead Generation,Travel,Middle East,42287.64,3892659,80578,6457,340403.42,2.07,0.52,8.05,6.55
CMP-02290,2022-01-15,Twitter,Lead Generation,Food & Beverage,Latin America,26955.07,11276770,771331,56608,16915416.01,6.84,0.03,627.54,0.48
CMP-02291,2022-01-12,Facebook,Engagement,Finance,Europe,15124.46,1722928,110439,4802,1805780.3,6.41,0.14,119.39,3.15
CMP-02292,2023-10-13,Facebook,Lead Generation,Tech,Middle East,14075.72,4608236,364511,32556,1108327.45,7.91,0.04,78.74,0.43
CMP-02293,2022-03-24,LinkedIn,Conversion,Tech,North America,680.72,245711,18526,108,35867.37,7.54,0.04,52.69,6.3
CMP-02294,2024-05-26,Instagram,Brand Awareness,Education,Europe,5343.61,1207173,65308,2589,594889.01,5.41,0.08,111.33,2.06
CMP-02295,2023-12-14,LinkedIn,Retargeting,Retail,Asia Pacific,17892.58,2412325,62237,5998,2383039.03,2.58,0.29,133.19,2.98
CMP-02296,2022-09-13,Twitter,Retargeting,Finance,Europe,14048.0,1534225,36821,4309,1639319.14,2.4,0.38,116.69,3.26
CMP-02297,2022-10-16,LinkedIn,Brand Awareness,Education,Middle East,47012.59,17892569,619082,4002,743822.23,3.46,0.08,15.82,11.75
CMP-02298,2024-01-26,Facebook,Retargeting,Healthcare,Middle East,32670.56,8839233,238659,10329,4233783.86,2.7,0.14,129.59,3.16
CMP-02299,2023-06-15,LinkedIn,Lead Generation,Finance,Asia Pacific,38860.34,11279409,372220,11902,1644334.86,3.3,0.1,42.31,3.27
CMP-02300,2022-05-15,Google Ads,Lead Generation,Travel,North America,30844.71,3513532,63594,1591,194167.0,1.81,0.49,6.29,19.39
CMP-02301,2023-01-17,Google Ads,Engagement,Tech,North America,34852.47,10825246,755602,26980,1256007.89,6.98,0.05,36.04,1.29
CMP-02302,2023-04-04,Twitter,Engagement,Food & Beverage,Asia Pacific,17504.77,6823494,86658,2200,407101.41,1.27,0.2,23.26,7.96
CMP-02303,2023-01-08,YouTube,Retargeting,Healthcare,Europe,1963.7,440286,2201,103,30836.97,0.5,0.89,15.7,19.07
CMP-02304,2022-04-26,LinkedIn,Brand Awareness,Education,Middle East,40349.41,10882609,489717,7723,2517993.1,4.5,0.08,62.4,5.22
CMP-02305,2022-05-21,Email,Retargeting,Education,Latin America,33369.76,1994903,104931,5374,1575567.8,5.26,0.32,47.22,6.21
CMP-02306,2022-05-30,Google Ads,Engagement,Tech,North America,31510.59,11210910,243276,22702,3723443.18,2.17,0.13,118.16,1.39
CMP-02307,2022-03-24,YouTube,Engagement,Education,Europe,7314.39,2189383,123043,5603,2292917.43,5.62,0.06,313.48,1.31
CMP-02308,2023-04-18,Google Ads,Engagement,Travel,Asia Pacific,45858.01,4977281,255334,2800,223235.68,5.13,0.18,4.87,16.38
CMP-02309,2022-06-04,Google Ads,Conversion,Tech,Middle East,8492.84,1004653,48926,5808,2746288.97,4.87,0.17,323.37,1.46
CMP-02310,2022-09-23,TikTok,Engagement,Food & Beverage,Asia Pacific,14247.85,3610783,211230,3502,1378778.34,5.85,0.07,96.77,4.07
CMP-02311,2022-07-09,Facebook,Engagement,Retail,Asia Pacific,29064.19,9999795,217995,13411,6324508.07,2.18,0.13,217.6,2.17
CMP-02312,2022-01-26,Twitter,Brand Awareness,Tech,Latin America,25756.84,2402894,70885,5585,732474.63,2.95,0.36,28.44,4.61
CMP-02313,2023-09-20,Email,Engagement,Education,Latin America,18144.49,7652663,444619,4761,2080139.61,5.81,0.04,114.64,3.81
CMP-02314,2023-07-03,Twitter,Engagement,Education,Latin America,46791.58,17263469,588684,55844,17820734.5,3.41,0.08,380.85,0.84
CMP-02315,2022-04-02,LinkedIn,Lead Generation,Food & Beverage,Europe,2121.62,814002,35734,308,24416.72,4.39,0.06,11.51,6.89
CMP-02316,2024-05-04,Facebook,Conversion,Healthcare,Asia Pacific,37204.46,4558817,307264,21976,5456471.77,6.74,0.12,146.66,1.69
CMP-02317,2022-08-26,Instagram,Engagement,Travel,Middle East,7525.59,925397,69034,8176,712857.56,7.46,0.11,94.72,0.92
CMP-02318,2022-01-25,Google Ads,Conversion,Tech,Latin America,41963.06,6249288,264344,2940,654954.14,4.23,0.16,15.61,14.27
CMP-02319,2024-04-11,YouTube,Retargeting,Travel,North America,13256.21,4972970,315783,17440,5168647.73,6.35,0.04,389.9,0.76
CMP-02320,2022-10-06,Instagram,Conversion,Travel,Europe,5493.56,672718,16077,189,54955.4,2.39,0.34,10.0,29.07
CMP-02321,2023-09-21,LinkedIn,Retargeting,Food & Beverage,Middle East,46985.95,21653600,1543901,32165,6648656.54,7.13,0.03,141.5,1.46
CMP-02322,2024-05-31,Email,Brand Awareness,Finance,Latin America,33978.68,7083946,189141,19388,3090587.68,2.67,0.18,90.96,1.75
CMP-02323,2022-01-30,YouTube,Brand Awareness,Retail,Europe,47576.95,16800393,836659,61719,26974880.04,4.98,0.06,566.97,0.77
CMP-02324,2023-06-25,LinkedIn,Retargeting,Retail,Asia Pacific,38390.75,15273949,366574,3787,1441379.41,2.4,0.1,37.54,10.14
CMP-02325,2022-05-21,YouTube,Brand Awareness,Finance,North America,24898.04,2562111,54572,4335,1413260.08,2.13,0.46,56.76,5.74
CMP-02326,2022-12-03,YouTube,Engagement,Food & Beverage,North America,34820.75,3239606,255928,3986,1566796.62,7.9,0.14,45.0,8.74
CMP-02327,2024-01-23,Twitter,Conversion,Retail,Europe,29108.09,10242263,758951,9814,4314634.34,7.41,0.04,148.23,2.97
CMP-02328,2022-08-29,TikTok,Lead Generation,Tech,Europe,46105.91,20801828,825832,64610,6502042.39,3.97,0.06,141.02,0.71
CMP-02329,2023-08-18,TikTok,Conversion,Travel,Asia Pacific,49131.39,9752248,776278,43196,12121088.15,7.96,0.06,246.71,1.14
CMP-02330,2022-06-27,Instagram,Retargeting,Travel,Middle East,25521.95,2738608,24373,696,276645.48,0.89,1.05,10.84,36.67
CMP-02331,2023-03-30,LinkedIn,Engagement,Travel,Middle East,24660.34,7592915,595284,69277,12197897.0,7.84,0.04,494.64,0.36
CMP-02332,2022-03-27,Instagram,Engagement,Finance,Europe,31569.48,15234996,621587,29312,11155342.18,4.08,0.05,353.36,1.08
CMP-02333,2023-06-16,Email,Retargeting,Tech,Middle East,35542.87,4871338,342942,2931,90796.03,7.04,0.1,2.55,12.13
CMP-02334,2023-11-28,Twitter,Engagement,Tech,Latin America,30949.96,11484961,535199,3988,642971.58,4.66,0.06,20.77,7.76
CMP-02335,2023-09-24,TikTok,Retargeting,Food & Beverage,North America,25742.4,2636173,174514,6935,2166126.05,6.62,0.15,84.15,3.71
CMP-02336,2023-07-04,LinkedIn,Brand Awareness,Food & Beverage,North America,15195.8,1025795,36415,1712,424244.15,3.55,0.42,27.92,8.88
CMP-02337,2023-03-24,Email,Engagement,Tech,Europe,27768.43,13654334,518864,50337,24754687.27,3.8,0.05,891.47,0.55
CMP-02338,2023-06-03,Google Ads,Conversion,Finance,Middle East,29418.32,7228239,456101,20444,7402637.53,6.31,0.06,251.63,1.44
CMP-02339,2022-07-06,Google Ads,Conversion,Healthcare,Middle East,23165.88,1381151,31904,1661,450093.0,2.31,0.73,19.43,13.95
CMP-02340,2022-12-16,TikTok,Lead Generation,Food & Beverage,Asia Pacific,46841.02,9509278,626661,60493,2932368.7,6.59,0.07,62.6,0.77
CMP-02341,2022-06-05,Email,Conversion,Retail,Asia Pacific,38978.28,3323771,251277,25328,3376628.41,7.56,0.16,86.63,1.54
CMP-02342,2022-10-21,Email,Engagement,Finance,Latin America,18116.83,6960211,48025,5139,444663.48,0.69,0.38,24.54,3.53
CMP-02343,2022-10-15,Instagram,Conversion,Education,Asia Pacific,14288.85,7073557,389752,5263,2466442.35,5.51,0.04,172.61,2.71
CMP-02344,2023-04-23,YouTube,Engagement,Tech,Middle East,14650.82,2068274,137747,7712,3189511.82,6.66,0.11,217.7,1.9
CMP-02345,2022-11-19,Google Ads,Engagement,Food & Beverage,Asia Pacific,19033.21,4850235,352127,8045,2850773.85,7.26,0.05,149.78,2.37
CMP-02346,2022-05-10,Instagram,Engagement,Retail,North America,41201.16,19436555,1533544,53833,12244632.61,7.89,0.03,297.19,0.77
CMP-02347,2024-03-09,Google Ads,Conversion,Healthcare,Latin America,43798.95,16435255,762595,48399,7640520.85,4.64,0.06,174.45,0.9
CMP-02348,2023-07-07,Email,Engagement,Tech,North America,24349.53,8085980,569252,27469,11079018.87,7.04,0.04,455.0,0.89
CMP-02349,2022-11-06,Instagram,Engagement,Tech,Asia Pacific,16626.5,7768446,386868,18964,4962717.29,4.98,0.04,298.48,0.88
CMP-02350,2023-08-28,TikTok,Engagement,Retail,Europe,30977.35,4207711,140958,8373,2886008.68,3.35,0.22,93.17,3.7
CMP-02351,2023-12-02,TikTok,Brand Awareness,Finance,Middle East,5140.74,2501480,125574,1216,345874.75,5.02,0.04,67.28,4.23
CMP-02352,2024-02-09,Google Ads,Engagement,Finance,Europe,5341.7,2149384,128103,14910,1810166.23,5.96,0.04,338.87,0.36
CMP-02353,2022-05-25,Email,Retargeting,Travel,North America,35581.37,17219716,599246,56713,9441091.46,3.48,0.06,265.34,0.63
CMP-02354,2022-11-10,YouTube,Engagement,Education,Europe,13403.51,1199858,94668,791,384414.09,7.89,0.14,28.68,16.95
CMP-02355,2023-09-02,YouTube,Lead Generation,Finance,Middle East,29647.8,11823430,493037,16462,7884955.75,4.17,0.06,265.95,1.8
CMP-02356,2022-12-13,Instagram,Retargeting,Finance,Asia Pacific,2474.58,341350,21095,932,125329.61,6.18,0.12,50.65,2.66
CMP-02357,2022-05-29,Email,Retargeting,Retail,Latin America,32619.03,14746041,253631,23765,11679066.84,1.72,0.13,358.04,1.37
CMP-02358,2023-07-14,Google Ads,Engagement,Retail,Europe,34765.5,13961617,163350,3949,414617.59,1.17,0.21,11.93,8.8
CMP-02359,2022-09-23,YouTube,Engagement,Retail,Europe,41092.44,6765084,423494,48891,15990021.0,6.26,0.1,389.12,0.84
CMP-02360,2022-10-16,Email,Lead Generation,Healthcare,Asia Pacific,33923.57,6651568,115737,8982,631983.56,1.74,0.29,18.63,3.78
CMP-02361,2024-04-07,LinkedIn,Lead Generation,Healthcare,Latin America,37587.83,11481846,841619,83763,33941322.2,7.33,0.04,902.99,0.45
CMP-02362,2022-09-05,Twitter,Retargeting,Education,Europe,48868.65,7007154,168171,3405,1394264.4,2.4,0.29,28.53,14.35
CMP-02363,2022-10-16,LinkedIn,Retargeting,Retail,North America,23304.25,9786667,320024,23740,2180649.19,3.27,0.07,93.57,0.98
CMP-02364,2024-01-18,Email,Retargeting,Education,Latin America,21635.37,5127043,325054,5225,1941507.73,6.34,0.07,89.74,4.14
CMP-02365,2022-02-17,YouTube,Conversion,Healthcare,Asia Pacific,41370.91,2603947,103376,2959,182212.43,3.97,0.4,4.4,13.98
CMP-02366,2022-04-02,TikTok,Brand Awareness,Education,North America,22143.19,6678327,178979,9674,2015780.51,2.68,0.12,91.03,2.29
CMP-02367,2022-03-11,YouTube,Retargeting,Education,Asia Pacific,33412.71,6052028,58704,2080,351029.01,0.97,0.57,10.51,16.06
CMP-02368,2024-04-03,Instagram,Engagement,Food & Beverage,Middle East,37821.24,9669376,630443,5728,954721.05,6.52,0.06,25.24,6.6
CMP-02369,2022-11-09,LinkedIn,Engagement,Food & Beverage,Middle East,2658.04,923325,69803,3890,958228.52,7.56,0.04,360.5,0.68
CMP-02370,2022-12-20,Facebook,Conversion,Education,Middle East,43211.51,8055956,108755,2340,97960.02,1.35,0.4,2.27,18.47
CMP-02371,2023-02-26,Facebook,Retargeting,Retail,North America,13536.46,2155048,98270,9006,3452914.8,4.56,0.14,255.08,1.5
CMP-02372,2023-07-24,LinkedIn,Lead Generation,Tech,Asia Pacific,26596.95,9318327,724965,52525,4806356.0,7.78,0.04,180.71,0.51
CMP-02373,2024-06-09,Facebook,Retargeting,Finance,Middle East,32679.26,13755244,617610,16081,4559979.91,4.49,0.05,139.54,2.03
CMP-02374,2022-04-01,YouTube,Brand Awareness,Tech,North America,6912.01,1079379,49111,3299,218729.05,4.55,0.14,31.64,2.1
CMP-02375,2024-01-22,LinkedIn,Retargeting,Tech,Latin America,47965.57,20701179,782504,77612,19456877.51,3.78,0.06,405.64,0.62
CMP-02376,2023-01-20,LinkedIn,Brand Awareness,Finance,Asia Pacific,47229.48,7611157,377513,9549,1670781.97,4.96,0.13,35.38,4.95
CMP-02377,2023-02-07,Email,Engagement,Healthcare,Asia Pacific,6782.78,2166897,172701,5924,1289191.71,7.97,0.04,190.07,1.14
CMP-02378,2023-10-26,Twitter,Engagement,Education,Middle East,48202.36,3194989,191699,5797,1390179.83,6.0,0.25,28.84,8.32
CMP-02379,2022-07-17,LinkedIn,Conversion,Tech,Latin America,32336.97,2562728,160426,13234,5963798.38,6.26,0.2,184.43,2.44
CMP-02380,2022-09-04,Google Ads,Brand Awareness,Education,North America,21466.01,8147890,649386,20401,3982993.37,7.97,0.03,185.55,1.05
CMP-02381,2023-12-16,Email,Brand Awareness,Healthcare,Latin America,38594.01,6314424,145863,1167,400454.12,2.31,0.26,10.38,33.07
CMP-02382,2022-07-04,Instagram,Lead Generation,Finance,North America,40420.25,4180955,82364,9780,3899574.47,1.97,0.49,96.48,4.13
CMP-02383,2022-09-20,LinkedIn,Engagement,Food & Beverage,North America,10225.27,4292516,100015,9379,1397265.7,2.33,0.1,136.65,1.09
CMP-02384,2023-05-20,Instagram,Brand Awareness,Travel,Europe,48420.98,6995342,83244,6198,1099712.18,1.19,0.58,22.71,7.81
CMP-02385,2024-04-20,YouTube,Conversion,Retail,Middle East,20875.08,7197060,567848,58318,24644609.57,7.89,0.04,1180.58,0.36
CMP-02386,2022-09-24,Email,Conversion,Education,Asia Pacific,32280.98,3976880,215546,8539,2728392.31,5.42,0.15,84.52,3.78
CMP-02387,2023-11-02,Email,Brand Awareness,Travel,North America,25938.49,5301882,356286,18309,6119228.96,6.72,0.07,235.91,1.42
CMP-02388,2023-01-05,TikTok,Engagement,Finance,Middle East,38395.66,18531367,1462124,58883,20576210.55,7.89,0.03,535.9,0.65
CMP-02389,2022-10-11,Instagram,Engagement,Food & Beverage,North America,28654.9,5110960,54687,4930,1770162.0,1.07,0.52,61.78,5.81
CMP-02390,2022-01-30,Instagram,Retargeting,Tech,Latin America,48642.79,6378934,495005,9624,2354677.33,7.76,0.1,48.41,5.05
CMP-02391,2024-02-09,Google Ads,Engagement,Tech,North America,48608.86,14728054,1100185,68600,28019480.28,7.47,0.04,576.43,0.71
CMP-02392,2022-12-09,Email,Retargeting,Healthcare,Asia Pacific,17579.18,3161908,41104,1537,509695.96,1.3,0.43,28.99,11.44
CMP-02393,2023-01-18,Facebook,Retargeting,Finance,Latin America,27489.45,8790991,383287,30976,2959738.72,4.36,0.07,107.67,0.89
CMP-02394,2023-06-27,Email,Retargeting,Education,Asia Pacific,11725.49,3908902,280268,30815,9027074.94,7.17,0.04,769.87,0.38
CMP-02395,2022-06-15,Instagram,Engagement,Travel,Europe,28197.67,13016426,1007471,9402,1087933.05,7.74,0.03,38.58,3.0
CMP-02396,2022-02-11,Email,Lead Generation,Healthcare,Asia Pacific,36141.47,17742828,356630,34218,14188417.78,2.01,0.1,392.58,1.06
CMP-02397,2022-06-12,Twitter,Retargeting,Travel,North America,18471.88,1673665,21925,773,267611.39,1.31,0.84,14.49,23.9
CMP-02398,2023-01-15,LinkedIn,Brand Awareness,Tech,Europe,31587.31,10205838,109202,10793,2994993.36,1.07,0.29,94.82,2.93
CMP-02399,2022-09-25,LinkedIn,Lead Generation,Travel,Latin America,40050.63,15245252,786655,91342,30681182.68,5.16,0.05,766.06,0.44
CMP-02400,2022-01-09,Instagram,Lead Generation,Healthcare,Asia Pacific,10557.73,1185195,73245,3077,1208299.08,6.18,0.14,114.45,3.43
CMP-02401,2024-04-06,Email,Engagement,Healthcare,Europe,35081.4,3251033,239601,7695,2574974.01,7.37,0.15,73.4,4.56
CMP-02402,2022-05-01,LinkedIn,Engagement,Healthcare,Europe,42348.88,4936440,69110,4560,931238.38,1.4,0.61,21.99,9.29
CMP-02403,2023-05-14,Email,Engagement,Food & Beverage,Latin America,31840.35,2992883,231948,19535,3306124.89,7.75,0.14,103.83,1.63
CMP-02404,2023-11-16,Instagram,Engagement,Finance,Middle East,2775.49,1151706,70138,1595,664599.31,6.09,0.04,239.45,1.74
CMP-02405,2023-12-20,YouTube,Retargeting,Healthcare,Asia Pacific,27996.38,4265069,302819,1515,544848.68,7.1,0.09,19.46,18.48
CMP-02406,2022-04-18,Email,Lead Generation,Education,Europe,39724.23,11611881,303070,17604,4221112.12,2.61,0.13,106.26,2.26
CMP-02407,2023-08-14,LinkedIn,Brand Awareness,Retail,Middle East,11508.87,5141590,238055,28088,5151503.26,4.63,0.05,447.61,0.41
CMP-02408,2022-01-18,Facebook,Conversion,Finance,Latin America,8588.52,1453538,8285,523,131724.97,0.57,1.04,15.34,16.42
CMP-02409,2023-10-22,Instagram,Engagement,Finance,Latin America,33306.26,2353091,107065,10171,4041367.56,4.55,0.31,121.34,3.27
CMP-02410,2023-01-03,LinkedIn,Conversion,Retail,Latin America,13745.73,5850391,170831,1883,845163.98,2.92,0.08,61.49,7.3
CMP-02411,2022-12-01,LinkedIn,Brand Awareness,Travel,North America,37481.29,3980372,248773,9622,3326723.39,6.25,0.15,88.76,3.9
CMP-02412,2023-04-09,Facebook,Lead Generation,Finance,Europe,25323.58,8520936,76688,1404,331102.81,0.9,0.33,13.07,18.04
CMP-02413,2024-02-22,Instagram,Engagement,Food & Beverage,Middle East,1200.32,379857,22373,698,158399.02,5.89,0.05,131.96,1.72
CMP-02414,2023-12-03,Email,Engagement,Education,Asia Pacific,891.92,187145,12482,1495,278850.94,6.67,0.07,312.64,0.6
CMP-02415,2023-05-29,Google Ads,Lead Generation,Finance,Middle East,11821.34,2615730,25111,2342,466391.3,0.96,0.47,39.45,5.05
CMP-02416,2023-08-16,LinkedIn,Retargeting,Tech,Europe,3013.63,295912,16807,1290,548699.49,5.68,0.18,182.07,2.34
CMP-02417,2022-08-19,Facebook,Engagement,Food & Beverage,Europe,45565.94,19241971,471428,25807,2908433.73,2.45,0.1,63.83,1.77
CMP-02418,2023-09-09,Twitter,Brand Awareness,Retail,Latin America,48912.17,20851194,1394944,106698,4867748.57,6.69,0.04,99.52,0.46
CMP-02419,2022-02-11,Google Ads,Lead Generation,Finance,Asia Pacific,3230.2,252383,6511,507,195062.46,2.58,0.5,60.39,6.37
CMP-02420,2022-08-20,TikTok,Retargeting,Retail,Europe,23231.06,3095269,119786,2257,640274.05,3.87,0.19,27.56,10.29
CMP-02421,2024-03-02,Facebook,Brand Awareness,Education,Latin America,36533.84,15524286,1156559,114367,13414194.07,7.45,0.03,367.17,0.32
CMP-02422,2022-12-01,Email,Retargeting,Healthcare,Asia Pacific,38626.59,2266741,41481,2951,1363070.33,1.83,0.93,35.29,13.09
CMP-02423,2022-07-29,Instagram,Retargeting,Retail,Asia Pacific,37141.7,15591240,289997,28838,2174641.39,1.86,0.13,58.55,1.29
CMP-02424,2024-05-17,Google Ads,Brand Awareness,Tech,Middle East,26348.64,4097879,261034,26392,7030097.07,6.37,0.1,266.81,1.0
CMP-02425,2023-10-26,Email,Engagement,Retail,North America,44557.71,3425939,139778,6373,1330507.76,4.08,0.32,29.86,6.99
CMP-02426,2023-06-26,YouTube,Lead Generation,Healthcare,Latin America,15559.72,3369873,244652,10015,4331903.74,7.26,0.06,278.4,1.55
CMP-02427,2022-02-10,LinkedIn,Retargeting,Retail,Latin America,34859.84,2610222,183759,4306,1771362.42,7.04,0.19,50.81,8.1
CMP-02428,2023-01-17,Twitter,Retargeting,Retail,North America,7612.78,1602321,107515,5519,261671.03,6.71,0.07,34.37,1.38
CMP-02429,2023-06-20,YouTube,Engagement,Retail,Asia Pacific,37129.62,16466824,681726,11978,4983527.35,4.14,0.05,134.22,3.1
CMP-02430,2023-05-16,LinkedIn,Retargeting,Tech,Asia Pacific,9236.82,894030,18506,1634,88510.26,2.07,0.5,9.58,5.65
CMP-02431,2023-04-21,Instagram,Retargeting,Travel,Middle East,32782.05,6129665,117076,5782,1867012.64,1.91,0.28,56.95,5.67
CMP-02432,2022-09-15,Instagram,Lead Generation,Tech,Latin America,23498.48,2428366,31083,807,305534.77,1.28,0.76,13.0,29.12
CMP-02433,2023-10-23,Google Ads,Lead Generation,Food & Beverage,North America,27885.82,9572537,114870,2060,84178.35,1.2,0.24,3.02,13.54
CMP-02434,2024-03-05,TikTok,Lead Generation,Finance,Europe,29139.01,11112231,433377,20667,4348253.98,3.9,0.07,149.22,1.41
CMP-02435,2022-05-29,Twitter,Conversion,Food & Beverage,Middle East,10326.35,2581220,99118,5782,2160350.25,3.84,0.1,209.21,1.79
CMP-02436,2022-09-01,Instagram,Retargeting,Food & Beverage,Europe,13671.37,3329010,231033,18450,8174605.2,6.94,0.06,597.94,0.74
CMP-02437,2022-01-20,YouTube,Engagement,Finance,Asia Pacific,23597.89,8755256,360716,36151,8932726.74,4.12,0.07,378.54,0.65
CMP-02438,2022-11-04,Google Ads,Brand Awareness,Retail,Asia Pacific,3471.07,1262448,34969,3608,1480592.89,2.77,0.1,426.55,0.96
CMP-02439,2022-05-06,TikTok,Brand Awareness,Finance,Middle East,8741.64,2368523,57555,1046,397851.62,2.43,0.15,45.51,8.36
CMP-02440,2023-09-18,Email,Engagement,Food & Beverage,Europe,30605.68,2621238,187418,15801,1055809.23,7.15,0.16,34.5,1.94
CMP-02441,2022-11-18,Email,Engagement,Travel,Asia Pacific,30224.14,3819655,204351,4686,225838.13,5.35,0.15,7.47,6.45
CMP-02442,2024-03-30,TikTok,Conversion,Travel,Middle East,34824.72,3344110,125738,2939,1093538.36,3.76,0.28,31.4,11.85
CMP-02443,2024-01-20,TikTok,Retargeting,Healthcare,Latin America,37436.64,14288963,314357,19678,8955084.53,2.2,0.12,239.21,1.9
CMP-02444,2023-04-17,Twitter,Lead Generation,Education,North America,737.5,336537,21235,1882,719322.52,6.31,0.03,975.35,0.39
CMP-02445,2023-06-28,Google Ads,Conversion,Retail,Asia Pacific,49017.91,19258192,1388515,37214,12523577.4,7.21,0.04,255.49,1.32
CMP-02446,2024-02-17,Facebook,Retargeting,Retail,Europe,39872.65,2361743,21728,1010,385547.16,0.92,1.84,9.67,39.48
CMP-02447,2022-02-17,TikTok,Conversion,Healthcare,Europe,44490.41,13485274,1058594,101701,29657976.33,7.85,0.04,666.62,0.44
CMP-02448,2023-04-25,TikTok,Retargeting,Retail,Latin America,45501.96,21555234,1429112,74182,18728434.27,6.63,0.03,411.6,0.61
CMP-02449,2023-03-29,TikTok,Retargeting,Healthcare,Asia Pacific,39416.65,11310749,823422,44127,9208776.06,7.28,0.05,233.63,0.89
CMP-02450,2022-03-07,Instagram,Conversion,Retail,Middle East,44426.21,21321936,746267,58015,14168968.13,3.5,0.06,318.93,0.77
CMP-02451,2023-05-17,YouTube,Lead Generation,Food & Beverage,Middle East,42304.34,8839515,280212,15915,2842269.08,3.17,0.15,67.19,2.66
CMP-02452,2022-10-25,Google Ads,Brand Awareness,Education,Europe,21339.34,8214833,543821,30484,7268481.14,6.62,0.04,340.61,0.7
CMP-02453,2023-02-13,TikTok,Lead Generation,Travel,Asia Pacific,37428.86,11990542,754205,4218,1262959.22,6.29,0.05,33.74,8.87
CMP-02454,2023-02-05,Instagram,Engagement,Tech,Middle East,24605.35,9283498,387121,25326,12130453.19,4.17,0.06,493.0,0.97
CMP-02455,2023-11-21,YouTube,Engagement,Healthcare,Europe,5272.52,498378,26962,1651,478621.69,5.41,0.2,90.78,3.19
CMP-02456,2022-09-02,Email,Lead Generation,Education,Middle East,46231.53,22990828,1287486,38126,1850422.72,5.6,0.04,40.03,1.21
CMP-02457,2023-04-02,Twitter,Brand Awareness,Food & Beverage,Latin America,19840.19,3005916,207708,16203,6904368.16,6.91,0.1,348.0,1.22
CMP-02458,2022-08-29,Instagram,Engagement,Travel,Europe,39525.25,5777131,399777,20436,4063034.86,6.92,0.1,102.8,1.93
CMP-02459,2024-02-24,LinkedIn,Engagement,Retail,North America,21011.28,9974139,290247,14093,4046606.33,2.91,0.07,192.59,1.49
CMP-02460,2022-12-20,TikTok,Lead Generation,Travel,Europe,36036.24,9939414,769310,29439,13742109.27,7.74,0.05,381.34,1.22
CMP-02461,2023-03-11,YouTube,Retargeting,Tech,Asia Pacific,37754.22,7124392,293524,23631,5252628.48,4.12,0.13,139.13,1.6
CMP-02462,2022-01-04,Instagram,Lead Generation,Retail,Europe,46678.48,22804424,1121977,50514,3713560.75,4.92,0.04,79.56,0.92
CMP-02463,2024-04-08,LinkedIn,Lead Generation,Healthcare,Asia Pacific,2647.86,639905,41209,3077,1224123.89,6.44,0.06,462.31,0.86
CMP-02464,2022-03-17,Email,Lead Generation,Education,Asia Pacific,3187.72,949001,30842,1827,858966.98,3.25,0.1,269.46,1.74
CMP-02465,2023-10-19,TikTok,Retargeting,Education,Asia Pacific,2659.7,739666,39128,4102,1466406.31,5.29,0.07,551.34,0.65
CMP-02466,2023-10-04,Instagram,Lead Generation,Tech,Asia Pacific,39856.83,17209226,1173669,14338,5784073.86,6.82,0.03,145.12,2.78
CMP-02467,2023-08-14,LinkedIn,Lead Generation,Education,Europe,43821.97,14985363,247258,8594,2743717.11,1.65,0.18,62.61,5.1
CMP-02468,2023-03-31,Google Ads,Engagement,Finance,Middle East,7736.4,2537438,127633,14701,4524338.66,5.03,0.06,584.81,0.53
CMP-02469,2023-09-16,Instagram,Engagement,Finance,Middle East,20577.01,4666017,162843,3066,735581.7,3.49,0.13,35.75,6.71
CMP-02470,2022-05-22,Email,Retargeting,Retail,Asia Pacific,25626.32,9843811,187032,15509,1737199.24,1.9,0.14,67.79,1.65
CMP-02471,2023-08-01,LinkedIn,Retargeting,Tech,North America,2665.45,653766,46744,3184,1088393.25,7.15,0.06,408.33,0.84
CMP-02472,2022-08-31,Google Ads,Lead Generation,Food & Beverage,North America,42288.92,18735780,906811,102127,40159675.0,4.84,0.05,949.65,0.41
CMP-02473,2023-09-20,Facebook,Lead Generation,Tech,Latin America,41171.12,18125375,427758,17947,1375121.53,2.36,0.1,33.4,2.29
CMP-02474,2024-04-16,Twitter,Lead Generation,Travel,Latin America,506.56,32858,2096,176,31956.62,6.38,0.24,63.09,2.88
CMP-02475,2023-06-14,LinkedIn,Conversion,Finance,Middle East,17200.14,5291166,78838,1337,438307.36,1.49,0.22,25.48,12.86
CMP-02476,2024-05-30,Twitter,Brand Awareness,Finance,Asia Pacific,45099.43,4563949,296200,21325,7666355.25,6.49,0.15,169.99,2.11
CMP-02477,2022-03-02,Twitter,Conversion,Travel,Europe,20277.9,1943269,116207,13378,676894.86,5.98,0.17,33.38,1.52
CMP-02478,2023-08-18,Facebook,Conversion,Travel,Europe,47681.27,8409900,655972,37377,6956281.46,7.8,0.07,145.89,1.28
CMP-02479,2022-04-16,TikTok,Engagement,Travel,North America,25729.66,6594890,160915,1999,664379.04,2.44,0.16,25.82,12.87
CMP-02480,2023-09-26,LinkedIn,Brand Awareness,Retail,Asia Pacific,15282.93,5661627,307992,16848,5675021.54,5.44,0.05,371.33,0.91
CMP-02481,2023-08-02,Facebook,Conversion,Food & Beverage,Middle East,15361.21,4438083,220572,19886,2005394.46,4.97,0.07,130.55,0.77
CMP-02482,2024-05-31,Email,Brand Awareness,Food & Beverage,Europe,29272.3,10679646,432525,20264,6147187.55,4.05,0.07,210.0,1.44
CMP-02483,2022-02-09,Instagram,Lead Generation,Education,Europe,43925.26,3348209,22433,459,186427.93,0.67,1.96,4.24,95.7
CMP-02484,2024-04-02,Google Ads,Conversion,Finance,Middle East,36921.11,7791025,326443,26323,7481477.39,4.19,0.11,202.63,1.4
CMP-02485,2023-02-25,LinkedIn,Brand Awareness,Retail,Europe,30787.52,2311366,92454,2969,702618.5,4.0,0.33,22.82,10.37
CMP-02486,2022-05-24,TikTok,Retargeting,Retail,Asia Pacific,4459.55,1961401,72767,7883,1058013.11,3.71,0.06,237.25,0.57
CMP-02487,2023-02-06,YouTube,Lead Generation,Travel,Europe,25212.84,10884561,448443,3003,1079259.66,4.12,0.06,42.81,8.4
CMP-02488,2024-05-11,Email,Brand Awareness,Retail,Asia Pacific,42548.54,2224439,57390,4308,312722.63,2.58,0.74,7.35,9.88
CMP-02489,2023-10-12,Twitter,Retargeting,Retail,Latin America,11870.41,4218881,83955,7786,253663.48,1.99,0.14,21.37,1.52
CMP-02490,2023-10-06,YouTube,Conversion,Education,Middle East,40357.77,15377475,133784,4457,1891537.1,0.87,0.3,46.87,9.05
CMP-02491,2022-05-20,Google Ads,Lead Generation,Food & Beverage,Latin America,39924.56,13969302,709640,26969,11523101.35,5.08,0.06,288.62,1.48
CMP-02492,2022-09-04,Email,Engagement,Finance,Middle East,10589.87,1575065,48984,3669,1402190.17,3.11,0.22,132.41,2.89
CMP-02493,2024-03-12,TikTok,Retargeting,Food & Beverage,Europe,7500.91,1323513,44205,2864,203370.94,3.34,0.17,27.11,2.62
CMP-02494,2023-02-12,Email,Brand Awareness,Food & Beverage,Europe,22949.91,8763536,209448,12773,632210.72,2.39,0.11,27.55,1.8
CMP-02495,2024-05-07,Google Ads,Lead Generation,Finance,Latin America,44572.71,18578059,248945,1855,515264.69,1.34,0.18,11.56,24.03
CMP-02496,2024-04-24,Email,Brand Awareness,Retail,North America,3576.92,1114832,80379,8640,2885494.09,7.21,0.04,806.7,0.41
CMP-02497,2023-01-14,Email,Engagement,Retail,Latin America,3203.09,1026161,60748,7075,454798.97,5.92,0.05,141.99,0.45
CMP-02498,2023-01-01,Facebook,Brand Awareness,Tech,Middle East,43675.96,5081502,220537,3050,1060017.54,4.34,0.2,24.27,14.32
CMP-02499,2022-01-25,Email,Conversion,Food & Beverage,North America,3831.41,786067,27748,2477,961090.4,3.53,0.14,250.85,1.55
CMP-02500,2023-05-22,Facebook,Conversion,Travel,Asia Pacific,5081.07,1877017,133643,8153,1805200.49,7.12,0.04,355.28,0.62
CMP-02501,2024-03-28,TikTok,Engagement,Education,Latin America,44831.73,16685548,360407,3731,503296.23,2.16,0.12,11.23,12.02
CMP-02502,2022-01-12,Email,Lead Generation,Food & Beverage,Europe,13691.5,1042440,6984,735,178102.39,0.67,1.96,13.01,18.63
CMP-02503,2024-04-16,YouTube,Retargeting,Travel,Asia Pacific,8099.95,611755,7646,526,239607.69,1.25,1.06,29.58,15.4
CMP-02504,2023-12-05,Twitter,Brand Awareness,Travel,Middle East,14210.3,6305641,481750,52666,23928317.2,7.64,0.03,1683.87,0.27
CMP-02505,2023-07-05,Twitter,Engagement,Travel,Latin America,11135.28,3225163,150615,16706,3908384.46,4.67,0.07,350.99,0.67
CMP-02506,2022-05-21,Google Ads,Brand Awareness,Food & Beverage,Asia Pacific,2232.48,1093279,28097,723,318237.91,2.57,0.08,142.55,3.09
CMP-02507,2023-10-02,Twitter,Lead Generation,Travel,Europe,35244.08,5064697,64321,3582,1445731.28,1.27,0.55,41.02,9.84
CMP-02508,2023-02-18,LinkedIn,Lead Generation,Travel,North America,37794.08,14685602,273152,22141,8075189.46,1.86,0.14,213.66,1.71
CMP-02509,2023-05-15,Instagram,Conversion,Tech,Asia Pacific,32384.13,15082790,143286,7513,817078.75,0.95,0.23,25.23,4.31
CMP-02510,2023-08-07,TikTok,Retargeting,Healthcare,Asia Pacific,36893.14,11149453,554127,60020,21027350.84,4.97,0.07,569.95,0.61
CMP-02511,2024-02-04,YouTube,Lead Generation,Education,Asia Pacific,23662.19,8453249,426043,11473,949083.25,5.04,0.06,40.11,2.06
CMP-02512,2022-01-15,YouTube,Lead Generation,Travel,Latin America,24488.89,1258784,58533,735,249968.67,4.65,0.42,10.21,33.32
CMP-02513,2024-05-15,Email,Lead Generation,Education,Middle East,30433.43,7182256,501321,59478,23522076.41,6.98,0.06,772.9,0.51
CMP-02514,2023-07-15,Google Ads,Lead Generation,Healthcare,Latin America,28943.81,14361803,1018251,44870,20122161.87,7.09,0.03,695.21,0.65
CMP-02515,2022-11-13,YouTube,Brand Awareness,Food & Beverage,Latin America,2465.61,1215715,48142,1679,567113.09,3.96,0.05,230.01,1.47
CMP-02516,2024-03-20,LinkedIn,Brand Awareness,Finance,Asia Pacific,46198.64,14945469,85189,1861,98243.81,0.57,0.54,2.13,24.82
CMP-02517,2022-04-10,Google Ads,Retargeting,Education,Middle East,44030.06,4152479,143260,3566,1692404.1,3.45,0.31,38.44,12.35
CMP-02518,2022-03-24,Google Ads,Engagement,Retail,North America,17505.95,7602799,108720,5934,1828849.67,1.43,0.16,104.47,2.95
CMP-02519,2023-09-08,TikTok,Engagement,Tech,Asia Pacific,29954.22,7503154,435933,5869,2828178.73,5.81,0.07,94.42,5.1
CMP-02520,2023-11-03,Facebook,Retargeting,Education,Middle East,27967.05,1795143,57265,2030,354110.82,3.19,0.49,12.66,13.78
CMP-02521,2023-01-12,Google Ads,Retargeting,Finance,Europe,29368.75,9796033,126368,10198,3974196.3,1.29,0.23,135.32,2.88
CMP-02522,2023-12-03,Twitter,Brand Awareness,Education,Asia Pacific,22790.4,6691297,275012,32681,3447783.73,4.11,0.08,151.28,0.7
CMP-02523,2023-04-21,LinkedIn,Engagement,Education,North America,22424.7,1924266,50608,4929,631739.39,2.63,0.44,28.17,4.55
CMP-02524,2023-04-15,Facebook,Lead Generation,Education,Latin America,45787.67,16596968,468034,19326,1678966.85,2.82,0.1,36.67,2.37
CMP-02525,2022-12-17,Twitter,Brand Awareness,Healthcare,Latin America,794.07,144013,10973,966,436005.44,7.62,0.07,549.08,0.82
CMP-02526,2024-05-29,TikTok,Engagement,Travel,Asia Pacific,48094.02,22049752,1272270,141079,49277474.59,5.77,0.04,1024.61,0.34
CMP-02527,2024-03-21,Instagram,Retargeting,Finance,Asia Pacific,48788.36,8611523,56836,2087,1016881.46,0.66,0.86,20.84,23.38
CMP-02528,2022-02-19,Instagram,Conversion,Finance,North America,14769.52,2003548,104785,3748,363958.15,5.23,0.14,24.64,3.94
CMP-02529,2024-04-10,Instagram,Brand Awareness,Food & Beverage,Asia Pacific,36252.73,8499123,286420,33602,7954193.57,3.37,0.13,219.41,1.08
CMP-02530,2023-12-24,LinkedIn,Brand Awareness,Travel,Middle East,35544.3,13945257,962222,38326,12812472.49,6.9,0.04,360.46,0.93
CMP-02531,2024-04-12,Email,Engagement,Tech,Asia Pacific,39171.79,3903975,278353,25555,7499587.05,7.13,0.14,191.45,1.53
CMP-02532,2023-09-07,TikTok,Brand Awareness,Tech,North America,7699.97,3530073,54010,343,134855.98,1.53,0.14,17.51,22.45
CMP-02533,2023-01-06,Email,Retargeting,Education,Europe,28624.29,11690378,748184,83243,19197033.14,6.4,0.04,670.66,0.34
CMP-02534,2023-01-16,YouTube,Conversion,Finance,North America,1834.91,145736,947,95,3284.66,0.65,1.94,1.79,19.31
CMP-02535,2022-09-04,YouTube,Engagement,Travel,Latin America,17952.79,7499208,491198,36907,2914244.42,6.55,0.04,162.33,0.49
CMP-02536,2022-01-12,Facebook,Brand Awareness,Travel,Latin America,28198.52,11739892,177272,17021,5702586.84,1.51,0.16,202.23,1.66
CMP-02537,2023-10-08,Email,Conversion,Food & Beverage,Europe,36638.45,8396974,356871,12827,2175783.57,4.25,0.1,59.39,2.86
CMP-02538,2022-07-12,YouTube,Retargeting,Retail,Europe,42869.53,9982994,282518,11911,3667682.68,2.83,0.15,85.55,3.6
CMP-02539,2023-11-27,Instagram,Conversion,Tech,North America,9056.94,2395812,17249,1726,611847.86,0.72,0.53,67.56,5.25
CMP-02540,2023-09-12,Twitter,Brand Awareness,Education,Asia Pacific,48862.27,20597124,782690,61746,4870375.92,3.8,0.06,99.68,0.79
CMP-02541,2024-05-21,TikTok,Engagement,Travel,North America,46887.16,7650456,71149,7505,1211681.67,0.93,0.66,25.84,6.25
CMP-02542,2022-07-24,Instagram,Brand Awareness,Retail,Asia Pacific,21797.79,2436166,63096,5657,2754222.27,2.59,0.35,126.35,3.85
CMP-02543,2023-05-02,LinkedIn,Brand Awareness,Travel,North America,43484.81,13527439,454521,47820,13544590.91,3.36,0.1,311.48,0.91
CMP-02544,2023-06-29,TikTok,Brand Awareness,Retail,North America,18097.95,5040646,273707,22202,4758948.02,5.43,0.07,262.96,0.82
CMP-02545,2023-03-23,Twitter,Retargeting,Tech,North America,25105.46,11018885,104679,10793,3075904.06,0.95,0.24,122.52,2.33
CMP-02546,2023-09-29,YouTube,Retargeting,Retail,Asia Pacific,41450.22,7657419,545973,55933,10028058.16,7.13,0.08,241.93,0.74
CMP-02547,2022-03-08,TikTok,Lead Generation,Travel,Latin America,45590.76,4746667,149994,13403,1701140.43,3.16,0.3,37.31,3.4
CMP-02548,2023-02-09,Twitter,Engagement,Education,North America,27504.87,7408349,66675,1982,944112.48,0.9,0.41,34.33,13.88
CMP-02549,2022-11-05,LinkedIn,Brand Awareness,Education,Latin America,42717.05,19785847,185986,18706,2279127.18,0.94,0.23,53.35,2.28
CMP-02550,2023-05-18,Facebook,Engagement,Education,Europe,24331.46,7083187,262786,1542,84259.0,3.71,0.09,3.46,15.78
CMP-02551,2023-09-12,Twitter,Lead Generation,Retail,Middle East,13415.27,6633677,102158,11601,1725385.22,1.54,0.13,128.61,1.16
CMP-02552,2023-07-20,Google Ads,Brand Awareness,Travel,Latin America,37648.04,8583530,491836,34395,6559496.23,5.73,0.08,174.23,1.09
CMP-02553,2023-05-31,Instagram,Retargeting,Retail,Europe,22548.77,5614414,357638,10931,5383621.98,6.37,0.06,238.75,2.06
CMP-02554,2023-01-25,LinkedIn,Brand Awareness,Healthcare,Latin America,19956.45,5012975,98755,8198,3025227.21,1.97,0.2,151.59,2.43
CMP-02555,2023-10-16,Google Ads,Conversion,Tech,Middle East,22386.18,5939544,350433,8997,3787291.9,5.9,0.06,169.18,2.49
CMP-02556,2024-05-16,Facebook,Retargeting,Retail,Middle East,39501.36,14666395,819851,58752,16518167.49,5.59,0.05,418.17,0.67
CMP-02557,2024-06-05,Twitter,Conversion,Education,North America,4414.99,2132485,100440,9974,569828.29,4.71,0.04,129.07,0.44
CMP-02558,2023-02-04,Facebook,Retargeting,Food & Beverage,Europe,24071.2,5917404,246164,29281,8327394.26,4.16,0.1,345.95,0.82
CMP-02559,2023-03-12,Instagram,Retargeting,Tech,Europe,22861.77,2426250,14072,1608,356898.61,0.58,1.62,15.61,14.22
CMP-02560,2022-10-12,Instagram,Brand Awareness,Tech,Europe,25602.24,3127066,36273,1259,343412.15,1.16,0.71,13.41,20.34
CMP-02561,2022-04-27,Email,Brand Awareness,Food & Beverage,North America,23919.03,3484797,214663,14802,1297458.67,6.16,0.11,54.24,1.62
CMP-02562,2023-07-15,Google Ads,Retargeting,Finance,North America,23568.66,7822596,283177,5749,642328.34,3.62,0.08,27.25,4.1
CMP-02563,2022-06-18,Facebook,Lead Generation,Tech,Latin America,26745.54,4844220,100275,6138,1625792.59,2.07,0.27,60.79,4.36
CMP-02564,2022-01-09,YouTube,Engagement,Travel,Europe,26902.85,6862446,345867,21265,9860524.98,5.04,0.08,366.52,1.27
CMP-02565,2022-06-13,LinkedIn,Lead Generation,Retail,Europe,48295.92,13767189,450187,30894,1838351.37,3.27,0.11,38.06,1.56
CMP-02566,2023-11-02,Email,Lead Generation,Finance,Asia Pacific,27140.94,9518239,331234,16045,3886698.76,3.48,0.08,143.2,1.69
CMP-02567,2023-07-25,TikTok,Lead Generation,Healthcare,Asia Pacific,38118.49,10375041,234475,24493,9630007.36,2.26,0.16,252.63,1.56
CMP-02568,2023-04-24,TikTok,Brand Awareness,Education,Latin America,47934.83,15283386,1045383,113796,36514472.49,6.84,0.05,761.75,0.42
CMP-02569,2022-11-22,TikTok,Engagement,Healthcare,Asia Pacific,8530.58,631451,29867,981,268077.22,4.73,0.29,31.43,8.7
CMP-02570,2024-01-25,LinkedIn,Conversion,Food & Beverage,Middle East,47886.88,21550516,407304,43242,10246365.16,1.89,0.12,213.97,1.11
CMP-02571,2023-11-01,YouTube,Brand Awareness,Finance,North America,4925.59,652780,39427,457,101360.75,6.04,0.12,20.58,10.78
CMP-02572,2023-02-04,TikTok,Engagement,Tech,Middle East,34906.63,7520382,244412,29182,4198561.43,3.25,0.14,120.28,1.2
CMP-02573,2024-02-29,Google Ads,Retargeting,Retail,Europe,21949.77,6244345,423991,35077,12884005.77,6.79,0.05,586.98,0.63
CMP-02574,2024-03-05,TikTok,Brand Awareness,Healthcare,Asia Pacific,9707.92,4847082,140565,7799,2174998.23,2.9,0.07,224.04,1.24
CMP-02575,2022-07-09,Facebook,Lead Generation,Healthcare,North America,14740.93,5526266,62446,4460,523595.41,1.13,0.24,35.52,3.31
CMP-02576,2023-04-07,YouTube,Lead Generation,Retail,Middle East,13643.23,2891792,48003,3703,1178189.92,1.66,0.28,86.36,3.68
CMP-02577,2023-01-17,TikTok,Lead Generation,Tech,Latin America,10034.43,2602171,45537,4056,1302802.99,1.75,0.22,129.83,2.47
CMP-02578,2023-05-31,LinkedIn,Conversion,Healthcare,Europe,11843.97,2858643,180952,10015,3319903.95,6.33,0.07,280.3,1.18
CMP-02579,2024-03-01,Instagram,Engagement,Tech,Asia Pacific,17884.8,5440332,212172,16333,4526408.54,3.9,0.08,253.09,1.1
CMP-02580,2023-05-09,TikTok,Engagement,Travel,Latin America,15038.49,4639773,86299,8958,2853311.68,1.86,0.17,189.73,1.68
CMP-02581,2023-04-27,Email,Conversion,Tech,Asia Pacific,11606.33,4007537,106600,7815,2265816.89,2.66,0.11,195.22,1.49
CMP-02582,2024-04-14,LinkedIn,Conversion,Healthcare,North America,46733.5,10334189,699624,44039,3318148.09,6.77,0.07,71.0,1.06
CMP-02583,2023-12-05,Instagram,Conversion,Healthcare,Middle East,1668.72,150389,5158,35,1723.52,3.43,0.32,1.03,47.68
CMP-02584,2024-05-11,Google Ads,Brand Awareness,Healthcare,Europe,21634.84,4970851,323105,21008,8988547.63,6.5,0.07,415.47,1.03
CMP-02585,2023-11-29,YouTube,Retargeting,Retail,Asia Pacific,1043.21,325506,14094,299,129034.73,4.33,0.07,123.69,3.49
CMP-02586,2024-03-01,Email,Brand Awareness,Tech,North America,22389.8,9966575,665767,20742,9072665.73,6.68,0.03,405.21,1.08
CMP-02587,2023-05-28,TikTok,Engagement,Retail,Latin America,44284.04,10103562,297044,6420,744485.64,2.94,0.15,16.81,6.9
CMP-02588,2022-08-30,LinkedIn,Retargeting,Finance,Europe,45674.26,7104976,336065,32249,15360545.42,4.73,0.14,336.31,1.42
CMP-02589,2024-02-09,Twitter,Retargeting,Food & Beverage,Middle East,45041.93,19742526,1468843,122311,27933457.64,7.44,0.03,620.17,0.37
CMP-02590,2022-11-23,Twitter,Retargeting,Travel,Asia Pacific,2650.33,1216101,34172,2369,327423.36,2.81,0.08,123.54,1.12
CMP-02591,2023-07-30,Google Ads,Lead Generation,Healthcare,North America,30461.1,10118349,68804,2810,401456.12,0.68,0.44,13.18,10.84
CMP-02592,2022-10-14,YouTube,Brand Awareness,Education,Latin America,43641.33,12432621,742227,52389,20821718.51,5.97,0.06,477.11,0.83
CMP-02593,2022-02-24,Instagram,Brand Awareness,Tech,Europe,21545.69,3833123,82795,5648,2629463.2,2.16,0.26,122.04,3.81
CMP-02594,2023-09-13,TikTok,Retargeting,Food & Beverage,Middle East,41201.78,12460177,173196,19857,1341441.82,1.39,0.24,32.56,2.07
CMP-02595,2023-11-27,Twitter,Retargeting,Education,Asia Pacific,10429.17,2918277,42023,3617,1006622.38,1.44,0.25,96.52,2.88
CMP-02596,2024-06-16,Instagram,Conversion,Travel,Latin America,31297.4,8832737,82144,1230,397704.32,0.93,0.38,12.71,25.45
CMP-02597,2023-05-22,Facebook,Brand Awareness,Finance,Asia Pacific,46711.16,14912647,873881,98129,32085489.7,5.86,0.05,686.89,0.48
CMP-02598,2022-08-21,LinkedIn,Brand Awareness,Retail,Asia Pacific,24224.86,11571210,329779,14013,2125480.8,2.85,0.07,87.74,1.73
CMP-02599,2022-07-11,Facebook,Retargeting,Tech,Middle East,31040.83,11170295,614366,67602,10853356.98,5.5,0.05,349.65,0.46
CMP-02600,2023-08-19,YouTube,Engagement,Education,Middle East,25713.13,8916188,456508,50940,25367060.97,5.12,0.06,986.54,0.5
CMP-02601,2022-05-11,Email,Lead Generation,Food & Beverage,Europe,24965.67,3557500,64390,7044,3195755.68,1.81,0.39,128.01,3.54
CMP-02602,2022-12-20,YouTube,Engagement,Education,Latin America,40683.87,5175611,385583,22021,5599059.27,7.45,0.11,137.62,1.85
CMP-02603,2022-06-25,Twitter,Engagement,Travel,Europe,38646.16,11056631,325064,10797,2963930.59,2.94,0.12,76.69,3.58
CMP-02604,2022-11-21,Facebook,Lead Generation,Travel,Latin America,31450.62,4452921,160750,3139,261385.67,3.61,0.2,8.31,10.02
CMP-02605,2023-09-21,Twitter,Conversion,Retail,Europe,33632.04,5194128,102324,11184,2452151.64,1.97,0.33,72.91,3.01
CMP-02606,2023-05-15,Facebook,Lead Generation,Finance,Europe,30872.96,9988404,552358,25899,4373179.52,5.53,0.06,141.65,1.19
CMP-02607,2022-10-12,Twitter,Conversion,Healthcare,Asia Pacific,42036.87,6633374,203644,17519,8164559.19,3.07,0.21,194.22,2.4
CMP-02608,2023-05-03,Twitter,Engagement,Food & Beverage,Middle East,39500.57,2758879,207467,14641,5075262.76,7.52,0.19,128.49,2.7
CMP-02609,2023-11-13,Instagram,Lead Generation,Food & Beverage,North America,9614.78,3809868,117343,4168,1928362.85,3.08,0.08,200.56,2.31
CMP-02610,2024-06-08,Email,Brand Awareness,Healthcare,Middle East,4871.16,1255234,19707,596,83908.72,1.57,0.25,17.23,8.17
CMP-02611,2023-11-10,Facebook,Engagement,Healthcare,Latin America,17721.76,7379403,362328,16750,4316553.62,4.91,0.05,243.57,1.06
CMP-02612,2022-09-01,Twitter,Retargeting,Retail,Latin America,16942.7,5633951,352685,19974,2272367.31,6.26,0.05,134.12,0.85
CMP-02613,2022-04-20,Twitter,Conversion,Education,Middle East,39995.06,8464260,330952,7782,254851.62,3.91,0.12,6.37,5.14
CMP-02614,2023-04-21,Instagram,Lead Generation,Retail,Middle East,39709.62,2941269,144416,13421,3055879.72,4.91,0.27,76.96,2.96
CMP-02615,2024-02-28,Email,Conversion,Education,Asia Pacific,45581.27,21266604,212666,3475,1321554.49,1.0,0.21,28.99,13.12
CMP-02616,2024-02-13,Facebook,Brand Awareness,Education,North America,34327.77,2965144,63750,4402,369472.8,2.15,0.54,10.76,7.8
CMP-02617,2024-05-07,Email,Conversion,Tech,Europe,49225.79,4371370,203705,3995,1171586.8,4.66,0.24,23.8,12.32
CMP-02618,2022-01-17,YouTube,Retargeting,Retail,North America,22532.25,2586357,55089,5883,293800.86,2.13,0.41,13.04,3.83
CMP-02619,2024-02-18,Facebook,Brand Awareness,Food & Beverage,Latin America,18415.14,2021557,78032,6963,2430234.16,3.86,0.24,131.97,2.64
CMP-02620,2023-04-27,LinkedIn,Conversion,Education,Asia Pacific,29041.99,3166795,163723,15139,5463034.37,5.17,0.18,188.11,1.92
CMP-02621,2022-09-02,Google Ads,Engagement,Travel,Asia Pacific,4354.63,700300,39636,314,47407.53,5.66,0.11,10.89,13.87
CMP-02622,2024-05-17,TikTok,Brand Awareness,Healthcare,Europe,19367.73,3383577,129929,5312,2627113.18,3.84,0.15,135.64,3.65
CMP-02623,2024-01-04,Email,Conversion,Education,Asia Pacific,18730.19,8112412,332608,3607,1561308.05,4.1,0.06,83.36,5.19
CMP-02624,2023-05-10,Google Ads,Retargeting,Retail,Asia Pacific,25467.61,3225893,110970,1065,306816.99,3.44,0.23,12.05,23.91
CMP-02625,2023-09-01,Twitter,Engagement,Tech,Europe,7880.01,3841796,96044,4846,1128007.98,2.5,0.08,143.15,1.63
CMP-02626,2023-07-24,Facebook,Retargeting,Retail,North America,38746.15,17431438,634504,5918,2815047.84,3.64,0.06,72.65,6.55
CMP-02627,2024-03-04,TikTok,Retargeting,Finance,Latin America,16064.46,5997138,166120,1900,842443.06,2.77,0.1,52.44,8.45
CMP-02628,2022-07-25,Email,Engagement,Food & Beverage,Middle East,9000.03,4160007,332384,34669,4972885.99,7.99,0.03,552.54,0.26
CMP-02629,2022-06-24,LinkedIn,Conversion,Finance,Latin America,766.64,78495,6169,422,186409.89,7.86,0.12,243.15,1.82
CMP-02630,2023-09-03,TikTok,Lead Generation,Food & Beverage,North America,47982.27,4688597,180979,7070,2642049.68,3.86,0.27,55.06,6.79
CMP-02631,2023-04-03,TikTok,Engagement,Food & Beverage,Asia Pacific,32937.58,12167702,556063,66046,21147996.14,4.57,0.06,642.06,0.5
CMP-02632,2024-03-28,Twitter,Brand Awareness,Finance,North America,39432.76,3176745,109915,12499,3292691.99,3.46,0.36,83.5,3.15
CMP-02633,2023-04-17,Email,Conversion,Education,North America,34486.21,15793312,121608,690,178324.4,0.77,0.28,5.17,49.98
CMP-02634,2023-04-05,YouTube,Engagement,Education,Middle East,25428.58,12191452,295033,32817,14616933.08,2.42,0.09,574.82,0.77
CMP-02635,2024-06-09,Instagram,Engagement,Travel,Asia Pacific,24936.33,8141334,307742,33846,10994727.68,3.78,0.08,440.91,0.74
CMP-02636,2023-07-11,Instagram,Conversion,Food & Beverage,Europe,43807.34,8501578,273750,12619,4533397.44,3.22,0.16,103.48,3.47
CMP-02637,2023-02-15,Google Ads,Brand Awareness,Healthcare,Asia Pacific,43214.35,6383224,49150,3021,1120583.6,0.77,0.88,25.93,14.3
CMP-02638,2024-02-02,Twitter,Conversion,Finance,North America,39750.32,3909966,124727,9181,2241719.78,3.19,0.32,56.4,4.33
CMP-02639,2023-07-08,LinkedIn,Retargeting,Food & Beverage,Latin America,21353.26,8019916,531720,59766,23046365.74,6.63,0.04,1079.29,0.36
CMP-02640,2022-01-03,Twitter,Engagement,Retail,Europe,36296.8,11428141,415984,25767,8132956.72,3.64,0.09,224.07,1.41
CMP-02641,2023-05-31,Instagram,Conversion,Retail,Latin America,15061.35,6654425,483776,36637,7117677.2,7.27,0.03,472.58,0.41
CMP-02642,2023-06-22,Facebook,Retargeting,Healthcare,Europe,12577.18,3957353,117929,1348,353662.88,2.98,0.11,28.12,9.33
CMP-02643,2023-05-02,Email,Engagement,Retail,Middle East,7278.11,2942885,65920,5608,2401601.77,2.24,0.11,329.98,1.3
CMP-02644,2024-03-23,LinkedIn,Conversion,Food & Beverage,Asia Pacific,38453.07,9663985,139161,12504,6215082.46,1.44,0.28,161.63,3.08
CMP-02645,2023-08-08,Email,Conversion,Healthcare,Middle East,26541.83,5756267,384518,18781,3633578.54,6.68,0.07,136.9,1.41
CMP-02646,2024-03-28,TikTok,Brand Awareness,Education,Middle East,28153.79,13511885,870165,100006,38365823.45,6.44,0.03,1362.72,0.28
CMP-02647,2022-04-04,Facebook,Engagement,Education,Asia Pacific,15632.29,846551,67724,6627,942479.65,8.0,0.23,60.29,2.36
CMP-02648,2023-11-26,Instagram,Conversion,Retail,Latin America,1002.86,411969,5314,606,280297.21,1.29,0.19,279.5,1.65
CMP-02649,2024-03-03,Google Ads,Lead Generation,Retail,Middle East,9944.88,1369728,11505,972,382452.99,0.84,0.86,38.46,10.23
CMP-02650,2024-01-27,TikTok,Lead Generation,Tech,Europe,14193.81,6716944,356669,19911,5564570.66,5.31,0.04,392.04,0.71
CMP-02651,2023-02-07,Twitter,Conversion,Retail,Asia Pacific,3308.92,791067,61149,3169,416645.81,7.73,0.05,125.92,1.04
CMP-02652,2022-06-30,Instagram,Brand Awareness,Education,Latin America,46463.06,21808971,619374,36779,14004452.99,2.84,0.08,301.41,1.26
CMP-02653,2023-04-27,TikTok,Lead Generation,Healthcare,North America,25705.44,11971960,286129,19591,4085904.77,2.39,0.09,158.95,1.31
CMP-02654,2023-07-16,Google Ads,Engagement,Tech,Europe,34702.47,7842857,425082,13491,5927287.89,5.42,0.08,170.8,2.57
CMP-02655,2024-01-07,Google Ads,Engagement,Food & Beverage,North America,36625.16,11788041,440872,17127,1565456.2,3.74,0.08,42.74,2.14
CMP-02656,2022-10-17,Email,Brand Awareness,Retail,Latin America,19360.45,6675696,417898,32485,4796088.21,6.26,0.05,247.73,0.6
CMP-02657,2022-12-31,Email,Brand Awareness,Retail,Europe,21398.51,5099561,84142,8114,3096092.55,1.65,0.25,144.69,2.64
CMP-02658,2024-02-27,Email,Engagement,Travel,Middle East,23021.65,8368926,89547,2302,1142360.13,1.07,0.26,49.62,10.0
CMP-02659,2022-02-04,Google Ads,Engagement,Education,Latin America,21504.75,3608108,204940,15364,7622133.45,5.68,0.1,354.44,1.4
CMP-02660,2023-11-18,TikTok,Lead Generation,Retail,Latin America,8872.24,750003,45675,1939,670677.01,6.09,0.19,75.59,4.58
CMP-02661,2023-07-23,Twitter,Lead Generation,Finance,Asia Pacific,3250.44,939116,4789,345,152662.44,0.51,0.68,46.97,9.42
CMP-02662,2023-07-24,Google Ads,Engagement,Healthcare,Latin America,42919.53,7134385,233294,19064,6842992.49,3.27,0.18,159.44,2.25
CMP-02663,2023-11-01,Twitter,Retargeting,Food & Beverage,North America,46229.79,13351302,504679,2898,1097262.62,3.78,0.09,23.73,15.95
CMP-02664,2023-06-18,TikTok,Engagement,Education,North America,48106.15,15068025,262183,18640,3299400.44,1.74,0.18,68.59,2.58
CMP-02665,2024-04-20,Facebook,Lead Generation,Tech,Europe,26403.37,8739909,187034,21885,2783719.45,2.14,0.14,105.43,1.21
CMP-02666,2022-11-23,Google Ads,Conversion,Finance,Europe,13120.03,2051523,60725,5259,2501751.96,2.96,0.22,190.68,2.49
CMP-02667,2022-09-03,LinkedIn,Conversion,Food & Beverage,Latin America,33933.61,2999172,236934,27769,1932736.71,7.9,0.14,56.96,1.22
CMP-02668,2024-02-09,Email,Engagement,Education,North America,13426.77,5817858,246095,13695,4214321.27,4.23,0.05,313.87,0.98
CMP-02669,2023-02-12,Google Ads,Brand Awareness,Food & Beverage,North America,12514.25,3124578,73115,5521,2253375.44,2.34,0.17,180.06,2.27
CMP-02670,2024-04-17,Email,Lead Generation,Education,Asia Pacific,13001.72,4224912,158434,8252,3792025.67,3.75,0.08,291.66,1.58
CMP-02671,2024-03-08,TikTok,Brand Awareness,Healthcare,Asia Pacific,12289.41,3298250,39249,278,27637.61,1.19,0.31,2.25,44.21
CMP-02672,2022-09-10,Twitter,Conversion,Food & Beverage,Asia Pacific,3704.59,386726,28927,339,155896.28,7.48,0.13,42.08,10.93
CMP-02673,2023-05-24,Instagram,Lead Generation,Finance,Europe,31981.36,6232432,371452,3111,663616.06,5.96,0.09,20.75,10.28
CMP-02674,2022-12-19,Twitter,Lead Generation,Healthcare,Latin America,24564.71,3445801,227767,19059,5233703.08,6.61,0.11,213.06,1.29
CMP-02675,2023-04-11,Twitter,Conversion,Food & Beverage,Middle East,38048.44,15030775,882306,28408,5594459.99,5.87,0.04,147.04,1.34
CMP-02676,2022-09-14,Twitter,Engagement,Finance,North America,47667.12,13163386,427810,26413,4428075.27,3.25,0.11,92.9,1.8
CMP-02677,2022-09-03,Instagram,Engagement,Finance,Europe,19119.38,3118853,113526,10710,2676340.7,3.64,0.17,139.98,1.79
CMP-02678,2024-01-08,YouTube,Conversion,Travel,Asia Pacific,16008.12,3792027,252548,15829,1640330.5,6.66,0.06,102.47,1.01
CMP-02679,2024-05-28,LinkedIn,Retargeting,Food & Beverage,North America,29814.57,11028522,865738,21215,2515469.58,7.85,0.03,84.37,1.41
CMP-02680,2022-03-06,Google Ads,Retargeting,Travel,Europe,46287.91,5397167,79338,1986,534599.88,1.47,0.58,11.55,23.31
CMP-02681,2023-03-30,Instagram,Brand Awareness,Education,Latin America,24518.48,4422420,259596,8280,1644104.65,5.87,0.09,67.06,2.96
CMP-02682,2022-04-13,Instagram,Conversion,Education,Asia Pacific,30084.9,3535363,197273,11712,3343324.92,5.58,0.15,111.13,2.57
CMP-02683,2022-10-17,Facebook,Conversion,Education,Europe,15685.57,810633,7052,606,160067.83,0.87,2.22,10.2,25.88
CMP-02684,2024-04-30,Facebook,Engagement,Travel,Europe,41590.22,15117175,657597,42970,9915896.2,4.35,0.06,238.42,0.97
CMP-02685,2022-09-18,Google Ads,Engagement,Retail,Latin America,36628.11,3839734,53372,3164,980762.15,1.39,0.69,26.78,11.58
CMP-02686,2022-08-05,Instagram,Engagement,Tech,Asia Pacific,5952.52,2787395,78883,3171,682034.06,2.83,0.08,114.58,1.88
CMP-02687,2023-04-29,Twitter,Brand Awareness,Finance,North America,32314.63,15258821,590516,20342,8726719.83,3.87,0.05,270.05,1.59
CMP-02688,2023-11-02,LinkedIn,Engagement,Tech,North America,19183.63,9509028,561032,27288,6592798.68,5.9,0.03,343.67,0.7
CMP-02689,2022-10-16,TikTok,Lead Generation,Finance,Europe,44217.17,21958803,1372425,22746,10887084.41,6.25,0.03,246.22,1.94
CMP-02690,2022-10-01,TikTok,Engagement,Healthcare,Latin America,29583.81,5092085,96749,2113,1049808.21,1.9,0.31,35.49,14.0
CMP-02691,2022-09-23,YouTube,Conversion,Education,Middle East,4111.04,1444489,53157,3975,1659780.46,3.68,0.08,403.74,1.03
CMP-02692,2023-06-22,Email,Engagement,Tech,Europe,32026.96,13263268,309034,3589,1065779.83,2.33,0.1,33.28,8.92
CMP-02693,2022-09-10,Google Ads,Brand Awareness,Finance,North America,25019.58,8834825,641408,22917,9540706.16,7.26,0.04,381.33,1.09
CMP-02694,2022-10-18,Facebook,Engagement,Healthcare,North America,37377.61,4223744,307488,15434,1148403.12,7.28,0.12,30.72,2.42
CMP-02695,2022-11-29,TikTok,Retargeting,Tech,North America,40578.58,10846672,560772,55990,5862796.53,5.17,0.07,144.48,0.72
CMP-02696,2022-03-17,Email,Conversion,Finance,Europe,5524.76,1350706,81717,1415,117625.22,6.05,0.07,21.29,3.9
CMP-02697,2023-10-10,Email,Conversion,Tech,North America,6883.77,3073074,154575,16425,1882307.34,5.03,0.04,273.44,0.42
CMP-02698,2024-03-20,Email,Conversion,Food & Beverage,Middle East,33436.28,11802947,433168,30139,7066670.98,3.67,0.08,211.35,1.11
CMP-02699,2023-12-15,TikTok,Retargeting,Retail,North America,3669.74,1217921,25210,1463,76004.5,2.07,0.15,20.71,2.51
CMP-02700,2022-09-01,YouTube,Conversion,Healthcare,Europe,24214.19,7830961,275649,28385,10577340.43,3.52,0.09,436.82,0.85
CMP-02701,2023-08-18,Twitter,Lead Generation,Retail,Latin America,21526.56,9165248,573744,41029,6228047.3,6.26,0.04,289.32,0.52
CMP-02702,2024-01-12,TikTok,Engagement,Tech,Europe,6824.88,445531,20093,1141,456614.98,4.51,0.34,66.9,5.98
CMP-02703,2022-08-09,Instagram,Engagement,Retail,Europe,9339.42,3261609,184933,6224,713527.53,5.67,0.05,76.4,1.5
CMP-02704,2022-08-15,LinkedIn,Brand Awareness,Finance,Europe,20396.04,5773947,230380,16662,3178188.69,3.99,0.09,155.82,1.22
CMP-02705,2022-07-30,Instagram,Retargeting,Food & Beverage,North America,47321.29,15567515,613360,21811,2108818.6,3.94,0.08,44.56,2.17
CMP-02706,2022-09-15,LinkedIn,Engagement,Education,Europe,4021.31,1416251,57358,1395,457275.71,4.05,0.07,113.71,2.88
CMP-02707,2024-05-18,Email,Brand Awareness,Retail,North America,22836.43,4364275,153186,17978,2172383.13,3.51,0.15,95.13,1.27
CMP-02708,2022-07-13,Email,Engagement,Food & Beverage,Asia Pacific,30912.52,6343415,433255,4770,1860163.56,6.83,0.07,60.18,6.48
CMP-02709,2022-12-08,LinkedIn,Brand Awareness,Healthcare,Latin America,19188.17,1323268,31493,815,169747.43,2.38,0.61,8.85,23.54
CMP-02710,2023-12-16,Google Ads,Engagement,Tech,Middle East,16585.92,7024635,410238,33918,8205193.57,5.84,0.04,494.71,0.49
CMP-02711,2022-11-03,Google Ads,Engagement,Food & Beverage,North America,34692.0,13842924,631237,4691,2244900.12,4.56,0.05,64.71,7.4
CMP-02712,2022-09-17,LinkedIn,Conversion,Food & Beverage,Middle East,9700.7,4462823,300794,18300,5294937.74,6.74,0.03,545.83,0.53
CMP-02713,2023-10-08,Facebook,Brand Awareness,Tech,Asia Pacific,31211.51,11706115,266899,20960,1649731.24,2.28,0.12,52.86,1.49
CMP-02714,2023-06-17,Facebook,Retargeting,Healthcare,Europe,44454.41,15594758,185577,22070,8172358.42,1.19,0.24,183.84,2.01
CMP-02715,2022-04-09,Facebook,Retargeting,Healthcare,Middle East,10700.24,4904410,311920,16016,1862259.54,6.36,0.03,174.04,0.67
CMP-02716,2023-11-09,Email,Brand Awareness,Tech,Latin America,2798.97,672044,35752,553,228229.87,5.32,0.08,81.54,5.06
CMP-02717,2023-10-29,Google Ads,Brand Awareness,Travel,Asia Pacific,4843.79,2190471,59799,3745,1206417.2,2.73,0.08,249.06,1.29
CMP-02718,2022-02-21,Google Ads,Retargeting,Finance,Europe,2385.68,851967,8860,444,21254.76,1.04,0.27,8.91,5.37
CMP-02719,2022-09-09,Email,Retargeting,Retail,North America,43834.38,19076981,951941,45163,12162052.87,4.99,0.05,277.45,0.97
CMP-02720,2022-06-23,TikTok,Lead Generation,Travel,Europe,11806.5,2609630,142746,7634,2441071.3,5.47,0.08,206.76,1.55
CMP-02721,2022-04-16,Twitter,Conversion,Education,Middle East,39656.03,12039821,183005,7097,2331091.73,1.52,0.22,58.78,5.59
CMP-02722,2022-06-16,LinkedIn,Lead Generation,Finance,Asia Pacific,15066.0,5396229,137603,10625,3576780.11,2.55,0.11,237.41,1.42
CMP-02723,2022-07-09,TikTok,Retargeting,Healthcare,North America,24136.43,11721684,499343,36140,1117314.8,4.26,0.05,46.29,0.67
CMP-02724,2023-03-04,Google Ads,Retargeting,Education,Asia Pacific,24062.02,1615713,40877,3090,506947.35,2.53,0.59,21.07,7.79
CMP-02725,2023-12-31,LinkedIn,Brand Awareness,Healthcare,North America,47055.04,13799826,299456,10878,3887133.36,2.17,0.16,82.61,4.33
CMP-02726,2023-01-14,Twitter,Conversion,Healthcare,Latin America,47825.53,16819750,507956,45088,2600746.14,3.02,0.09,54.38,1.06
CMP-02727,2022-02-09,Email,Conversion,Healthcare,Middle East,48265.21,7028504,518703,14733,1351365.13,7.38,0.09,28.0,3.28
CMP-02728,2024-04-18,Google Ads,Retargeting,Tech,Middle East,45994.99,4961903,353287,14437,2567255.52,7.12,0.13,55.82,3.19
CMP-02729,2022-09-22,Facebook,Conversion,Education,Europe,32183.44,10536020,149611,2192,836949.34,1.42,0.22,26.01,14.68
CMP-02730,2022-10-07,Instagram,Retargeting,Education,Europe,37531.78,9943310,120314,2156,994427.19,1.21,0.31,26.5,17.41
CMP-02731,2022-11-06,Facebook,Conversion,Food & Beverage,Asia Pacific,5714.21,870844,5573,127,52059.85,0.64,1.03,9.11,44.99
CMP-02732,2023-02-02,Twitter,Retargeting,Travel,Latin America,27295.82,12622966,302951,17836,717794.29,2.4,0.09,26.3,1.53
CMP-02733,2022-07-31,Email,Retargeting,Finance,Latin America,19093.51,3153802,141290,10141,3544373.03,4.48,0.14,185.63,1.88
CMP-02734,2023-06-15,YouTube,Retargeting,Retail,Middle East,38849.63,17295266,491185,28682,12978646.15,2.84,0.08,334.07,1.35
CMP-02735,2023-07-13,Google Ads,Retargeting,Healthcare,Middle East,7060.19,1360941,29940,2924,661969.55,2.2,0.24,93.76,2.41
CMP-02736,2024-05-11,Email,Brand Awareness,Travel,Europe,33015.26,12767420,296204,34735,15764955.64,2.32,0.11,477.51,0.95
CMP-02737,2022-12-15,Twitter,Retargeting,Finance,North America,26098.88,10389723,831177,61951,12057734.34,8.0,0.03,462.0,0.42
CMP-02738,2022-07-12,Email,Retargeting,Healthcare,Middle East,45337.89,3328319,101513,3392,437140.5,3.05,0.45,9.64,13.37
CMP-02739,2023-05-01,Email,Retargeting,Healthcare,Middle East,29254.97,10926617,610797,62645,23267118.92,5.59,0.05,795.32,0.47
CMP-02740,2023-05-28,TikTok,Retargeting,Tech,Asia Pacific,37054.53,10678048,842497,35621,3134467.59,7.89,0.04,84.59,1.04
CMP-02741,2024-05-05,Email,Engagement,Food & Beverage,North America,29220.54,4489627,236603,11066,4854242.63,5.27,0.12,166.12,2.64
CMP-02742,2024-06-03,TikTok,Retargeting,Food & Beverage,Middle East,30708.7,10563510,567260,39851,3155487.98,5.37,0.05,102.76,0.77
CMP-02743,2023-11-27,Google Ads,Conversion,Food & Beverage,Latin America,15031.8,5031417,31697,1505,555538.86,0.63,0.47,36.96,9.99
CMP-02744,2022-09-27,Facebook,Engagement,Tech,Latin America,8658.01,1516096,117952,10971,1789760.98,7.78,0.07,206.72,0.79
CMP-02745,2023-12-16,TikTok,Retargeting,Food & Beverage,Middle East,48145.61,20153663,1576016,97136,41383133.51,7.82,0.03,859.54,0.5
CMP-02746,2022-11-23,TikTok,Retargeting,Retail,North America,22272.8,3996457,310125,27434,5880651.67,7.76,0.07,264.03,0.81
CMP-02747,2023-02-11,Facebook,Retargeting,Finance,Asia Pacific,36400.37,9405039,471192,50340,19841422.22,5.01,0.08,545.09,0.72
CMP-02748,2022-08-25,Google Ads,Brand Awareness,Travel,Middle East,9269.48,1971490,22080,889,314509.12,1.12,0.42,33.93,10.43
CMP-02749,2023-12-23,LinkedIn,Lead Generation,Healthcare,Europe,40794.21,15086662,896147,44887,1733457.06,5.94,0.05,42.49,0.91
CMP-02750,2023-12-01,Facebook,Lead Generation,Education,North America,28982.04,8647044,498934,50156,23117268.86,5.77,0.06,797.64,0.58
CMP-02751,2022-01-13,Google Ads,Conversion,Travel,Europe,23975.9,2892271,207086,13699,644793.11,7.16,0.12,26.89,1.75
CMP-02752,2024-01-22,Google Ads,Brand Awareness,Healthcare,Latin America,22085.49,3570044,259899,8240,2998759.82,7.28,0.08,135.78,2.68
CMP-02753,2022-01-14,Facebook,Lead Generation,Education,Latin America,21656.23,2976528,123228,11605,5496940.13,4.14,0.18,253.83,1.87
CMP-02754,2024-06-01,Email,Lead Generation,Food & Beverage,Latin America,48966.14,18992567,1139554,34528,7110965.06,6.0,0.04,145.22,1.42
CMP-02755,2023-08-02,Instagram,Brand Awareness,Food & Beverage,North America,3849.8,508519,13730,93,39918.04,2.7,0.28,10.37,41.4
CMP-02756,2023-08-06,Instagram,Conversion,Travel,Europe,46413.88,8548151,227380,9083,410894.54,2.66,0.2,8.85,5.11
CMP-02757,2022-02-22,Twitter,Engagement,Healthcare,North America,16990.76,2815593,201878,10398,3612728.67,7.17,0.08,212.63,1.63
CMP-02758,2024-03-03,Twitter,Lead Generation,Travel,North America,47135.79,21556003,924752,56781,25946334.75,4.29,0.05,550.46,0.83
CMP-02759,2022-10-27,TikTok,Brand Awareness,Travel,North America,42420.17,19235590,1057957,40392,19820652.73,5.5,0.04,467.25,1.05
CMP-02760,2023-08-19,Twitter,Brand Awareness,Healthcare,Europe,28748.96,10332766,498039,44660,19849024.94,4.82,0.06,690.43,0.64
CMP-02761,2023-01-19,LinkedIn,Engagement,Travel,Latin America,31560.21,14394348,551303,64706,18434276.29,3.83,0.06,584.1,0.49
CMP-02762,2023-11-06,Facebook,Retargeting,Finance,Latin America,10700.91,3649875,62047,6747,879437.68,1.7,0.17,82.18,1.59
CMP-02763,2023-06-28,YouTube,Conversion,Retail,Middle East,29207.52,4678730,305988,36145,7915322.46,6.54,0.1,271.0,0.81
CMP-02764,2022-10-26,LinkedIn,Brand Awareness,Finance,Asia Pacific,34274.33,9892226,261154,19176,6312281.55,2.64,0.13,184.17,1.79
CMP-02765,2023-03-19,Google Ads,Conversion,Food & Beverage,Latin America,29550.76,8907999,526462,42501,2348377.08,5.91,0.06,79.47,0.7
CMP-02766,2024-02-08,Twitter,Engagement,Retail,Europe,9487.57,3203961,82982,4670,1085572.06,2.59,0.11,114.42,2.03
CMP-02767,2024-05-24,Twitter,Engagement,Education,Middle East,36645.34,17565629,1099608,9447,402426.81,6.26,0.03,10.98,3.88
CMP-02768,2023-12-16,Email,Retargeting,Finance,North America,18963.32,2290883,145241,10271,4056338.62,6.34,0.13,213.9,1.85
CMP-02769,2023-08-10,Google Ads,Lead Generation,Retail,Asia Pacific,28377.43,3267033,215297,24308,8028878.58,6.59,0.13,282.93,1.17
CMP-02770,2023-08-07,Email,Brand Awareness,Food & Beverage,Middle East,8072.9,1125228,20591,2126,634820.53,1.83,0.39,78.64,3.8
CMP-02771,2024-01-07,Instagram,Retargeting,Finance,Europe,44337.45,17618126,676536,8718,1259592.88,3.84,0.07,28.41,5.09
CMP-02772,2022-06-13,Instagram,Conversion,Education,North America,794.37,207014,15132,775,267760.73,7.31,0.05,337.07,1.02
CMP-02773,2022-12-07,TikTok,Retargeting,Healthcare,Middle East,15808.72,1746623,112482,3726,140315.82,6.44,0.14,8.88,4.24
CMP-02774,2024-02-14,Google Ads,Retargeting,Retail,Asia Pacific,32454.44,2322094,40404,355,11933.45,1.74,0.8,0.37,91.42
CMP-02775,2023-01-03,Google Ads,Engagement,Finance,Latin America,16155.33,3578630,43301,4817,426995.86,1.21,0.37,26.43,3.35
CMP-02776,2024-02-18,Twitter,Brand Awareness,Finance,North America,45734.57,3615702,113171,9820,2312929.09,3.13,0.4,50.57,4.66
CMP-02777,2022-03-04,Instagram,Conversion,Finance,Middle East,10168.65,1096108,40227,4608,499025.14,3.67,0.25,49.07,2.21
CMP-02778,2022-12-12,TikTok,Conversion,Tech,Middle East,23927.05,2636485,44556,4852,732995.71,1.69,0.54,30.63,4.93
CMP-02779,2023-08-27,Instagram,Retargeting,Finance,Europe,9337.72,2170763,156946,3554,558850.5,7.23,0.06,59.85,2.63
CMP-02780,2023-10-09,Facebook,Lead Generation,Retail,North America,19868.83,9530575,558491,48594,18536427.11,5.86,0.04,932.94,0.41
CMP-02781,2022-07-02,Facebook,Retargeting,Healthcare,Latin America,31943.95,4740017,273972,1599,180507.82,5.78,0.12,5.65,19.98
CMP-02782,2024-06-10,LinkedIn,Brand Awareness,Healthcare,Asia Pacific,36574.91,9088316,386253,40966,13382313.73,4.25,0.09,365.89,0.89
CMP-02783,2022-04-26,TikTok,Retargeting,Healthcare,Middle East,33023.8,15233473,1214107,130476,29713195.14,7.97,0.03,899.75,0.25
CMP-02784,2022-11-07,LinkedIn,Brand Awareness,Retail,Asia Pacific,48899.41,5815697,110498,7503,3437386.24,1.9,0.44,70.3,6.52
CMP-02785,2022-05-29,Instagram,Lead Generation,Retail,North America,6009.6,1935121,37347,1703,695726.28,1.93,0.16,115.77,3.53
CMP-02786,2024-02-16,LinkedIn,Retargeting,Retail,Middle East,34629.43,10426654,450431,46683,12307192.02,4.32,0.08,355.4,0.74
CMP-02787,2023-09-07,Twitter,Engagement,Food & Beverage,Asia Pacific,12088.26,4849195,186209,11474,4748095.04,3.84,0.06,392.79,1.05
CMP-02788,2022-06-14,YouTube,Lead Generation,Education,Middle East,37865.46,13301090,180894,19138,2187593.89,1.36,0.21,57.77,1.98
CMP-02789,2022-06-06,Email,Engagement,Retail,Europe,8503.51,668274,42569,3699,866080.87,6.37,0.2,101.85,2.3
CMP-02790,2023-03-22,TikTok,Retargeting,Healthcare,North America,43168.24,4489217,298084,23702,2507853.71,6.64,0.14,58.09,1.82
CMP-02791,2023-05-13,Facebook,Lead Generation,Travel,Middle East,40943.2,15060172,403612,9512,535340.32,2.68,0.1,13.08,4.3
CMP-02792,2022-10-06,Email,Brand Awareness,Retail,Europe,4945.17,749686,14993,1492,118760.62,2.0,0.33,24.02,3.31
CMP-02793,2022-11-07,Twitter,Lead Generation,Travel,Latin America,41814.68,9687395,192779,22076,1797488.39,1.99,0.22,42.99,1.89
CMP-02794,2023-03-02,Twitter,Conversion,Healthcare,Asia Pacific,27661.25,1728354,103874,6787,781362.6,6.01,0.27,28.25,4.08
CMP-02795,2023-12-03,TikTok,Lead Generation,Education,Asia Pacific,33293.84,10566885,282135,29840,13966177.22,2.67,0.12,419.48,1.12
CMP-02796,2022-04-17,TikTok,Brand Awareness,Finance,Europe,30735.18,3164672,113611,8867,1205453.32,3.59,0.27,39.22,3.47
CMP-02797,2023-07-09,TikTok,Brand Awareness,Healthcare,Europe,17985.09,3138321,94149,5561,1040245.14,3.0,0.19,57.84,3.23
CMP-02798,2022-10-08,Facebook,Lead Generation,Retail,Middle East,7161.83,2977362,117605,3565,1396068.96,3.95,0.06,194.93,2.01
CMP-02799,2023-09-28,TikTok,Lead Generation,Healthcare,Latin America,43616.95,4531452,164491,8552,2519082.9,3.63,0.27,57.75,5.1
CMP-02800,2022-09-23,Google Ads,Brand Awareness,Healthcare,North America,42857.62,2255377,12630,663,236893.12,0.56,3.39,5.53,64.64
CMP-02801,2023-11-21,Facebook,Retargeting,Finance,Latin America,31307.98,13580650,503842,6621,2595509.78,3.71,0.06,82.9,4.73
CMP-02802,2023-08-14,Facebook,Conversion,Finance,Europe,18628.1,1020831,39506,4502,1906154.63,3.87,0.47,102.33,4.14
CMP-02803,2023-01-22,Google Ads,Lead Generation,Healthcare,Middle East,22591.18,5983658,214813,20620,2202394.82,3.59,0.11,97.49,1.1
CMP-02804,2022-04-26,TikTok,Engagement,Food & Beverage,Latin America,35938.31,2998248,45573,436,192283.13,1.52,0.79,5.35,82.43
CMP-02805,2023-09-09,Twitter,Conversion,Healthcare,Latin America,25368.59,12311489,898738,26042,9358651.07,7.3,0.03,368.91,0.97
CMP-02806,2022-06-01,LinkedIn,Retargeting,Finance,Asia Pacific,21194.03,6736825,390062,12000,1558474.07,5.79,0.05,73.53,1.77
CMP-02807,2023-03-29,LinkedIn,Retargeting,Tech,Europe,35953.64,6304733,309562,33777,15278533.8,4.91,0.12,424.95,1.06
CMP-02808,2024-01-20,Twitter,Brand Awareness,Retail,Latin America,6871.86,3045036,171435,10999,4530451.81,5.63,0.04,659.28,0.62
CMP-02809,2022-10-08,Email,Engagement,Travel,Latin America,22100.32,8538682,569530,11733,2683096.02,6.67,0.04,121.41,1.88
CMP-02810,2022-07-29,Google Ads,Retargeting,Travel,North America,27634.21,12552083,348947,22338,8272445.92,2.78,0.08,299.36,1.24
CMP-02811,2024-04-17,Twitter,Engagement,Healthcare,Middle East,16298.48,5946740,408541,40571,7080479.61,6.87,0.04,434.43,0.4
CMP-02812,2023-04-08,Facebook,Engagement,Food & Beverage,Latin America,14320.96,6684596,238640,26608,12308934.65,3.57,0.06,859.5,0.54
CMP-02813,2023-05-07,LinkedIn,Brand Awareness,Tech,North America,38644.55,15724858,803540,35682,2349116.72,5.11,0.05,60.79,1.08
CMP-02814,2023-05-30,YouTube,Retargeting,Healthcare,Europe,45211.32,7971193,581099,11388,2308490.49,7.29,0.08,51.06,3.97
CMP-02815,2023-06-29,LinkedIn,Lead Generation,Retail,Middle East,33683.46,12353678,168010,15937,4574371.6,1.36,0.2,135.8,2.11
CMP-02816,2022-08-21,Email,Retargeting,Tech,Europe,40405.55,13995679,1037079,65990,13272935.95,7.41,0.04,328.49,0.61
CMP-02817,2022-06-04,Facebook,Brand Awareness,Travel,Latin America,6781.28,3359505,233485,16582,659635.5,6.95,0.03,97.27,0.41
CMP-02818,2022-07-16,Facebook,Brand Awareness,Food & Beverage,Asia Pacific,18771.54,2379497,75668,4196,2037157.48,3.18,0.25,108.52,4.47
CMP-02819,2022-11-01,Facebook,Brand Awareness,Tech,Latin America,33189.51,7875338,277211,5430,1644688.85,3.52,0.12,49.55,6.11
CMP-02820,2023-01-10,Facebook,Lead Generation,Healthcare,Latin America,26434.68,8172126,302368,13412,4882017.2,3.7,0.09,184.68,1.97
CMP-02821,2023-09-19,Email,Lead Generation,Education,Asia Pacific,1358.78,455035,10147,427,131274.69,2.23,0.13,96.61,3.18
CMP-02822,2023-05-08,Facebook,Engagement,Food & Beverage,Latin America,20569.05,10263326,353058,28352,7264681.16,3.44,0.06,353.19,0.73
CMP-02823,2023-03-18,TikTok,Lead Generation,Food & Beverage,Latin America,32024.11,9133859,636629,12339,4188239.89,6.97,0.05,130.78,2.6
CMP-02824,2022-04-07,Email,Lead Generation,Food & Beverage,Middle East,1525.47,209721,4949,109,38969.33,2.36,0.31,25.55,14.0
CMP-02825,2022-02-01,Twitter,Brand Awareness,Travel,North America,17540.31,6307969,216363,2866,801714.04,3.43,0.08,45.71,6.12
CMP-02826,2023-01-24,Twitter,Brand Awareness,Food & Beverage,Latin America,34531.82,7466242,82128,8415,3145378.29,1.1,0.42,91.09,4.1
CMP-02827,2023-01-01,Instagram,Retargeting,Tech,Latin America,35460.26,6763768,420029,41041,12459902.31,6.21,0.08,351.38,0.86
CMP-02828,2022-11-27,Instagram,Brand Awareness,Retail,North America,49372.54,21059656,802372,30901,10712146.9,3.81,0.06,216.97,1.6
CMP-02829,2022-07-25,Email,Brand Awareness,Finance,Middle East,8660.49,776664,39687,2265,925500.66,5.11,0.22,106.86,3.82
CMP-02830,2022-01-17,Google Ads,Engagement,Finance,Latin America,47469.32,14592947,186789,4137,1314089.47,1.28,0.25,27.68,11.47
CMP-02831,2022-04-14,YouTube,Conversion,Retail,Asia Pacific,22245.05,7964369,399811,13840,5373615.88,5.02,0.06,241.56,1.61
CMP-02832,2022-02-14,Instagram,Retargeting,Retail,Asia Pacific,38835.66,11468459,463325,29901,4819637.52,4.04,0.08,124.1,1.3
CMP-02833,2023-04-03,TikTok,Lead Generation,Education,Middle East,41955.81,4569400,109665,2682,278602.66,2.4,0.38,6.64,15.64
CMP-02834,2023-03-12,Email,Conversion,Retail,Middle East,10350.82,1238201,48661,2730,1296067.55,3.93,0.21,125.21,3.79
CMP-02835,2024-06-14,Email,Engagement,Education,Middle East,35176.78,16280848,740778,41856,5495440.99,4.55,0.05,156.22,0.84
CMP-02836,2022-04-25,Instagram,Lead Generation,Tech,Middle East,10255.69,3999317,21196,1110,429596.22,0.53,0.48,41.89,9.24
CMP-02837,2023-06-29,Email,Lead Generation,Healthcare,Latin America,47854.26,11056594,698776,48382,9667236.26,6.32,0.07,202.01,0.99
CMP-02838,2022-08-31,TikTok,Retargeting,Healthcare,Asia Pacific,40482.14,7557343,389203,41181,19945621.95,5.15,0.1,492.7,0.98
CMP-02839,2023-12-04,YouTube,Brand Awareness,Food & Beverage,Europe,27364.1,5845666,119251,6466,456600.8,2.04,0.23,16.69,4.23
CMP-02840,2022-08-17,Google Ads,Engagement,Food & Beverage,Europe,48415.11,5213065,185063,19788,8145226.09,3.55,0.26,168.24,2.45
CMP-02841,2023-05-18,Email,Brand Awareness,Education,North America,11919.13,1704406,124592,11723,563573.43,7.31,0.1,47.28,1.02
CMP-02842,2023-09-16,Email,Brand Awareness,Healthcare,North America,1243.35,546639,12026,1362,307225.0,2.2,0.1,247.09,0.91
CMP-02843,2023-08-06,Facebook,Lead Generation,Retail,North America,18784.41,4244940,35233,2930,308809.82,0.83,0.53,16.44,6.41
CMP-02844,2023-04-25,Twitter,Brand Awareness,Retail,Latin America,22982.85,10603436,447464,9045,3067797.67,4.22,0.05,133.48,2.54
CMP-02845,2022-10-17,Twitter,Brand Awareness,Retail,Latin America,29199.96,4144993,329941,5682,1628945.05,7.96,0.09,55.79,5.14
CMP-02846,2024-02-17,YouTube,Retargeting,Travel,Asia Pacific,30514.37,14482084,291089,33214,6362281.16,2.01,0.1,208.5,0.92
CMP-02847,2024-06-16,TikTok,Brand Awareness,Healthcare,North America,30739.67,13296283,243321,17653,6566811.5,1.83,0.13,213.63,1.74
CMP-02848,2023-08-13,Facebook,Retargeting,Travel,Latin America,34018.7,12455433,817076,89626,20017937.17,6.56,0.04,588.44,0.38
CMP-02849,2023-07-01,YouTube,Conversion,Retail,Latin America,18342.17,1159629,51835,4719,1412186.13,4.47,0.35,76.99,3.89
CMP-02850,2024-06-04,Twitter,Engagement,Food & Beverage,Middle East,38266.62,10039758,398578,6501,321830.19,3.97,0.1,8.41,5.89
CMP-02851,2024-01-15,Twitter,Conversion,Healthcare,Middle East,32809.72,10609649,724639,86426,30521785.79,6.83,0.05,930.27,0.38
CMP-02852,2023-12-27,TikTok,Lead Generation,Tech,Latin America,27644.12,4233976,53771,3129,1184038.01,1.27,0.51,42.83,8.83
CMP-02853,2023-07-25,YouTube,Brand Awareness,Healthcare,Asia Pacific,46515.43,8625460,323454,9255,3901430.2,3.75,0.14,83.87,5.03
CMP-02854,2022-07-04,LinkedIn,Lead Generation,Tech,North America,23281.96,4571983,167791,14876,4919675.96,3.67,0.14,211.31,1.57
CMP-02855,2023-02-03,Facebook,Conversion,Healthcare,Asia Pacific,6087.27,2035438,117648,2830,843671.61,5.78,0.05,138.6,2.15
CMP-02856,2023-07-23,Google Ads,Brand Awareness,Education,Asia Pacific,18347.51,6027066,423100,36050,6220589.64,7.02,0.04,339.04,0.51
CMP-02857,2024-05-01,TikTok,Brand Awareness,Retail,North America,37615.56,8819174,431257,47830,2445644.98,4.89,0.09,65.02,0.79
CMP-02858,2022-11-11,Instagram,Retargeting,Tech,Europe,40731.32,14090787,918719,8529,1945093.43,6.52,0.04,47.75,4.78
CMP-02859,2024-02-25,LinkedIn,Brand Awareness,Food & Beverage,Asia Pacific,41096.42,17090351,1044220,33839,1065936.91,6.11,0.04,25.94,1.21
CMP-02860,2023-10-24,YouTube,Brand Awareness,Healthcare,Europe,20196.21,1723213,10166,1066,497250.48,0.59,1.99,24.62,18.95
CMP-02861,2022-04-13,TikTok,Lead Generation,Food & Beverage,Latin America,15000.26,3877140,125231,11520,401691.51,3.23,0.12,26.78,1.3
CMP-02862,2023-03-16,YouTube,Retargeting,Tech,Europe,48677.74,7465142,368778,26989,1268060.34,4.94,0.13,26.05,1.8
CMP-02863,2023-08-05,Instagram,Engagement,Retail,North America,40189.89,9900148,582128,35406,12621575.3,5.88,0.07,314.05,1.14
CMP-02864,2022-09-16,Twitter,Lead Generation,Travel,Europe,49122.76,3232470,33617,3115,1168295.35,1.04,1.46,23.78,15.77
CMP-02865,2022-02-12,Google Ads,Conversion,Food & Beverage,Europe,20062.62,3226576,175203,10492,3171927.61,5.43,0.11,158.1,1.91
CMP-02866,2023-10-01,Google Ads,Conversion,Finance,North America,17848.95,4362545,290545,33378,1666601.39,6.66,0.06,93.37,0.53
CMP-02867,2022-01-15,Instagram,Engagement,Travel,North America,37731.09,10553821,303950,1877,913657.52,2.88,0.12,24.21,20.1
CMP-02868,2024-04-01,Email,Lead Generation,Food & Beverage,Latin America,9029.79,1333152,103319,3800,1653830.44,7.75,0.09,183.15,2.38
CMP-02869,2024-04-25,Google Ads,Brand Awareness,Retail,Latin America,35672.47,15355495,492911,44456,19191734.78,3.21,0.07,538.0,0.8
CMP-02870,2023-04-09,Facebook,Brand Awareness,Healthcare,Asia Pacific,44087.92,9225668,737130,39229,8203557.07,7.99,0.06,186.07,1.12
CMP-02871,2023-03-08,Facebook,Brand Awareness,Finance,Middle East,11724.44,4661718,167355,4878,1653863.51,3.59,0.07,141.06,2.4
CMP-02872,2022-12-19,Twitter,Conversion,Tech,Asia Pacific,3318.92,345942,8025,181,16447.83,2.32,0.41,4.96,18.34
CMP-02873,2024-04-07,LinkedIn,Lead Generation,Finance,North America,41207.52,10856802,776261,11387,2968399.77,7.15,0.05,72.04,3.62
CMP-02874,2023-01-23,TikTok,Engagement,Travel,Latin America,32523.72,7779436,453541,32509,15391012.57,5.83,0.07,473.22,1.0
CMP-02875,2024-03-14,YouTube,Lead Generation,Healthcare,Latin America,23640.42,11130428,204799,20186,8822569.25,1.84,0.12,373.2,1.17
CMP-02876,2024-04-11,TikTok,Lead Generation,Retail,Europe,18793.37,2420418,48166,962,54617.94,1.99,0.39,2.91,19.54
CMP-02877,2024-04-28,Twitter,Lead Generation,Retail,Latin America,24719.28,2108063,60501,1576,61153.81,2.87,0.41,2.47,15.68
CMP-02878,2023-07-20,YouTube,Conversion,Tech,Middle East,18629.63,3004009,50166,2222,593102.93,1.67,0.37,31.84,8.38
CMP-02879,2022-05-24,Twitter,Engagement,Finance,North America,34219.38,13328653,934338,36674,11066420.45,7.01,0.04,323.4,0.93
CMP-02880,2022-12-20,Twitter,Engagement,Finance,North America,29504.39,12726575,836135,41115,7457401.6,6.57,0.04,252.76,0.72
CMP-02881,2024-05-14,YouTube,Retargeting,Tech,North America,37553.55,17592086,890159,38545,17632565.73,5.06,0.04,469.53,0.97
CMP-02882,2022-06-20,TikTok,Brand Awareness,Food & Beverage,Latin America,21362.08,4045040,45304,3353,125509.59,1.12,0.47,5.88,6.37
CMP-02883,2022-06-06,YouTube,Lead Generation,Travel,Middle East,20314.73,9181245,700528,80521,28406083.28,7.63,0.03,1398.3,0.25
CMP-02884,2023-07-20,Instagram,Engagement,Tech,Asia Pacific,46581.86,10907383,134160,16061,4302714.21,1.23,0.35,92.37,2.9
CMP-02885,2023-01-24,TikTok,Retargeting,Finance,North America,47322.95,15753270,102396,837,283062.25,0.65,0.46,5.98,56.54
CMP-02886,2022-11-15,Twitter,Engagement,Education,Latin America,37218.8,12195802,604911,67526,13108559.92,4.96,0.06,352.2,0.55
CMP-02887,2022-12-07,Facebook,Lead Generation,Food & Beverage,Europe,21763.68,2794740,116540,1053,121618.74,4.17,0.19,5.59,20.67
CMP-02888,2022-05-06,Instagram,Conversion,Retail,Asia Pacific,36895.18,2736066,83450,9435,4260004.08,3.05,0.44,115.46,3.91
CMP-02889,2023-09-13,Twitter,Engagement,Retail,North America,18432.08,4334549,28174,2257,228884.65,0.65,0.65,12.42,8.17
CMP-02890,2022-09-13,Instagram,Retargeting,Healthcare,Asia Pacific,2033.11,787000,30220,2089,1027641.93,3.84,0.07,505.45,0.97
CMP-02891,2024-04-21,Instagram,Lead Generation,Education,Latin America,49497.65,19492559,1210487,40647,10158792.97,6.21,0.04,205.24,1.22
CMP-02892,2023-03-03,Google Ads,Brand Awareness,Finance,Latin America,26553.94,10142086,248481,24636,5909956.98,2.45,0.11,222.56,1.08
CMP-02893,2023-11-25,Instagram,Lead Generation,Retail,Middle East,35794.45,8736859,467421,37681,14821104.85,5.35,0.08,414.06,0.95
CMP-02894,2023-03-15,Email,Brand Awareness,Food & Beverage,Latin America,18492.2,4581360,77424,3275,1576348.91,1.69,0.24,85.24,5.65
CMP-02895,2023-01-28,YouTube,Conversion,Education,Europe,25131.22,5352138,33718,2660,798151.19,0.63,0.75,31.76,9.45
CMP-02896,2023-07-29,Google Ads,Engagement,Healthcare,Asia Pacific,40153.98,6271390,353706,34260,1832656.56,5.64,0.11,45.64,1.17
CMP-02897,2023-02-09,Google Ads,Engagement,Education,Middle East,22414.91,10625405,683213,79227,35738630.93,6.43,0.03,1594.41,0.28
CMP-02898,2023-01-27,Email,Retargeting,Education,Europe,31626.62,12546120,994907,38412,2613704.91,7.93,0.03,82.64,0.82
CMP-02899,2022-02-09,Facebook,Lead Generation,Finance,Asia Pacific,7831.91,1343816,69340,7398,2045228.28,5.16,0.11,261.14,1.06
CMP-02900,2023-10-09,Facebook,Engagement,Retail,Asia Pacific,48931.41,21386151,819089,81231,36522180.37,3.83,0.06,746.4,0.6
CMP-02901,2022-10-10,Twitter,Lead Generation,Food & Beverage,Europe,45437.94,10445537,547346,20522,6971504.3,5.24,0.08,153.43,2.21
CMP-02902,2024-03-18,Twitter,Engagement,Retail,Middle East,23205.8,2194797,50919,2428,888871.01,2.32,0.46,38.3,9.56
CMP-02903,2023-05-06,Instagram,Lead Generation,Food & Beverage,Middle East,2723.86,180035,6265,609,29182.28,3.48,0.43,10.71,4.47
CMP-02904,2023-09-28,LinkedIn,Retargeting,Finance,Asia Pacific,38677.88,15216966,1127577,49811,21635824.25,7.41,0.03,559.38,0.78
CMP-02905,2022-11-29,Google Ads,Retargeting,Travel,Latin America,38326.7,9233830,272397,16613,5911405.04,2.95,0.14,154.24,2.31
CMP-02906,2022-06-28,Email,Retargeting,Education,Middle East,11755.37,4280902,342044,33796,16160528.86,7.99,0.03,1374.74,0.35
CMP-02907,2022-07-05,Email,Engagement,Education,Europe,43463.71,13287670,321561,5873,1572557.3,2.42,0.14,36.18,7.4
CMP-02908,2023-05-08,Google Ads,Lead Generation,Tech,North America,36945.64,17796067,270500,20946,8882150.12,1.52,0.14,240.41,1.76
CMP-02909,2022-03-25,Email,Brand Awareness,Tech,Latin America,41854.31,14842261,574395,18848,9074814.79,3.87,0.07,216.82,2.22
CMP-02910,2023-03-25,TikTok,Engagement,Education,Asia Pacific,32000.48,3665920,202725,22541,2316609.42,5.53,0.16,72.39,1.42
CMP-02911,2024-06-15,YouTube,Retargeting,Food & Beverage,Asia Pacific,42317.6,13957208,75368,2469,206224.04,0.54,0.56,4.87,17.14
CMP-02912,2023-05-24,Email,Engagement,Retail,Europe,43322.09,14322174,519894,3711,1820701.03,3.63,0.08,42.03,11.67
CMP-02913,2022-01-28,Instagram,Conversion,Education,North America,29422.69,12613230,147574,16125,8045463.07,1.17,0.2,273.44,1.82
CMP-02914,2024-04-24,Email,Brand Awareness,Retail,Latin America,14793.38,1969251,153995,3767,1179653.59,7.82,0.1,79.74,3.93
CMP-02915,2022-09-13,Email,Engagement,Travel,Middle East,22506.79,3150797,192198,2655,929159.95,6.1,0.12,41.28,8.48
CMP-02916,2022-06-20,YouTube,Conversion,Travel,Middle East,42296.58,16997209,837962,42877,16660416.81,4.93,0.05,393.9,0.99
CMP-02917,2023-03-10,Google Ads,Lead Generation,Travel,Middle East,45589.78,4544274,39080,1770,507470.97,0.86,1.17,11.13,25.76
CMP-02918,2022-04-30,Email,Brand Awareness,Education,Latin America,12949.78,1176492,7647,650,63689.61,0.65,1.69,4.92,19.92
CMP-02919,2022-10-31,Twitter,Brand Awareness,Education,Europe,23709.04,6969739,71091,5169,1190736.85,1.02,0.33,50.22,4.59
CMP-02920,2023-01-03,Facebook,Engagement,Finance,Asia Pacific,49384.77,20004622,462106,39052,7851704.36,2.31,0.11,158.99,1.26
CMP-02921,2024-02-10,Facebook,Lead Generation,Education,Latin America,23509.55,10232073,810380,45029,4995855.95,7.92,0.03,212.5,0.52
CMP-02922,2022-01-24,LinkedIn,Lead Generation,Finance,Europe,27661.06,12402662,353475,28155,6191665.07,2.85,0.08,223.84,0.98
CMP-02923,2024-04-09,Instagram,Brand Awareness,Healthcare,Latin America,34690.61,16987734,1020962,58106,5842678.72,6.01,0.03,168.42,0.6
CMP-02924,2023-05-29,Facebook,Lead Generation,Retail,Latin America,38838.32,17308693,865434,20283,7740394.14,5.0,0.04,199.3,1.91
CMP-02925,2022-09-08,LinkedIn,Lead Generation,Travel,Latin America,42264.73,17658993,550960,17021,3520298.15,3.12,0.08,83.29,2.48
CMP-02926,2022-10-18,YouTube,Conversion,Finance,Europe,46662.36,13423291,809424,71027,8070543.28,6.03,0.06,172.96,0.66
CMP-02927,2022-11-29,TikTok,Conversion,Retail,Europe,8354.74,1686885,68656,3360,435098.45,4.07,0.12,52.08,2.49
CMP-02928,2023-05-05,Twitter,Conversion,Food & Beverage,Middle East,18006.82,4451849,134000,14653,577818.6,3.01,0.13,32.09,1.23
CMP-02929,2022-02-17,YouTube,Brand Awareness,Food & Beverage,Middle East,24187.89,9425645,180972,20378,6092084.27,1.92,0.13,251.87,1.19
CMP-02930,2023-07-08,LinkedIn,Engagement,Finance,North America,15942.3,5375432,246194,10686,590460.78,4.58,0.06,37.04,1.49
CMP-02931,2024-05-19,TikTok,Retargeting,Finance,Europe,5412.91,2135260,77723,6044,1164369.92,3.64,0.07,215.11,0.9
CMP-02932,2024-03-23,Instagram,Conversion,Education,Europe,40074.1,6927664,396262,12335,4946207.34,5.72,0.1,123.43,3.25
CMP-02933,2023-11-22,YouTube,Conversion,Food & Beverage,North America,10212.77,2936249,198196,11683,4092902.21,6.75,0.05,400.76,0.87
CMP-02934,2022-12-12,LinkedIn,Lead Generation,Tech,Asia Pacific,49708.44,3739105,35895,3101,592969.19,0.96,1.38,11.93,16.03
CMP-02935,2022-07-02,Google Ads,Brand Awareness,Retail,Europe,41326.28,5277042,143535,3880,804973.97,2.72,0.29,19.48,10.65
CMP-02936,2022-01-25,Email,Brand Awareness,Finance,North America,48427.42,15634704,802060,28158,6707515.27,5.13,0.06,138.51,1.72
CMP-02937,2024-05-25,Instagram,Retargeting,Healthcare,Asia Pacific,39820.45,3650235,184336,2895,648419.04,5.05,0.22,16.28,13.75
CMP-02938,2022-12-17,Instagram,Engagement,Tech,Latin America,43452.17,5371144,228273,27206,13289292.59,4.25,0.19,305.84,1.6
CMP-02939,2024-04-04,LinkedIn,Conversion,Food & Beverage,North America,10261.69,2850600,108607,1806,666105.13,3.81,0.09,64.91,5.68
CMP-02940,2022-02-11,Email,Lead Generation,Food & Beverage,Middle East,13974.59,1492216,69537,934,291060.25,4.66,0.2,20.83,14.96
CMP-02941,2023-07-23,Email,Engagement,Healthcare,North America,26210.28,1402393,15706,1478,106235.94,1.12,1.67,4.05,17.73
CMP-02942,2022-05-06,LinkedIn,Lead Generation,Food & Beverage,Middle East,30367.32,12681010,363944,41544,12018571.67,2.87,0.08,395.77,0.73
CMP-02943,2023-12-30,TikTok,Conversion,Education,Middle East,7181.44,805049,29625,2373,623937.18,3.68,0.24,86.88,3.03
CMP-02944,2024-01-20,Google Ads,Conversion,Retail,Europe,33029.67,6320004,285032,28758,5116947.77,4.51,0.12,154.92,1.15
CMP-02945,2023-03-28,Instagram,Brand Awareness,Retail,Middle East,19799.14,3469586,225523,17037,4754988.65,6.5,0.09,240.16,1.16
CMP-02946,2022-10-31,LinkedIn,Engagement,Retail,Middle East,31898.88,11164241,470014,18422,2506167.78,4.21,0.07,78.57,1.73
CMP-02947,2022-07-29,Email,Conversion,Tech,North America,46787.75,20151522,1430758,115025,10883706.41,7.1,0.03,232.62,0.41
CMP-02948,2023-02-15,LinkedIn,Retargeting,Education,Middle East,9328.1,2508705,95079,8816,3660054.69,3.79,0.1,392.37,1.06
CMP-02949,2024-05-01,Instagram,Brand Awareness,Tech,North America,5498.02,296152,8025,894,170050.22,2.71,0.69,30.93,6.15
CMP-02950,2023-05-19,TikTok,Lead Generation,Healthcare,Middle East,28518.59,6565044,487782,38891,12651183.72,7.43,0.06,443.61,0.73
CMP-02951,2023-01-10,Facebook,Brand Awareness,Tech,Asia Pacific,15432.67,7066408,462143,19878,2554366.38,6.54,0.03,165.52,0.78
CMP-02952,2024-01-16,Google Ads,Engagement,Tech,North America,6191.07,758220,47692,5437,282651.14,6.29,0.13,45.65,1.14
CMP-02953,2022-05-02,TikTok,Engagement,Food & Beverage,Asia Pacific,49542.32,11606403,219361,18469,985058.73,1.89,0.23,19.88,2.68
CMP-02954,2023-12-06,Instagram,Lead Generation,Travel,Europe,4740.35,1806088,52015,4291,528339.59,2.88,0.09,111.46,1.1
CMP-02955,2022-12-20,Email,Brand Awareness,Retail,Asia Pacific,43207.68,10701640,205471,22218,4465604.81,1.92,0.21,103.35,1.94
CMP-02956,2024-03-27,Facebook,Conversion,Retail,North America,9857.72,1687669,9282,987,244892.17,0.55,1.06,24.84,9.99
CMP-02957,2022-04-07,Twitter,Brand Awareness,Tech,North America,11046.35,4539793,278289,18231,5916624.53,6.13,0.04,535.62,0.61
CMP-02958,2023-08-02,Facebook,Conversion,Food & Beverage,Asia Pacific,34307.37,13612856,1023686,115694,27661187.03,7.52,0.03,806.28,0.3
CMP-02959,2022-02-02,YouTube,Retargeting,Travel,Asia Pacific,1638.0,586684,29334,3438,199959.26,5.0,0.06,122.08,0.48
CMP-02960,2022-10-28,Twitter,Retargeting,Travel,North America,26745.46,11047843,236423,24865,5056122.9,2.14,0.11,189.05,1.08
CMP-02961,2022-12-30,Google Ads,Retargeting,Travel,Middle East,15714.48,5860962,395028,26040,5320280.25,6.74,0.04,338.56,0.6
CMP-02962,2023-05-12,Facebook,Retargeting,Education,Latin America,32837.48,7730316,132961,9994,2097885.99,1.72,0.25,63.89,3.29
CMP-02963,2022-02-14,YouTube,Brand Awareness,Education,Europe,26112.18,7244949,207205,15189,5123797.74,2.86,0.13,196.22,1.72
CMP-02964,2023-04-01,TikTok,Brand Awareness,Retail,Asia Pacific,25598.59,2421075,158822,15958,1922401.33,6.56,0.16,75.1,1.6
CMP-02965,2024-01-31,YouTube,Engagement,Tech,Latin America,23212.68,11263831,218518,13445,469815.05,1.94,0.11,20.24,1.73
CMP-02966,2022-11-06,LinkedIn,Lead Generation,Tech,Latin America,24307.01,6803431,157839,10621,4908489.75,2.32,0.15,201.94,2.29
CMP-02967,2022-02-24,Email,Retargeting,Retail,Asia Pacific,8225.29,1085149,47746,989,447989.43,4.4,0.17,54.46,8.32
CMP-02968,2023-10-26,YouTube,Engagement,Education,North America,7831.95,2772803,44364,1155,272136.67,1.6,0.18,34.75,6.78
CMP-02969,2023-02-15,Google Ads,Retargeting,Healthcare,Europe,26064.8,5942277,192529,19299,1371661.66,3.24,0.14,52.63,1.35
CMP-02970,2024-03-15,LinkedIn,Conversion,Finance,Latin America,37266.72,3255165,224606,7181,2468042.67,6.9,0.17,66.23,5.19
CMP-02971,2023-05-11,Instagram,Lead Generation,Food & Beverage,Middle East,28687.26,5212540,268967,19578,9671943.76,5.16,0.11,337.15,1.47
CMP-02972,2023-03-29,Twitter,Conversion,Tech,Latin America,13160.62,6154065,217853,13353,1559384.37,3.54,0.06,118.49,0.99
CMP-02973,2022-06-07,Google Ads,Conversion,Retail,North America,36481.19,10729368,210295,5483,237808.38,1.96,0.17,6.52,6.65
CMP-02974,2023-06-08,Twitter,Engagement,Healthcare,Middle East,48904.5,15796140,916176,73501,23715311.29,5.8,0.05,484.93,0.67
CMP-02975,2024-02-04,Email,Lead Generation,Retail,North America,30857.33,11884403,465868,32324,3031845.61,3.92,0.07,98.25,0.95
CMP-02976,2024-04-16,Instagram,Lead Generation,Travel,Latin America,16864.92,1379645,62773,1001,398095.89,4.55,0.27,23.6,16.85
CMP-02977,2023-12-09,Instagram,Engagement,Food & Beverage,Latin America,45228.93,7084294,92804,3248,1357070.13,1.31,0.49,30.0,13.93
CMP-02978,2022-09-23,Email,Retargeting,Food & Beverage,North America,30739.34,4880966,154238,15566,4277463.41,3.16,0.2,139.15,1.97
CMP-02979,2023-09-19,YouTube,Retargeting,Food & Beverage,North America,22071.36,3055235,148484,14281,3501311.14,4.86,0.15,158.64,1.55
CMP-02980,2022-02-11,YouTube,Brand Awareness,Education,Asia Pacific,5568.18,2661167,76641,7702,1068560.85,2.88,0.07,191.9,0.72
CMP-02981,2022-02-22,Google Ads,Lead Generation,Finance,Middle East,16491.23,5495225,192882,13893,2772187.05,3.51,0.09,168.1,1.19
CMP-02982,2023-08-27,TikTok,Retargeting,Tech,Middle East,27252.2,5154510,184016,20503,6413535.2,3.57,0.15,235.34,1.33
CMP-02983,2024-03-13,Google Ads,Engagement,Food & Beverage,Latin America,6423.96,2786446,77184,3890,1275227.59,2.77,0.08,198.51,1.65
CMP-02984,2024-04-20,Facebook,Brand Awareness,Retail,Latin America,21373.41,2923909,81577,9656,425164.93,2.79,0.26,19.89,2.21
CMP-02985,2023-11-08,LinkedIn,Retargeting,Food & Beverage,Europe,32273.58,15085878,1138983,78872,29114538.18,7.55,0.03,902.12,0.41
CMP-02986,2024-03-14,Email,Engagement,Tech,Asia Pacific,14163.88,5636608,137533,10661,5198299.62,2.44,0.1,367.01,1.33
CMP-02987,2022-08-18,TikTok,Conversion,Tech,Middle East,43561.54,20712741,223697,20055,1860494.97,1.08,0.19,42.71,2.17
CMP-02988,2023-04-12,Twitter,Retargeting,Travel,North America,14925.18,4701309,235065,7345,1595443.15,5.0,0.06,106.9,2.03
CMP-02989,2023-08-02,YouTube,Lead Generation,Finance,North America,35638.2,9567198,59316,5893,2390032.55,0.62,0.6,67.06,6.05
CMP-02990,2022-03-20,LinkedIn,Engagement,Finance,Europe,40210.32,2983718,15216,1523,223844.82,0.51,2.64,5.57,26.4
CMP-02991,2023-05-17,YouTube,Conversion,Food & Beverage,Latin America,49902.39,24917306,1861322,24311,11254867.66,7.47,0.03,225.54,2.05
CMP-02992,2024-03-18,Instagram,Conversion,Healthcare,Europe,30055.0,6375937,458429,40786,8756160.47,7.19,0.07,291.34,0.74
CMP-02993,2022-07-02,Email,Engagement,Travel,North America,19594.84,1781141,141422,15620,3137438.52,7.94,0.14,160.12,1.25
CMP-02994,2023-08-04,TikTok,Lead Generation,Finance,North America,33010.59,15932880,103563,3990,767284.11,0.65,0.32,23.24,8.27
CMP-02995,2023-12-15,LinkedIn,Engagement,Food & Beverage,Europe,17568.88,7872248,425888,6451,2654971.64,5.41,0.04,151.12,2.72
CMP-02996,2024-04-07,Google Ads,Brand Awareness,Retail,Latin America,38755.65,2548515,88433,9839,895049.99,3.47,0.44,23.09,3.94
CMP-02997,2022-03-12,Twitter,Engagement,Healthcare,Middle East,21939.42,4055743,216576,3121,484160.41,5.34,0.1,22.07,7.03
CMP-02998,2022-12-11,Facebook,Engagement,Finance,North America,43503.59,4850055,278878,28651,5839620.12,5.75,0.16,134.23,1.52
CMP-02999,2024-01-23,Facebook,Lead Generation,Education,Latin America,12973.81,4047811,30358,3031,1148679.22,0.75,0.43,88.54,4.28
CMP-03000,2022-05-09,Facebook,Retargeting,Finance,Middle East,26207.18,8857917,213475,16548,8041285.12,2.41,0.12,306.84,1.58
CMP-03001,2022-01-26,Twitter,Engagement,Travel,Latin America,6539.25,500660,3654,330,47589.43,0.73,1.79,7.28,19.82
CMP-03002,2022-04-01,LinkedIn,Brand Awareness,Healthcare,North America,12660.93,4152950,113790,2539,817441.65,2.74,0.11,64.56,4.99
CMP-03003,2023-09-28,Twitter,Lead Generation,Food & Beverage,Middle East,43593.39,8503630,680290,17268,2325074.05,8.0,0.06,53.34,2.52
CMP-03004,2023-10-08,LinkedIn,Brand Awareness,Education,Latin America,13939.35,2683553,201534,3258,429544.05,7.51,0.07,30.82,4.28
CMP-03005,2024-05-02,YouTube,Brand Awareness,Education,Europe,10228.04,1760445,115309,5689,720377.88,6.55,0.09,70.43,1.8
CMP-03006,2024-01-31,Instagram,Lead Generation,Education,Europe,32423.63,15084639,530979,55404,26905704.47,3.52,0.06,829.82,0.59
CMP-03007,2022-12-29,Email,Engagement,Education,Middle East,17736.65,4716621,90559,2705,1274276.55,1.92,0.2,71.84,6.56
CMP-03008,2022-12-25,YouTube,Brand Awareness,Healthcare,North America,19595.98,5570811,310294,5030,727031.97,5.57,0.06,37.1,3.9
CMP-03009,2023-09-27,Facebook,Brand Awareness,Travel,Asia Pacific,18195.74,5378732,123172,4609,178135.15,2.29,0.15,9.79,3.95
CMP-03010,2024-02-08,Facebook,Conversion,Education,Middle East,26776.83,6954610,59114,3459,716636.75,0.85,0.45,26.76,7.74
CMP-03011,2022-03-12,YouTube,Lead Generation,Healthcare,North America,27993.31,5127720,162548,13282,2141998.17,3.17,0.17,76.52,2.11
CMP-03012,2024-03-30,LinkedIn,Conversion,Food & Beverage,Asia Pacific,41067.56,2419153,174179,9250,3253419.65,7.2,0.24,79.22,4.44
CMP-03013,2022-10-31,Facebook,Lead Generation,Education,Latin America,27494.57,10785226,339734,36613,5343349.01,3.15,0.08,194.34,0.75
CMP-03014,2023-02-06,Google Ads,Brand Awareness,Tech,Middle East,19501.58,3295168,72823,4402,2009288.89,2.21,0.27,103.03,4.43
CMP-03015,2022-12-15,Twitter,Conversion,Tech,Asia Pacific,22388.45,5696741,154381,5706,2087254.36,2.71,0.15,93.23,3.92
CMP-03016,2023-09-06,Instagram,Retargeting,Finance,Middle East,17402.23,3678240,82024,2104,259635.47,2.23,0.21,14.92,8.27
CMP-03017,2023-06-14,Twitter,Brand Awareness,Retail,Europe,37344.15,13741523,112680,1933,116742.25,0.82,0.33,3.13,19.32
CMP-03018,2023-03-19,Twitter,Lead Generation,Education,Asia Pacific,47996.06,5422577,170268,5467,407577.29,3.14,0.28,8.49,8.78
CMP-03019,2022-10-27,Instagram,Conversion,Tech,Latin America,16852.81,2658626,137716,3770,1579931.78,5.18,0.12,93.75,4.47
CMP-03020,2022-08-10,Facebook,Brand Awareness,Retail,Europe,11058.47,3342468,160104,3630,1804047.36,4.79,0.07,163.14,3.05
CMP-03021,2024-03-27,Google Ads,Conversion,Tech,North America,34518.1,16983391,139263,15788,4062648.31,0.82,0.25,117.7,2.19
CMP-03022,2023-09-01,Instagram,Brand Awareness,Travel,North America,33109.93,5212603,60466,4672,367708.21,1.16,0.55,11.11,7.09
CMP-03023,2022-08-21,Twitter,Brand Awareness,Food & Beverage,North America,37736.81,2555894,132139,10941,565897.27,5.17,0.29,15.0,3.45
CMP-03024,2023-12-05,Email,Conversion,Education,North America,40844.59,18403109,1291898,73843,30268953.65,7.02,0.03,741.08,0.55
CMP-03025,2022-09-19,Twitter,Engagement,Retail,Latin America,4741.68,1462261,63023,3556,497727.13,4.31,0.08,104.97,1.33
CMP-03026,2023-07-22,Instagram,Lead Generation,Healthcare,Europe,39273.47,2414731,30667,2568,999416.71,1.27,1.28,25.45,15.29
CMP-03027,2024-04-29,Twitter,Brand Awareness,Healthcare,Middle East,32019.13,3489300,115495,8510,1995592.31,3.31,0.28,62.33,3.76
CMP-03028,2022-07-19,LinkedIn,Engagement,Retail,Latin America,45041.2,14987818,644476,68591,6043084.47,4.3,0.07,134.17,0.66
CMP-03029,2023-12-30,Google Ads,Lead Generation,Education,North America,23586.09,2287010,33390,1479,392397.37,1.46,0.71,16.64,15.95
CMP-03030,2024-01-12,Email,Engagement,Tech,Europe,46408.48,3738290,154391,1949,398200.8,4.13,0.3,8.58,23.81
CMP-03031,2023-03-18,Twitter,Brand Awareness,Education,Latin America,20405.35,9480981,110927,2245,923916.35,1.17,0.18,45.28,9.09
CMP-03032,2022-05-15,Instagram,Lead Generation,Healthcare,Middle East,4754.41,1633057,15187,824,218696.74,0.93,0.31,46.0,5.77
CMP-03033,2022-06-17,Instagram,Retargeting,Food & Beverage,Europe,33452.91,9653958,462424,51391,10051347.69,4.79,0.07,300.46,0.65
CMP-03034,2022-07-20,Email,Lead Generation,Retail,Europe,19580.12,9581088,753073,40326,15588139.31,7.86,0.03,796.12,0.49
CMP-03035,2022-12-21,Email,Retargeting,Travel,Latin America,1676.88,260318,6169,122,39051.06,2.37,0.27,23.29,13.74
CMP-03036,2024-01-22,YouTube,Conversion,Finance,Latin America,16030.02,2855343,67100,1360,339406.71,2.35,0.24,21.17,11.79
CMP-03037,2023-10-12,Instagram,Lead Generation,Travel,Europe,23458.53,3368802,235816,4361,1582587.44,7.0,0.1,67.46,5.38
CMP-03038,2023-03-13,Instagram,Engagement,Travel,Middle East,20146.07,6652096,296018,30445,6119622.54,4.45,0.07,303.76,0.66
CMP-03039,2023-09-21,Twitter,Brand Awareness,Tech,Europe,49927.75,22620157,870876,32145,9749998.56,3.85,0.06,195.28,1.55
CMP-03040,2023-03-27,Twitter,Brand Awareness,Healthcare,Latin America,36605.7,14000974,644044,21198,7536283.47,4.6,0.06,205.88,1.73
CMP-03041,2024-01-22,Google Ads,Lead Generation,Tech,Europe,13331.96,5105217,211866,16804,2286078.54,4.15,0.06,171.47,0.79
CMP-03042,2023-05-25,LinkedIn,Retargeting,Tech,Latin America,14783.56,1319211,98808,7299,3031470.29,7.49,0.15,205.06,2.03
CMP-03043,2023-09-10,Twitter,Retargeting,Tech,Middle East,45062.66,4515030,125969,5721,2672578.09,2.79,0.36,59.31,7.88
CMP-03044,2022-02-22,Instagram,Retargeting,Tech,Asia Pacific,40737.75,13002231,357561,5483,509081.1,2.75,0.11,12.5,7.43
CMP-03045,2023-05-03,Twitter,Brand Awareness,Healthcare,Middle East,11971.9,4406083,219422,12021,5872497.29,4.98,0.05,490.52,1.0
CMP-03046,2023-10-24,LinkedIn,Conversion,Travel,Middle East,10033.82,3977521,129269,6052,2227247.61,3.25,0.08,221.97,1.66
CMP-03047,2023-09-27,Facebook,Brand Awareness,Finance,Europe,38233.1,15487015,1184756,28998,3846193.06,7.65,0.03,100.6,1.32
CMP-03048,2022-08-08,Facebook,Conversion,Education,Middle East,49732.16,5253674,30471,2514,610811.75,0.58,1.63,12.28,19.78
CMP-03049,2022-04-01,Google Ads,Engagement,Food & Beverage,Middle East,34262.86,9110139,80169,3501,1729567.28,0.88,0.43,50.48,9.79
CMP-03050,2023-02-17,Twitter,Engagement,Food & Beverage,Europe,39786.41,11074339,420824,40061,17360368.4,3.8,0.09,436.34,0.99
CMP-03051,2023-04-30,TikTok,Engagement,Travel,Asia Pacific,15315.28,3249361,116327,13132,6469807.77,3.58,0.13,422.44,1.17
CMP-03052,2022-10-20,YouTube,Lead Generation,Travel,Middle East,38209.77,11264095,176846,7213,1232655.47,1.57,0.22,32.26,5.3
CMP-03053,2022-03-09,YouTube,Retargeting,Finance,Latin America,39649.95,3372408,164236,10384,1350927.2,4.87,0.24,34.07,3.82
CMP-03054,2024-05-18,Instagram,Engagement,Healthcare,North America,32463.51,8508271,107204,1284,573409.5,1.26,0.3,17.66,25.28
CMP-03055,2023-01-25,TikTok,Brand Awareness,Education,Europe,22308.47,5126560,39987,1221,332295.32,0.78,0.56,14.9,18.27
CMP-03056,2022-07-26,TikTok,Conversion,Travel,Asia Pacific,6724.41,2157086,140642,2385,343301.46,6.52,0.05,51.05,2.82
CMP-03057,2022-08-28,Instagram,Conversion,Food & Beverage,Asia Pacific,9604.2,2622673,49830,5646,776217.3,1.9,0.19,80.82,1.7
CMP-03058,2024-01-26,Facebook,Conversion,Healthcare,Middle East,20225.39,2851009,214110,24454,5192420.37,7.51,0.09,256.73,0.83
CMP-03059,2023-07-04,Google Ads,Brand Awareness,Healthcare,Middle East,21860.5,6911839,535667,24776,9936482.1,7.75,0.04,454.54,0.88
CMP-03060,2023-08-17,Instagram,Engagement,Travel,North America,39295.09,14888781,637239,72249,31150692.29,4.28,0.06,792.74,0.54
CMP-03061,2024-02-27,Instagram,Conversion,Food & Beverage,Latin America,16121.67,4441323,73281,3648,1079535.61,1.65,0.22,66.96,4.42
CMP-03062,2024-01-31,Google Ads,Brand Awareness,Travel,Middle East,19826.98,9843561,256916,15771,6935599.53,2.61,0.08,349.81,1.26
CMP-03063,2022-04-22,TikTok,Engagement,Food & Beverage,North America,4053.44,1218834,87390,8743,947199.73,7.17,0.05,233.68,0.46
CMP-03064,2022-07-16,Google Ads,Lead Generation,Finance,Latin America,44969.63,13177798,473082,39428,15464297.59,3.59,0.1,343.88,1.14
CMP-03065,2024-02-14,YouTube,Engagement,Tech,Asia Pacific,37810.06,2542793,128919,2572,424380.94,5.07,0.29,11.22,14.7
CMP-03066,2022-10-20,Google Ads,Retargeting,Food & Beverage,Latin America,41933.58,14244963,779199,70913,21118780.22,5.47,0.05,503.62,0.59
CMP-03067,2024-03-05,Facebook,Brand Awareness,Tech,Europe,37635.03,6910944,279202,26648,8129297.47,4.04,0.13,216.0,1.41
CMP-03068,2022-06-17,Email,Retargeting,Retail,Middle East,22705.52,6935233,451483,51333,5320244.9,6.51,0.05,234.32,0.44
CMP-03069,2023-12-30,Google Ads,Brand Awareness,Tech,North America,45713.9,11554246,470257,3964,1349899.26,4.07,0.1,29.53,11.53
CMP-03070,2024-06-12,YouTube,Brand Awareness,Food & Beverage,Middle East,17607.88,7205677,325696,25294,2158759.49,4.52,0.05,122.6,0.7
CMP-03071,2024-05-21,TikTok,Brand Awareness,Retail,Europe,12225.54,5430254,147702,6582,607046.31,2.72,0.08,49.65,1.86
CMP-03072,2023-06-05,Google Ads,Engagement,Food & Beverage,Latin America,44334.82,4281757,340827,22604,5281368.04,7.96,0.13,119.12,1.96
CMP-03073,2023-06-03,Google Ads,Engagement,Travel,North America,2801.05,643267,48309,4799,1545205.1,7.51,0.06,551.65,0.58
CMP-03074,2022-03-29,TikTok,Conversion,Tech,Europe,42638.08,4278840,316206,21961,7596841.07,7.39,0.13,178.17,1.94
CMP-03075,2022-12-26,Email,Conversion,Retail,Middle East,12872.26,4111312,242978,22735,4332308.86,5.91,0.05,336.56,0.57
CMP-03076,2023-09-07,YouTube,Engagement,Travel,Europe,4340.5,1146696,40478,2347,526343.34,3.53,0.11,121.26,1.85
CMP-03077,2023-12-16,Google Ads,Brand Awareness,Travel,Middle East,25067.9,1832865,136915,15470,7147447.15,7.47,0.18,285.12,1.62
CMP-03078,2022-04-22,YouTube,Conversion,Healthcare,North America,33228.22,14694409,1118244,79597,13211696.96,7.61,0.03,397.6,0.42
CMP-03079,2022-09-08,Instagram,Conversion,Education,Middle East,46190.45,9531918,96272,5478,995200.2,1.01,0.48,21.55,8.43
CMP-03080,2023-08-02,Twitter,Lead Generation,Healthcare,Middle East,18119.11,3326358,73179,6579,254736.86,2.2,0.25,14.06,2.75
CMP-03081,2022-03-26,Google Ads,Brand Awareness,Finance,Europe,14589.38,3481147,148993,3707,705196.49,4.28,0.1,48.34,3.94
CMP-03082,2023-12-30,Twitter,Conversion,Education,Middle East,35372.57,16560225,789922,50652,11189920.03,4.77,0.04,316.34,0.7
CMP-03083,2024-01-19,YouTube,Lead Generation,Healthcare,North America,6888.07,3376145,257262,30573,12336369.84,7.62,0.03,1790.98,0.23
CMP-03084,2022-07-14,TikTok,Engagement,Food & Beverage,Middle East,17229.3,4741041,251749,8986,3164642.92,5.31,0.07,183.68,1.92
CMP-03085,2022-08-27,YouTube,Retargeting,Finance,Europe,44759.68,19976252,1040762,30019,4511231.59,5.21,0.04,100.79,1.49
CMP-03086,2022-03-19,YouTube,Brand Awareness,Tech,Asia Pacific,26215.57,7384532,468917,18185,7438901.5,6.35,0.06,283.76,1.44
CMP-03087,2022-03-08,Email,Retargeting,Travel,North America,48271.54,8001710,572122,51552,5281405.62,7.15,0.08,109.41,0.94
CMP-03088,2024-04-18,TikTok,Conversion,Healthcare,North America,12459.66,2050639,32605,1995,226801.56,1.59,0.38,18.2,6.25
CMP-03089,2023-07-17,LinkedIn,Lead Generation,Healthcare,North America,15393.81,5374874,195107,6524,2566403.58,3.63,0.08,166.72,2.36
CMP-03090,2023-05-12,TikTok,Lead Generation,Food & Beverage,Latin America,23134.79,1377500,37054,3152,989243.82,2.69,0.62,42.76,7.34
CMP-03091,2022-06-22,Twitter,Engagement,Healthcare,Middle East,37730.2,2405170,86826,9133,1817215.49,3.61,0.43,48.16,4.13
CMP-03092,2023-09-19,Email,Retargeting,Retail,North America,4599.28,2200557,68217,370,56836.65,3.1,0.07,12.36,12.43
CMP-03093,2023-02-09,LinkedIn,Retargeting,Food & Beverage,Middle East,24722.99,8044377,209153,3476,756503.59,2.6,0.12,30.6,7.11
CMP-03094,2023-09-11,LinkedIn,Retargeting,Finance,Asia Pacific,21503.3,2910634,25031,1211,554267.66,0.86,0.86,25.78,17.76
CMP-03095,2022-04-09,LinkedIn,Brand Awareness,Education,Europe,22683.46,4126461,283487,26494,6272708.4,6.87,0.08,276.53,0.86
CMP-03096,2024-05-22,Facebook,Lead Generation,Healthcare,Latin America,4924.22,1928427,152345,12020,768489.95,7.9,0.03,156.06,0.41
CMP-03097,2022-10-30,Google Ads,Retargeting,Healthcare,Asia Pacific,1077.65,432778,27870,2095,220785.62,6.44,0.04,204.88,0.51
CMP-03098,2022-09-05,YouTube,Retargeting,Finance,Asia Pacific,19034.09,4606948,162164,14879,1175876.34,3.52,0.12,61.78,1.28
CMP-03099,2022-01-07,Instagram,Retargeting,Finance,Latin America,18434.22,5119829,365555,10942,5435784.83,7.14,0.05,294.87,1.68
CMP-03100,2022-05-31,YouTube,Lead Generation,Food & Beverage,Europe,44247.29,12682626,303114,34933,3069949.87,2.39,0.15,69.38,1.27
CMP-03101,2022-12-30,LinkedIn,Retargeting,Tech,Europe,14370.89,5772334,45601,2455,1180931.44,0.79,0.32,82.18,5.85
CMP-03102,2022-12-03,Instagram,Lead Generation,Travel,Latin America,17409.72,4478400,290200,23686,3179100.2,6.48,0.06,182.6,0.74
CMP-03103,2022-11-01,Email,Brand Awareness,Retail,Europe,29086.73,5865868,74496,2386,633454.2,1.27,0.39,21.78,12.19
CMP-03104,2024-01-13,Instagram,Lead Generation,Finance,North America,35815.19,8967757,433142,29497,3845323.28,4.83,0.08,107.37,1.21
CMP-03105,2024-01-15,Email,Engagement,Tech,Europe,16072.79,2574749,76727,4741,1477897.21,2.98,0.21,91.95,3.39
CMP-03106,2022-05-12,YouTube,Retargeting,Finance,Europe,16754.33,2578769,84841,3067,473171.94,3.29,0.2,28.24,5.46
CMP-03107,2023-08-25,YouTube,Lead Generation,Food & Beverage,Europe,29093.97,11182598,209114,8203,872724.47,1.87,0.14,30.0,3.55
CMP-03108,2023-05-23,Email,Lead Generation,Travel,Middle East,35447.91,16968676,804315,45505,14995404.43,4.74,0.04,423.03,0.78
CMP-03109,2024-05-28,Google Ads,Engagement,Tech,Asia Pacific,42520.2,9472805,737931,18229,4626965.2,7.79,0.06,108.82,2.33
CMP-03110,2023-06-13,Google Ads,Retargeting,Retail,Middle East,19532.03,5250042,396903,5127,2038652.61,7.56,0.05,104.37,3.81
CMP-03111,2023-11-06,Facebook,Retargeting,Healthcare,Middle East,633.23,133236,985,29,1430.18,0.74,0.64,2.26,21.84
CMP-03112,2023-01-31,Google Ads,Retargeting,Healthcare,Asia Pacific,44602.18,4499945,236247,15132,2656243.36,5.25,0.19,59.55,2.95
CMP-03113,2024-03-09,LinkedIn,Conversion,Healthcare,Latin America,12481.78,5579330,395574,38952,4159526.27,7.09,0.03,333.25,0.32
CMP-03114,2024-01-28,Facebook,Retargeting,Finance,Latin America,13056.27,2019365,102179,2476,482882.98,5.06,0.13,36.98,5.27
CMP-03115,2023-04-13,Google Ads,Retargeting,Tech,Europe,12830.68,1583360,48609,3708,763685.26,3.07,0.26,59.52,3.46
CMP-03116,2024-06-08,Google Ads,Conversion,Finance,Middle East,20503.98,10086014,477068,54531,1809467.31,4.73,0.04,88.25,0.38
CMP-03117,2024-05-18,Instagram,Lead Generation,Retail,North America,32473.29,2325627,155817,13898,6469493.6,6.7,0.21,199.23,2.34
CMP-03118,2022-10-26,Twitter,Lead Generation,Food & Beverage,Latin America,15317.04,3384779,68034,1459,116525.86,2.01,0.23,7.61,10.5
CMP-03119,2024-02-18,TikTok,Lead Generation,Food & Beverage,Latin America,30566.44,13440049,1073859,73551,16244639.32,7.99,0.03,531.45,0.42
CMP-03120,2022-09-29,TikTok,Engagement,Tech,Latin America,17489.64,2251253,144530,13389,3325716.41,6.42,0.12,190.15,1.31
CMP-03121,2022-06-08,Email,Retargeting,Finance,Europe,25446.23,8886142,127960,1023,439643.74,1.44,0.2,17.28,24.87
CMP-03122,2022-01-04,Email,Lead Generation,Tech,Asia Pacific,19563.32,6148300,477108,5949,1165451.76,7.76,0.04,59.57,3.29
CMP-03123,2023-01-07,Twitter,Lead Generation,Food & Beverage,Asia Pacific,21377.44,5665896,441373,6924,1643519.78,7.79,0.05,76.88,3.09
CMP-03124,2022-02-20,Twitter,Retargeting,Tech,Europe,16148.08,5130616,379152,7557,1886488.39,7.39,0.04,116.82,2.14
CMP-03125,2024-05-15,TikTok,Engagement,Retail,Middle East,12188.47,3181207,188645,8250,3291941.2,5.93,0.06,270.09,1.48
CMP-03126,2023-11-17,Instagram,Lead Generation,Tech,North America,10972.87,1855639,23195,2159,996072.76,1.25,0.47,90.78,5.08
CMP-03127,2023-06-12,Google Ads,Retargeting,Education,North America,12420.81,1100202,22884,1130,152517.74,2.08,0.54,12.28,10.99
CMP-03128,2022-01-05,TikTok,Brand Awareness,Tech,North America,35979.5,15349024,469680,16658,2222329.12,3.06,0.08,61.77,2.16
CMP-03129,2024-01-26,Instagram,Lead Generation,Travel,Asia Pacific,43276.67,20244410,672114,50882,13470266.51,3.32,0.06,311.26,0.85
CMP-03130,2022-09-28,Instagram,Brand Awareness,Food & Beverage,Middle East,7014.85,2540027,155703,10126,1041846.65,6.13,0.05,148.52,0.69
CMP-03131,2024-03-01,YouTube,Retargeting,Education,North America,7052.46,3150489,27094,1830,578718.08,0.86,0.26,82.06,3.85
CMP-03132,2022-01-14,YouTube,Conversion,Food & Beverage,North America,38602.58,3085649,169402,9032,3057280.67,5.49,0.23,79.2,4.27
CMP-03133,2023-05-13,Twitter,Conversion,Travel,Latin America,15105.78,7449416,394819,44502,17898577.5,5.3,0.04,1184.88,0.34
CMP-03134,2024-03-25,Twitter,Engagement,Education,North America,11342.37,2000836,120050,6552,1756643.58,6.0,0.09,154.87,1.73
CMP-03135,2024-05-10,Google Ads,Engagement,Healthcare,North America,17080.45,5495318,210470,9447,1353784.96,3.83,0.08,79.26,1.81
CMP-03136,2022-08-27,Facebook,Engagement,Education,Asia Pacific,11279.22,759773,23552,957,53859.12,3.1,0.48,4.78,11.79
CMP-03137,2023-09-08,Email,Conversion,Healthcare,North America,10623.53,5221029,401497,44507,2286996.99,7.69,0.03,215.28,0.24
CMP-03138,2024-04-19,Email,Brand Awareness,Healthcare,Middle East,36716.61,16807621,405063,17051,5139665.9,2.41,0.09,139.98,2.15
CMP-03139,2024-04-13,YouTube,Engagement,Retail,Latin America,37248.76,7705577,450005,15808,836453.95,5.84,0.08,22.46,2.36
CMP-03140,2022-03-06,Google Ads,Retargeting,Travel,Asia Pacific,49735.37,6287923,352752,23377,9940369.71,5.61,0.14,199.87,2.13
CMP-03141,2022-01-11,Instagram,Engagement,Finance,Asia Pacific,10860.79,3035585,37944,1027,239631.27,1.25,0.29,22.06,10.58
CMP-03142,2023-08-28,Facebook,Conversion,Food & Beverage,Asia Pacific,4876.03,450136,27683,248,63915.12,6.15,0.18,13.11,19.66
CMP-03143,2022-09-09,YouTube,Lead Generation,Finance,Asia Pacific,26409.33,11223259,639725,71234,32561075.15,5.7,0.04,1232.94,0.37
CMP-03144,2022-10-28,Facebook,Lead Generation,Food & Beverage,Latin America,47526.17,20855586,189785,2849,681607.13,0.91,0.25,14.34,16.68
CMP-03145,2022-02-19,Facebook,Brand Awareness,Finance,Middle East,35259.34,15566162,888827,45343,22358180.59,5.71,0.04,634.11,0.78
CMP-03146,2023-01-07,LinkedIn,Brand Awareness,Healthcare,North America,11979.95,1030990,79386,3970,1111531.89,7.7,0.15,92.78,3.02
CMP-03147,2023-05-24,Google Ads,Retargeting,Food & Beverage,North America,15636.73,2199522,139669,5213,1447063.94,6.35,0.11,92.54,3.0
CMP-03148,2023-01-18,Google Ads,Engagement,Travel,Europe,3947.5,663897,21842,270,94033.31,3.29,0.18,23.82,14.62
CMP-03149,2023-05-07,TikTok,Retargeting,Healthcare,Asia Pacific,13957.33,4389088,321281,37470,16535020.59,7.32,0.04,1184.68,0.37
CMP-03150,2023-10-17,TikTok,Brand Awareness,Food & Beverage,Asia Pacific,6708.32,2973390,22300,1908,562467.2,0.75,0.3,83.85,3.52
CMP-03151,2022-10-01,Twitter,Brand Awareness,Education,North America,9917.98,3751851,214605,12594,4857227.38,5.72,0.05,489.74,0.79
CMP-03152,2022-09-04,LinkedIn,Engagement,Travel,Europe,18845.25,2555413,161757,1408,476122.88,6.33,0.12,25.26,13.38
CMP-03153,2024-01-07,TikTok,Engagement,Food & Beverage,Middle East,33050.81,8551921,246295,6377,2743717.24,2.88,0.13,83.02,5.18
CMP-03154,2023-12-01,Facebook,Brand Awareness,Finance,Middle East,44527.28,18027814,1171807,89408,23600479.53,6.5,0.04,530.02,0.5
CMP-03155,2022-01-29,YouTube,Retargeting,Retail,Europe,16238.21,2270518,12714,810,335286.46,0.56,1.28,20.65,20.05
CMP-03156,2022-11-29,TikTok,Brand Awareness,Retail,Asia Pacific,42644.92,9470162,505706,59494,21967482.9,5.34,0.08,515.13,0.72
CMP-03157,2022-04-22,Instagram,Engagement,Tech,Latin America,34969.16,7448867,211547,5939,2202984.31,2.84,0.17,63.0,5.89
CMP-03158,2023-04-24,Instagram,Brand Awareness,Tech,Europe,1604.72,273482,3090,289,128210.88,1.13,0.52,79.9,5.55
CMP-03159,2022-04-26,Google Ads,Lead Generation,Travel,Middle East,3617.12,218672,16509,1963,444462.74,7.55,0.22,122.88,1.84
CMP-03160,2023-05-23,Facebook,Engagement,Food & Beverage,Latin America,19774.82,6627509,127248,5003,1174611.02,1.92,0.16,59.4,3.95
CMP-03161,2023-11-12,YouTube,Brand Awareness,Healthcare,Asia Pacific,15340.91,973362,35138,616,190537.55,3.61,0.44,12.42,24.9
CMP-03162,2023-05-05,TikTok,Lead Generation,Food & Beverage,Latin America,4514.48,2128663,114734,9838,4104968.58,5.39,0.04,909.29,0.46
CMP-03163,2022-12-04,Google Ads,Engagement,Retail,North America,39961.21,7274445,513575,13904,2948842.13,7.06,0.08,73.79,2.87
CMP-03164,2023-10-05,YouTube,Lead Generation,Healthcare,Asia Pacific,46058.62,15446606,525184,51124,13137742.15,3.4,0.09,285.24,0.9
CMP-03165,2022-08-29,TikTok,Retargeting,Education,Latin America,6150.74,2387331,187644,11451,4456718.48,7.86,0.03,724.58,0.54
CMP-03166,2022-12-26,Email,Retargeting,Food & Beverage,Middle East,12732.0,5054618,231501,27768,6860471.65,4.58,0.05,538.84,0.46
CMP-03167,2022-05-21,Facebook,Engagement,Tech,Europe,40885.05,19251121,1441908,119193,46306101.49,7.49,0.03,1132.59,0.34
CMP-03168,2023-09-23,Instagram,Lead Generation,Education,Europe,17110.87,7123150,482237,14120,3923858.05,6.77,0.04,229.32,1.21
CMP-03169,2022-09-05,Instagram,Engagement,Education,Europe,10560.91,763475,3817,148,64788.49,0.5,2.77,6.13,71.36
CMP-03170,2023-06-10,Email,Retargeting,Education,Middle East,17761.57,2670555,76911,7751,3025999.51,2.88,0.23,170.37,2.29
CMP-03171,2022-10-09,LinkedIn,Engagement,Travel,Europe,1573.53,300620,22005,1607,405885.01,7.32,0.07,257.95,0.98
CMP-03172,2023-04-23,Google Ads,Conversion,Tech,Middle East,29046.76,13344698,792675,72207,3286119.7,5.94,0.04,113.13,0.4
CMP-03173,2023-01-13,Instagram,Retargeting,Healthcare,North America,40864.91,19540350,697590,7231,3460246.97,3.57,0.06,84.68,5.65
CMP-03174,2023-10-25,Twitter,Conversion,Food & Beverage,Middle East,40641.21,18532557,763541,71287,26350952.32,4.12,0.05,648.38,0.57
CMP-03175,2023-01-31,YouTube,Lead Generation,Retail,Latin America,18957.79,5391901,315965,9124,2304915.85,5.86,0.06,121.58,2.08
CMP-03176,2022-12-19,TikTok,Lead Generation,Food & Beverage,North America,9148.86,2570713,34704,453,156106.85,1.35,0.26,17.06,20.2
CMP-03177,2023-06-14,Twitter,Engagement,Education,North America,42216.54,16134219,262987,17413,4104224.24,1.63,0.16,97.22,2.42
CMP-03178,2022-03-29,YouTube,Lead Generation,Tech,Latin America,42835.9,8161098,365617,34355,8449790.94,4.48,0.12,197.26,1.25
CMP-03179,2023-09-15,Instagram,Lead Generation,Finance,Latin America,31550.84,11234455,897632,55279,25966756.22,7.99,0.04,823.01,0.57
CMP-03180,2023-04-07,YouTube,Lead Generation,Finance,North America,26710.84,9646550,730243,49599,21787586.55,7.57,0.04,815.68,0.54
CMP-03181,2022-07-23,LinkedIn,Brand Awareness,Education,Latin America,33891.28,14499340,946806,58190,21331197.86,6.53,0.04,629.4,0.58
CMP-03182,2023-11-02,Email,Brand Awareness,Education,Latin America,8408.81,2712534,146748,9366,2874942.88,5.41,0.06,341.9,0.9
CMP-03183,2023-10-01,Facebook,Lead Generation,Retail,Asia Pacific,24337.55,5060886,244946,22336,2119849.04,4.84,0.1,87.1,1.09
CMP-03184,2024-05-30,Twitter,Brand Awareness,Retail,Europe,9061.72,3860970,31273,1353,479080.68,0.81,0.29,52.87,6.7
CMP-03185,2023-02-21,Instagram,Conversion,Travel,Middle East,11106.6,1449715,20151,787,297905.88,1.39,0.55,26.82,14.11
CMP-03186,2023-01-06,TikTok,Retargeting,Tech,Europe,37812.25,5573213,172769,10490,2278681.74,3.1,0.22,60.26,3.6
CMP-03187,2023-09-15,Google Ads,Retargeting,Retail,North America,26224.3,4092648,84308,7734,1764188.6,2.06,0.31,67.27,3.39
CMP-03188,2023-04-20,Facebook,Retargeting,Tech,Asia Pacific,43300.82,18206434,711871,26582,9718722.02,3.91,0.06,224.45,1.63
CMP-03189,2023-02-06,TikTok,Lead Generation,Education,Latin America,2080.0,534868,13264,453,27805.14,2.48,0.16,13.37,4.59
CMP-03190,2023-07-02,Twitter,Retargeting,Retail,Latin America,27329.13,3729724,41026,2257,720314.17,1.1,0.67,26.36,12.11
CMP-03191,2023-11-06,LinkedIn,Conversion,Travel,Asia Pacific,30621.53,3900243,138068,15808,2350480.42,3.54,0.22,76.76,1.94
CMP-03192,2024-01-05,Email,Retargeting,Travel,North America,29931.16,8111700,125731,2169,458200.4,1.55,0.24,15.31,13.8
CMP-03193,2023-12-25,YouTube,Engagement,Healthcare,Middle East,16712.05,7520181,92498,10855,1288373.46,1.23,0.18,77.09,1.54
CMP-03194,2023-03-15,YouTube,Brand Awareness,Tech,Europe,10554.94,3937079,210240,14024,6940228.52,5.34,0.05,657.53,0.75
CMP-03195,2023-10-05,LinkedIn,Lead Generation,Retail,Europe,43571.04,12612064,64321,6037,187233.63,0.51,0.68,4.3,7.22
CMP-03196,2023-10-31,Instagram,Lead Generation,Food & Beverage,North America,31478.79,14668626,1051740,41185,4057242.69,7.17,0.03,128.89,0.76
CMP-03197,2023-02-15,Instagram,Engagement,Healthcare,North America,23639.39,2715536,32586,964,157624.2,1.2,0.73,6.67,24.52
CMP-03198,2023-06-18,LinkedIn,Conversion,Healthcare,Middle East,6755.58,2243813,69558,8185,4091883.25,3.1,0.1,605.7,0.83
CMP-03199,2023-04-01,Google Ads,Retargeting,Healthcare,Middle East,11920.85,4260928,69879,8133,1514766.82,1.64,0.17,127.07,1.47
CMP-03200,2024-03-29,TikTok,Lead Generation,Travel,North America,2617.64,421996,30425,2877,531695.3,7.21,0.09,203.12,0.91
CMP-03201,2022-08-07,Facebook,Conversion,Food & Beverage,North America,11618.22,4518287,67322,2195,952878.92,1.49,0.17,82.02,5.29
CMP-03202,2024-04-11,Google Ads,Brand Awareness,Food & Beverage,North America,33229.03,5906533,360889,14388,5140241.02,6.11,0.09,154.69,2.31
CMP-03203,2023-10-31,Facebook,Conversion,Retail,Europe,10503.99,544742,27454,1439,548744.99,5.04,0.38,52.24,7.3
CMP-03204,2023-06-27,Facebook,Conversion,Travel,Middle East,29276.94,12614312,90823,6079,975713.87,0.72,0.32,33.33,4.82
CMP-03205,2022-02-22,TikTok,Engagement,Retail,Asia Pacific,34980.64,14106072,1080525,24222,10140882.07,7.66,0.03,289.9,1.44
CMP-03206,2022-05-06,Instagram,Engagement,Retail,Europe,40455.89,13524060,317815,35101,10075468.34,2.35,0.13,249.05,1.15
CMP-03207,2023-02-09,Instagram,Lead Generation,Education,Europe,9742.66,1962375,123629,5653,679165.29,6.3,0.08,69.71,1.72
CMP-03208,2023-06-13,YouTube,Brand Awareness,Healthcare,Europe,14675.7,5937861,51065,548,156247.25,0.86,0.29,10.65,26.78
CMP-03209,2022-05-25,Facebook,Retargeting,Education,Asia Pacific,12594.9,2289212,73712,2171,331336.39,3.22,0.17,26.31,5.8
CMP-03210,2023-03-11,YouTube,Retargeting,Education,Middle East,13047.77,3235404,25559,758,68600.77,0.79,0.51,5.26,17.21
CMP-03211,2023-11-12,Google Ads,Brand Awareness,Education,Asia Pacific,9209.77,4499020,208754,19200,4221331.81,4.64,0.04,458.35,0.48
CMP-03212,2023-01-09,Email,Brand Awareness,Travel,Europe,43429.6,9119112,412183,39159,4457528.74,4.52,0.11,102.64,1.11
CMP-03213,2024-06-18,LinkedIn,Conversion,Travel,Middle East,19689.77,9331420,347128,19440,5732313.52,3.72,0.06,291.13,1.01
CMP-03214,2024-01-24,Instagram,Retargeting,Education,Middle East,14321.81,5992694,264277,18827,4160577.93,4.41,0.05,290.51,0.76
CMP-03215,2022-07-24,Email,Brand Awareness,Healthcare,North America,27387.03,3149332,183920,6646,2909454.78,5.84,0.15,106.23,4.12
CMP-03216,2023-05-21,Google Ads,Lead Generation,Tech,Asia Pacific,6301.75,1881116,26711,2742,120644.75,1.42,0.24,19.14,2.3
CMP-03217,2022-07-01,Google Ads,Retargeting,Education,Middle East,17503.11,4596493,176964,6976,2893509.85,3.85,0.1,165.31,2.51
CMP-03218,2024-06-15,Email,Retargeting,Education,Latin America,29356.78,12779329,189134,7390,2712350.34,1.48,0.16,92.39,3.97
CMP-03219,2022-03-10,YouTube,Lead Generation,Tech,Latin America,36716.55,2436867,98449,981,291855.35,4.04,0.37,7.95,37.43
CMP-03220,2024-04-19,Twitter,Brand Awareness,Education,Middle East,40210.92,13995446,79774,987,327982.77,0.57,0.5,8.16,40.74
CMP-03221,2023-06-04,Email,Conversion,Retail,North America,13195.96,4210107,148616,2269,632250.61,3.53,0.09,47.91,5.82
CMP-03222,2022-05-22,Instagram,Conversion,Retail,North America,6672.13,1645418,82764,1923,108583.49,5.03,0.08,16.27,3.47
CMP-03223,2023-12-03,LinkedIn,Brand Awareness,Travel,North America,44266.34,18257933,105896,807,174652.73,0.58,0.42,3.95,54.85
CMP-03224,2024-02-14,Email,Lead Generation,Healthcare,North America,42253.51,4482339,222772,2032,661581.29,4.97,0.19,15.66,20.79
CMP-03225,2022-06-07,Email,Retargeting,Education,Asia Pacific,38296.14,11421836,895471,45225,13890604.47,7.84,0.04,362.72,0.85
CMP-03226,2023-08-30,Email,Brand Awareness,Food & Beverage,Latin America,3949.96,1786546,35194,736,255618.12,1.97,0.11,64.71,5.37
CMP-03227,2022-11-07,TikTok,Conversion,Finance,North America,35980.44,15938323,965862,94326,5270237.21,6.06,0.04,146.48,0.38
CMP-03228,2023-06-22,Email,Conversion,Healthcare,Asia Pacific,26523.57,7492409,66682,3472,168406.16,0.89,0.4,6.35,7.64
CMP-03229,2023-07-13,Facebook,Lead Generation,Retail,Middle East,46844.2,17765818,1364414,18093,2296881.32,7.68,0.03,49.03,2.59
CMP-03230,2022-06-10,Twitter,Lead Generation,Food & Beverage,North America,27323.91,2401488,171946,9597,422715.97,7.16,0.16,15.47,2.85
CMP-03231,2022-06-24,YouTube,Conversion,Tech,Europe,34431.52,4887703,100197,2059,993409.93,2.05,0.34,28.85,16.72
CMP-03232,2023-02-20,Google Ads,Engagement,Education,Asia Pacific,41780.53,3458384,231711,17327,707965.44,6.7,0.18,16.94,2.41
CMP-03233,2024-02-13,Instagram,Engagement,Healthcare,Latin America,34304.98,12546290,194467,18249,2612902.88,1.55,0.18,76.17,1.88
CMP-03234,2024-01-11,Twitter,Engagement,Healthcare,North America,42545.8,13261632,942902,11417,1423116.17,7.11,0.05,33.45,3.73
CMP-03235,2023-10-21,Email,Conversion,Healthcare,Europe,19624.75,5069952,197728,3499,1029740.71,3.9,0.1,52.47,5.61
CMP-03236,2024-01-14,LinkedIn,Retargeting,Education,Latin America,13798.5,4604575,280418,20457,4493610.76,6.09,0.05,325.66,0.67
CMP-03237,2024-02-11,Email,Conversion,Travel,Latin America,37563.31,4935698,116976,8061,3132454.55,2.37,0.32,83.39,4.66
CMP-03238,2024-05-31,TikTok,Retargeting,Retail,Asia Pacific,2864.67,795204,39760,4426,1302669.12,5.0,0.07,454.74,0.65
CMP-03239,2023-09-11,LinkedIn,Lead Generation,Retail,Europe,46597.31,21717380,721017,61159,3556451.72,3.32,0.06,76.32,0.76
CMP-03240,2022-08-10,LinkedIn,Lead Generation,Food & Beverage,Europe,12575.41,3356959,39612,2735,1174947.2,1.18,0.32,93.43,4.6
CMP-03241,2022-10-10,Google Ads,Engagement,Retail,Asia Pacific,3887.33,688439,54317,1180,399224.91,7.89,0.07,102.7,3.29
CMP-03242,2022-07-07,Facebook,Lead Generation,Food & Beverage,Asia Pacific,28876.94,7063277,532571,55079,9679955.88,7.54,0.05,335.21,0.52
CMP-03243,2024-02-27,TikTok,Engagement,Food & Beverage,Middle East,23237.18,6109970,32993,1268,409832.36,0.54,0.7,17.64,18.33
CMP-03244,2024-04-18,TikTok,Lead Generation,Travel,Latin America,24275.91,1527733,66761,6014,2858668.93,4.37,0.36,117.76,4.04
CMP-03245,2022-10-12,Google Ads,Brand Awareness,Education,Europe,47703.34,7665218,538098,17203,2854550.78,7.02,0.09,59.84,2.77
CMP-03246,2022-09-13,Google Ads,Retargeting,Healthcare,North America,40484.16,5184461,307438,16696,3190982.14,5.93,0.13,78.82,2.42
CMP-03247,2024-03-25,Twitter,Retargeting,Retail,Middle East,37187.38,4835559,195840,14488,6582052.34,4.05,0.19,177.0,2.57
CMP-03248,2024-04-04,Instagram,Conversion,Education,Asia Pacific,38704.69,2137798,145797,11439,1918218.35,6.82,0.27,49.56,3.38
CMP-03249,2022-10-14,Instagram,Lead Generation,Retail,Asia Pacific,45509.05,20092145,596736,6259,454128.9,2.97,0.08,9.98,7.27
CMP-03250,2022-02-28,TikTok,Lead Generation,Tech,North America,30921.42,10418249,543832,41481,8910806.41,5.22,0.06,288.18,0.75
CMP-03251,2023-11-06,Twitter,Conversion,Finance,North America,17487.66,1140989,83976,9966,1680126.88,7.36,0.21,96.07,1.75
CMP-03252,2023-03-31,Google Ads,Retargeting,Food & Beverage,Middle East,15108.64,6010494,420734,48824,6437513.56,7.0,0.04,426.08,0.31
CMP-03253,2022-03-03,TikTok,Brand Awareness,Education,North America,21809.32,10572390,670289,54853,17421499.32,6.34,0.03,798.81,0.4
CMP-03254,2022-05-09,Instagram,Conversion,Retail,Asia Pacific,4421.28,1064843,80608,425,95287.05,7.57,0.05,21.55,10.4
CMP-03255,2022-04-19,Email,Brand Awareness,Education,Europe,31933.69,14344484,513532,59204,19449626.09,3.58,0.06,609.06,0.54
CMP-03256,2024-05-28,YouTube,Retargeting,Tech,Middle East,35109.67,12427384,648709,74263,27434285.11,5.22,0.05,781.39,0.47
CMP-03257,2023-04-21,LinkedIn,Conversion,Food & Beverage,Latin America,49456.7,20726570,111923,2389,178042.87,0.54,0.44,3.6,20.7
CMP-03258,2022-08-21,TikTok,Brand Awareness,Education,Asia Pacific,48215.0,5059518,363779,26938,10310889.52,7.19,0.13,213.85,1.79
CMP-03259,2023-04-04,Instagram,Engagement,Travel,North America,47542.71,18796299,1142814,86093,12652989.5,6.08,0.04,266.14,0.55
CMP-03260,2023-04-02,Instagram,Retargeting,Education,North America,27636.1,11884523,150933,11436,4054526.35,1.27,0.18,146.71,2.42
CMP-03261,2022-12-16,YouTube,Lead Generation,Food & Beverage,Europe,19667.79,1393291,48207,1494,395578.75,3.46,0.41,20.11,13.16
CMP-03262,2022-04-05,YouTube,Retargeting,Education,Middle East,9619.86,3441982,27880,2502,913119.25,0.81,0.35,94.92,3.84
CMP-03263,2024-02-15,Facebook,Brand Awareness,Education,Asia Pacific,36941.64,16193510,142502,6673,2546655.54,0.88,0.26,68.94,5.54
CMP-03264,2022-08-07,Google Ads,Conversion,Education,Europe,8379.15,2741009,34262,3485,108625.53,1.25,0.24,12.96,2.4
CMP-03265,2022-04-30,YouTube,Conversion,Food & Beverage,Middle East,41317.98,17782682,1017169,87235,11332560.92,5.72,0.04,274.28,0.47
CMP-03266,2022-03-30,LinkedIn,Engagement,Retail,Asia Pacific,21248.52,3000200,197413,22484,2996225.14,6.58,0.11,141.01,0.95
CMP-03267,2023-01-02,Twitter,Lead Generation,Education,North America,31284.88,2292596,149018,14915,3197416.75,6.5,0.21,102.2,2.1
CMP-03268,2023-05-31,YouTube,Retargeting,Tech,Asia Pacific,9413.46,1460675,29505,263,114865.62,2.02,0.32,12.2,35.79
CMP-03269,2022-04-16,YouTube,Engagement,Travel,Asia Pacific,17262.47,7692366,84616,7747,3469756.83,1.1,0.2,201.0,2.23
CMP-03270,2022-11-30,Google Ads,Lead Generation,Tech,Middle East,13371.22,5403660,42148,3766,394789.87,0.78,0.32,29.53,3.55
CMP-03271,2022-02-03,LinkedIn,Engagement,Retail,North America,41081.18,5123403,359662,35083,14456578.09,7.02,0.11,351.9,1.17
CMP-03272,2024-04-17,TikTok,Conversion,Food & Beverage,Middle East,8461.92,2498386,61710,5753,1637894.8,2.47,0.14,193.56,1.47
CMP-03273,2023-06-07,Google Ads,Engagement,Education,Europe,23962.2,8520754,618606,24834,11016721.89,7.26,0.04,459.75,0.96
CMP-03274,2022-10-09,Google Ads,Conversion,Healthcare,Asia Pacific,5488.34,688968,7923,322,84535.25,1.15,0.69,15.4,17.04
CMP-03275,2022-11-29,Instagram,Brand Awareness,Food & Beverage,Middle East,28222.99,7437804,201564,4549,2074693.04,2.71,0.14,73.51,6.2
CMP-03276,2022-01-26,Google Ads,Lead Generation,Retail,Latin America,19572.73,4010657,292777,3656,1718349.63,7.3,0.07,87.79,5.35
CMP-03277,2023-06-22,Instagram,Engagement,Tech,Europe,18393.34,3236570,148234,9056,1930594.43,4.58,0.12,104.96,2.03
CMP-03278,2022-07-13,Facebook,Conversion,Food & Beverage,Asia Pacific,32706.64,6651908,401775,24544,4934586.94,6.04,0.08,150.87,1.33
CMP-03279,2022-10-07,Facebook,Brand Awareness,Healthcare,North America,20216.13,7149021,344582,39304,13356116.17,4.82,0.06,660.67,0.51
CMP-03280,2022-05-08,Twitter,Brand Awareness,Retail,Latin America,14017.59,4567167,108698,1524,246756.61,2.38,0.13,17.6,9.2
CMP-03281,2023-10-05,LinkedIn,Conversion,Finance,Middle East,2648.12,1237304,93663,8693,863097.08,7.57,0.03,325.93,0.3
CMP-03282,2024-05-20,YouTube,Engagement,Education,Middle East,4085.09,2040416,130178,10945,2130257.46,6.38,0.03,521.47,0.37
CMP-03283,2023-02-08,Facebook,Conversion,Finance,Asia Pacific,21422.22,3154691,66563,5861,1660780.42,2.11,0.32,77.53,3.66
CMP-03284,2022-03-06,Twitter,Engagement,Food & Beverage,North America,23503.88,2254576,149703,5371,1048046.37,6.64,0.16,44.59,4.38
CMP-03285,2022-05-10,Email,Retargeting,Food & Beverage,Asia Pacific,31724.68,5097189,202358,11850,3702315.01,3.97,0.16,116.7,2.68
CMP-03286,2022-03-26,TikTok,Lead Generation,Food & Beverage,Middle East,19054.01,8109638,79474,5184,634733.18,0.98,0.24,33.31,3.68
CMP-03287,2022-03-09,LinkedIn,Engagement,Travel,Latin America,2518.48,198792,11688,1203,295231.85,5.88,0.22,117.23,2.09
CMP-03288,2023-12-22,Instagram,Retargeting,Healthcare,North America,8751.04,2974845,78535,5705,1369020.63,2.64,0.11,156.44,1.53
CMP-03289,2023-07-13,Google Ads,Conversion,Retail,Asia Pacific,31511.39,10461254,580599,4988,2170057.01,5.55,0.05,68.87,6.32
CMP-03290,2023-09-09,Instagram,Retargeting,Finance,Middle East,21724.19,10315807,599348,70910,31769523.12,5.81,0.04,1462.4,0.31
CMP-03291,2022-10-10,Email,Lead Generation,Retail,Asia Pacific,37122.32,7969287,143447,13217,4764224.22,1.8,0.26,128.34,2.81
CMP-03292,2023-10-30,Instagram,Brand Awareness,Finance,Latin America,34834.05,16255084,203188,7009,1954329.03,1.25,0.17,56.1,4.97
CMP-03293,2022-04-07,Twitter,Lead Generation,Education,Middle East,42889.45,14408719,217571,18824,7094957.59,1.51,0.2,165.42,2.28
CMP-03294,2024-03-18,Email,Conversion,Food & Beverage,Asia Pacific,39571.85,17969065,772669,67430,25461955.9,4.3,0.05,643.44,0.59
CMP-03295,2022-12-22,Google Ads,Brand Awareness,Travel,North America,42091.53,3227786,84245,7823,1584657.16,2.61,0.5,37.65,5.38
CMP-03296,2022-06-26,TikTok,Engagement,Finance,Asia Pacific,30343.93,5132020,310487,3864,1280334.92,6.05,0.1,42.19,7.85
CMP-03297,2023-05-02,Twitter,Conversion,Retail,Asia Pacific,24493.44,8428051,563836,60974,9934935.75,6.69,0.04,405.62,0.4
CMP-03298,2022-08-03,Facebook,Brand Awareness,Healthcare,Latin America,10114.39,2455397,123260,1097,97012.92,5.02,0.08,9.59,9.22
CMP-03299,2023-05-06,Instagram,Engagement,Education,Europe,22454.0,4734837,30776,876,104460.3,0.65,0.73,4.65,25.63
CMP-03300,2024-06-05,LinkedIn,Retargeting,Travel,Europe,11531.87,3202763,170707,9232,2271236.89,5.33,0.07,196.95,1.25
CMP-03301,2022-01-19,Google Ads,Engagement,Finance,Europe,1492.84,311427,13111,1570,663958.96,4.21,0.11,444.76,0.95
CMP-03302,2024-02-18,Email,Engagement,Retail,Europe,946.65,246772,7452,116,54006.81,3.02,0.13,57.05,8.16
CMP-03303,2023-03-05,TikTok,Engagement,Tech,Middle East,45761.38,13304437,110426,5925,1694187.28,0.83,0.41,37.02,7.72
CMP-03304,2022-06-27,Email,Lead Generation,Travel,Middle East,40950.58,5884662,57669,4267,1858709.56,0.98,0.71,45.39,9.6
CMP-03305,2022-04-03,TikTok,Retargeting,Retail,Europe,3602.09,1211365,28103,553,181992.97,2.32,0.13,50.52,6.51
CMP-03306,2023-07-17,Facebook,Retargeting,Retail,Asia Pacific,25743.2,8679714,505159,3788,1857346.89,5.82,0.05,72.15,6.8
CMP-03307,2022-07-27,Facebook,Conversion,Retail,Europe,24929.84,8617136,62905,3285,121116.69,0.73,0.4,4.86,7.59
CMP-03308,2023-03-17,Google Ads,Lead Generation,Travel,Latin America,5995.69,1746777,90483,986,429378.15,5.18,0.07,71.61,6.08
CMP-03309,2024-03-11,TikTok,Lead Generation,Retail,Middle East,35267.52,2299055,159324,9061,3007073.66,6.93,0.22,85.26,3.89
CMP-03310,2022-10-23,Instagram,Engagement,Food & Beverage,Asia Pacific,17322.0,6679440,327292,20878,1085009.67,4.9,0.05,62.64,0.83
CMP-03311,2022-07-02,TikTok,Conversion,Retail,Middle East,15928.57,5382393,415520,7892,2441438.43,7.72,0.04,153.27,2.02
CMP-03312,2023-02-11,Email,Brand Awareness,Finance,Latin America,28086.98,5818850,140816,2276,720708.67,2.42,0.2,25.66,12.34
CMP-03313,2023-12-07,LinkedIn,Retargeting,Finance,Asia Pacific,18726.97,4297064,263839,21378,1749252.54,6.14,0.07,93.41,0.88
CMP-03314,2023-01-26,Twitter,Retargeting,Healthcare,Europe,24595.71,9772916,215004,23174,4403156.59,2.2,0.11,179.02,1.06
CMP-03315,2023-01-08,Twitter,Retargeting,Retail,North America,15690.18,2389181,61879,6015,1933784.35,2.59,0.25,123.25,2.61
CMP-03316,2023-02-16,Instagram,Retargeting,Education,Asia Pacific,14629.15,7035257,83719,6993,647412.55,1.19,0.17,44.25,2.09
CMP-03317,2023-07-01,Facebook,Conversion,Finance,North America,2507.02,163704,11131,596,142910.66,6.8,0.23,57.0,4.21
CMP-03318,2023-07-01,Facebook,Conversion,Education,North America,22830.04,9112216,92033,9047,4228836.44,1.01,0.25,185.23,2.52
CMP-03319,2023-12-30,TikTok,Engagement,Education,Latin America,21975.78,3282966,205841,9385,4308972.42,6.27,0.11,196.08,2.34
CMP-03320,2024-01-09,YouTube,Conversion,Retail,Latin America,21429.93,4232882,129102,9533,822648.73,3.05,0.17,38.39,2.25
CMP-03321,2023-04-30,Google Ads,Retargeting,Retail,Europe,49128.69,7007197,428139,3541,962601.22,6.11,0.11,19.59,13.87
CMP-03322,2023-09-02,YouTube,Brand Awareness,Food & Beverage,Europe,8459.29,2119917,43246,811,271361.92,2.04,0.2,32.08,10.43
CMP-03323,2024-05-31,Instagram,Lead Generation,Finance,Europe,14165.49,6743752,37765,984,364887.72,0.56,0.38,25.76,14.4
CMP-03324,2023-09-21,Twitter,Engagement,Healthcare,Asia Pacific,40098.78,7591658,549636,14379,1539244.67,7.24,0.07,38.39,2.79
CMP-03325,2022-03-11,Twitter,Conversion,Education,Latin America,10625.26,2600443,45247,5149,544629.62,1.74,0.23,51.26,2.06
CMP-03326,2022-03-09,Instagram,Conversion,Education,Asia Pacific,47018.93,21276222,185103,3641,830646.81,0.87,0.25,17.67,12.91
CMP-03327,2023-07-16,Instagram,Brand Awareness,Travel,Latin America,7175.82,3469165,186294,9329,1733842.85,5.37,0.04,241.62,0.77
CMP-03328,2023-12-08,Instagram,Brand Awareness,Tech,Latin America,27824.55,11499198,439269,37986,2730795.07,3.82,0.06,98.14,0.73
CMP-03329,2023-03-13,Facebook,Conversion,Finance,Europe,13354.47,1388708,36523,2389,1087355.3,2.63,0.37,81.42,5.59
CMP-03330,2022-01-23,YouTube,Lead Generation,Travel,Asia Pacific,36907.0,4798854,111813,8726,2747955.69,2.33,0.33,74.46,4.23
CMP-03331,2023-02-02,Facebook,Lead Generation,Education,Middle East,49586.5,18572004,655591,35595,1191037.56,3.53,0.08,24.02,1.39
CMP-03332,2022-03-15,Twitter,Retargeting,Healthcare,Europe,16807.04,6212504,152827,16220,5917108.83,2.46,0.11,352.06,1.04
CMP-03333,2023-03-04,Twitter,Lead Generation,Travel,North America,27959.9,11877367,484596,35034,6031671.27,4.08,0.06,215.73,0.8
CMP-03334,2023-08-25,Instagram,Lead Generation,Finance,Europe,31189.3,13572812,280957,7826,3173257.19,2.07,0.11,101.74,3.99
CMP-03335,2023-05-30,Twitter,Conversion,Tech,Latin America,45359.66,13386330,302531,18393,9107025.66,2.26,0.15,200.77,2.47
CMP-03336,2024-06-19,TikTok,Brand Awareness,Tech,Asia Pacific,13674.23,2645895,37307,1339,522586.39,1.41,0.37,38.22,10.21
CMP-03337,2022-09-13,Facebook,Conversion,Healthcare,Middle East,3975.68,627536,25415,2189,635277.05,4.05,0.16,159.79,1.82
CMP-03338,2022-03-16,TikTok,Lead Generation,Healthcare,Latin America,18167.71,3437616,217601,17669,4051349.56,6.33,0.08,223.0,1.03
CMP-03339,2023-08-11,YouTube,Brand Awareness,Retail,Middle East,1707.14,314245,19074,1453,168875.39,6.07,0.09,98.92,1.17
CMP-03340,2024-01-12,Facebook,Retargeting,Retail,Middle East,42589.64,17274918,977760,9912,688918.93,5.66,0.04,16.18,4.3
CMP-03341,2022-10-17,Instagram,Lead Generation,Food & Beverage,Europe,4034.31,620212,41058,246,30711.43,6.62,0.1,7.61,16.4
CMP-03342,2022-05-23,Facebook,Lead Generation,Food & Beverage,Asia Pacific,30823.75,6808722,329542,16895,3001700.77,4.84,0.09,97.38,1.82
CMP-03343,2023-12-07,Instagram,Brand Awareness,Education,Middle East,13091.79,1683065,24572,557,17321.27,1.46,0.53,1.32,23.5
CMP-03344,2022-12-27,Instagram,Engagement,Finance,Latin America,23890.12,7284815,313975,18846,8915744.86,4.31,0.08,373.2,1.27
CMP-03345,2022-11-22,YouTube,Brand Awareness,Education,Middle East,42281.58,20212019,1388565,93721,27363015.25,6.87,0.03,647.16,0.45
CMP-03346,2023-09-05,YouTube,Brand Awareness,Food & Beverage,Middle East,42110.45,17192465,942147,21099,9406461.25,5.48,0.04,223.38,2.0
CMP-03347,2024-05-23,LinkedIn,Conversion,Education,North America,31843.66,11904873,230954,24695,10955671.74,1.94,0.14,344.05,1.29
CMP-03348,2024-04-11,Email,Engagement,Education,Asia Pacific,19348.5,1012653,55898,2481,425384.22,5.52,0.35,21.99,7.8
CMP-03349,2022-02-24,Twitter,Conversion,Healthcare,Asia Pacific,954.53,445072,22520,2701,504227.94,5.06,0.04,528.25,0.35
CMP-03350,2022-04-14,Facebook,Brand Awareness,Food & Beverage,Middle East,10436.65,4112923,216339,8122,928231.84,5.26,0.05,88.94,1.28
CMP-03351,2022-04-14,Google Ads,Retargeting,Tech,Middle East,34434.82,3069511,33150,210,42048.4,1.08,1.04,1.22,163.98
CMP-03352,2023-10-06,TikTok,Retargeting,Finance,Europe,18397.18,4843114,233438,17127,1406669.67,4.82,0.08,76.46,1.07
CMP-03353,2022-02-01,TikTok,Retargeting,Education,Asia Pacific,7973.42,2019521,35341,3766,870118.0,1.75,0.23,109.13,2.12
CMP-03354,2023-10-12,Facebook,Engagement,Food & Beverage,Europe,6059.18,490317,12797,1158,492435.22,2.61,0.47,81.27,5.23
CMP-03355,2022-02-28,Facebook,Lead Generation,Education,Middle East,48687.08,24253542,198879,10977,1294700.67,0.82,0.24,26.59,4.44
CMP-03356,2023-04-04,Twitter,Engagement,Travel,Middle East,7294.51,422483,6928,216,91680.64,1.64,1.05,12.57,33.77
CMP-03357,2024-03-13,YouTube,Lead Generation,Education,Asia Pacific,22122.63,7835562,521064,23154,7175127.69,6.65,0.04,324.33,0.96
CMP-03358,2022-10-15,LinkedIn,Retargeting,Education,Asia Pacific,39581.32,11462595,386289,42102,1341210.9,3.37,0.1,33.88,0.94
CMP-03359,2024-03-29,Email,Retargeting,Retail,Europe,10389.66,661438,30227,1651,757216.2,4.57,0.34,72.88,6.29
CMP-03360,2022-12-27,LinkedIn,Lead Generation,Education,North America,41101.82,14226143,718420,6797,1059344.47,5.05,0.06,25.77,6.05
CMP-03361,2022-11-11,Facebook,Retargeting,Healthcare,Asia Pacific,2647.85,1221866,60482,3887,245047.96,4.95,0.04,92.55,0.68
CMP-03362,2023-06-17,LinkedIn,Conversion,Food & Beverage,Europe,35618.67,12176075,206993,10376,1424107.34,1.7,0.17,39.98,3.43
CMP-03363,2022-08-04,Google Ads,Retargeting,Healthcare,North America,37131.85,7225705,548431,52469,10800217.18,7.59,0.07,290.86,0.71
CMP-03364,2022-02-19,Twitter,Engagement,Finance,Asia Pacific,7679.78,1491719,76525,1692,604030.78,5.13,0.1,78.65,4.54
CMP-03365,2022-09-18,Email,Retargeting,Finance,Asia Pacific,22420.24,11154819,98162,3392,529347.02,0.88,0.23,23.61,6.61
CMP-03366,2023-02-04,Instagram,Engagement,Education,Middle East,32764.59,7483220,341234,12973,1862102.63,4.56,0.1,56.83,2.53
CMP-03367,2022-10-26,Facebook,Retargeting,Tech,Europe,8040.14,3454582,214875,12001,2600747.69,6.22,0.04,323.47,0.67
CMP-03368,2022-11-16,Facebook,Retargeting,Finance,Middle East,28628.18,2310603,140253,15126,4172712.23,6.07,0.2,145.76,1.89
CMP-03369,2024-05-10,LinkedIn,Lead Generation,Food & Beverage,Asia Pacific,33489.39,11687810,282845,10737,671154.38,2.42,0.12,20.04,3.12
CMP-03370,2022-04-05,YouTube,Lead Generation,Food & Beverage,Latin America,14494.0,6322220,199149,9556,4563767.83,3.15,0.07,314.87,1.52
CMP-03371,2022-03-08,TikTok,Conversion,Travel,Middle East,42421.68,20048347,114275,9974,1424234.17,0.57,0.37,33.57,4.25
CMP-03372,2022-09-22,LinkedIn,Lead Generation,Retail,Europe,35508.2,17640786,560976,26942,5825867.72,3.18,0.06,164.07,1.32
CMP-03373,2023-11-29,Instagram,Retargeting,Tech,Asia Pacific,4811.01,1443571,40997,1748,799192.28,2.84,0.12,166.12,2.75
CMP-03374,2022-03-12,TikTok,Engagement,Tech,Latin America,27604.96,10953701,236599,3392,413909.58,2.16,0.12,14.99,8.14
CMP-03375,2023-07-10,Google Ads,Lead Generation,Healthcare,Middle East,5312.98,1510166,12534,954,307459.67,0.83,0.42,57.87,5.57
CMP-03376,2023-04-04,Google Ads,Conversion,Tech,Latin America,20925.15,1151309,41562,3465,598025.83,3.61,0.5,28.58,6.04
CMP-03377,2024-05-16,YouTube,Conversion,Tech,Europe,28285.08,7681252,39174,493,184097.67,0.51,0.72,6.51,57.37
CMP-03378,2023-01-01,Facebook,Engagement,Travel,North America,12546.18,1216947,51476,2102,478962.96,4.23,0.24,38.18,5.97
CMP-03379,2023-02-01,Facebook,Brand Awareness,Retail,Europe,27029.27,7317353,533435,39574,5595986.46,7.29,0.05,207.03,0.68
CMP-03380,2023-02-23,YouTube,Retargeting,Travel,North America,1375.81,73228,4166,224,33100.77,5.69,0.33,24.06,6.14
CMP-03381,2022-08-07,Email,Lead Generation,Finance,Middle East,30675.68,14216967,499015,35148,13593101.95,3.51,0.06,443.12,0.87
CMP-03382,2022-05-02,YouTube,Conversion,Finance,North America,2141.72,645601,33829,3647,160401.57,5.24,0.06,74.89,0.59
CMP-03383,2023-07-14,TikTok,Lead Generation,Education,North America,34573.11,10198234,166231,3113,552802.05,1.63,0.21,15.99,11.11
CMP-03384,2022-10-01,LinkedIn,Brand Awareness,Education,Latin America,2329.5,707249,44273,4934,1036059.98,6.26,0.05,444.76,0.47
CMP-03385,2022-08-24,Google Ads,Brand Awareness,Healthcare,Asia Pacific,8161.05,1734413,73192,3371,486973.9,4.22,0.11,59.67,2.42
CMP-03386,2023-04-06,Google Ads,Conversion,Retail,Asia Pacific,2912.15,1074781,36220,394,27440.01,3.37,0.08,9.42,7.39
CMP-03387,2023-09-08,TikTok,Conversion,Retail,Middle East,29030.06,12563797,115586,9833,3960533.08,0.92,0.25,136.43,2.95
CMP-03388,2023-06-21,TikTok,Lead Generation,Education,North America,42622.07,16939159,447193,27343,7076631.89,2.64,0.1,166.03,1.56
CMP-03389,2022-03-31,Email,Brand Awareness,Travel,Europe,2161.7,720909,43398,3497,966077.22,6.02,0.05,446.91,0.62
CMP-03390,2023-12-28,Google Ads,Brand Awareness,Education,North America,19041.06,6225247,377872,5042,1252916.99,6.07,0.05,65.8,3.78
CMP-03391,2022-03-02,Facebook,Lead Generation,Food & Beverage,North America,36764.77,10759482,277594,7526,815015.92,2.58,0.13,22.17,4.89
CMP-03392,2023-08-10,TikTok,Brand Awareness,Education,Latin America,9567.88,2943612,147769,11359,1852914.21,5.02,0.06,193.66,0.84
CMP-03393,2023-09-15,Email,Lead Generation,Education,North America,3263.58,775555,11090,444,69272.77,1.43,0.29,21.23,7.35
CMP-03394,2023-08-06,Google Ads,Retargeting,Healthcare,Asia Pacific,37290.27,14220750,1109218,18866,6430570.09,7.8,0.03,172.45,1.98
CMP-03395,2022-03-10,Facebook,Lead Generation,Finance,Latin America,12170.89,3876000,64729,3607,942574.1,1.67,0.19,77.44,3.37
CMP-03396,2022-11-11,Facebook,Conversion,Education,Latin America,28554.64,7115576,416972,47133,21017249.62,5.86,0.07,736.04,0.61
CMP-03397,2022-03-09,LinkedIn,Retargeting,Education,Latin America,29052.31,10775494,292015,21508,3889497.68,2.71,0.1,133.88,1.35
CMP-03398,2022-06-12,Instagram,Conversion,Finance,Latin America,46846.87,10171835,278708,11755,5035605.98,2.74,0.17,107.49,3.99
CMP-03399,2022-07-30,LinkedIn,Engagement,Finance,Latin America,27137.47,11503266,319790,10973,2280410.83,2.78,0.08,84.03,2.47
CMP-03400,2023-07-12,Facebook,Brand Awareness,Finance,Europe,30232.22,10535863,637419,62743,18538632.47,6.05,0.05,613.21,0.48
CMP-03401,2023-11-08,Email,Brand Awareness,Retail,North America,13556.04,4247481,222992,16113,2327469.73,5.25,0.06,171.69,0.84
CMP-03402,2023-10-03,Facebook,Retargeting,Tech,North America,31902.83,13527793,1025406,31975,11596129.47,7.58,0.03,363.48,1.0
CMP-03403,2022-02-05,LinkedIn,Conversion,Tech,Europe,2470.52,991209,75133,4096,1280911.48,7.58,0.03,518.48,0.6
CMP-03404,2023-12-04,Google Ads,Engagement,Finance,Asia Pacific,49576.64,14198105,119264,11119,4801896.51,0.84,0.42,96.86,4.46
CMP-03405,2022-01-10,Google Ads,Engagement,Food & Beverage,North America,17763.45,1385268,101401,3099,1477308.85,7.32,0.18,83.17,5.73
CMP-03406,2022-07-18,Email,Brand Awareness,Healthcare,Middle East,32918.87,3842648,245160,27915,3343828.07,6.38,0.13,101.58,1.18
CMP-03407,2023-03-29,Google Ads,Engagement,Food & Beverage,Middle East,10850.39,1244423,73047,2514,1083321.65,5.87,0.15,99.84,4.32
CMP-03408,2022-02-17,Email,Engagement,Food & Beverage,Middle East,43697.32,13648699,843489,91562,26213441.02,6.18,0.05,599.89,0.48
CMP-03409,2022-02-10,YouTube,Lead Generation,Finance,Middle East,5723.53,1003543,19769,513,138361.13,1.97,0.29,24.17,11.16
CMP-03410,2023-09-24,TikTok,Lead Generation,Tech,Middle East,4065.85,1886691,131691,5448,2276986.14,6.98,0.03,560.03,0.75
CMP-03411,2023-07-25,Google Ads,Conversion,Food & Beverage,Middle East,3180.01,892134,41305,3262,1350804.51,4.63,0.08,424.78,0.97
CMP-03412,2023-11-20,LinkedIn,Brand Awareness,Finance,Asia Pacific,37804.6,16793793,1200756,11823,5119665.14,7.15,0.03,135.42,3.2
CMP-03413,2022-04-01,Email,Engagement,Healthcare,Europe,14638.17,1510278,88955,681,38792.03,5.89,0.16,2.65,21.5
CMP-03414,2022-06-08,Google Ads,Retargeting,Retail,Latin America,42704.87,6518043,475817,51157,16551508.24,7.3,0.09,387.58,0.83
CMP-03415,2022-08-24,Email,Retargeting,Healthcare,North America,21799.38,7010740,458502,53534,18706399.04,6.54,0.05,858.12,0.41
CMP-03416,2024-04-20,LinkedIn,Lead Generation,Education,Europe,6101.51,2917180,136232,9967,944117.71,4.67,0.04,154.74,0.61
CMP-03417,2022-04-09,Instagram,Conversion,Education,Middle East,5209.26,1162833,50932,2933,1384326.93,4.38,0.1,265.74,1.78
CMP-03418,2023-07-25,Email,Conversion,Travel,North America,42459.61,20829840,1662221,187065,19801698.2,7.98,0.03,466.37,0.23
CMP-03419,2022-03-20,Facebook,Lead Generation,Education,North America,40346.54,15244549,193605,8899,410673.84,1.27,0.21,10.18,4.53
CMP-03420,2023-10-25,Instagram,Brand Awareness,Travel,North America,14341.33,3523124,225479,26472,12409496.64,6.4,0.06,865.3,0.54
CMP-03421,2024-01-13,Instagram,Lead Generation,Healthcare,Middle East,36653.56,13181123,860727,95977,43834304.14,6.53,0.04,1195.91,0.38
CMP-03422,2024-04-13,TikTok,Brand Awareness,Finance,Asia Pacific,15273.22,945142,39412,3355,1497932.52,4.17,0.39,98.08,4.55
CMP-03423,2023-02-24,TikTok,Lead Generation,Healthcare,North America,40720.85,12608263,364378,23181,9523263.19,2.89,0.11,233.87,1.76
CMP-03424,2023-10-21,Email,Lead Generation,Travel,North America,6871.79,1178567,27460,255,33102.3,2.33,0.25,4.82,26.95
CMP-03425,2022-06-26,Twitter,Conversion,Food & Beverage,Asia Pacific,25542.2,8372493,380111,19872,9328975.63,4.54,0.07,365.24,1.29
CMP-03426,2023-01-05,LinkedIn,Engagement,Travel,North America,18906.46,4923074,327384,37500,1336467.66,6.65,0.06,70.69,0.5
CMP-03427,2022-02-15,Google Ads,Engagement,Travel,Middle East,47060.7,17882710,920959,12795,3055798.9,5.15,0.05,64.93,3.68
CMP-03428,2024-01-28,LinkedIn,Lead Generation,Food & Beverage,Europe,36027.28,7376937,114342,13647,717508.17,1.55,0.32,19.92,2.64
CMP-03429,2022-09-04,LinkedIn,Engagement,Education,North America,5512.46,538821,42189,4138,1301651.1,7.83,0.13,236.13,1.33
CMP-03430,2022-01-25,Email,Engagement,Retail,North America,3088.81,957132,43645,4515,983609.74,4.56,0.07,318.44,0.68
CMP-03431,2024-05-13,YouTube,Lead Generation,Travel,Latin America,1148.96,264350,4916,228,59703.4,1.86,0.23,51.96,5.04
CMP-03432,2023-07-21,TikTok,Lead Generation,Food & Beverage,Asia Pacific,29353.17,10491411,623189,30179,1914742.28,5.94,0.05,65.23,0.97
CMP-03433,2022-03-31,Twitter,Brand Awareness,Finance,Middle East,44275.64,4265211,252073,10352,2581005.16,5.91,0.18,58.29,4.28
CMP-03434,2022-04-23,LinkedIn,Engagement,Retail,Asia Pacific,11008.69,1791617,111080,9681,4720828.45,6.2,0.1,428.83,1.14
CMP-03435,2024-03-29,LinkedIn,Brand Awareness,Healthcare,Europe,13394.01,2237360,89270,524,64110.02,3.99,0.15,4.79,25.56
CMP-03436,2024-04-19,Email,Lead Generation,Tech,Europe,10367.81,1917280,115611,9505,1781751.49,6.03,0.09,171.85,1.09
CMP-03437,2023-06-21,Google Ads,Conversion,Education,Europe,36767.11,17405783,1185333,65187,25948150.16,6.81,0.03,705.74,0.56
CMP-03438,2022-09-15,YouTube,Brand Awareness,Tech,North America,4986.6,1842407,21924,1804,208300.67,1.19,0.23,41.77,2.76
CMP-03439,2022-09-03,Facebook,Conversion,Travel,North America,19058.6,8827789,456396,46429,18270130.93,5.17,0.04,958.63,0.41
CMP-03440,2022-07-13,Instagram,Retargeting,Food & Beverage,Latin America,17479.78,3920965,161151,16294,3928321.06,4.11,0.11,224.74,1.07
CMP-03441,2023-10-13,TikTok,Brand Awareness,Retail,Latin America,11671.09,4058680,179799,18253,6992110.86,4.43,0.06,599.1,0.64
CMP-03442,2024-02-19,Twitter,Lead Generation,Healthcare,Europe,12778.86,3113363,95891,3434,862062.69,3.08,0.13,67.46,3.72
CMP-03443,2023-07-17,Twitter,Lead Generation,Healthcare,Middle East,12625.63,4985745,83760,9044,2320327.35,1.68,0.15,183.78,1.4
CMP-03444,2023-05-22,Instagram,Retargeting,Food & Beverage,Europe,2761.71,805910,58267,2685,429176.06,7.23,0.05,155.4,1.03
CMP-03445,2024-04-20,Google Ads,Brand Awareness,Travel,Middle East,18295.06,968482,64307,585,91183.52,6.64,0.28,4.98,31.27
CMP-03446,2023-04-28,TikTok,Retargeting,Tech,Middle East,15384.57,6629353,132587,2310,107287.27,2.0,0.12,6.97,6.66
CMP-03447,2023-11-06,Email,Retargeting,Retail,Latin America,36564.49,7994648,513256,4873,1308486.01,6.42,0.07,35.79,7.5
CMP-03448,2022-04-29,TikTok,Lead Generation,Travel,Europe,39786.48,14297140,224465,11420,4333482.52,1.57,0.18,108.92,3.48
CMP-03449,2024-06-01,Instagram,Engagement,Tech,Asia Pacific,32833.46,5422581,330235,11088,2187027.95,6.09,0.1,66.61,2.96
CMP-03450,2022-02-04,Facebook,Brand Awareness,Travel,North America,41816.06,16379380,684658,54591,22599764.27,4.18,0.06,540.46,0.77
CMP-03451,2023-01-03,YouTube,Brand Awareness,Healthcare,Asia Pacific,33199.35,2118720,160598,5402,1046161.9,7.58,0.21,31.51,6.15
CMP-03452,2024-04-14,LinkedIn,Engagement,Healthcare,Europe,7432.02,1028108,18197,1604,733412.18,1.77,0.41,98.68,4.63
CMP-03453,2022-10-17,Instagram,Retargeting,Food & Beverage,North America,9389.76,2301968,140420,13506,2815243.13,6.1,0.07,299.82,0.7
CMP-03454,2023-08-31,LinkedIn,Brand Awareness,Food & Beverage,Latin America,47605.85,15209724,746797,26006,8587636.28,4.91,0.06,180.39,1.83
CMP-03455,2022-09-17,Google Ads,Engagement,Education,Europe,44287.77,16731588,451752,6296,1647802.46,2.7,0.1,37.21,7.03
CMP-03456,2024-03-05,Email,Brand Awareness,Travel,North America,26639.35,12435974,189026,20824,6841054.01,1.52,0.14,256.8,1.28
CMP-03457,2022-12-22,YouTube,Conversion,Food & Beverage,Middle East,17300.84,2369681,99289,5519,2260555.46,4.19,0.17,130.66,3.13
CMP-03458,2024-01-14,LinkedIn,Conversion,Tech,Latin America,17209.01,8094435,632984,22391,7850255.69,7.82,0.03,456.17,0.77
CMP-03459,2022-08-30,Email,Lead Generation,Healthcare,Asia Pacific,27404.69,4112081,97867,7241,2999195.34,2.38,0.28,109.44,3.78
CMP-03460,2023-10-14,TikTok,Brand Awareness,Finance,Middle East,982.22,271580,9396,450,185853.74,3.46,0.1,189.22,2.18
CMP-03461,2023-05-13,Google Ads,Lead Generation,Retail,Europe,9010.17,3662721,35528,219,106075.12,0.97,0.25,11.77,41.14
CMP-03462,2023-02-13,Google Ads,Lead Generation,Education,Europe,30849.44,12159016,468122,27036,4121268.4,3.85,0.07,133.59,1.14
CMP-03463,2023-12-20,Instagram,Lead Generation,Tech,Europe,35006.3,3318329,227969,10546,3270158.22,6.87,0.15,93.42,3.32
CMP-03464,2022-10-13,Twitter,Engagement,Healthcare,North America,35095.34,6642996,390608,29488,13690213.23,5.88,0.09,390.09,1.19
CMP-03465,2023-07-23,Google Ads,Conversion,Finance,North America,25646.83,7606584,597877,4067,1444377.45,7.86,0.04,56.32,6.31
CMP-03466,2022-01-24,Twitter,Brand Awareness,Tech,Latin America,15670.8,3434901,244221,6669,2148846.03,7.11,0.06,137.12,2.35
CMP-03467,2023-02-10,TikTok,Retargeting,Tech,Asia Pacific,34418.38,11163848,551494,47621,15031913.34,4.94,0.06,436.74,0.72
CMP-03468,2024-03-18,Email,Brand Awareness,Education,Middle East,38030.23,18190991,276503,25839,10150007.32,1.52,0.14,266.89,1.47
CMP-03469,2024-01-18,Google Ads,Retargeting,Retail,Latin America,18263.54,4169947,145948,3903,609420.69,3.5,0.13,33.37,4.68
CMP-03470,2023-04-29,LinkedIn,Engagement,Tech,Asia Pacific,45629.85,11722731,184046,15866,749686.41,1.57,0.25,16.43,2.88
CMP-03471,2022-11-23,Email,Brand Awareness,Education,Europe,19733.43,1320947,30910,258,50803.32,2.34,0.64,2.57,76.49
CMP-03472,2022-04-17,Google Ads,Retargeting,Finance,Latin America,13305.53,1216049,51317,3644,1721778.11,4.22,0.26,129.4,3.65
CMP-03473,2023-04-30,TikTok,Retargeting,Education,Middle East,35443.0,12082755,485726,41570,7720834.46,4.02,0.07,217.84,0.85
CMP-03474,2023-03-07,Google Ads,Brand Awareness,Tech,Asia Pacific,48385.82,19000837,606126,70562,8545841.06,3.19,0.08,176.62,0.69
CMP-03475,2023-06-04,Google Ads,Conversion,Food & Beverage,Asia Pacific,43937.21,18236682,320965,2301,1047092.58,1.76,0.14,23.83,19.09
CMP-03476,2023-04-01,Instagram,Retargeting,Finance,Asia Pacific,33595.88,16398161,992088,90497,30874901.28,6.05,0.03,919.01,0.37
CMP-03477,2022-07-31,TikTok,Conversion,Tech,Europe,23863.99,5755785,213539,3849,1287355.97,3.71,0.11,53.95,6.2
CMP-03478,2022-03-10,Twitter,Engagement,Food & Beverage,Europe,48628.75,6021059,38534,1239,515087.87,0.64,1.26,10.59,39.25
CMP-03479,2024-05-28,Twitter,Lead Generation,Finance,Latin America,4083.01,983406,10719,1036,445266.19,1.09,0.38,109.05,3.94
CMP-03480,2022-01-02,TikTok,Retargeting,Finance,Latin America,2743.69,349242,14423,1634,295258.31,4.13,0.19,107.61,1.68
CMP-03481,2023-10-26,YouTube,Brand Awareness,Finance,Europe,18091.37,947079,40345,2885,1173963.79,4.26,0.45,64.89,6.27
CMP-03482,2022-01-02,TikTok,Brand Awareness,Finance,Asia Pacific,4447.32,546482,27488,171,41996.65,5.03,0.16,9.44,26.01
CMP-03483,2022-06-21,Email,Brand Awareness,Tech,North America,11718.77,3087436,230940,6834,790769.3,7.48,0.05,67.48,1.71
CMP-03484,2023-07-17,Instagram,Conversion,Retail,Asia Pacific,21865.89,4645034,110551,4850,1412458.8,2.38,0.2,64.6,4.51
CMP-03485,2023-05-05,YouTube,Retargeting,Food & Beverage,Asia Pacific,18648.94,1226846,9324,454,182347.23,0.76,2.0,9.78,41.08
CMP-03486,2023-06-22,Google Ads,Brand Awareness,Finance,Latin America,32231.72,11814931,635643,70868,18872893.35,5.38,0.05,585.54,0.45
CMP-03487,2023-02-17,Email,Retargeting,Retail,Middle East,35351.37,7146897,436675,9357,3586489.05,6.11,0.08,101.45,3.78
CMP-03488,2024-03-09,TikTok,Brand Awareness,Education,Latin America,3264.33,849720,33988,1106,84727.68,4.0,0.1,25.96,2.95
CMP-03489,2022-07-06,Twitter,Retargeting,Travel,Asia Pacific,44639.46,6295331,442561,8853,3533001.9,7.03,0.1,79.15,5.04
CMP-03490,2024-04-10,TikTok,Brand Awareness,Education,Asia Pacific,16172.63,5156976,259911,19601,5377643.22,5.04,0.06,332.52,0.83
CMP-03491,2023-04-25,Google Ads,Brand Awareness,Travel,Middle East,36306.17,11052194,145888,16694,7450981.15,1.32,0.25,205.23,2.17
CMP-03492,2024-02-27,LinkedIn,Lead Generation,Retail,Europe,18715.08,5412090,267357,30359,10992152.61,4.94,0.07,587.34,0.62
CMP-03493,2024-02-15,LinkedIn,Retargeting,Travel,North America,7517.0,1092747,76383,5707,1423265.93,6.99,0.1,189.34,1.32
CMP-03494,2022-07-16,Google Ads,Conversion,Tech,Asia Pacific,36041.37,11966195,171116,13183,650020.53,1.43,0.21,18.04,2.73
CMP-03495,2023-02-12,Facebook,Brand Awareness,Finance,Asia Pacific,12512.47,3945770,166116,2333,819693.63,4.21,0.08,65.51,5.36
CMP-03496,2024-06-05,Twitter,Conversion,Food & Beverage,Asia Pacific,16786.63,2874885,42260,2643,298846.58,1.47,0.4,17.8,6.35
CMP-03497,2024-02-12,YouTube,Lead Generation,Finance,North America,3363.57,795650,37315,2559,1113698.29,4.69,0.09,331.11,1.31
CMP-03498,2023-10-12,LinkedIn,Engagement,Healthcare,Latin America,47123.36,20670474,843355,57070,23088929.26,4.08,0.06,489.97,0.83
CMP-03499,2023-07-05,TikTok,Engagement,Food & Beverage,North America,49824.67,4454759,314060,1595,748267.28,7.05,0.16,15.02,31.24
CMP-03500,2023-01-23,Google Ads,Engagement,Healthcare,North America,20576.22,1897200,16505,1451,362393.14,0.87,1.25,17.61,14.18
CMP-03501,2022-04-09,YouTube,Brand Awareness,Tech,Latin America,46588.09,3844711,159171,18995,2209513.2,4.14,0.29,47.43,2.45
CMP-03502,2023-12-10,LinkedIn,Conversion,Food & Beverage,Europe,3621.53,1029942,12153,1194,544743.15,1.18,0.3,150.42,3.03
CMP-03503,2023-02-13,YouTube,Retargeting,Travel,North America,43414.17,13702031,117837,3850,1496561.32,0.86,0.37,34.47,11.28
CMP-03504,2022-06-05,YouTube,Engagement,Retail,North America,3895.62,968751,52796,1107,197406.04,5.45,0.07,50.67,3.52
CMP-03505,2023-07-11,Email,Brand Awareness,Retail,North America,38810.02,11986965,623322,55548,12874474.89,5.2,0.06,331.73,0.7
CMP-03506,2023-02-09,Instagram,Lead Generation,Healthcare,Latin America,16147.0,4180838,241652,13275,4888645.49,5.78,0.07,302.76,1.22
CMP-03507,2023-12-15,Twitter,Retargeting,Tech,Europe,42700.79,19220399,286383,15048,2578241.62,1.49,0.15,60.38,2.84
CMP-03508,2022-11-01,Facebook,Brand Awareness,Healthcare,Asia Pacific,30633.58,10741427,206235,16473,4803712.22,1.92,0.15,156.81,1.86
CMP-03509,2022-11-27,Twitter,Conversion,Education,Latin America,20573.89,2120785,159270,1904,429372.05,7.51,0.13,20.87,10.81
CMP-03510,2024-05-29,YouTube,Lead Generation,Food & Beverage,Europe,32194.25,7082686,463207,5712,269068.22,6.54,0.07,8.36,5.64
CMP-03511,2023-04-15,Twitter,Retargeting,Food & Beverage,Latin America,37417.21,16600264,1251659,91088,31889534.44,7.54,0.03,852.27,0.41
CMP-03512,2023-02-02,Google Ads,Lead Generation,Tech,Europe,25947.76,7067521,332173,10099,2347532.85,4.7,0.08,90.47,2.57
CMP-03513,2022-02-25,LinkedIn,Conversion,Healthcare,Europe,9710.52,1777141,78905,6035,1222523.12,4.44,0.12,125.9,1.61
CMP-03514,2022-08-09,LinkedIn,Brand Awareness,Healthcare,North America,46831.44,7444463,410189,2110,562674.69,5.51,0.11,12.01,22.19
CMP-03515,2023-04-30,Facebook,Brand Awareness,Travel,North America,10271.16,1926167,95923,1759,415752.94,4.98,0.11,40.48,5.84
CMP-03516,2023-09-01,Instagram,Conversion,Education,Middle East,15433.71,7403774,591561,22140,6353882.54,7.99,0.03,411.69,0.7
CMP-03517,2022-04-29,Email,Lead Generation,Education,Asia Pacific,14907.72,911171,59226,3783,845715.41,6.5,0.25,56.73,3.94
CMP-03518,2023-12-19,Google Ads,Conversion,Food & Beverage,Latin America,18522.54,3965781,88436,8707,1045042.6,2.23,0.21,56.42,2.13
CMP-03519,2022-09-20,LinkedIn,Lead Generation,Travel,Latin America,22313.08,10230405,224045,5216,1607273.22,2.19,0.1,72.03,4.28
CMP-03520,2023-10-02,Google Ads,Engagement,Food & Beverage,Latin America,12040.8,3682434,149138,2249,364803.42,4.05,0.08,30.3,5.35
CMP-03521,2022-05-22,Facebook,Conversion,Education,Latin America,16713.12,3028842,139629,10433,1324646.84,4.61,0.12,79.26,1.6
CMP-03522,2023-07-18,Instagram,Conversion,Education,Middle East,31176.05,13008447,435782,4663,2161667.05,3.35,0.07,69.34,6.69
CMP-03523,2022-01-18,YouTube,Engagement,Travel,Middle East,40359.01,5064063,385881,5166,2549612.4,7.62,0.1,63.17,7.81
CMP-03524,2022-04-29,Email,Lead Generation,Food & Beverage,Middle East,3004.84,725325,40328,1578,77398.26,5.56,0.07,25.76,1.9
CMP-03525,2023-11-09,YouTube,Brand Awareness,Education,North America,1633.67,485190,34011,473,19923.4,7.01,0.05,12.2,3.45
CMP-03526,2023-08-28,Instagram,Engagement,Travel,Asia Pacific,46780.18,12836284,207947,5935,2468562.3,1.62,0.22,52.77,7.88
CMP-03527,2023-07-17,LinkedIn,Retargeting,Tech,North America,22466.31,5074094,210574,18932,3101223.72,4.15,0.11,138.04,1.19
CMP-03528,2022-03-03,TikTok,Brand Awareness,Finance,Asia Pacific,47462.58,10187588,393240,38525,16171313.88,3.86,0.12,340.72,1.23
CMP-03529,2023-04-17,LinkedIn,Conversion,Tech,Middle East,7676.72,1288781,60057,3983,334028.06,4.66,0.13,43.51,1.93
CMP-03530,2023-11-27,Email,Engagement,Travel,North America,24277.87,6587987,420313,11973,4623561.85,6.38,0.06,190.44,2.03
CMP-03531,2022-09-25,Instagram,Engagement,Retail,Middle East,1058.87,113676,5945,544,31028.2,5.23,0.18,29.3,1.95
CMP-03532,2023-02-02,YouTube,Retargeting,Education,Latin America,547.33,233712,9371,357,71924.47,4.01,0.06,131.41,1.53
CMP-03533,2024-04-27,YouTube,Brand Awareness,Healthcare,Europe,42362.63,18148501,145188,4103,1881851.07,0.8,0.29,44.42,10.32
CMP-03534,2022-01-07,Email,Brand Awareness,Healthcare,Latin America,39445.63,16599256,502957,15753,1115095.2,3.03,0.08,28.27,2.5
CMP-03535,2022-09-02,Twitter,Engagement,Education,North America,17996.31,7385978,241521,10386,2404881.53,3.27,0.07,133.63,1.73
CMP-03536,2023-08-22,TikTok,Engagement,Healthcare,Latin America,11083.06,1315722,71180,5766,515144.41,5.41,0.16,46.48,1.92
CMP-03537,2023-12-12,Google Ads,Retargeting,Education,Asia Pacific,34961.87,6812884,476220,46823,1952504.52,6.99,0.07,55.85,0.75
CMP-03538,2023-02-26,Twitter,Retargeting,Education,North America,20185.27,4358054,264098,20522,3030372.13,6.06,0.08,150.13,0.98
CMP-03539,2023-10-04,Twitter,Retargeting,Healthcare,Middle East,31249.52,4967803,206163,21968,1137455.98,4.15,0.15,36.4,1.42
CMP-03540,2023-08-13,Facebook,Brand Awareness,Healthcare,Middle East,25384.6,5616582,49425,2329,284814.47,0.88,0.51,11.22,10.9
CMP-03541,2022-03-24,TikTok,Engagement,Travel,Asia Pacific,46915.43,11394404,340692,13857,638533.55,2.99,0.14,13.61,3.39
CMP-03542,2022-04-16,Twitter,Conversion,Food & Beverage,Europe,2495.59,305108,7353,98,11450.32,2.41,0.34,4.59,25.47
CMP-03543,2022-04-17,TikTok,Conversion,Tech,Europe,11444.73,4506938,75265,7297,231661.92,1.67,0.15,20.24,1.57
CMP-03544,2024-01-04,Email,Engagement,Tech,Asia Pacific,6831.09,1328704,92610,3115,546270.68,6.97,0.07,79.97,2.19
CMP-03545,2023-12-01,Instagram,Lead Generation,Tech,Europe,10181.79,4124940,128285,5559,2771380.37,3.11,0.08,272.19,1.83
CMP-03546,2024-01-03,Google Ads,Brand Awareness,Travel,Asia Pacific,26889.86,2636232,179791,16292,2271937.24,6.82,0.15,84.49,1.65
CMP-03547,2023-05-19,YouTube,Conversion,Food & Beverage,North America,15731.74,5384278,64611,6593,1386709.52,1.2,0.24,88.15,2.39
CMP-03548,2023-02-24,TikTok,Retargeting,Healthcare,Middle East,43917.6,10190101,758143,7578,3535308.59,7.44,0.06,80.5,5.8
CMP-03549,2024-05-12,Facebook,Lead Generation,Retail,Middle East,45232.04,4312605,65551,3247,718383.45,1.52,0.69,15.88,13.93
CMP-03550,2022-11-12,LinkedIn,Engagement,Finance,Latin America,20293.84,6672083,98079,10161,454577.26,1.47,0.21,22.4,2.0
CMP-03551,2024-06-19,Instagram,Conversion,Retail,North America,16060.09,4531753,176738,2863,1167515.77,3.9,0.09,72.7,5.61
CMP-03552,2022-03-29,TikTok,Conversion,Finance,Asia Pacific,18801.45,6669011,232748,12787,4491235.84,3.49,0.08,238.88,1.47
CMP-03553,2024-04-12,Google Ads,Brand Awareness,Food & Beverage,North America,34827.05,5593583,394906,45811,5471236.88,7.06,0.09,157.1,0.76
CMP-03554,2023-02-02,Google Ads,Brand Awareness,Retail,Middle East,24357.36,9731855,668578,47819,14185938.97,6.87,0.04,582.41,0.51
CMP-03555,2023-02-18,Google Ads,Conversion,Food & Beverage,Europe,1222.61,599118,34449,952,389471.01,5.75,0.04,318.56,1.28
CMP-03556,2023-04-27,Twitter,Lead Generation,Travel,North America,33386.31,6925339,298482,10184,3311027.08,4.31,0.11,99.17,3.28
CMP-03557,2024-06-19,Instagram,Conversion,Finance,Latin America,27148.07,1387580,68962,4079,1733658.76,4.97,0.39,63.86,6.66
CMP-03558,2022-11-07,Instagram,Conversion,Education,Asia Pacific,47886.09,8448237,597290,40774,13665270.47,7.07,0.08,285.37,1.17
CMP-03559,2022-01-30,Facebook,Engagement,Retail,Europe,37930.46,16702856,414230,41108,10287010.52,2.48,0.09,271.21,0.92
CMP-03560,2023-01-11,TikTok,Brand Awareness,Food & Beverage,North America,19688.34,5731414,367383,35321,3211380.69,6.41,0.05,163.11,0.56
CMP-03561,2022-02-14,Facebook,Lead Generation,Retail,North America,21575.71,7691881,592274,61366,12536938.72,7.7,0.04,581.07,0.35
CMP-03562,2023-10-15,Instagram,Retargeting,Healthcare,Middle East,4316.76,1472495,52715,5551,481732.6,3.58,0.08,111.6,0.78
CMP-03563,2023-04-27,YouTube,Lead Generation,Travel,North America,4258.67,397494,13395,276,14297.47,3.37,0.32,3.36,15.43
CMP-03564,2023-03-05,LinkedIn,Lead Generation,Tech,Asia Pacific,46011.04,11956437,88477,3287,193164.93,0.74,0.52,4.2,14.0
CMP-03565,2023-05-07,YouTube,Engagement,Food & Beverage,North America,21260.03,3077714,185278,15103,7458232.29,6.02,0.11,350.81,1.41
CMP-03566,2023-06-18,LinkedIn,Lead Generation,Healthcare,Latin America,34272.18,15002817,351065,5903,2251589.65,2.34,0.1,65.7,5.81
CMP-03567,2024-02-08,Google Ads,Conversion,Healthcare,North America,22892.82,2962988,197038,1995,940794.24,6.65,0.12,41.1,11.48
CMP-03568,2022-02-18,Email,Lead Generation,Retail,Europe,17720.56,2963920,51868,3947,659176.43,1.75,0.34,37.2,4.49
CMP-03569,2022-01-16,LinkedIn,Brand Awareness,Tech,Asia Pacific,12846.74,4886935,237505,16143,6325539.67,4.86,0.05,492.38,0.8
CMP-03570,2023-10-06,YouTube,Brand Awareness,Travel,Middle East,49133.75,8401854,359599,22122,806768.1,4.28,0.14,16.42,2.22
CMP-03571,2023-01-25,LinkedIn,Retargeting,Tech,North America,17583.67,3213610,53345,1032,378154.79,1.66,0.33,21.51,17.04
CMP-03572,2023-08-04,Twitter,Retargeting,Food & Beverage,Europe,45416.14,3168923,62110,2343,1162098.99,1.96,0.73,25.59,19.38
CMP-03573,2022-05-18,Instagram,Retargeting,Retail,Middle East,34636.84,4467526,29038,767,338129.72,0.65,1.19,9.76,45.16
CMP-03574,2023-01-19,Email,Retargeting,Finance,North America,42326.03,6705018,168295,2526,231953.22,2.51,0.25,5.48,16.76
CMP-03575,2022-11-26,Email,Brand Awareness,Retail,Middle East,19509.54,6250467,461909,29904,3730769.97,7.39,0.04,191.23,0.65
CMP-03576,2023-12-14,Google Ads,Retargeting,Food & Beverage,Middle East,16287.53,6894870,99286,3770,495376.89,1.44,0.16,30.41,4.32
CMP-03577,2022-10-12,Twitter,Engagement,Retail,North America,47458.64,22544889,721436,32790,15937450.57,3.2,0.07,335.82,1.45
CMP-03578,2022-05-27,Facebook,Lead Generation,Finance,Europe,2113.17,696035,19349,1743,53168.58,2.78,0.11,25.16,1.21
CMP-03579,2022-06-15,Instagram,Retargeting,Finance,Latin America,9710.34,633745,15400,1770,738325.54,2.43,0.63,76.03,5.49
CMP-03580,2024-01-30,Instagram,Lead Generation,Food & Beverage,Latin America,2796.33,1314414,10778,1286,279100.14,0.82,0.26,99.81,2.17
CMP-03581,2022-04-07,YouTube,Brand Awareness,Healthcare,Europe,44175.91,7173820,381647,33167,15721102.5,5.32,0.12,355.88,1.33
CMP-03582,2024-04-07,Facebook,Engagement,Retail,Middle East,8121.57,1408661,88041,8627,3962998.33,6.25,0.09,487.96,0.94
CMP-03583,2022-08-09,YouTube,Engagement,Food & Beverage,Europe,22353.32,5718544,151541,3639,1637501.95,2.65,0.15,73.26,6.14
CMP-03584,2022-11-15,Facebook,Brand Awareness,Healthcare,Asia Pacific,5009.68,2439891,103695,3183,498576.43,4.25,0.05,99.52,1.57
CMP-03585,2023-08-24,Instagram,Brand Awareness,Food & Beverage,Middle East,3847.5,1452735,89779,1470,98338.2,6.18,0.04,25.56,2.62
CMP-03586,2024-01-14,Instagram,Lead Generation,Tech,Middle East,49688.54,18223762,1140807,107173,7813749.12,6.26,0.04,157.25,0.46
CMP-03587,2022-02-01,Instagram,Lead Generation,Finance,North America,28020.83,8167653,470456,29643,4128210.01,5.76,0.06,147.33,0.95
CMP-03588,2023-12-31,Twitter,Brand Awareness,Retail,Middle East,28652.8,14269951,712070,13939,6663380.91,4.99,0.04,232.56,2.06
CMP-03589,2024-03-11,LinkedIn,Lead Generation,Travel,Asia Pacific,6935.86,822611,52811,2228,928918.06,6.42,0.13,133.93,3.11
CMP-03590,2023-03-10,Email,Lead Generation,Healthcare,Latin America,5163.98,1393612,85846,7393,3134408.47,6.16,0.06,606.98,0.7
CMP-03591,2022-07-28,Twitter,Engagement,Education,Middle East,30382.73,8846813,211438,17421,4665864.54,2.39,0.14,153.57,1.74
CMP-03592,2023-11-17,Google Ads,Brand Awareness,Healthcare,Asia Pacific,18249.96,4377238,297214,20801,8536680.53,6.79,0.06,467.76,0.88
CMP-03593,2023-07-16,Twitter,Retargeting,Travel,Latin America,24962.99,2217107,12194,1058,94917.83,0.55,2.05,3.8,23.59
CMP-03594,2022-07-30,YouTube,Conversion,Food & Beverage,North America,23473.25,6388670,437623,20897,9787615.07,6.85,0.05,416.97,1.12
CMP-03595,2023-10-09,Instagram,Retargeting,Food & Beverage,Middle East,15030.27,6775601,176165,5491,2356861.79,2.6,0.09,156.81,2.74
CMP-03596,2024-04-16,LinkedIn,Brand Awareness,Travel,North America,44905.08,10128434,682656,60948,9147604.57,6.74,0.07,203.71,0.74
CMP-03597,2022-08-08,YouTube,Brand Awareness,Retail,Middle East,38152.01,15934716,159347,7919,494905.85,1.0,0.24,12.97,4.82
CMP-03598,2024-03-18,Twitter,Conversion,Tech,North America,48781.15,15560243,961623,8468,3337553.16,6.18,0.05,68.42,5.76
CMP-03599,2023-01-15,TikTok,Conversion,Tech,North America,49668.18,9387449,123914,5763,330424.67,1.32,0.4,6.65,8.62
CMP-03600,2022-06-19,YouTube,Engagement,Retail,Latin America,36792.37,11157880,185220,17367,2688237.03,1.66,0.2,73.07,2.12
CMP-03601,2022-06-29,YouTube,Conversion,Education,Middle East,37491.82,12554481,778377,70836,3789520.77,6.2,0.05,101.08,0.53
CMP-03602,2022-06-11,LinkedIn,Engagement,Finance,Europe,16321.98,4381939,339600,39368,11711809.83,7.75,0.05,717.55,0.41
CMP-03603,2023-06-21,Google Ads,Conversion,Travel,Asia Pacific,19538.57,6112607,407710,40662,3199558.42,6.67,0.05,163.76,0.48
CMP-03604,2022-05-18,Facebook,Lead Generation,Travel,Asia Pacific,10173.72,4801215,291913,21103,6876635.66,6.08,0.03,675.92,0.48
CMP-03605,2022-09-17,TikTok,Engagement,Food & Beverage,Europe,23519.66,11012081,876561,52715,11095658.03,7.96,0.03,471.76,0.45
CMP-03606,2022-06-23,TikTok,Lead Generation,Tech,Latin America,22788.9,5342040,375545,4719,1826108.71,7.03,0.06,80.13,4.83
CMP-03607,2024-05-17,YouTube,Conversion,Healthcare,Latin America,32559.6,13311430,1039622,107710,40875660.4,7.81,0.03,1255.41,0.3
CMP-03608,2022-08-26,Twitter,Brand Awareness,Tech,Latin America,47724.35,18002877,936149,81957,19771797.7,5.2,0.05,414.29,0.58
CMP-03609,2022-12-23,Twitter,Retargeting,Tech,Middle East,26826.62,4157179,142591,16172,7623825.42,3.43,0.19,284.19,1.66
CMP-03610,2022-06-23,YouTube,Lead Generation,Travel,North America,3011.68,1096773,6470,210,32642.86,0.59,0.47,10.84,14.34
CMP-03611,2023-06-26,YouTube,Retargeting,Travel,Latin America,47646.77,18136061,790732,58497,16945067.66,4.36,0.06,355.64,0.81
CMP-03612,2023-11-15,YouTube,Brand Awareness,Food & Beverage,Middle East,24281.08,8795016,192610,1973,290465.65,2.19,0.13,11.96,12.31
CMP-03613,2023-11-29,Google Ads,Engagement,Education,Europe,47541.54,19360898,820902,93810,8828571.64,4.24,0.06,185.7,0.51
CMP-03614,2023-06-24,YouTube,Brand Awareness,Food & Beverage,North America,41525.75,18492402,286632,13357,3208071.86,1.55,0.14,77.26,3.11
CMP-03615,2024-03-18,Facebook,Retargeting,Retail,Europe,22396.15,10560709,743473,88634,26390067.3,7.04,0.03,1178.33,0.25
CMP-03616,2024-04-26,Twitter,Lead Generation,Healthcare,Asia Pacific,23199.81,6885888,235497,23153,8728168.25,3.42,0.1,376.22,1.0
CMP-03617,2024-05-01,LinkedIn,Conversion,Travel,Europe,24836.73,6211586,100627,5878,561964.75,1.62,0.25,22.63,4.23
CMP-03618,2023-06-13,LinkedIn,Retargeting,Finance,Europe,42820.48,5062359,107322,10632,728476.03,2.12,0.4,17.01,4.03
CMP-03619,2023-03-07,YouTube,Retargeting,Education,Europe,12994.36,3317775,245183,6088,2052930.25,7.39,0.05,157.99,2.13
CMP-03620,2022-04-08,Facebook,Lead Generation,Food & Beverage,Europe,24130.16,4929353,273579,19221,8246288.89,5.55,0.09,341.74,1.26
CMP-03621,2024-06-18,Instagram,Lead Generation,Tech,North America,15624.77,1666723,75002,2063,230533.02,4.5,0.21,14.75,7.57
CMP-03622,2022-10-14,Facebook,Brand Awareness,Retail,Latin America,45487.46,18918919,213783,6829,689648.5,1.13,0.21,15.16,6.66
CMP-03623,2022-10-29,LinkedIn,Lead Generation,Tech,Latin America,8282.95,1961398,67472,6015,2500536.09,3.44,0.12,301.89,1.38
CMP-03624,2023-04-25,Instagram,Engagement,Education,Latin America,20880.53,1669142,35218,1312,335881.88,2.11,0.59,16.09,15.92
CMP-03625,2022-01-15,Email,Engagement,Retail,North America,33356.61,7397766,248564,11956,506815.06,3.36,0.13,15.19,2.79
CMP-03626,2023-05-02,Email,Engagement,Finance,Europe,1565.69,607956,4985,47,9421.65,0.82,0.31,6.02,33.31
CMP-03627,2022-09-24,Google Ads,Brand Awareness,Tech,Asia Pacific,49441.03,5947095,310438,12740,4138734.93,5.22,0.16,83.71,3.88
CMP-03628,2023-06-28,Google Ads,Conversion,Food & Beverage,Asia Pacific,29729.85,5320631,158022,1154,162222.67,2.97,0.19,5.46,25.76
CMP-03629,2024-01-07,Facebook,Conversion,Food & Beverage,Latin America,4436.25,2054938,80348,584,214334.97,3.91,0.06,48.31,7.6
CMP-03630,2022-12-18,YouTube,Brand Awareness,Tech,North America,19785.65,1102480,70007,5180,455163.36,6.35,0.28,23.0,3.82
CMP-03631,2023-11-10,Email,Engagement,Travel,Middle East,25541.9,5965877,243407,29185,4218412.48,4.08,0.1,165.16,0.88
CMP-03632,2023-01-27,Email,Brand Awareness,Finance,Europe,14147.17,3731437,217915,6145,2190530.37,5.84,0.06,154.84,2.3
CMP-03633,2023-02-13,Google Ads,Brand Awareness,Tech,Asia Pacific,29737.89,12700084,849635,31189,11835382.81,6.69,0.04,397.99,0.95
CMP-03634,2024-04-07,Google Ads,Engagement,Travel,Europe,48928.76,7184045,84771,9499,1681684.0,1.18,0.58,34.37,5.15
CMP-03635,2023-07-27,Facebook,Retargeting,Finance,Latin America,23911.31,1694014,88427,4241,339621.41,5.22,0.27,14.2,5.64
CMP-03636,2022-04-08,Twitter,Conversion,Education,Asia Pacific,29266.31,6791340,351112,37938,18288048.19,5.17,0.08,624.88,0.77
CMP-03637,2022-02-13,YouTube,Engagement,Healthcare,Europe,30980.65,15228746,1002051,21228,3979253.35,6.58,0.03,128.44,1.46
CMP-03638,2023-03-14,Google Ads,Lead Generation,Finance,Latin America,31746.49,5715297,300624,3262,1521598.52,5.26,0.11,47.93,9.73
CMP-03639,2023-07-19,Google Ads,Retargeting,Education,Latin America,49345.77,19987502,875452,12618,4737073.42,4.38,0.06,96.0,3.91
CMP-03640,2023-02-24,Email,Conversion,Tech,North America,47729.18,12432534,837952,93646,16530562.49,6.74,0.06,346.34,0.51
CMP-03641,2024-02-09,Email,Retargeting,Retail,North America,38348.89,17662622,287900,29792,14403219.05,1.63,0.13,375.58,1.29
CMP-03642,2023-07-28,LinkedIn,Engagement,Healthcare,Asia Pacific,1912.2,448429,28833,2960,1120463.11,6.43,0.07,585.95,0.65
CMP-03643,2024-02-15,Facebook,Conversion,Travel,Asia Pacific,42943.82,14568482,636642,37472,17752308.74,4.37,0.07,413.38,1.15
CMP-03644,2022-10-25,Email,Retargeting,Food & Beverage,North America,776.59,312700,22952,1965,641776.84,7.34,0.03,826.4,0.4
CMP-03645,2023-01-25,YouTube,Lead Generation,Retail,Latin America,42595.85,18396919,619976,69451,30868078.36,3.37,0.07,724.67,0.61
CMP-03646,2023-02-04,Google Ads,Conversion,Tech,North America,16520.91,5183017,209912,20278,7514115.07,4.05,0.08,454.82,0.81
CMP-03647,2023-08-10,Twitter,Conversion,Education,Middle East,12728.84,5202455,132662,15416,1492952.69,2.55,0.1,117.29,0.83
CMP-03648,2023-08-30,YouTube,Brand Awareness,Tech,North America,12649.04,5708935,308282,26601,812192.95,5.4,0.04,64.21,0.48
CMP-03649,2023-01-13,Facebook,Brand Awareness,Travel,Europe,30161.83,14490657,559339,41035,2548239.0,3.86,0.05,84.49,0.74
CMP-03650,2022-12-09,LinkedIn,Engagement,Healthcare,North America,43839.89,9836399,181973,9526,2092052.5,1.85,0.24,47.72,4.6
CMP-03651,2023-06-18,LinkedIn,Engagement,Retail,Europe,34832.88,10740451,129959,11297,2107534.46,1.21,0.27,60.5,3.08
CMP-03652,2023-04-13,Instagram,Brand Awareness,Travel,Middle East,40360.64,16554304,233415,24735,11278665.61,1.41,0.17,279.45,1.63
CMP-03653,2022-03-05,YouTube,Retargeting,Retail,Europe,44012.21,18494005,327343,25804,8804652.98,1.77,0.13,200.05,1.71
CMP-03654,2022-07-11,YouTube,Retargeting,Travel,Asia Pacific,15170.2,770640,27743,1450,370696.93,3.6,0.55,24.44,10.46
CMP-03655,2022-03-23,LinkedIn,Conversion,Finance,Europe,25170.93,5475175,164802,7999,412295.29,3.01,0.15,16.38,3.15
CMP-03656,2023-01-14,LinkedIn,Conversion,Food & Beverage,Asia Pacific,26014.91,7960080,140893,13947,5098894.72,1.77,0.18,196.0,1.87
CMP-03657,2024-05-06,Google Ads,Brand Awareness,Finance,North America,4038.16,215530,4332,121,40851.6,2.01,0.93,10.12,33.37
CMP-03658,2022-02-28,Instagram,Brand Awareness,Finance,Latin America,30973.0,5332053,36257,779,355218.81,0.68,0.85,11.47,39.76
CMP-03659,2023-11-26,Google Ads,Brand Awareness,Healthcare,Europe,44982.36,19792235,102919,10242,3688280.05,0.52,0.44,81.99,4.39
CMP-03660,2023-05-29,Google Ads,Conversion,Travel,Asia Pacific,8511.49,2107974,150720,12937,2786926.68,7.15,0.06,327.43,0.66
CMP-03661,2024-06-11,Facebook,Retargeting,Travel,North America,46715.24,17938033,1384816,131990,62058539.58,7.72,0.03,1328.44,0.35
CMP-03662,2022-04-03,Instagram,Engagement,Healthcare,Latin America,28904.08,5990106,199470,13183,2388296.29,3.33,0.14,82.63,2.19
CMP-03663,2023-04-25,Instagram,Engagement,Tech,Asia Pacific,13206.76,4208766,214647,3154,1379774.75,5.1,0.06,104.47,4.19
CMP-03664,2022-09-04,LinkedIn,Engagement,Healthcare,Latin America,20965.34,6555892,70148,6104,2063779.03,1.07,0.3,98.44,3.43
CMP-03665,2024-01-18,Facebook,Engagement,Travel,Middle East,18580.82,8255619,141996,9905,394549.42,1.72,0.13,21.23,1.88
CMP-03666,2022-01-15,Email,Lead Generation,Education,Middle East,12136.83,4748813,171907,1264,138208.59,3.62,0.07,11.39,9.6
CMP-03667,2024-02-08,Email,Brand Awareness,Travel,Europe,44320.74,2777130,45267,3252,883814.69,1.63,0.98,19.94,13.63
CMP-03668,2022-09-07,TikTok,Retargeting,Tech,Middle East,29233.37,14572341,375966,3715,598369.74,2.58,0.08,20.47,7.87
CMP-03669,2022-03-27,YouTube,Engagement,Education,Middle East,37713.94,12079262,235545,19676,7302269.18,1.95,0.16,193.62,1.92
CMP-03670,2024-06-17,Email,Lead Generation,Retail,Latin America,41867.3,18047158,463811,39540,9472065.78,2.57,0.09,226.24,1.06
CMP-03671,2022-10-01,TikTok,Engagement,Education,Asia Pacific,1724.41,834299,5840,432,64451.44,0.7,0.3,37.38,3.99
CMP-03672,2023-09-05,Google Ads,Brand Awareness,Travel,Europe,14063.65,2907831,152370,12284,1669740.87,5.24,0.09,118.73,1.14
CMP-03673,2023-10-25,Email,Conversion,Food & Beverage,Asia Pacific,15693.95,2157349,157270,3635,1181337.51,7.29,0.1,75.27,4.32
CMP-03674,2023-10-16,LinkedIn,Conversion,Finance,Europe,47372.1,20294586,899050,9863,2457789.46,4.43,0.05,51.88,4.8
CMP-03675,2022-11-02,Instagram,Lead Generation,Finance,Europe,29279.73,8568028,487520,44556,5273315.46,5.69,0.06,180.1,0.66
CMP-03676,2022-04-21,YouTube,Lead Generation,Healthcare,Europe,10734.52,4732985,118797,9392,4375371.47,2.51,0.09,407.6,1.14
CMP-03677,2023-03-03,Instagram,Lead Generation,Retail,Latin America,10692.89,3673017,127820,14519,1716031.27,3.48,0.08,160.48,0.74
CMP-03678,2023-01-15,Facebook,Retargeting,Tech,Asia Pacific,14774.94,5643051,44580,4303,723119.43,0.79,0.33,48.94,3.43
CMP-03679,2022-04-24,Google Ads,Brand Awareness,Healthcare,North America,6145.92,1143749,62105,5760,2047498.04,5.43,0.1,333.15,1.07
CMP-03680,2022-08-06,Instagram,Retargeting,Retail,Europe,34560.31,8847318,150404,11611,901848.55,1.7,0.23,26.09,2.98
CMP-03681,2024-02-04,TikTok,Retargeting,Travel,North America,47688.38,9575182,660687,43708,12188693.88,6.9,0.07,255.59,1.09
CMP-03682,2023-05-12,YouTube,Brand Awareness,Education,North America,40345.43,7309847,365492,43695,13756724.31,5.0,0.11,340.97,0.92
CMP-03683,2023-08-15,TikTok,Lead Generation,Travel,Middle East,38201.32,10390326,650434,61634,19177193.4,6.26,0.06,502.0,0.62
CMP-03684,2023-05-11,Instagram,Engagement,Food & Beverage,Middle East,21851.62,10052328,158826,16940,5406121.2,1.58,0.14,247.4,1.29
CMP-03685,2024-02-29,Email,Conversion,Tech,Latin America,22715.19,11141811,354309,11454,911143.03,3.18,0.06,40.11,1.98
CMP-03686,2022-03-10,YouTube,Brand Awareness,Retail,North America,9210.78,1587544,107794,9014,4037325.37,6.79,0.09,438.33,1.02
CMP-03687,2023-04-09,Email,Retargeting,Tech,North America,8246.73,2256190,38129,2032,813401.84,1.69,0.22,98.63,4.06
CMP-03688,2022-12-01,Instagram,Lead Generation,Retail,Europe,33699.34,15769177,525113,60162,14147836.73,3.33,0.06,419.83,0.56
CMP-03689,2024-03-19,Instagram,Brand Awareness,Education,Asia Pacific,28054.19,4452303,61441,4141,1652283.81,1.38,0.46,58.9,6.77
CMP-03690,2023-11-10,YouTube,Conversion,Education,Asia Pacific,8813.62,3441969,78476,5755,574659.85,2.28,0.11,65.2,1.53
CMP-03691,2023-04-28,Instagram,Conversion,Healthcare,Asia Pacific,30592.33,11460781,424048,33376,14058587.6,3.7,0.07,459.55,0.92
CMP-03692,2022-04-20,TikTok,Retargeting,Travel,Middle East,4495.89,1481322,32144,2688,261670.25,2.17,0.14,58.2,1.67
CMP-03693,2024-03-28,Facebook,Conversion,Tech,Asia Pacific,5885.25,1698176,119891,11620,2529776.24,7.06,0.05,429.85,0.51
CMP-03694,2024-03-17,Instagram,Conversion,Education,Asia Pacific,6499.59,2546823,128869,15014,7259701.72,5.06,0.05,1116.95,0.43
CMP-03695,2024-03-17,TikTok,Conversion,Healthcare,Europe,23334.07,6443075,182983,10035,1939043.44,2.84,0.13,83.1,2.33
CMP-03696,2023-02-14,Instagram,Retargeting,Food & Beverage,Asia Pacific,6016.73,1039185,35124,935,217861.38,3.38,0.17,36.21,6.44
CMP-03697,2023-02-20,TikTok,Lead Generation,Retail,Middle East,45734.46,18483660,1415848,132124,55364651.58,7.66,0.03,1210.57,0.35
CMP-03698,2023-07-21,Email,Retargeting,Retail,Middle East,29228.32,5077012,401591,14950,2305739.86,7.91,0.07,78.89,1.96
CMP-03699,2024-05-07,YouTube,Brand Awareness,Tech,Middle East,23538.7,8653532,72689,5955,1371236.05,0.84,0.32,58.25,3.95
CMP-03700,2022-02-06,Email,Lead Generation,Travel,Latin America,10386.21,2454974,42471,4967,2101306.36,1.73,0.24,202.32,2.09
CMP-03701,2023-06-26,Google Ads,Brand Awareness,Travel,Latin America,16315.52,6762484,482841,57853,26646368.39,7.14,0.03,1633.19,0.28
CMP-03702,2022-04-01,TikTok,Brand Awareness,Travel,North America,49888.56,9914401,678145,36075,9847116.79,6.84,0.07,197.38,1.38
CMP-03703,2023-10-15,Facebook,Conversion,Tech,Latin America,40963.3,10566241,248306,8625,1316589.42,2.35,0.16,32.14,4.75
CMP-03704,2024-03-22,LinkedIn,Conversion,Education,North America,19016.18,1072052,30124,1421,478309.28,2.81,0.63,25.15,13.38
CMP-03705,2023-04-20,TikTok,Lead Generation,Food & Beverage,Asia Pacific,21329.36,9180358,459935,21769,2818476.04,5.01,0.05,132.14,0.98
CMP-03706,2024-01-13,Facebook,Retargeting,Food & Beverage,Latin America,49124.17,2943697,109211,7767,1510155.51,3.71,0.45,30.74,6.32
CMP-03707,2023-11-11,Email,Brand Awareness,Travel,North America,6943.22,743739,4313,50,2390.13,0.58,1.61,0.34,138.86
CMP-03708,2024-05-14,Facebook,Lead Generation,Travel,Asia Pacific,7249.48,3255266,251957,16143,7638488.45,7.74,0.03,1053.66,0.45
CMP-03709,2022-03-28,Google Ads,Conversion,Food & Beverage,Middle East,17559.59,5941775,81996,2455,297185.29,1.38,0.21,16.92,7.15
CMP-03710,2023-12-07,Google Ads,Conversion,Healthcare,Latin America,21445.16,3222886,136005,3827,956220.57,4.22,0.16,44.59,5.6
CMP-03711,2024-04-12,Facebook,Retargeting,Education,North America,42401.3,9756796,456618,48214,11663094.2,4.68,0.09,275.06,0.88
CMP-03712,2024-03-22,YouTube,Retargeting,Finance,Asia Pacific,28653.04,11306087,618442,56856,7376443.14,5.47,0.05,257.44,0.5
CMP-03713,2022-08-07,LinkedIn,Conversion,Travel,Middle East,42389.35,10007381,775572,54420,23283433.05,7.75,0.05,549.28,0.78
CMP-03714,2024-03-21,Instagram,Retargeting,Healthcare,Europe,11343.35,3885420,57504,777,293685.89,1.48,0.2,25.89,14.6
CMP-03715,2024-04-25,Google Ads,Conversion,Retail,Middle East,10176.98,1365429,11879,1204,596522.53,0.87,0.86,58.61,8.45
CMP-03716,2022-06-25,LinkedIn,Conversion,Travel,Asia Pacific,45098.44,12428505,165299,4814,2203216.56,1.33,0.27,48.85,9.37
CMP-03717,2022-08-14,Twitter,Conversion,Retail,Middle East,34821.02,7354125,468457,49686,21666546.25,6.37,0.07,622.23,0.7
CMP-03718,2024-01-06,LinkedIn,Conversion,Travel,Europe,36179.99,13476085,947368,94075,35760838.04,7.03,0.04,988.41,0.38
CMP-03719,2024-06-14,Facebook,Retargeting,Education,Latin America,7407.4,3512607,20724,919,61306.39,0.59,0.36,8.28,8.06
CMP-03720,2023-03-18,TikTok,Brand Awareness,Healthcare,Latin America,2199.2,431021,28749,1457,534533.57,6.67,0.08,243.06,1.51
CMP-03721,2022-03-28,Google Ads,Conversion,Tech,Middle East,15315.82,6315712,378311,18371,2788714.08,5.99,0.04,182.08,0.83
CMP-03722,2022-03-18,TikTok,Lead Generation,Food & Beverage,Asia Pacific,39551.35,3896877,134442,9224,3935278.01,3.45,0.29,99.5,4.29
CMP-03723,2022-04-29,Email,Lead Generation,Education,Europe,45534.66,4503162,256229,13439,5899774.23,5.69,0.18,129.57,3.39
CMP-03724,2024-03-23,Email,Brand Awareness,Tech,North America,38800.13,16534486,248017,28449,11830068.61,1.5,0.16,304.9,1.36
CMP-03725,2022-11-16,Twitter,Brand Awareness,Education,Latin America,9230.87,1342921,76412,917,325449.77,5.69,0.12,35.26,10.07
CMP-03726,2024-04-27,Facebook,Engagement,Finance,Asia Pacific,14212.81,6773891,125316,13916,4855425.14,1.85,0.11,341.62,1.02
CMP-03727,2023-04-21,Twitter,Engagement,Retail,Europe,15076.26,5238543,26716,2300,623798.07,0.51,0.56,41.38,6.55
CMP-03728,2022-08-02,Instagram,Lead Generation,Education,Europe,44521.53,11426065,549593,14871,6474625.47,4.81,0.08,145.43,2.99
CMP-03729,2022-03-04,LinkedIn,Lead Generation,Food & Beverage,Middle East,46626.06,13796437,909185,6170,1281486.48,6.59,0.05,27.48,7.56
CMP-03730,2023-04-11,Instagram,Engagement,Finance,Europe,49913.22,3474931,85483,5754,2070461.73,2.46,0.58,41.48,8.67
CMP-03731,2022-03-25,TikTok,Brand Awareness,Retail,North America,29435.22,10427817,543289,57867,21644608.68,5.21,0.05,735.33,0.51
CMP-03732,2022-07-23,Twitter,Retargeting,Finance,Latin America,26388.15,7246235,544916,41159,9645310.53,7.52,0.05,365.52,0.64
CMP-03733,2023-04-06,Facebook,Lead Generation,Travel,Europe,27007.58,1893412,92209,2679,203824.2,4.87,0.29,7.55,10.08
CMP-03734,2023-07-30,Facebook,Retargeting,Travel,North America,43027.96,15183100,212563,15678,3821684.31,1.4,0.2,88.82,2.74
CMP-03735,2023-03-30,TikTok,Brand Awareness,Retail,Europe,49866.9,21141535,1405912,164885,26267479.41,6.65,0.04,526.75,0.3
CMP-03736,2023-05-27,Email,Lead Generation,Travel,Asia Pacific,17912.23,2943658,128637,2577,391653.97,4.37,0.14,21.87,6.95
CMP-03737,2023-01-06,YouTube,Lead Generation,Retail,North America,13093.89,854904,58902,6226,816365.3,6.89,0.22,62.35,2.1
CMP-03738,2024-03-20,Email,Engagement,Food & Beverage,Middle East,4970.31,1191213,85052,7561,1724057.74,7.14,0.06,346.87,0.66
CMP-03739,2023-10-31,Twitter,Retargeting,Food & Beverage,Asia Pacific,21880.56,5924806,125013,3954,1893144.75,2.11,0.18,86.52,5.53
CMP-03740,2022-06-08,Twitter,Retargeting,Retail,Europe,40567.38,18004658,1091082,53542,7836908.3,6.06,0.04,193.18,0.76
CMP-03741,2022-10-17,Facebook,Conversion,Education,Asia Pacific,15250.69,4823018,86814,8152,1885399.35,1.8,0.18,123.63,1.87
CMP-03742,2024-03-12,Twitter,Conversion,Finance,Middle East,7823.77,2324770,104149,6605,2527244.94,4.48,0.08,323.02,1.18
CMP-03743,2023-06-19,YouTube,Retargeting,Education,Latin America,24989.82,11034010,471152,44245,7226985.74,4.27,0.05,289.2,0.56
CMP-03744,2023-11-10,Twitter,Conversion,Education,Middle East,27589.64,5435938,345725,40101,14862084.2,6.36,0.08,538.68,0.69
CMP-03745,2023-12-07,Instagram,Engagement,Food & Beverage,Middle East,5285.09,1463057,103291,9426,2952711.01,7.06,0.05,558.69,0.56
CMP-03746,2024-01-13,YouTube,Retargeting,Education,Middle East,928.2,206977,4760,543,186031.67,2.3,0.2,200.42,1.71
CMP-03747,2023-03-22,Google Ads,Brand Awareness,Tech,North America,36735.68,10618350,809118,12702,3182459.59,7.62,0.05,86.63,2.89
CMP-03748,2022-03-30,Instagram,Lead Generation,Education,Asia Pacific,21063.35,6143823,61438,2076,399206.63,1.0,0.34,18.95,10.15
CMP-03749,2023-07-05,YouTube,Lead Generation,Tech,North America,39539.89,6142081,314474,13144,5483877.07,5.12,0.13,138.69,3.01
CMP-03750,2024-01-26,Instagram,Engagement,Healthcare,Europe,40193.51,19708640,880976,8476,971487.8,4.47,0.05,24.17,4.74
CMP-03751,2022-11-10,LinkedIn,Retargeting,Travel,Europe,26915.0,13390247,153987,6070,2518025.46,1.15,0.17,93.55,4.43
CMP-03752,2022-01-13,Instagram,Brand Awareness,Healthcare,Middle East,10776.83,2872757,168918,16940,919940.41,5.88,0.06,85.36,0.64
CMP-03753,2022-11-24,LinkedIn,Lead Generation,Tech,Asia Pacific,30723.75,10570534,725138,82029,39278261.45,6.86,0.04,1278.43,0.37
CMP-03754,2023-02-18,Twitter,Conversion,Healthcare,Asia Pacific,9777.42,1798850,50367,4742,1304314.19,2.8,0.19,133.4,2.06
CMP-03755,2022-06-08,Instagram,Brand Awareness,Food & Beverage,Asia Pacific,21683.7,9262530,470536,43478,20903998.23,5.08,0.05,964.04,0.5
CMP-03756,2023-05-29,Email,Conversion,Food & Beverage,Asia Pacific,26752.09,7853796,354206,28699,12823522.11,4.51,0.08,479.35,0.93
CMP-03757,2024-01-23,Instagram,Lead Generation,Healthcare,Asia Pacific,9299.08,4450416,95683,7958,818553.68,2.15,0.1,88.03,1.17
CMP-03758,2023-08-31,Email,Brand Awareness,Education,Europe,42775.39,2603545,78366,4022,681536.82,3.01,0.55,15.93,10.64
CMP-03759,2022-10-24,Google Ads,Retargeting,Tech,Latin America,40257.32,5065225,231987,13321,1252475.46,4.58,0.17,31.11,3.02
CMP-03760,2024-02-24,Google Ads,Brand Awareness,Retail,Asia Pacific,30940.6,7528354,580436,20006,6444346.97,7.71,0.05,208.28,1.55
CMP-03761,2023-12-22,Instagram,Conversion,Tech,Europe,8648.21,1447584,59206,5078,2482206.28,4.09,0.15,287.02,1.7
CMP-03762,2022-09-25,Facebook,Brand Awareness,Retail,Middle East,2308.42,791523,4749,213,43620.01,0.6,0.49,18.9,10.84
CMP-03763,2023-03-24,YouTube,Lead Generation,Education,Latin America,20212.05,2859777,178450,4466,574621.28,6.24,0.11,28.43,4.53
CMP-03764,2023-01-29,TikTok,Engagement,Education,Asia Pacific,26883.28,10244933,169041,8222,1238231.06,1.65,0.16,46.06,3.27
CMP-03765,2023-02-12,TikTok,Brand Awareness,Finance,Asia Pacific,17845.04,4455125,301611,2151,408074.27,6.77,0.06,22.87,8.3
CMP-03766,2023-09-25,Twitter,Lead Generation,Retail,Asia Pacific,11325.22,3412369,86332,8263,2831361.83,2.53,0.13,250.01,1.37
CMP-03767,2023-10-31,LinkedIn,Retargeting,Education,Middle East,46035.82,7014536,336697,37133,7543838.45,4.8,0.14,163.87,1.24
CMP-03768,2024-02-27,YouTube,Conversion,Retail,North America,25552.64,5238259,113146,704,44340.62,2.16,0.23,1.74,36.3
CMP-03769,2022-07-30,Twitter,Lead Generation,Education,Latin America,37022.02,8957851,327857,30977,8327744.63,3.66,0.11,224.94,1.2
CMP-03770,2022-06-06,Twitter,Brand Awareness,Travel,Europe,27879.22,12587264,920128,41595,20118044.22,7.31,0.03,721.61,0.67
CMP-03771,2023-08-20,Twitter,Engagement,Food & Beverage,North America,18345.63,2078474,38451,2491,592057.6,1.85,0.48,32.27,7.36
CMP-03772,2022-12-05,Instagram,Conversion,Travel,Middle East,10975.87,4498501,208730,15328,4821665.07,4.64,0.05,439.3,0.72
CMP-03773,2024-01-02,YouTube,Conversion,Tech,Asia Pacific,16919.18,6308564,355172,38070,14446779.45,5.63,0.05,853.87,0.44
CMP-03774,2024-06-07,Facebook,Engagement,Travel,Latin America,24471.07,5017378,270436,4345,988102.22,5.39,0.09,40.38,5.63
CMP-03775,2024-01-02,Google Ads,Brand Awareness,Finance,North America,45655.08,12169837,105877,3459,1431924.87,0.87,0.43,31.36,13.2
CMP-03776,2022-01-30,Twitter,Lead Generation,Tech,Latin America,43003.6,16231556,430136,25367,4471869.09,2.65,0.1,103.99,1.7
CMP-03777,2022-03-08,Facebook,Engagement,Retail,Asia Pacific,14169.25,1758591,44492,3853,705108.26,2.53,0.32,49.76,3.68
CMP-03778,2022-05-12,Google Ads,Engagement,Retail,Middle East,25378.6,12214956,870926,47128,2110162.61,7.13,0.03,83.15,0.54
CMP-03779,2022-05-24,YouTube,Retargeting,Finance,Europe,32440.3,12561997,390678,2732,115087.38,3.11,0.08,3.55,11.87
CMP-03780,2023-09-16,LinkedIn,Lead Generation,Finance,Asia Pacific,17909.57,6503359,464339,28258,12917153.57,7.14,0.04,721.24,0.63
CMP-03781,2023-04-23,Google Ads,Lead Generation,Travel,Latin America,17627.31,2985276,83886,8423,2900017.84,2.81,0.21,164.52,2.09
CMP-03782,2023-11-19,Facebook,Brand Awareness,Food & Beverage,Latin America,5961.42,709784,32508,3348,1020241.05,4.58,0.18,171.14,1.78
CMP-03783,2022-05-03,Google Ads,Brand Awareness,Healthcare,North America,28012.23,7320838,210840,19951,8943865.24,2.88,0.13,319.28,1.4
CMP-03784,2022-09-15,Email,Brand Awareness,Travel,Europe,7192.49,714168,15568,1136,513668.57,2.18,0.46,71.42,6.33
CMP-03785,2022-02-08,TikTok,Retargeting,Food & Beverage,Latin America,15007.9,3627786,90694,1478,297447.34,2.5,0.17,19.82,10.15
CMP-03786,2023-03-13,TikTok,Brand Awareness,Healthcare,Middle East,12591.0,4679637,154895,16073,5466319.26,3.31,0.08,434.14,0.78
CMP-03787,2022-05-20,Facebook,Brand Awareness,Education,Asia Pacific,32058.16,14605570,351994,35551,14592270.09,2.41,0.09,455.18,0.9
CMP-03788,2023-02-01,Facebook,Lead Generation,Healthcare,Latin America,10414.33,4117445,148228,7794,2044568.9,3.6,0.07,196.32,1.34
CMP-03789,2023-07-29,Facebook,Engagement,Healthcare,Middle East,2483.89,559188,22982,2327,228535.85,4.11,0.11,92.01,1.07
CMP-03790,2022-02-04,LinkedIn,Engagement,Tech,Asia Pacific,48830.56,16738786,100432,2310,926059.1,0.6,0.49,18.96,21.14
CMP-03791,2022-02-12,LinkedIn,Conversion,Retail,Latin America,45267.15,8678103,576226,33376,3246335.3,6.64,0.08,71.72,1.36
CMP-03792,2023-05-25,LinkedIn,Retargeting,Tech,North America,24427.62,12012164,69670,3904,1729135.7,0.58,0.35,70.79,6.26
CMP-03793,2022-03-28,TikTok,Brand Awareness,Retail,Asia Pacific,48525.23,4789370,29694,1663,534669.19,0.62,1.63,11.02,29.18
CMP-03794,2022-11-30,LinkedIn,Brand Awareness,Tech,North America,26717.41,8570436,509940,41204,3398801.04,5.95,0.05,127.21,0.65
CMP-03795,2023-01-01,Twitter,Lead Generation,Tech,North America,24474.59,10137489,240258,26227,5793151.51,2.37,0.1,236.7,0.93
CMP-03796,2024-02-10,YouTube,Conversion,Healthcare,Latin America,5299.24,1618720,66043,1363,661708.69,4.08,0.08,124.87,3.89
CMP-03797,2022-07-18,YouTube,Lead Generation,Travel,Middle East,36026.9,2677306,200797,17130,607193.61,7.5,0.18,16.85,2.1
CMP-03798,2022-03-31,Google Ads,Retargeting,Finance,North America,2639.78,874272,55341,3238,832395.71,6.33,0.05,315.33,0.82
CMP-03799,2022-05-25,Facebook,Conversion,Retail,Middle East,16258.58,1278862,15602,568,120195.12,1.22,1.04,7.39,28.62
CMP-03800,2023-07-05,Twitter,Brand Awareness,Finance,Middle East,42033.77,6100222,229978,6155,2218363.26,3.77,0.18,52.78,6.83
CMP-03801,2023-10-12,LinkedIn,Lead Generation,Healthcare,Asia Pacific,8878.11,3728299,96935,10294,1629103.87,2.6,0.09,183.5,0.86
CMP-03802,2022-07-16,Google Ads,Engagement,Retail,Middle East,25839.3,3786035,65498,5477,469636.75,1.73,0.39,18.18,4.72
CMP-03803,2023-01-12,LinkedIn,Engagement,Education,Latin America,37043.47,12196327,948874,45042,19154112.06,7.78,0.04,517.07,0.82
CMP-03804,2023-06-09,Facebook,Retargeting,Tech,Middle East,26022.01,7145794,307983,4937,2066986.81,4.31,0.08,79.43,5.27
CMP-03805,2024-02-21,Twitter,Brand Awareness,Healthcare,Latin America,28784.91,10106281,765045,89785,44204187.44,7.57,0.04,1535.67,0.32
CMP-03806,2022-06-09,YouTube,Conversion,Healthcare,North America,3088.12,1310396,71285,6489,2829940.62,5.44,0.04,916.4,0.48
CMP-03807,2023-05-29,Twitter,Conversion,Retail,Europe,28762.83,12982336,934728,44816,13185070.54,7.2,0.03,458.41,0.64
CMP-03808,2024-03-06,LinkedIn,Engagement,Healthcare,Europe,27744.14,8635571,453367,45816,2009307.86,5.25,0.06,72.42,0.61
CMP-03809,2023-08-05,Email,Conversion,Healthcare,Europe,47212.99,12875552,211159,23352,1892217.12,1.64,0.22,40.08,2.02
CMP-03810,2022-10-18,LinkedIn,Lead Generation,Finance,Asia Pacific,9407.92,3267381,181339,18671,4023263.34,5.55,0.05,427.65,0.5
CMP-03811,2022-07-16,Google Ads,Retargeting,Finance,Latin America,38312.77,13083410,802013,84571,6627765.26,6.13,0.05,172.99,0.45
CMP-03812,2024-02-05,LinkedIn,Engagement,Retail,Europe,41143.09,3184928,121027,13724,1970169.04,3.8,0.34,47.89,3.0
CMP-03813,2022-04-21,TikTok,Conversion,Finance,Latin America,18602.42,6902048,187045,19821,4576745.25,2.71,0.1,246.03,0.94
CMP-03814,2023-12-28,LinkedIn,Lead Generation,Food & Beverage,Latin America,31074.79,10943934,276881,21129,7819778.37,2.53,0.11,251.64,1.47
CMP-03815,2024-05-15,Facebook,Engagement,Healthcare,Middle East,37347.52,15657566,645091,6390,2576308.03,4.12,0.06,68.98,5.84
CMP-03816,2023-12-23,Google Ads,Lead Generation,Travel,Europe,7166.36,3191502,56489,5014,1863488.68,1.77,0.13,260.03,1.43
CMP-03817,2022-07-15,Email,Conversion,Healthcare,Latin America,16209.84,3177239,18110,279,59622.36,0.57,0.9,3.68,58.1
CMP-03818,2023-01-11,YouTube,Lead Generation,Finance,North America,43866.52,11680459,399471,28480,10941342.67,3.42,0.11,249.42,1.54
CMP-03819,2022-07-21,Facebook,Lead Generation,Healthcare,Europe,48866.52,24049132,1322702,41714,18115117.45,5.5,0.04,370.71,1.17
CMP-03820,2023-01-15,Instagram,Conversion,Retail,Asia Pacific,3288.65,1058583,57163,3833,1544510.46,5.4,0.06,469.65,0.86
CMP-03821,2023-01-05,TikTok,Lead Generation,Tech,Middle East,17131.7,7742292,541960,32830,9915932.61,7.0,0.03,578.81,0.52
CMP-03822,2022-11-29,LinkedIn,Brand Awareness,Retail,Europe,6410.84,3022340,74349,1668,57548.66,2.46,0.09,8.98,3.84
CMP-03823,2024-05-19,LinkedIn,Conversion,Healthcare,Latin America,14073.0,6943789,69437,1485,679133.45,1.0,0.2,48.26,9.48
CMP-03824,2023-08-06,Google Ads,Brand Awareness,Finance,Middle East,33574.76,4800211,82083,1226,276563.23,1.71,0.41,8.24,27.39
CMP-03825,2022-08-18,Twitter,Conversion,Retail,North America,26532.17,11703791,744361,14115,6294553.16,6.36,0.04,237.24,1.88
CMP-03826,2023-08-10,LinkedIn,Lead Generation,Finance,Europe,41381.64,13312076,854635,19784,811164.77,6.42,0.05,19.6,2.09
CMP-03827,2022-11-04,Instagram,Conversion,Tech,Europe,42511.48,19406312,1418601,114477,50418416.24,7.31,0.03,1186.0,0.37
CMP-03828,2023-11-12,Instagram,Lead Generation,Healthcare,North America,32849.26,3361399,91093,6221,2029433.07,2.71,0.36,61.78,5.28
CMP-03829,2024-01-06,Twitter,Engagement,Tech,Asia Pacific,4806.43,1541337,58879,664,257976.63,3.82,0.08,53.67,7.24
CMP-03830,2023-06-13,Google Ads,Brand Awareness,Retail,Asia Pacific,48030.05,3364772,99597,10211,2929277.54,2.96,0.48,60.99,4.7
CMP-03831,2022-11-06,YouTube,Retargeting,Food & Beverage,Asia Pacific,25428.84,9910670,365703,30908,7637434.38,3.69,0.07,300.35,0.82
CMP-03832,2023-07-13,LinkedIn,Retargeting,Finance,Middle East,37201.53,3647657,231626,24107,3763044.34,6.35,0.16,101.15,1.54
CMP-03833,2023-08-23,Google Ads,Engagement,Travel,North America,34029.93,16043303,928907,85456,3881821.19,5.79,0.04,114.07,0.4
CMP-03834,2023-04-02,LinkedIn,Conversion,Finance,North America,3803.2,712201,35111,3374,102162.41,4.93,0.11,26.86,1.13
CMP-03835,2022-05-05,Google Ads,Retargeting,Retail,North America,33486.29,9877802,300285,3971,1570814.81,3.04,0.11,46.91,8.43
CMP-03836,2023-12-03,TikTok,Conversion,Travel,Asia Pacific,31002.67,8644830,569694,27076,10018511.17,6.59,0.05,323.15,1.15
CMP-03837,2023-06-20,Google Ads,Engagement,Travel,Middle East,35562.18,10284084,203624,6628,3037583.15,1.98,0.17,85.42,5.37
CMP-03838,2022-11-05,LinkedIn,Engagement,Food & Beverage,Latin America,44422.91,11376606,885099,29775,7228473.91,7.78,0.05,162.72,1.49
CMP-03839,2023-06-09,Google Ads,Brand Awareness,Retail,Middle East,45017.3,3461720,114582,1824,519890.25,3.31,0.39,11.55,24.68
CMP-03840,2023-01-21,Twitter,Engagement,Education,North America,39648.18,8020545,489253,45827,19913570.32,6.1,0.08,502.26,0.87
CMP-03841,2023-04-10,Google Ads,Brand Awareness,Tech,Asia Pacific,24580.03,10953631,513725,24678,6935771.09,4.69,0.05,282.17,1.0
CMP-03842,2024-04-23,Instagram,Retargeting,Tech,Europe,45633.01,11155266,693857,75943,16565803.86,6.22,0.07,363.02,0.6
CMP-03843,2023-12-17,TikTok,Retargeting,Healthcare,Middle East,12754.31,1903670,86426,4194,813903.77,4.54,0.15,63.81,3.04
CMP-03844,2023-02-06,Instagram,Brand Awareness,Travel,North America,24806.58,8696841,388748,12304,818509.12,4.47,0.06,33.0,2.02
CMP-03845,2023-05-16,TikTok,Retargeting,Education,Latin America,41037.23,20294913,629142,65402,14460120.57,3.1,0.07,352.37,0.63
CMP-03846,2024-05-30,TikTok,Conversion,Travel,North America,49115.14,23025788,1247997,103795,30933204.47,5.42,0.04,629.81,0.47
CMP-03847,2022-12-15,YouTube,Retargeting,Education,Middle East,4906.23,619222,30279,1188,135363.95,4.89,0.16,27.59,4.13
CMP-03848,2024-02-19,TikTok,Brand Awareness,Travel,North America,48713.7,6408222,435118,23823,7256842.27,6.79,0.11,148.97,2.04
CMP-03849,2022-03-24,Google Ads,Brand Awareness,Travel,Asia Pacific,14666.97,4511648,221973,5174,1362438.23,4.92,0.07,92.89,2.83
CMP-03850,2022-08-29,Twitter,Engagement,Tech,Middle East,25642.03,11024279,71657,5987,2622738.92,0.65,0.36,102.28,4.28
CMP-03851,2022-08-31,TikTok,Conversion,Healthcare,Middle East,47580.02,17098852,506126,38194,12753644.57,2.96,0.09,268.05,1.25
CMP-03852,2023-07-25,LinkedIn,Lead Generation,Travel,North America,11405.05,1658967,61547,6402,1345543.2,3.71,0.19,117.98,1.78
CMP-03853,2022-01-31,Twitter,Retargeting,Food & Beverage,Europe,47650.0,3619181,228732,2896,1076744.0,6.32,0.21,22.6,16.45
CMP-03854,2023-04-20,Facebook,Conversion,Education,Europe,23531.37,3579560,173250,2759,507284.49,4.84,0.14,21.56,8.53
CMP-03855,2023-12-03,Email,Conversion,Retail,Europe,46924.09,19204451,985188,12602,2540545.11,5.13,0.05,54.14,3.72
CMP-03856,2023-09-17,Instagram,Conversion,Tech,Europe,31968.87,11160790,718754,13556,894351.15,6.44,0.04,27.98,2.36
CMP-03857,2023-12-26,Facebook,Retargeting,Healthcare,Asia Pacific,15674.44,3257753,99035,6116,916138.07,3.04,0.16,58.45,2.56
CMP-03858,2022-07-17,LinkedIn,Engagement,Food & Beverage,Europe,9591.31,2540694,107217,5813,2462569.85,4.22,0.09,256.75,1.65
CMP-03859,2023-01-14,Instagram,Brand Awareness,Education,Europe,40312.3,9902244,441640,17343,5871577.32,4.46,0.09,145.65,2.32
CMP-03860,2023-10-09,Twitter,Brand Awareness,Tech,North America,3740.63,1011950,32281,2948,911675.28,3.19,0.12,243.72,1.27
CMP-03861,2023-08-18,Email,Engagement,Finance,Asia Pacific,40146.32,13044131,65220,5409,2436172.22,0.5,0.62,60.68,7.42
CMP-03862,2022-06-06,Instagram,Conversion,Travel,Middle East,12860.29,4267338,262441,1653,327754.15,6.15,0.05,25.49,7.78
CMP-03863,2023-12-30,Google Ads,Retargeting,Healthcare,Latin America,9799.23,2620221,59216,3606,1000957.94,2.26,0.17,102.15,2.72
CMP-03864,2024-05-14,Email,Lead Generation,Food & Beverage,Latin America,30417.76,9493814,231649,3662,111925.63,2.44,0.13,3.68,8.31
CMP-03865,2024-03-11,Facebook,Retargeting,Healthcare,Asia Pacific,19391.61,5194262,381258,16194,5530625.58,7.34,0.05,285.21,1.2
CMP-03866,2023-10-22,TikTok,Conversion,Healthcare,Europe,9484.41,2486983,155685,11145,1719067.09,6.26,0.06,181.25,0.85
CMP-03867,2022-10-10,Facebook,Conversion,Tech,Europe,43680.3,11313932,246643,13287,1443598.54,2.18,0.18,33.05,3.29
CMP-03868,2023-03-28,TikTok,Lead Generation,Healthcare,Latin America,42051.0,14644066,1112949,104304,28452756.52,7.6,0.04,676.62,0.4
CMP-03869,2023-10-13,Instagram,Conversion,Education,Latin America,44335.56,4799561,35516,2652,973402.49,0.74,1.25,21.96,16.72
CMP-03870,2023-09-10,YouTube,Conversion,Travel,Europe,14830.97,3214600,78114,5699,961666.97,2.43,0.19,64.84,2.6
CMP-03871,2022-11-05,Twitter,Conversion,Retail,North America,48490.84,4605752,176860,16089,6302763.43,3.84,0.27,129.98,3.01
CMP-03872,2023-09-03,TikTok,Engagement,Finance,Latin America,20211.77,2296000,135923,3140,807235.07,5.92,0.15,39.94,6.44
CMP-03873,2024-05-21,YouTube,Brand Awareness,Food & Beverage,North America,38862.59,19153501,1200924,40827,10832820.05,6.27,0.03,278.75,0.95
CMP-03874,2023-04-02,LinkedIn,Conversion,Education,North America,2691.32,659507,15828,529,181558.49,2.4,0.17,67.46,5.09
CMP-03875,2022-03-28,Google Ads,Brand Awareness,Finance,Latin America,2045.23,532360,40352,4069,857420.82,7.58,0.05,419.23,0.5
CMP-03876,2023-01-12,Twitter,Brand Awareness,Retail,Latin America,28678.81,13346982,1031721,112840,50854650.12,7.73,0.03,1773.25,0.25
CMP-03877,2022-01-18,Google Ads,Brand Awareness,Travel,Asia Pacific,20999.99,9346929,278538,31052,6921034.64,2.98,0.08,329.57,0.68
CMP-03878,2023-04-26,Instagram,Brand Awareness,Food & Beverage,North America,38069.5,11771486,413179,32853,13793671.59,3.51,0.09,362.33,1.16
CMP-03879,2024-03-08,Twitter,Conversion,Food & Beverage,Middle East,34013.68,8181974,392734,2935,857951.16,4.8,0.09,25.22,11.59
CMP-03880,2022-03-11,Email,Conversion,Retail,Europe,17959.86,2176326,171494,8228,697923.63,7.88,0.1,38.86,2.18
CMP-03881,2023-04-03,LinkedIn,Conversion,Retail,Europe,12707.61,4196154,28114,427,190810.4,0.67,0.45,15.02,29.76
CMP-03882,2022-06-03,Twitter,Engagement,Education,Latin America,39703.18,4996707,301301,2740,841365.3,6.03,0.13,21.19,14.49
CMP-03883,2024-04-03,LinkedIn,Retargeting,Healthcare,Middle East,26308.71,8287240,362152,34407,14093182.58,4.37,0.07,535.69,0.76
CMP-03884,2024-03-13,Facebook,Conversion,Education,North America,35626.45,6845972,175941,14644,6749586.38,2.57,0.2,189.45,2.43
CMP-03885,2023-08-29,Email,Retargeting,Healthcare,Europe,13499.27,1617389,81839,851,239212.7,5.06,0.16,17.72,15.86
CMP-03886,2024-02-25,Google Ads,Retargeting,Travel,Latin America,38228.04,11260746,630601,35964,16722191.53,5.6,0.06,437.43,1.06
CMP-03887,2024-05-25,Twitter,Retargeting,Healthcare,Europe,32615.23,11909836,251297,18664,9086979.84,2.11,0.13,278.61,1.75
CMP-03888,2022-08-15,Google Ads,Conversion,Education,Europe,37431.95,13661535,964504,50919,11145843.25,7.06,0.04,297.76,0.74
CMP-03889,2023-01-05,Email,Retargeting,Finance,North America,28762.44,11249758,705359,33412,8006955.73,6.27,0.04,278.38,0.86
CMP-03890,2022-06-04,LinkedIn,Engagement,Food & Beverage,Middle East,12003.72,5295953,164704,10964,3021124.22,3.11,0.07,251.68,1.09
CMP-03891,2024-02-15,TikTok,Brand Awareness,Food & Beverage,Latin America,38500.63,4328872,304752,16393,3131720.94,7.04,0.13,81.34,2.35
CMP-03892,2024-03-02,Email,Conversion,Tech,Latin America,24769.6,4213464,223313,8127,1918491.79,5.3,0.11,77.45,3.05
CMP-03893,2024-05-07,TikTok,Lead Generation,Education,North America,44910.6,12240144,717272,73636,16554360.95,5.86,0.06,368.61,0.61
CMP-03894,2023-05-28,Facebook,Conversion,Healthcare,North America,11577.94,4273245,128197,856,387332.87,3.0,0.09,33.45,13.53
CMP-03895,2023-12-27,Google Ads,Conversion,Education,Europe,13249.96,724279,22307,786,196646.93,3.08,0.59,14.84,16.86
CMP-03896,2023-07-06,Google Ads,Conversion,Retail,Europe,36674.23,11033748,645474,40155,9813872.75,5.85,0.06,267.6,0.91
CMP-03897,2024-02-04,YouTube,Engagement,Tech,Asia Pacific,2684.07,864610,12796,189,26250.75,1.48,0.21,9.78,14.2
CMP-03898,2023-05-02,Twitter,Conversion,Tech,North America,11796.62,3958176,278259,33074,10420104.86,7.03,0.04,883.31,0.36
CMP-03899,2024-02-29,TikTok,Lead Generation,Tech,North America,9552.96,1046151,13390,97,6307.77,1.28,0.71,0.66,98.48
CMP-03900,2023-10-14,Facebook,Conversion,Tech,Europe,26365.75,6793230,264935,3809,739572.86,3.9,0.1,28.05,6.92
CMP-03901,2023-05-16,Twitter,Lead Generation,Retail,Latin America,3470.57,1124607,78610,5087,1478437.63,6.99,0.04,425.99,0.68
CMP-03902,2022-05-17,Google Ads,Conversion,Healthcare,Europe,38975.63,18613691,647756,60828,3638508.79,3.48,0.06,93.35,0.64
CMP-03903,2023-12-04,Email,Conversion,Healthcare,Europe,7566.36,3585535,133740,9238,2898046.65,3.73,0.06,383.02,0.82
CMP-03904,2024-05-16,TikTok,Lead Generation,Travel,Asia Pacific,22904.02,3990138,32719,3462,1147017.75,0.82,0.7,50.08,6.62
CMP-03905,2023-04-01,Google Ads,Retargeting,Healthcare,North America,746.03,99701,6181,737,95511.61,6.2,0.12,128.03,1.01
CMP-03906,2024-04-18,LinkedIn,Engagement,Finance,North America,18363.92,7731318,524956,36640,15124928.51,6.79,0.03,823.62,0.5
CMP-03907,2023-07-18,Twitter,Retargeting,Finance,Asia Pacific,17742.9,3706787,30024,1798,364209.2,0.81,0.59,20.53,9.87
CMP-03908,2024-05-06,LinkedIn,Conversion,Retail,North America,32660.31,8676576,404328,36977,11654373.06,4.66,0.08,356.84,0.88
CMP-03909,2023-12-12,Facebook,Retargeting,Food & Beverage,North America,21729.14,8995819,93556,3202,397671.53,1.04,0.23,18.3,6.79
CMP-03910,2024-04-02,Email,Engagement,Tech,North America,27079.28,2586400,20432,868,147658.94,0.79,1.33,5.45,31.2
CMP-03911,2024-02-28,Google Ads,Conversion,Retail,Middle East,28759.31,9746115,572096,14467,3153983.27,5.87,0.05,109.67,1.99
CMP-03912,2024-06-03,Email,Lead Generation,Travel,North America,23000.66,8025931,118783,12175,888141.55,1.48,0.19,38.61,1.89
CMP-03913,2024-01-26,Facebook,Engagement,Education,Latin America,45869.45,15422885,254477,11468,2402032.39,1.65,0.18,52.37,4.0
CMP-03914,2023-02-23,Google Ads,Lead Generation,Tech,Middle East,32560.16,15484045,771105,78931,34861983.48,4.98,0.04,1070.69,0.41
CMP-03915,2022-08-06,Twitter,Brand Awareness,Food & Beverage,Middle East,49615.9,21051557,1663073,17891,8381333.51,7.9,0.03,168.92,2.77
CMP-03916,2023-06-10,TikTok,Lead Generation,Food & Beverage,Asia Pacific,804.2,358042,18045,416,107524.23,5.04,0.04,133.7,1.93
CMP-03917,2022-07-03,YouTube,Lead Generation,Food & Beverage,Asia Pacific,35424.11,3572914,145417,6866,2378144.66,4.07,0.24,67.13,5.16
CMP-03918,2023-06-08,Email,Brand Awareness,Tech,Middle East,42400.18,17375751,373578,19034,9473811.03,2.15,0.11,223.44,2.23
CMP-03919,2023-06-25,Email,Conversion,Finance,Europe,650.12,286533,18280,1855,262688.35,6.38,0.04,404.06,0.35
CMP-03920,2022-01-08,LinkedIn,Conversion,Healthcare,Europe,9244.64,3692870,177996,19186,2300287.85,4.82,0.05,248.82,0.48
CMP-03921,2022-07-25,Google Ads,Conversion,Tech,Europe,49992.04,7569171,320932,37036,11289447.26,4.24,0.16,225.82,1.35
CMP-03922,2024-05-12,LinkedIn,Retargeting,Education,Latin America,17831.77,3017526,70308,7334,2283996.48,2.33,0.25,128.09,2.43
CMP-03923,2023-01-16,LinkedIn,Lead Generation,Food & Beverage,Europe,25392.0,7032731,52745,1789,144735.8,0.75,0.48,5.7,14.19
CMP-03924,2023-05-26,Twitter,Engagement,Tech,Latin America,17311.84,2373729,65514,3256,1112712.4,2.76,0.26,64.27,5.32
CMP-03925,2022-07-07,Facebook,Engagement,Education,Middle East,30232.52,10162777,363827,12104,2159580.71,3.58,0.08,71.43,2.5
CMP-03926,2022-08-19,Twitter,Lead Generation,Retail,Latin America,6592.28,1405562,26565,2134,187052.52,1.89,0.25,28.37,3.09
CMP-03927,2022-08-26,Google Ads,Conversion,Retail,Middle East,11171.72,1243828,24503,1912,138058.09,1.97,0.46,12.36,5.84
CMP-03928,2022-02-04,TikTok,Conversion,Finance,Asia Pacific,9654.92,4252546,216454,18990,9394984.79,5.09,0.04,973.08,0.51
CMP-03929,2024-04-12,Google Ads,Retargeting,Food & Beverage,North America,45653.91,3296934,117700,12028,1759940.29,3.57,0.39,38.55,3.8
CMP-03930,2024-05-28,Email,Brand Awareness,Food & Beverage,Asia Pacific,40115.67,19988802,973454,36684,15882790.01,4.87,0.04,395.92,1.09
CMP-03931,2023-11-18,Instagram,Engagement,Tech,Latin America,9534.95,694161,4789,89,24533.03,0.69,1.99,2.57,107.13
CMP-03932,2022-05-16,TikTok,Retargeting,Tech,Middle East,40301.58,17078802,175911,3263,1350061.95,1.03,0.23,33.5,12.35
CMP-03933,2023-06-25,Google Ads,Engagement,Travel,Middle East,8931.46,3324006,172183,6908,2770483.46,5.18,0.05,310.19,1.29
CMP-03934,2023-11-07,Google Ads,Brand Awareness,Travel,North America,14125.8,6170547,46279,4762,363334.51,0.75,0.31,25.72,2.97
CMP-03935,2022-05-25,Google Ads,Retargeting,Retail,Asia Pacific,36258.58,3709386,198081,13624,3479695.25,5.34,0.18,95.97,2.66
CMP-03936,2023-03-30,Twitter,Engagement,Education,Europe,1297.46,444529,7468,797,192457.22,1.68,0.17,148.33,1.63
CMP-03937,2023-11-04,TikTok,Brand Awareness,Tech,Middle East,44427.83,14621355,576081,8244,716660.72,3.94,0.08,16.13,5.39
CMP-03938,2022-10-10,Instagram,Conversion,Food & Beverage,Latin America,18343.22,5207590,76551,6093,1564939.35,1.47,0.24,85.31,3.01
CMP-03939,2023-02-05,Twitter,Retargeting,Travel,North America,46616.77,19820578,1488525,32357,13040495.26,7.51,0.03,279.74,1.44
CMP-03940,2022-07-18,Instagram,Engagement,Healthcare,Latin America,39982.7,17238109,1273896,84523,38505180.83,7.39,0.03,963.05,0.47
CMP-03941,2023-04-22,Facebook,Brand Awareness,Tech,North America,36182.0,8576075,620907,72939,3225506.29,7.24,0.06,89.15,0.5
CMP-03942,2022-02-12,YouTube,Lead Generation,Food & Beverage,Asia Pacific,7420.58,484302,5278,266,118759.05,1.09,1.41,16.0,27.9
CMP-03943,2022-05-26,LinkedIn,Lead Generation,Food & Beverage,Middle East,30580.85,4599036,352286,36747,5366482.23,7.66,0.09,175.49,0.83
CMP-03944,2023-07-28,Twitter,Retargeting,Food & Beverage,Middle East,33493.78,8021760,310442,9114,3683954.96,3.87,0.11,109.99,3.67
CMP-03945,2023-04-17,Google Ads,Lead Generation,Healthcare,Europe,6493.61,1069107,30255,1123,349801.42,2.83,0.21,53.87,5.78
CMP-03946,2022-09-10,TikTok,Lead Generation,Tech,Latin America,44685.05,12018019,192288,15283,7518863.97,1.6,0.23,168.26,2.92
CMP-03947,2023-07-09,YouTube,Conversion,Education,North America,2221.31,196617,13841,929,369301.31,7.04,0.16,166.25,2.39
CMP-03948,2022-08-05,Instagram,Lead Generation,Food & Beverage,Latin America,43361.06,12578561,637733,68469,13305149.02,5.07,0.07,306.85,0.63
CMP-03949,2023-06-17,YouTube,Conversion,Travel,Europe,23685.45,10583082,443431,37412,10296254.62,4.19,0.05,434.71,0.63
CMP-03950,2022-10-24,Instagram,Retargeting,Travel,Middle East,26921.2,4600809,190933,5018,2394957.83,4.15,0.14,88.96,5.36
CMP-03951,2023-11-27,Google Ads,Retargeting,Finance,Europe,35815.91,17432211,247537,19534,9276179.41,1.42,0.14,259.0,1.83
CMP-03952,2022-02-26,Facebook,Conversion,Food & Beverage,North America,48422.92,22849824,329037,11973,1556374.32,1.44,0.15,32.14,4.04
CMP-03953,2024-04-17,Instagram,Lead Generation,Food & Beverage,North America,7055.08,1982747,90413,3864,1386682.97,4.56,0.08,196.55,1.83
CMP-03954,2022-10-06,LinkedIn,Retargeting,Finance,Asia Pacific,6434.21,1559713,95454,6742,2383344.8,6.12,0.07,370.42,0.95
CMP-03955,2023-04-15,Instagram,Brand Awareness,Travel,Latin America,6892.09,1974925,127185,4693,1194470.68,6.44,0.05,173.31,1.47
CMP-03956,2024-05-31,LinkedIn,Brand Awareness,Tech,Middle East,21524.99,3632459,54123,3294,1353612.58,1.49,0.4,62.89,6.53
CMP-03957,2023-01-18,YouTube,Lead Generation,Retail,North America,9513.82,3750977,285074,12970,1079761.88,7.6,0.03,113.49,0.73
CMP-03958,2023-12-05,Google Ads,Brand Awareness,Healthcare,Asia Pacific,48362.12,7409117,71127,7884,778505.0,0.96,0.68,16.1,6.13
CMP-03959,2024-02-11,Facebook,Brand Awareness,Finance,Asia Pacific,4621.2,1693613,124311,9379,4642596.93,7.34,0.04,1004.63,0.49
CMP-03960,2024-06-18,Facebook,Lead Generation,Travel,Latin America,43022.43,20268259,1240417,20267,9053946.96,6.12,0.03,210.45,2.12
CMP-03961,2024-01-14,Twitter,Lead Generation,Food & Beverage,Europe,18378.28,1415870,7220,79,23662.46,0.51,2.55,1.29,232.64
CMP-03962,2023-05-05,Instagram,Lead Generation,Retail,Middle East,13786.93,4178660,304624,12981,3750828.61,7.29,0.05,272.06,1.06
CMP-03963,2022-03-29,Twitter,Retargeting,Travel,North America,48347.47,6925297,171747,10648,5109813.51,2.48,0.28,105.69,4.54
CMP-03964,2023-12-21,Instagram,Brand Awareness,Travel,Europe,20344.02,9208226,538681,27846,11873684.02,5.85,0.04,583.64,0.73
CMP-03965,2022-02-05,Twitter,Brand Awareness,Tech,Europe,28705.59,4042866,40024,1217,432313.24,0.99,0.72,15.06,23.59
CMP-03966,2023-07-22,Instagram,Conversion,Education,Europe,10876.88,2675894,128175,5715,287363.31,4.79,0.08,26.42,1.9
CMP-03967,2023-08-20,Facebook,Conversion,Retail,Middle East,40531.91,9119759,313719,11328,5576024.08,3.44,0.13,137.57,3.58
CMP-03968,2022-03-10,Google Ads,Conversion,Tech,Europe,39758.71,6064055,95205,4225,876909.45,1.57,0.42,22.06,9.41
CMP-03969,2022-12-12,Instagram,Lead Generation,Education,Middle East,24530.45,9043159,416889,10315,3462378.91,4.61,0.06,141.15,2.38
CMP-03970,2023-01-04,Email,Engagement,Travel,North America,45802.87,20118034,1076314,45690,19325260.98,5.35,0.04,421.92,1.0
CMP-03971,2022-07-27,Email,Retargeting,Travel,Asia Pacific,38591.29,12160511,220105,2555,994728.29,1.81,0.18,25.78,15.1
CMP-03972,2022-10-26,LinkedIn,Retargeting,Retail,Latin America,46291.79,15465209,239710,16797,2271974.76,1.55,0.19,49.08,2.76
CMP-03973,2023-07-16,LinkedIn,Retargeting,Retail,Asia Pacific,30474.02,11635983,103560,795,302255.58,0.89,0.29,9.92,38.33
CMP-03974,2023-07-24,LinkedIn,Brand Awareness,Education,Middle East,43039.92,18338048,1180970,116320,21997588.45,6.44,0.04,511.1,0.37
CMP-03975,2022-07-02,YouTube,Lead Generation,Tech,Europe,40011.44,10599575,810867,11450,434982.38,7.65,0.05,10.87,3.49
CMP-03976,2023-09-17,Google Ads,Retargeting,Education,Middle East,17736.44,6222755,425636,7546,1599253.94,6.84,0.04,90.17,2.35
CMP-03977,2024-06-14,Email,Lead Generation,Food & Beverage,Europe,2614.01,644879,27278,2329,203496.23,4.23,0.1,77.85,1.12
CMP-03978,2022-06-28,YouTube,Brand Awareness,Retail,Latin America,35463.81,2139875,138877,4673,2330155.8,6.49,0.26,65.71,7.59
CMP-03979,2023-09-14,Google Ads,Conversion,Finance,Europe,39381.59,13607971,881796,30518,1077574.84,6.48,0.04,27.36,1.29
CMP-03980,2024-06-07,Google Ads,Brand Awareness,Education,North America,22069.38,2278246,48982,700,147392.18,2.15,0.45,6.68,31.53
CMP-03981,2023-01-31,LinkedIn,Conversion,Healthcare,Latin America,45782.85,21733422,560722,18759,1574917.26,2.58,0.08,34.4,2.44
CMP-03982,2022-02-21,Facebook,Conversion,Education,Europe,46973.11,10469139,314074,13489,2183988.65,3.0,0.15,46.49,3.48
CMP-03983,2024-04-07,Google Ads,Retargeting,Food & Beverage,North America,28528.98,14152194,798183,31418,15449601.57,5.64,0.04,541.54,0.91
CMP-03984,2024-02-08,Email,Retargeting,Retail,Asia Pacific,24080.17,9429685,401704,25386,2274044.64,4.26,0.06,94.44,0.95
CMP-03985,2024-03-20,TikTok,Retargeting,Travel,North America,22025.23,1243855,20523,882,263444.8,1.65,1.07,11.96,24.97
CMP-03986,2023-10-17,Email,Brand Awareness,Finance,North America,33609.08,14093785,920324,13126,824795.41,6.53,0.04,24.54,2.56
CMP-03987,2023-06-07,Facebook,Engagement,Education,Middle East,21896.86,1328982,89706,3951,964118.74,6.75,0.24,44.03,5.54
CMP-03988,2023-01-09,Instagram,Conversion,Education,Middle East,28760.1,2279985,31007,308,142776.86,1.36,0.93,4.96,93.38
CMP-03989,2024-02-03,YouTube,Retargeting,Travel,Asia Pacific,12592.63,1008005,76003,7936,2175236.73,7.54,0.17,172.74,1.59
CMP-03990,2022-02-19,LinkedIn,Brand Awareness,Tech,Europe,29623.27,14765654,970103,15427,2840728.79,6.57,0.03,95.9,1.92
CMP-03991,2023-10-24,TikTok,Lead Generation,Healthcare,Asia Pacific,30758.39,10200412,788491,62600,4417450.88,7.73,0.04,143.62,0.49
CMP-03992,2023-04-23,Facebook,Retargeting,Healthcare,Latin America,19806.01,8966694,517378,20382,3309489.22,5.77,0.04,167.1,0.97
CMP-03993,2024-05-01,YouTube,Retargeting,Retail,Latin America,33306.22,10807904,277763,1834,584998.97,2.57,0.12,17.56,18.16
CMP-03994,2022-07-11,TikTok,Lead Generation,Education,Asia Pacific,10690.5,1458422,15459,1704,850451.15,1.06,0.69,79.55,6.27
CMP-03995,2022-11-03,Twitter,Brand Awareness,Healthcare,North America,18786.34,6018201,234108,25806,2133580.77,3.89,0.08,113.57,0.73
CMP-03996,2022-05-17,YouTube,Retargeting,Healthcare,North America,10199.24,4641950,356037,32169,9284866.86,7.67,0.03,910.35,0.32
CMP-03997,2023-12-08,Instagram,Conversion,Finance,Middle East,926.37,286950,16843,207,40014.06,5.87,0.06,43.19,4.48
CMP-03998,2024-02-21,Twitter,Brand Awareness,Finance,Asia Pacific,38640.17,13224964,1039482,9775,1233526.84,7.86,0.04,31.92,3.95
CMP-03999,2023-01-03,YouTube,Brand Awareness,Education,Middle East,4740.9,1894732,91136,3543,300305.66,4.81,0.05,63.34,1.34
CMP-04000,2023-03-14,YouTube,Conversion,Finance,Latin America,1971.33,865985,59666,2348,702368.18,6.89,0.03,356.29,0.84
CMP-04001,2024-03-15,LinkedIn,Retargeting,Finance,Europe,40691.73,13201759,728737,84513,35920365.77,5.52,0.06,882.74,0.48
CMP-04002,2022-09-02,Email,Brand Awareness,Tech,Middle East,23188.59,3394662,238305,9691,802375.26,7.02,0.1,34.6,2.39
CMP-04003,2023-03-26,TikTok,Conversion,Retail,Latin America,32787.75,4547835,98688,1109,404943.7,2.17,0.33,12.35,29.57
CMP-04004,2023-03-22,Email,Lead Generation,Food & Beverage,Middle East,49277.21,19469311,698948,78182,22495533.38,3.59,0.07,456.51,0.63
CMP-04005,2022-08-30,Facebook,Brand Awareness,Healthcare,Latin America,42827.13,6861286,150262,4898,1038354.8,2.19,0.29,24.25,8.74
CMP-04006,2022-03-19,TikTok,Conversion,Food & Beverage,Europe,28913.7,9710254,444729,19015,5014587.9,4.58,0.07,173.43,1.52
CMP-04007,2022-02-02,YouTube,Conversion,Retail,Asia Pacific,44075.79,18077689,204277,11042,5426897.73,1.13,0.22,123.13,3.99
CMP-04008,2023-01-25,LinkedIn,Brand Awareness,Healthcare,Europe,1493.75,453909,25782,384,73595.71,5.68,0.06,49.27,3.89
CMP-04009,2023-10-26,TikTok,Engagement,Food & Beverage,Europe,37868.87,5625195,435390,44660,13198133.12,7.74,0.09,348.52,0.85
CMP-04010,2023-12-18,YouTube,Conversion,Tech,Latin America,22885.52,10907860,645745,15743,6902557.5,5.92,0.04,301.61,1.45
CMP-04011,2022-09-17,Google Ads,Retargeting,Food & Beverage,Middle East,11991.76,3608207,282883,12782,2661098.53,7.84,0.04,221.91,0.94
CMP-04012,2022-06-10,Facebook,Engagement,Tech,Europe,5790.61,352048,21228,1238,435286.2,6.03,0.27,75.17,4.68
CMP-04013,2022-03-24,Google Ads,Lead Generation,Healthcare,Latin America,28996.02,9453332,203246,20887,8203321.0,2.15,0.14,282.91,1.39
CMP-04014,2023-09-28,YouTube,Engagement,Tech,North America,3994.22,845443,32887,3809,1514753.82,3.89,0.12,379.24,1.05
CMP-04015,2022-09-13,LinkedIn,Brand Awareness,Healthcare,Latin America,38609.34,4642475,320795,36240,13769795.82,6.91,0.12,356.64,1.07
CMP-04016,2022-08-06,TikTok,Lead Generation,Finance,Asia Pacific,22432.61,2038325,54830,3065,378555.85,2.69,0.41,16.88,7.32
CMP-04017,2024-05-09,Email,Engagement,Healthcare,North America,8310.23,665985,7658,775,131534.25,1.15,1.09,15.83,10.72
CMP-04018,2023-05-20,Email,Brand Awareness,Retail,Middle East,29748.71,14172645,630682,3503,1222125.68,4.45,0.05,41.08,8.49
CMP-04019,2023-12-25,Instagram,Retargeting,Retail,Middle East,32165.32,7645568,222486,20864,9312750.32,2.91,0.14,289.53,1.54
CMP-04020,2023-10-26,Instagram,Retargeting,Finance,Latin America,45964.89,22783573,571867,68237,17521266.66,2.51,0.08,381.19,0.67
CMP-04021,2022-10-14,Email,Retargeting,Education,North America,41612.96,15102745,261277,27186,2949188.26,1.73,0.16,70.87,1.53
CMP-04022,2024-03-04,YouTube,Retargeting,Food & Beverage,Latin America,14105.7,1746401,122597,4150,1123908.38,7.02,0.12,79.68,3.4
CMP-04023,2022-02-26,Email,Retargeting,Travel,Europe,34142.37,3926254,61642,593,294730.47,1.57,0.55,8.63,57.58
CMP-04024,2023-06-05,Facebook,Engagement,Healthcare,Europe,48084.64,12797144,989219,59982,23157046.39,7.73,0.05,481.59,0.8
CMP-04025,2023-05-23,LinkedIn,Brand Awareness,Retail,Middle East,9999.77,2133287,100051,7322,2044778.01,4.69,0.1,204.48,1.37
CMP-04026,2024-05-02,Twitter,Engagement,Retail,Middle East,39321.78,2434697,120517,2429,1096013.26,4.95,0.33,27.87,16.19
CMP-04027,2022-07-19,TikTok,Conversion,Education,Europe,37522.78,14483297,1141283,85151,26647723.84,7.88,0.03,710.17,0.44
CMP-04028,2024-05-22,Instagram,Conversion,Finance,Middle East,20385.69,7204752,206055,16219,1674185.01,2.86,0.1,82.13,1.26
CMP-04029,2023-09-24,Twitter,Conversion,Finance,Latin America,3248.89,675970,38530,2438,876368.15,5.7,0.08,269.74,1.33
CMP-04030,2024-02-21,LinkedIn,Brand Awareness,Finance,Europe,26789.94,8744414,577131,26480,2145206.81,6.6,0.05,80.08,1.01
CMP-04031,2023-12-31,Instagram,Lead Generation,Tech,Asia Pacific,46952.27,10418066,402137,34988,6682524.19,3.86,0.12,142.33,1.34
CMP-04032,2024-06-17,TikTok,Retargeting,Education,Europe,19692.61,3393930,209066,13080,6383949.61,6.16,0.09,324.18,1.51
CMP-04033,2023-04-07,Instagram,Engagement,Travel,Asia Pacific,14939.93,1119017,31780,3007,1160240.89,2.84,0.47,77.66,4.97
CMP-04034,2022-12-15,LinkedIn,Brand Awareness,Tech,Asia Pacific,35873.99,16943551,811596,89783,23503072.27,4.79,0.04,655.16,0.4
CMP-04035,2024-05-10,Facebook,Retargeting,Finance,Latin America,42496.77,12820683,751292,18697,7932831.18,5.86,0.06,186.67,2.27
CMP-04036,2022-03-28,YouTube,Lead Generation,Finance,Latin America,32043.78,5973065,243103,17436,3103558.09,4.07,0.13,96.85,1.84
CMP-04037,2023-04-12,Facebook,Lead Generation,Education,Asia Pacific,32134.94,6637881,392298,39317,6213466.84,5.91,0.08,193.36,0.82
CMP-04038,2023-04-18,TikTok,Lead Generation,Education,North America,24302.46,9377511,704251,71635,35655720.76,7.51,0.03,1467.17,0.34
CMP-04039,2023-11-21,TikTok,Conversion,Education,Latin America,43196.99,20838215,1483680,20703,9221873.58,7.12,0.03,213.48,2.09
CMP-04040,2023-02-13,LinkedIn,Lead Generation,Retail,Europe,32734.75,3441560,52311,1860,309535.21,1.52,0.63,9.46,17.6
CMP-04041,2024-06-15,Instagram,Brand Awareness,Tech,Asia Pacific,12250.76,1820244,125414,4710,1902955.49,6.89,0.1,155.33,2.6
CMP-04042,2023-03-29,Instagram,Brand Awareness,Travel,Middle East,37821.42,6393771,312655,6087,1439823.94,4.89,0.12,38.07,6.21
CMP-04043,2024-01-23,Twitter,Conversion,Tech,Latin America,43177.02,19209843,401485,42093,6199117.81,2.09,0.11,143.57,1.03
CMP-04044,2022-11-25,Twitter,Engagement,Retail,Latin America,15604.37,5023466,114032,5853,2356538.63,2.27,0.14,151.02,2.67
CMP-04045,2023-04-12,Email,Lead Generation,Retail,Asia Pacific,31499.53,8826546,619623,71640,31635108.26,7.02,0.05,1004.3,0.44
CMP-04046,2022-06-25,Email,Lead Generation,Food & Beverage,Latin America,7683.98,1394811,10042,202,30552.77,0.72,0.77,3.98,38.04
CMP-04047,2022-08-04,Google Ads,Brand Awareness,Tech,North America,8323.47,2410548,90154,8442,3205600.74,3.74,0.09,385.13,0.99
CMP-04048,2023-07-24,YouTube,Brand Awareness,Tech,Middle East,16224.52,5825788,445090,14386,3748945.6,7.64,0.04,231.07,1.13
CMP-04049,2022-05-11,Twitter,Lead Generation,Finance,Middle East,9497.99,986600,23283,2349,643788.79,2.36,0.41,67.78,4.04
CMP-04050,2023-10-30,YouTube,Retargeting,Finance,North America,48343.97,6065928,354856,6299,3118449.45,5.85,0.14,64.51,7.67
CMP-04051,2022-11-21,Twitter,Lead Generation,Travel,Middle East,12402.31,4169337,287267,30628,1425001.36,6.89,0.04,114.9,0.4
CMP-04052,2022-09-13,LinkedIn,Conversion,Finance,Middle East,39468.68,2211161,164731,18658,6182433.48,7.45,0.24,156.64,2.12
CMP-04053,2022-12-29,Facebook,Retargeting,Tech,North America,46235.94,14223725,849156,74252,35369471.99,5.97,0.05,764.98,0.62
CMP-04054,2023-06-04,Twitter,Retargeting,Education,North America,10873.66,5119290,138220,7133,666829.18,2.7,0.08,61.33,1.52
CMP-04055,2022-03-02,YouTube,Retargeting,Tech,Latin America,45018.75,12868006,757925,46621,10633915.58,5.89,0.06,236.21,0.97
CMP-04056,2023-09-23,Twitter,Conversion,Retail,Europe,41841.87,16540840,107515,9332,2834376.97,0.65,0.39,67.74,4.48
CMP-04057,2023-06-18,Twitter,Conversion,Travel,North America,13079.51,1425381,86378,746,342112.45,6.06,0.15,26.16,17.53
CMP-04058,2023-05-14,TikTok,Engagement,Food & Beverage,Middle East,45241.69,17323580,1323521,20814,8874541.0,7.64,0.03,196.16,2.17
CMP-04059,2024-03-01,Google Ads,Brand Awareness,Healthcare,Europe,26787.66,6069265,234273,14284,3177542.72,3.86,0.11,118.62,1.88
CMP-04060,2023-06-05,YouTube,Engagement,Retail,Middle East,2053.71,219810,10221,503,149460.35,4.65,0.2,72.78,4.08
CMP-04061,2024-02-13,LinkedIn,Lead Generation,Finance,Middle East,12891.95,5391278,98121,9532,420787.42,1.82,0.13,32.64,1.35
CMP-04062,2023-08-26,Instagram,Brand Awareness,Tech,Asia Pacific,41332.76,7399053,196814,4457,681047.86,2.66,0.21,16.48,9.27
CMP-04063,2024-05-29,Instagram,Engagement,Food & Beverage,Europe,24153.4,6935592,409199,8609,1426726.56,5.9,0.06,59.07,2.81
CMP-04064,2022-01-24,Facebook,Conversion,Finance,Latin America,14168.74,5283443,287947,19194,7271849.23,5.45,0.05,513.23,0.74
CMP-04065,2023-08-23,Email,Engagement,Retail,Middle East,34462.26,5120240,279053,29105,9262658.67,5.45,0.12,268.78,1.18
CMP-04066,2023-10-04,Google Ads,Brand Awareness,Finance,Europe,47059.06,16560728,180511,3052,1054277.37,1.09,0.26,22.4,15.42
CMP-04067,2022-06-20,YouTube,Engagement,Healthcare,Europe,34741.23,4386771,199598,14056,5881323.61,4.55,0.17,169.29,2.47
CMP-04068,2023-03-28,Twitter,Lead Generation,Retail,Asia Pacific,43319.42,3151907,219687,15080,2686316.43,6.97,0.2,62.01,2.87
CMP-04069,2023-05-04,Facebook,Engagement,Finance,North America,10339.18,1123884,17982,1232,170244.23,1.6,0.57,16.47,8.39
CMP-04070,2022-01-02,Email,Engagement,Healthcare,Latin America,44546.46,6742476,337123,16909,6985360.14,5.0,0.13,156.81,2.63
CMP-04071,2022-10-10,LinkedIn,Brand Awareness,Finance,Asia Pacific,31002.95,3516527,88616,7532,2135802.03,2.52,0.35,68.89,4.12
CMP-04072,2023-02-21,TikTok,Lead Generation,Tech,Asia Pacific,26565.67,1370053,56583,2522,161893.32,4.13,0.47,6.09,10.53
CMP-04073,2023-09-06,Facebook,Lead Generation,Tech,Europe,24407.2,4066072,115069,4359,182848.73,2.83,0.21,7.49,5.6
CMP-04074,2022-06-25,Email,Conversion,Tech,Europe,14434.14,6336528,114057,8530,4161847.06,1.8,0.13,288.33,1.69
CMP-04075,2022-08-03,LinkedIn,Brand Awareness,Healthcare,Latin America,42610.99,4885670,248680,7430,2905297.73,5.09,0.17,68.18,5.73
CMP-04076,2023-08-28,Google Ads,Engagement,Healthcare,North America,27545.02,6793168,415062,10193,5047735.24,6.11,0.07,183.25,2.7
CMP-04077,2024-04-12,Email,Lead Generation,Finance,Middle East,47949.41,8837726,696412,61504,28360266.97,7.88,0.07,591.46,0.78
CMP-04078,2023-12-28,Facebook,Conversion,Travel,North America,14565.43,808799,57020,320,52104.72,7.05,0.26,3.58,45.52
CMP-04079,2022-11-22,Twitter,Retargeting,Tech,Latin America,20074.96,1656956,22534,662,123829.62,1.36,0.89,6.17,30.32
CMP-04080,2023-07-26,Instagram,Engagement,Healthcare,Asia Pacific,47876.51,2511910,196431,15331,3005315.97,7.82,0.24,62.77,3.12
CMP-04081,2023-11-23,Google Ads,Brand Awareness,Tech,Middle East,13392.79,2538313,98232,5205,2403787.31,3.87,0.14,179.48,2.57
CMP-04082,2023-05-25,Google Ads,Engagement,Tech,Latin America,22298.61,5675595,416588,22872,3520632.8,7.34,0.05,157.89,0.97
CMP-04083,2023-06-28,TikTok,Retargeting,Education,Europe,4664.05,2212598,164838,18981,8954652.24,7.45,0.03,1919.93,0.25
CMP-04084,2024-01-12,Facebook,Brand Awareness,Healthcare,Latin America,18553.43,3462513,140578,6918,2000668.21,4.06,0.13,107.83,2.68
CMP-04085,2022-07-05,Twitter,Lead Generation,Education,North America,17363.65,8132880,509931,56762,9697518.94,6.27,0.03,558.5,0.31
CMP-04086,2022-03-22,LinkedIn,Conversion,Food & Beverage,North America,45880.49,20409194,1387825,48295,3989807.9,6.8,0.03,86.96,0.95
CMP-04087,2024-04-19,LinkedIn,Engagement,Retail,Europe,48870.37,14575358,335233,28204,4373908.25,2.3,0.15,89.5,1.73
CMP-04088,2024-03-16,Email,Retargeting,Tech,North America,42247.01,4605597,33620,2137,763514.27,0.73,1.26,18.07,19.77
CMP-04089,2022-10-23,Instagram,Engagement,Travel,Asia Pacific,28951.34,6067750,296712,28022,5209709.08,4.89,0.1,179.95,1.03
CMP-04090,2022-01-30,Instagram,Retargeting,Tech,Latin America,10145.37,1942225,127021,2610,1264641.2,6.54,0.08,124.65,3.89
CMP-04091,2023-05-01,Email,Brand Awareness,Healthcare,Latin America,28136.91,2686287,209530,1136,353016.08,7.8,0.13,12.55,24.77
CMP-04092,2023-10-20,Facebook,Engagement,Travel,Middle East,44704.74,10109298,443798,35464,15632332.98,4.39,0.1,349.68,1.26
CMP-04093,2024-03-23,YouTube,Retargeting,Finance,North America,37776.46,6162317,306883,4702,254163.96,4.98,0.12,6.73,8.03
CMP-04094,2023-09-20,LinkedIn,Engagement,Finance,Middle East,3945.01,1493381,43457,2208,672532.6,2.91,0.09,170.48,1.79
CMP-04095,2024-04-06,Instagram,Brand Awareness,Tech,North America,32404.97,2688469,116679,10521,4974646.81,4.34,0.28,153.51,3.08
CMP-04096,2024-05-12,TikTok,Retargeting,Finance,Middle East,7365.67,1024358,77441,3180,639639.02,7.56,0.1,86.84,2.32
CMP-04097,2023-03-07,Twitter,Brand Awareness,Education,Asia Pacific,7274.44,1412020,16520,103,46214.54,1.17,0.44,6.35,70.63
CMP-04098,2022-08-24,Google Ads,Retargeting,Food & Beverage,North America,15588.98,4870876,349241,5344,800875.6,7.17,0.04,51.37,2.92
CMP-04099,2023-10-22,Google Ads,Retargeting,Travel,Latin America,28823.48,9995063,373815,16539,1007934.56,3.74,0.08,34.97,1.74
CMP-04100,2023-06-05,Instagram,Engagement,Education,Europe,16345.87,6294186,86230,5615,1546158.46,1.37,0.19,94.59,2.91
CMP-04101,2022-01-07,Email,Conversion,Retail,North America,41142.02,18882690,645787,17414,6392482.18,3.42,0.06,155.38,2.36
CMP-04102,2023-09-26,YouTube,Lead Generation,Healthcare,Middle East,43525.74,18284165,1051339,121231,29591540.27,5.75,0.04,679.86,0.36
CMP-04103,2022-10-30,Email,Retargeting,Tech,North America,9244.01,2918082,145028,1522,349436.99,4.97,0.06,37.8,6.07
CMP-04104,2022-12-24,LinkedIn,Conversion,Food & Beverage,North America,15021.93,1389784,54062,1282,283475.54,3.89,0.28,18.87,11.72
CMP-04105,2023-02-19,TikTok,Retargeting,Healthcare,Europe,29142.67,4489769,297222,15158,3128382.66,6.62,0.1,107.35,1.92
CMP-04106,2023-03-27,YouTube,Conversion,Healthcare,Asia Pacific,4132.65,865268,25958,894,225830.34,3.0,0.16,54.65,4.62
CMP-04107,2023-08-17,Google Ads,Brand Awareness,Healthcare,Middle East,34015.67,1807614,64531,6379,926428.67,3.57,0.53,27.24,5.33
CMP-04108,2023-04-02,TikTok,Lead Generation,Food & Beverage,North America,21567.5,9296432,595901,16737,2041929.05,6.41,0.04,94.68,1.29
CMP-04109,2023-02-21,LinkedIn,Brand Awareness,Healthcare,North America,36844.37,9445629,479837,24677,7771124.42,5.08,0.08,210.92,1.49
CMP-04110,2024-01-17,Twitter,Lead Generation,Food & Beverage,Europe,48518.0,17400933,993593,77967,13765585.61,5.71,0.05,283.72,0.62
CMP-04111,2024-02-12,Google Ads,Lead Generation,Healthcare,Asia Pacific,19130.91,5625622,354414,12026,4635488.39,6.3,0.05,242.3,1.59
CMP-04112,2022-05-08,TikTok,Retargeting,Finance,Europe,19644.71,8588824,68710,6738,3233844.59,0.8,0.29,164.62,2.92
CMP-04113,2023-02-23,Email,Retargeting,Tech,Latin America,23289.42,7697709,304059,14894,5740365.29,3.95,0.08,246.48,1.56
CMP-04114,2022-05-24,Email,Lead Generation,Education,North America,15468.89,7337509,275890,2786,759906.33,3.76,0.06,49.12,5.55
CMP-04115,2023-09-06,Twitter,Lead Generation,Healthcare,North America,28104.57,8190619,642144,37994,9291819.44,7.84,0.04,330.62,0.74
CMP-04116,2023-03-19,Instagram,Brand Awareness,Travel,Middle East,1662.1,275317,18749,1177,486248.6,6.81,0.09,292.55,1.41
CMP-04117,2022-06-27,LinkedIn,Brand Awareness,Travel,Latin America,20796.65,6950977,435826,47257,22128808.72,6.27,0.05,1064.06,0.44
CMP-04118,2023-04-22,Google Ads,Conversion,Education,Middle East,33038.01,12975528,816160,68396,6576274.65,6.29,0.04,199.05,0.48
CMP-04119,2022-12-07,TikTok,Engagement,Food & Beverage,Middle East,10158.92,1030290,61508,4625,1236175.08,5.97,0.17,121.68,2.2
CMP-04120,2023-06-18,Facebook,Retargeting,Food & Beverage,Europe,26589.17,3858814,59039,3540,530761.55,1.53,0.45,19.96,7.51
CMP-04121,2022-02-03,TikTok,Brand Awareness,Finance,Middle East,7105.63,3363832,127825,4761,354770.75,3.8,0.06,49.93,1.49
CMP-04122,2023-04-29,Twitter,Engagement,Tech,Latin America,26753.54,9566143,646671,32653,10992716.62,6.76,0.04,410.89,0.82
CMP-04123,2022-05-09,Google Ads,Retargeting,Healthcare,Middle East,36711.09,2515143,123745,13653,1187004.56,4.92,0.3,32.33,2.69
CMP-04124,2022-06-24,Email,Retargeting,Travel,North America,3063.0,568995,32944,1435,564424.27,5.79,0.09,184.27,2.13
CMP-04125,2023-10-30,Facebook,Brand Awareness,Retail,Asia Pacific,39050.69,11167443,140709,6366,1861710.75,1.26,0.28,47.67,6.13
CMP-04126,2024-01-22,TikTok,Lead Generation,Travel,Asia Pacific,14560.13,5890670,269792,8805,2061321.26,4.58,0.05,141.57,1.65
CMP-04127,2023-08-15,Google Ads,Lead Generation,Food & Beverage,North America,13960.76,4679109,143648,5813,191401.98,3.07,0.1,13.71,2.4
CMP-04128,2023-12-17,Instagram,Retargeting,Finance,North America,37850.4,10117458,553424,63250,8855305.15,5.47,0.07,233.96,0.6
CMP-04129,2022-12-30,Google Ads,Engagement,Healthcare,Europe,27631.6,8398479,534983,41937,12344777.66,6.37,0.05,446.76,0.66
CMP-04130,2022-07-06,TikTok,Conversion,Travel,Asia Pacific,42750.47,19238121,184685,20960,8828035.91,0.96,0.23,206.5,2.04
CMP-04131,2023-05-24,Google Ads,Retargeting,Food & Beverage,Europe,12544.64,3133090,73000,953,402099.41,2.33,0.17,32.05,13.16
CMP-04132,2023-11-09,Email,Brand Awareness,Education,Latin America,36754.28,8674115,225526,4703,1517268.72,2.6,0.16,41.28,7.82
CMP-04133,2022-07-10,Instagram,Lead Generation,Retail,Latin America,20202.28,9321769,567695,26511,1008724.37,6.09,0.04,49.93,0.76
CMP-04134,2022-12-31,LinkedIn,Lead Generation,Education,Middle East,10846.2,4056916,297371,12296,1825411.86,7.33,0.04,168.3,0.88
CMP-04135,2023-03-01,Instagram,Conversion,Healthcare,Latin America,41076.47,12160570,811110,49828,4761043.41,6.67,0.05,115.91,0.82
CMP-04136,2023-07-23,Instagram,Brand Awareness,Travel,Asia Pacific,34338.62,3809316,35426,678,112551.73,0.93,0.97,3.28,50.65
CMP-04137,2023-06-10,Twitter,Engagement,Retail,Latin America,15028.02,3273991,67116,6384,1092064.03,2.05,0.22,72.67,2.35
CMP-04138,2023-11-18,Twitter,Lead Generation,Healthcare,Latin America,13580.27,3580803,184769,8988,1427561.03,5.16,0.07,105.12,1.51
CMP-04139,2022-05-21,Instagram,Brand Awareness,Travel,Asia Pacific,34434.72,9176744,461590,44794,6311994.03,5.03,0.07,183.3,0.77
CMP-04140,2023-12-05,TikTok,Engagement,Food & Beverage,Asia Pacific,7647.81,2577961,18819,181,65672.05,0.73,0.41,8.59,42.25
CMP-04141,2023-07-25,Google Ads,Brand Awareness,Travel,Middle East,13901.64,3943076,26812,2163,957289.49,0.68,0.52,68.86,6.43
CMP-04142,2023-02-07,TikTok,Retargeting,Travel,North America,45656.08,5005891,47555,2386,1105500.51,0.95,0.96,24.21,19.13
CMP-04143,2022-05-01,Google Ads,Retargeting,Education,Europe,25578.95,12535337,492638,47647,11042964.07,3.93,0.05,431.72,0.54
CMP-04144,2024-05-10,TikTok,Lead Generation,Finance,Asia Pacific,23556.7,1451175,48324,734,218111.4,3.33,0.49,9.26,32.09
CMP-04145,2022-06-04,Google Ads,Conversion,Healthcare,Middle East,29061.96,2497371,121122,1154,191385.29,4.85,0.24,6.59,25.18
CMP-04146,2023-11-08,TikTok,Lead Generation,Travel,Middle East,33674.34,11262145,296194,17505,892117.42,2.63,0.11,26.49,1.92
CMP-04147,2023-06-10,TikTok,Engagement,Healthcare,Europe,44265.04,14844930,593797,24062,2433732.47,4.0,0.07,54.98,1.84
CMP-04148,2022-06-16,Google Ads,Retargeting,Travel,Middle East,6351.84,2178857,59047,4106,1646773.0,2.71,0.11,259.26,1.55
CMP-04149,2024-02-12,TikTok,Engagement,Retail,Middle East,37063.53,17410269,673777,27439,1120851.83,3.87,0.06,30.24,1.35
CMP-04150,2022-08-15,Google Ads,Lead Generation,Food & Beverage,Europe,26235.62,5383214,62445,1104,247226.53,1.16,0.42,9.42,23.76
CMP-04151,2022-05-30,Facebook,Retargeting,Finance,Latin America,17446.66,8071435,290571,25983,6388190.7,3.6,0.06,366.16,0.67
CMP-04152,2023-03-15,Facebook,Lead Generation,Healthcare,Latin America,16127.97,3713224,223907,24804,11497371.29,6.03,0.07,712.88,0.65
CMP-04153,2023-01-06,TikTok,Engagement,Finance,Latin America,28441.89,5550696,223137,10154,2525556.49,4.02,0.13,88.8,2.8
CMP-04154,2023-11-07,TikTok,Brand Awareness,Travel,Asia Pacific,3667.61,1230155,90416,5190,1505772.05,7.35,0.04,410.56,0.71
CMP-04155,2023-07-31,Google Ads,Engagement,Tech,Asia Pacific,9358.55,1022587,74342,6704,2215852.01,7.27,0.13,236.77,1.4
CMP-04156,2023-04-30,Instagram,Engagement,Travel,Europe,6594.94,1525139,41331,2967,386549.01,2.71,0.16,58.61,2.22
CMP-04157,2022-12-25,Instagram,Lead Generation,Healthcare,Asia Pacific,41442.66,15755930,280455,33064,3779007.87,1.78,0.15,91.19,1.25
CMP-04158,2022-06-02,Email,Brand Awareness,Healthcare,Latin America,15435.14,4681917,149821,6654,2578928.25,3.2,0.1,167.08,2.32
CMP-04159,2023-06-18,Instagram,Conversion,Travel,Asia Pacific,26587.37,9806635,522693,51965,8128247.84,5.33,0.05,305.72,0.51
CMP-04160,2023-01-09,Instagram,Engagement,Finance,Asia Pacific,47565.58,19458123,1373743,92311,35423141.63,7.06,0.03,744.72,0.52
CMP-04161,2023-11-11,Email,Brand Awareness,Healthcare,Latin America,45585.84,16389172,281893,1746,737875.52,1.72,0.16,16.19,26.11
CMP-04162,2022-11-18,Email,Lead Generation,Finance,North America,15178.48,4351970,130123,8034,1986054.06,2.99,0.12,130.85,1.89
CMP-04163,2023-03-23,Email,Brand Awareness,Retail,Latin America,39301.95,19167213,1443291,108658,9993890.47,7.53,0.03,254.28,0.36
CMP-04164,2023-10-26,TikTok,Conversion,Tech,North America,46309.01,10100952,501007,18055,6684264.48,4.96,0.09,144.34,2.56
CMP-04165,2023-05-30,Facebook,Lead Generation,Retail,North America,11307.26,2143396,120673,7921,470776.45,5.63,0.09,41.63,1.43
CMP-04166,2023-03-26,Instagram,Engagement,Education,North America,38768.64,19104231,962853,73506,27731055.43,5.04,0.04,715.3,0.53
CMP-04167,2023-07-28,Twitter,Lead Generation,Tech,North America,46162.71,7984371,223562,23031,10296055.96,2.8,0.21,223.04,2.0
CMP-04168,2022-10-18,Twitter,Lead Generation,Education,Middle East,41914.19,15687436,913008,69300,33820722.91,5.82,0.05,806.9,0.6
CMP-04169,2022-08-14,Instagram,Retargeting,Finance,Europe,17684.03,1352533,16365,585,149477.75,1.21,1.08,8.45,30.23
CMP-04170,2023-10-07,Facebook,Brand Awareness,Education,North America,16558.72,2476714,115910,13086,4493716.3,4.68,0.14,271.38,1.27
CMP-04171,2023-11-09,Email,Conversion,Food & Beverage,Europe,19825.7,3291168,149419,16840,858894.84,4.54,0.13,43.32,1.18
CMP-04172,2024-01-09,Facebook,Retargeting,Tech,Latin America,48523.8,14566666,393299,29792,947926.39,2.7,0.12,19.54,1.63
CMP-04173,2024-02-01,TikTok,Retargeting,Education,North America,34103.9,5382789,175478,7511,1376878.05,3.26,0.19,40.37,4.54
CMP-04174,2024-01-30,Instagram,Engagement,Travel,North America,49051.19,15839431,584475,68280,17943074.6,3.69,0.08,365.8,0.72
CMP-04175,2023-08-12,Google Ads,Lead Generation,Travel,Europe,22909.51,4006297,62097,1195,439857.74,1.55,0.37,19.2,19.17
CMP-04176,2022-08-15,Email,Retargeting,Retail,Asia Pacific,48857.41,18269954,1246010,93407,27458629.16,6.82,0.04,562.02,0.52
CMP-04177,2022-12-05,Facebook,Retargeting,Education,Europe,17282.86,2331328,46859,1311,275574.23,2.01,0.37,15.94,13.18
CMP-04178,2024-04-04,LinkedIn,Conversion,Retail,North America,36131.59,11926178,654747,13376,2285027.06,5.49,0.06,63.24,2.7
CMP-04179,2022-06-15,Twitter,Retargeting,Travel,Latin America,6655.31,1395949,79987,8287,2623161.19,5.73,0.08,394.15,0.8
CMP-04180,2022-07-15,Twitter,Conversion,Tech,North America,13949.66,887674,8965,312,124582.99,1.01,1.56,8.93,44.71
CMP-04181,2022-08-20,TikTok,Conversion,Healthcare,North America,17806.93,3122490,120528,9699,2131327.24,3.86,0.15,119.69,1.84
CMP-04182,2024-03-02,YouTube,Conversion,Finance,Europe,46369.84,21016420,1094955,101457,46577341.76,5.21,0.04,1004.47,0.46
CMP-04183,2024-04-14,Google Ads,Brand Awareness,Retail,Middle East,30581.34,3543335,95670,7533,2694729.25,2.7,0.32,88.12,4.06
CMP-04184,2023-07-28,Facebook,Engagement,Tech,Asia Pacific,7502.02,3707360,292139,28266,4437973.06,7.88,0.03,591.57,0.27
CMP-04185,2023-09-04,Instagram,Retargeting,Healthcare,Europe,26647.06,11200197,439047,48922,7912471.24,3.92,0.06,296.94,0.54
CMP-04186,2023-09-10,Facebook,Engagement,Finance,Middle East,36545.6,2366508,67208,7241,3035047.34,2.84,0.54,83.05,5.05
CMP-04187,2022-09-23,Facebook,Conversion,Finance,Asia Pacific,41238.45,13180391,802685,42627,6371684.88,6.09,0.05,154.51,0.97
CMP-04188,2024-03-09,Twitter,Brand Awareness,Tech,Asia Pacific,40780.05,17430645,341640,23138,2665640.25,1.96,0.12,65.37,1.76
CMP-04189,2022-01-09,Facebook,Brand Awareness,Healthcare,Europe,48919.86,2765146,60280,3095,1401373.14,2.18,0.81,28.65,15.81
CMP-04190,2022-04-09,LinkedIn,Engagement,Education,Asia Pacific,18484.47,8304341,215082,16010,5966586.96,2.59,0.09,322.79,1.15
CMP-04191,2023-12-03,Twitter,Retargeting,Finance,North America,1015.11,430233,8475,772,273964.38,1.97,0.12,269.89,1.31
CMP-04192,2023-01-08,Google Ads,Brand Awareness,Retail,North America,27971.77,13769272,856448,76800,8273002.62,6.22,0.03,295.76,0.36
CMP-04193,2024-06-13,Instagram,Retargeting,Travel,Middle East,40858.53,13433627,1031702,81414,20734352.59,7.68,0.04,507.47,0.5
CMP-04194,2022-08-20,Email,Lead Generation,Tech,Asia Pacific,25079.32,2129874,38763,442,59080.41,1.82,0.65,2.36,56.74
CMP-04195,2022-11-04,Twitter,Brand Awareness,Education,Middle East,37841.94,18112397,635745,57166,3709086.59,3.51,0.06,98.02,0.66
CMP-04196,2024-02-15,Twitter,Retargeting,Finance,Latin America,25723.48,4998434,184942,1095,497536.08,3.7,0.14,19.34,23.49
CMP-04197,2023-01-30,YouTube,Brand Awareness,Food & Beverage,North America,29325.66,8225460,276375,20455,9949573.83,3.36,0.11,339.28,1.43
CMP-04198,2023-12-14,YouTube,Lead Generation,Finance,Europe,44199.04,4613959,244539,18811,7409464.61,5.3,0.18,167.64,2.35
CMP-04199,2023-06-25,Instagram,Lead Generation,Healthcare,Middle East,13915.05,4715993,115541,2850,1340932.55,2.45,0.12,96.37,4.88
CMP-04200,2023-02-02,YouTube,Engagement,Education,Latin America,39116.2,13146167,987277,57413,4997367.89,7.51,0.04,127.76,0.68
CMP-04201,2023-04-19,Facebook,Lead Generation,Finance,Europe,44473.1,12258917,794377,49904,4183802.46,6.48,0.06,94.07,0.89
CMP-04202,2023-06-11,Google Ads,Brand Awareness,Finance,Europe,17720.33,1366396,49600,5353,367487.53,3.63,0.36,20.74,3.31
CMP-04203,2023-08-08,YouTube,Lead Generation,Healthcare,Asia Pacific,12647.18,3010084,126423,13481,3871954.0,4.2,0.1,306.15,0.94
CMP-04204,2022-09-15,Email,Lead Generation,Education,Asia Pacific,24914.53,7979194,290442,30041,1392956.23,3.64,0.09,55.91,0.83
CMP-04205,2023-10-01,Google Ads,Conversion,Food & Beverage,Europe,14010.09,2913781,154430,10870,623377.79,5.3,0.09,44.49,1.29
CMP-04206,2022-03-17,Twitter,Retargeting,Food & Beverage,Latin America,6345.75,2243984,57221,1896,750300.12,2.55,0.11,118.24,3.35
CMP-04207,2024-02-26,LinkedIn,Brand Awareness,Tech,Asia Pacific,29006.99,10653107,438908,38750,16530719.24,4.12,0.07,569.89,0.75
CMP-04208,2022-03-07,YouTube,Retargeting,Finance,Europe,35891.17,6607284,344900,8672,4330260.95,5.22,0.1,120.65,4.14
CMP-04209,2022-06-13,Instagram,Retargeting,Travel,Middle East,39780.16,18094660,577219,36301,14776562.62,3.19,0.07,371.46,1.1
CMP-04210,2023-08-20,Twitter,Retargeting,Healthcare,North America,30646.14,1971102,117674,3510,1108826.33,5.97,0.26,36.18,8.73
CMP-04211,2023-12-30,LinkedIn,Brand Awareness,Education,Asia Pacific,32776.69,14864901,379054,39939,8200598.16,2.55,0.09,250.2,0.82
CMP-04212,2023-10-13,Google Ads,Brand Awareness,Healthcare,Middle East,40825.69,7534905,407638,43494,12899628.83,5.41,0.1,315.97,0.94
CMP-04213,2023-04-27,YouTube,Brand Awareness,Retail,Asia Pacific,10638.71,4793224,123665,7348,821486.07,2.58,0.09,77.22,1.45
CMP-04214,2023-05-21,Email,Engagement,Travel,Asia Pacific,5172.3,536758,32956,2166,989982.63,6.14,0.16,191.4,2.39
CMP-04215,2022-04-26,TikTok,Engagement,Finance,North America,2558.06,1231048,11694,839,372457.39,0.95,0.22,145.6,3.05
CMP-04216,2024-06-09,Twitter,Engagement,Finance,Europe,39782.6,17737059,418594,18652,1200209.89,2.36,0.1,30.17,2.13
CMP-04217,2023-05-23,YouTube,Brand Awareness,Retail,Middle East,38154.57,14059208,230571,8115,588074.67,1.64,0.17,15.41,4.7
CMP-04218,2022-01-12,LinkedIn,Brand Awareness,Food & Beverage,North America,20224.49,6199477,463100,24025,5594620.74,7.47,0.04,276.63,0.84
CMP-04219,2023-06-05,Email,Engagement,Travel,Asia Pacific,45839.28,19859275,1159781,99409,37741450.29,5.84,0.04,823.34,0.46
CMP-04220,2022-06-10,Twitter,Lead Generation,Travel,Middle East,19526.35,1199899,95032,2990,1422064.21,7.92,0.21,72.83,6.53
CMP-04221,2022-03-01,TikTok,Engagement,Education,North America,8699.61,1138081,56335,5641,1923237.99,4.95,0.15,221.07,1.54
CMP-04222,2024-01-11,Google Ads,Brand Awareness,Tech,North America,27614.99,3637161,73834,402,86706.6,2.03,0.37,3.14,68.69
CMP-04223,2022-04-29,Twitter,Retargeting,Finance,Middle East,8749.49,3637583,102216,6303,1961175.51,2.81,0.09,224.15,1.39
CMP-04224,2022-01-27,Facebook,Conversion,Travel,Asia Pacific,28825.81,10065927,481151,6927,1456094.77,4.78,0.06,50.51,4.16
CMP-04225,2024-03-31,YouTube,Retargeting,Travel,North America,9363.06,4310630,258206,4852,1110569.16,5.99,0.04,118.61,1.93
CMP-04226,2023-03-19,Twitter,Retargeting,Education,North America,8290.26,2989250,102830,6272,1251575.99,3.44,0.08,150.97,1.32
CMP-04227,2024-03-13,TikTok,Engagement,Food & Beverage,Asia Pacific,30365.3,1903575,138199,12518,4319030.8,7.26,0.22,142.24,2.43
CMP-04228,2022-01-11,Facebook,Conversion,Retail,North America,38202.4,13815506,165786,6832,665542.82,1.2,0.23,17.42,5.59
CMP-04229,2022-12-06,Twitter,Retargeting,Travel,Middle East,2571.9,1129282,55786,3421,1366622.3,4.94,0.05,531.37,0.75
CMP-04230,2023-06-09,Email,Brand Awareness,Healthcare,Europe,1159.05,398425,26056,1513,289508.89,6.54,0.04,249.78,0.77
CMP-04231,2023-05-25,YouTube,Engagement,Food & Beverage,Europe,15409.79,6964337,325930,38997,12495350.32,4.68,0.05,810.87,0.4
CMP-04232,2024-01-19,Facebook,Retargeting,Tech,Latin America,27010.81,9731606,87584,3958,338254.69,0.9,0.31,12.52,6.82
CMP-04233,2024-01-10,Google Ads,Engagement,Healthcare,Middle East,42154.86,3409860,199135,3391,1188560.74,5.84,0.21,28.2,12.43
CMP-04234,2024-06-08,Google Ads,Brand Awareness,Tech,Latin America,40564.16,9290524,349323,41286,10007597.85,3.76,0.12,246.71,0.98
CMP-04235,2023-02-13,LinkedIn,Lead Generation,Food & Beverage,Latin America,39553.59,11015710,538668,19617,8626268.33,4.89,0.07,218.09,2.02
CMP-04236,2022-04-21,Google Ads,Engagement,Tech,Middle East,47558.11,20024613,374460,17176,6083693.7,1.87,0.13,127.92,2.77
CMP-04237,2022-06-25,Instagram,Brand Awareness,Travel,Latin America,9116.27,4182709,122971,1985,67318.88,2.94,0.07,7.38,4.59
CMP-04238,2023-11-29,TikTok,Conversion,Healthcare,Middle East,24985.71,11090176,665410,74390,23500266.06,6.0,0.04,940.55,0.34
CMP-04239,2022-11-29,LinkedIn,Conversion,Finance,Europe,19381.21,4577285,156543,936,305852.11,3.42,0.12,15.78,20.71
CMP-04240,2022-01-26,Google Ads,Lead Generation,Tech,Middle East,25640.93,2116004,90564,657,61142.48,4.28,0.28,2.38,39.03
CMP-04241,2023-08-01,Instagram,Engagement,Travel,North America,31776.88,6168055,226984,2283,567154.45,3.68,0.14,17.85,13.92
CMP-04242,2023-04-28,YouTube,Lead Generation,Retail,North America,47834.96,21019982,1280116,100385,34542082.21,6.09,0.04,722.11,0.48
CMP-04243,2022-01-14,Google Ads,Conversion,Healthcare,Middle East,28974.53,6561123,275567,9053,3894987.29,4.2,0.11,134.43,3.2
CMP-04244,2022-10-03,TikTok,Retargeting,Healthcare,North America,49267.74,13689144,447635,14005,3622709.91,3.27,0.11,73.53,3.52
CMP-04245,2022-10-17,Google Ads,Engagement,Food & Beverage,Asia Pacific,25167.69,9297550,245455,8957,3936897.3,2.64,0.1,156.43,2.81
CMP-04246,2023-05-15,Google Ads,Engagement,Finance,Latin America,991.87,467538,33195,2803,1242308.68,7.1,0.03,1252.49,0.35
CMP-04247,2024-04-03,YouTube,Lead Generation,Travel,Europe,45879.68,5516595,191977,23035,9218160.5,3.48,0.24,200.92,1.99
CMP-04248,2023-02-15,Twitter,Brand Awareness,Retail,Europe,6976.25,3323373,257561,5567,1442864.55,7.75,0.03,206.83,1.25
CMP-04249,2022-03-03,Twitter,Brand Awareness,Travel,Latin America,10091.48,612816,9253,736,302734.04,1.51,1.09,30.0,13.71
CMP-04250,2024-03-19,Email,Lead Generation,Travel,North America,32694.67,14726488,1051471,46816,17099109.65,7.14,0.03,522.99,0.7
CMP-04251,2023-05-12,YouTube,Brand Awareness,Retail,Europe,31909.19,10208344,340958,2524,929506.0,3.34,0.09,29.13,12.64
CMP-04252,2022-09-29,Twitter,Retargeting,Tech,Middle East,41179.26,7959300,504619,10315,4887338.2,6.34,0.08,118.68,3.99
CMP-04253,2022-01-27,Facebook,Engagement,Retail,Europe,14575.88,1472601,10160,179,48995.26,0.69,1.43,3.36,81.43
CMP-04254,2022-07-27,LinkedIn,Retargeting,Healthcare,North America,48852.44,21014905,1044440,77278,38399915.82,4.97,0.05,786.04,0.63
CMP-04255,2022-03-25,TikTok,Lead Generation,Travel,North America,23423.88,1774592,113751,10455,1631527.31,6.41,0.21,69.65,2.24
CMP-04256,2022-12-11,Twitter,Engagement,Retail,North America,15197.67,4412538,195916,16321,5759612.41,4.44,0.08,378.98,0.93
CMP-04257,2023-03-14,TikTok,Conversion,Retail,Asia Pacific,47431.23,7374553,255896,16516,1875840.97,3.47,0.19,39.55,2.87
CMP-04258,2022-09-02,Email,Lead Generation,Tech,Latin America,48129.31,12036873,929246,84620,16474985.8,7.72,0.05,342.31,0.57
CMP-04259,2023-10-27,TikTok,Engagement,Food & Beverage,Europe,33543.65,1917123,13994,242,77743.04,0.73,2.4,2.32,138.61
CMP-04260,2024-04-09,YouTube,Brand Awareness,Healthcare,Latin America,22695.92,5813843,419178,42121,20391150.64,7.21,0.05,898.45,0.54
CMP-04261,2022-12-25,Twitter,Lead Generation,Retail,Europe,554.03,75336,5537,623,272707.91,7.35,0.1,492.23,0.89
CMP-04262,2022-06-23,TikTok,Retargeting,Travel,Asia Pacific,21782.6,7566651,354119,38584,18472532.88,4.68,0.06,848.04,0.56
CMP-04263,2024-02-01,LinkedIn,Retargeting,Tech,Asia Pacific,43169.07,5516966,40273,456,136936.17,0.73,1.07,3.17,94.67
CMP-04264,2022-12-06,Twitter,Engagement,Education,Asia Pacific,4392.45,1591514,28010,2797,686774.97,1.76,0.16,156.35,1.57
CMP-04265,2024-04-09,TikTok,Conversion,Travel,Middle East,7481.39,1428221,60556,5844,1516647.34,4.24,0.12,202.72,1.28
CMP-04266,2023-05-08,TikTok,Conversion,Travel,Latin America,17372.24,2167506,25793,2662,267780.49,1.19,0.67,15.41,6.53
CMP-04267,2022-07-01,Twitter,Conversion,Food & Beverage,Europe,31294.85,11937011,744869,68452,3099734.85,6.24,0.04,99.05,0.46
CMP-04268,2024-05-10,Email,Conversion,Retail,Latin America,17109.34,3612020,277403,11696,3949497.63,7.68,0.06,230.84,1.46
CMP-04269,2023-05-09,Instagram,Engagement,Education,Middle East,11607.33,2438803,105356,4397,1048207.75,4.32,0.11,90.31,2.64
CMP-04270,2023-04-01,Twitter,Conversion,Food & Beverage,Asia Pacific,45654.64,10896491,295294,25189,12297030.96,2.71,0.15,269.35,1.81
CMP-04271,2022-11-10,TikTok,Lead Generation,Retail,Middle East,25400.09,3553538,95945,7897,2619811.88,2.7,0.26,103.14,3.22
CMP-04272,2022-03-23,Email,Lead Generation,Finance,Asia Pacific,10438.1,2355426,16487,1704,563249.01,0.7,0.63,53.96,6.13
CMP-04273,2023-12-04,YouTube,Engagement,Healthcare,Latin America,41651.98,15744148,403050,47793,23436170.71,2.56,0.1,562.67,0.87
CMP-04274,2022-06-22,TikTok,Lead Generation,Travel,Asia Pacific,36601.17,4644767,87321,5440,2696840.8,1.88,0.42,73.68,6.73
CMP-04275,2022-02-06,LinkedIn,Retargeting,Retail,North America,3926.13,1328558,104424,10291,4645118.84,7.86,0.04,1183.13,0.38
CMP-04276,2024-05-04,Email,Lead Generation,Education,Middle East,32498.29,3590343,44161,301,74054.05,1.23,0.74,2.28,107.97
CMP-04277,2023-04-04,Facebook,Lead Generation,Finance,Latin America,32347.85,3418331,54351,6049,1825061.9,1.59,0.6,56.42,5.35
CMP-04278,2023-02-23,Email,Lead Generation,Education,Latin America,19416.62,6896493,266204,17480,2748188.55,3.86,0.07,141.54,1.11
CMP-04279,2022-06-10,Email,Retargeting,Food & Beverage,Middle East,30465.12,8500534,465829,27068,8225455.9,5.48,0.07,270.0,1.13
CMP-04280,2024-05-09,TikTok,Lead Generation,Healthcare,North America,38313.1,15478813,382326,38836,5816239.65,2.47,0.1,151.81,0.99
CMP-04281,2022-06-22,Facebook,Retargeting,Travel,Asia Pacific,21838.09,6391154,473584,33816,4107601.52,7.41,0.05,188.09,0.65
CMP-04282,2023-04-05,TikTok,Retargeting,Education,Asia Pacific,28830.0,4887562,92374,2909,470689.36,1.89,0.31,16.33,9.91
CMP-04283,2023-01-27,Google Ads,Retargeting,Finance,Asia Pacific,35155.05,11132029,592223,64063,2438246.55,5.32,0.06,69.36,0.55
CMP-04284,2024-04-17,Twitter,Conversion,Education,North America,34403.28,14417184,892423,94751,29350442.28,6.19,0.04,853.13,0.36
CMP-04285,2022-04-25,Instagram,Engagement,Education,Latin America,43341.46,4971942,375381,11345,2769708.33,7.55,0.12,63.9,3.82
CMP-04286,2023-08-26,Email,Lead Generation,Education,Asia Pacific,4389.88,1778551,106179,2048,640958.46,5.97,0.04,146.01,2.14
CMP-04287,2023-03-24,LinkedIn,Engagement,Healthcare,Latin America,4386.88,1423854,60229,5812,1032252.86,4.23,0.07,235.3,0.75
CMP-04288,2022-02-03,Email,Engagement,Retail,Latin America,42583.36,5438364,271918,3475,870638.41,5.0,0.16,20.45,12.25
CMP-04289,2023-03-13,TikTok,Engagement,Tech,Asia Pacific,21472.09,4573691,265731,26231,2116214.22,5.81,0.08,98.56,0.82
CMP-04290,2022-09-22,Facebook,Conversion,Travel,Asia Pacific,47088.69,10482184,81761,7692,544245.77,0.78,0.58,11.56,6.12
CMP-04291,2024-05-10,Twitter,Conversion,Retail,Middle East,35171.66,9677420,120967,4946,374531.87,1.25,0.29,10.65,7.11
CMP-04292,2023-03-08,LinkedIn,Brand Awareness,Education,Middle East,880.22,223898,14351,993,393352.0,6.41,0.06,446.88,0.89
CMP-04293,2023-06-01,Twitter,Brand Awareness,Tech,North America,8943.21,929043,60759,4961,273622.68,6.54,0.15,30.6,1.8
CMP-04294,2022-02-05,TikTok,Lead Generation,Retail,Asia Pacific,13775.75,3908643,53939,1388,234929.18,1.38,0.26,17.05,9.92
CMP-04295,2023-01-25,Facebook,Retargeting,Healthcare,Middle East,38880.74,16694926,737915,25666,8781239.36,4.42,0.05,225.85,1.51
CMP-04296,2024-02-04,Facebook,Brand Awareness,Food & Beverage,North America,9107.81,1287124,53930,6179,2638229.37,4.19,0.17,289.67,1.47
CMP-04297,2022-04-25,Email,Conversion,Travel,Middle East,29050.65,5446734,233120,10957,884528.48,4.28,0.12,30.45,2.65
CMP-04298,2023-04-06,LinkedIn,Engagement,Tech,Middle East,28121.71,5861513,430821,12589,5227173.32,7.35,0.07,185.88,2.23
CMP-04299,2023-10-24,TikTok,Retargeting,Tech,Latin America,12501.27,2311103,146755,2558,161024.53,6.35,0.09,12.88,4.89
CMP-04300,2024-05-11,Google Ads,Engagement,Finance,Europe,43704.18,14641065,257682,25491,3567344.62,1.76,0.17,81.62,1.71
CMP-04301,2023-02-21,Twitter,Brand Awareness,Healthcare,Middle East,19150.99,8718358,641671,49766,11753756.97,7.36,0.03,613.74,0.38
CMP-04302,2022-04-21,YouTube,Brand Awareness,Retail,Middle East,33763.83,8045237,206762,17521,3206815.17,2.57,0.16,94.98,1.93
CMP-04303,2022-07-19,Facebook,Brand Awareness,Finance,Europe,28642.86,10671391,156869,14566,3050668.01,1.47,0.18,106.51,1.97
CMP-04304,2023-10-23,Email,Conversion,Travel,Middle East,39799.74,13476532,737166,43915,12604082.79,5.47,0.05,316.69,0.91
CMP-04305,2022-09-28,LinkedIn,Lead Generation,Finance,North America,14481.62,4618965,268361,10094,3036592.45,5.81,0.05,209.69,1.43
CMP-04306,2022-09-07,Facebook,Engagement,Travel,Europe,5565.69,971099,11070,802,101917.97,1.14,0.5,18.31,6.94
CMP-04307,2022-05-28,YouTube,Retargeting,Finance,Asia Pacific,1922.54,792505,15136,985,330218.02,1.91,0.13,171.76,1.95
CMP-04308,2023-08-02,Facebook,Brand Awareness,Food & Beverage,Latin America,36157.52,16422766,589577,52186,8617869.15,3.59,0.06,238.34,0.69
CMP-04309,2023-09-12,YouTube,Lead Generation,Travel,Asia Pacific,30056.7,5455756,100931,8378,1514603.2,1.85,0.3,50.39,3.59
CMP-04310,2024-02-08,LinkedIn,Lead Generation,Healthcare,Middle East,3764.23,1663625,123773,12911,5443105.24,7.44,0.03,1446.01,0.29
CMP-04311,2023-01-25,Google Ads,Lead Generation,Healthcare,Middle East,38552.2,13772543,322277,12203,3844802.31,2.34,0.12,99.73,3.16
CMP-04312,2023-04-30,Google Ads,Brand Awareness,Tech,Asia Pacific,47609.4,11907285,397703,38426,4449824.16,3.34,0.12,93.47,1.24
CMP-04313,2024-02-20,Facebook,Engagement,Food & Beverage,Asia Pacific,49653.13,24147401,705104,25151,10190280.46,2.92,0.07,205.23,1.97
CMP-04314,2022-06-17,Facebook,Brand Awareness,Healthcare,Europe,28762.04,7158596,267731,5680,2789716.83,3.74,0.11,96.99,5.06
CMP-04315,2022-05-27,LinkedIn,Brand Awareness,Food & Beverage,Middle East,22351.64,9291149,134721,15415,4573866.17,1.45,0.17,204.63,1.45
CMP-04316,2022-06-15,Twitter,Engagement,Tech,Latin America,26960.94,9005173,81947,3335,1219109.8,0.91,0.33,45.22,8.08
CMP-04317,2022-04-06,Google Ads,Engagement,Food & Beverage,Asia Pacific,45784.75,17191154,283654,16786,6255254.24,1.65,0.16,136.62,2.73
CMP-04318,2023-01-12,Twitter,Retargeting,Finance,Middle East,20993.2,2597948,162891,14392,5531694.97,6.27,0.13,263.5,1.46
CMP-04319,2024-01-18,Email,Retargeting,Healthcare,Asia Pacific,33713.49,16421262,320214,27492,12578456.5,1.95,0.11,373.1,1.23
CMP-04320,2023-03-15,YouTube,Conversion,Retail,North America,31608.24,2638126,97874,6107,1755520.25,3.71,0.32,55.54,5.18
CMP-04321,2022-04-27,Google Ads,Lead Generation,Education,Europe,36584.55,2861713,86996,2221,590242.02,3.04,0.42,16.13,16.47
CMP-04322,2022-09-16,Google Ads,Conversion,Travel,Middle East,43799.66,9015975,131633,7554,1777250.99,1.46,0.33,40.58,5.8
CMP-04323,2022-02-23,TikTok,Lead Generation,Tech,Middle East,33615.97,11156190,265517,20168,2247781.49,2.38,0.13,66.87,1.67
CMP-04324,2022-06-12,Twitter,Engagement,Travel,Middle East,4410.65,1378309,28668,2681,369566.57,2.08,0.15,83.79,1.65
CMP-04325,2023-10-12,Facebook,Retargeting,Food & Beverage,North America,28852.46,4033949,41953,4977,878224.3,1.04,0.69,30.44,5.8
CMP-04326,2023-10-02,TikTok,Engagement,Travel,Middle East,35368.24,16130162,703275,44727,1590701.81,4.36,0.05,44.98,0.79
CMP-04327,2023-10-22,Facebook,Brand Awareness,Education,Latin America,10071.63,4120955,316077,21425,8422212.63,7.67,0.03,836.23,0.47
CMP-04328,2023-02-17,TikTok,Lead Generation,Tech,Asia Pacific,24483.91,10486491,239091,10531,3439720.49,2.28,0.1,140.49,2.32
CMP-04329,2022-12-06,Twitter,Engagement,Travel,Latin America,20864.47,9661571,205791,4947,1668456.79,2.13,0.1,79.97,4.22
CMP-04330,2023-03-10,TikTok,Lead Generation,Education,Asia Pacific,8469.53,1599916,86395,5116,531951.23,5.4,0.1,62.81,1.66
CMP-04331,2023-09-12,Facebook,Lead Generation,Education,Latin America,44297.3,10078768,667214,54685,19796057.82,6.62,0.07,446.89,0.81
CMP-04332,2023-06-04,Instagram,Brand Awareness,Retail,Europe,47588.96,9372558,519239,38645,9827172.28,5.54,0.09,206.5,1.23
CMP-04333,2023-07-26,Facebook,Retargeting,Finance,Asia Pacific,11138.5,651360,26836,1081,74804.58,4.12,0.42,6.72,10.3
CMP-04334,2022-11-28,LinkedIn,Conversion,Healthcare,Europe,36096.32,5733284,335970,8423,915230.79,5.86,0.11,25.36,4.29
CMP-04335,2023-04-24,Email,Engagement,Education,North America,15408.35,4558468,339605,2161,487215.21,7.45,0.05,31.62,7.13
CMP-04336,2022-12-25,Google Ads,Brand Awareness,Travel,North America,35941.47,13747992,202095,2942,1223571.87,1.47,0.18,34.04,12.22
CMP-04337,2023-01-31,Email,Lead Generation,Education,Europe,18633.54,3501840,184196,5697,2461144.43,5.26,0.1,132.08,3.27
CMP-04338,2022-02-25,Facebook,Lead Generation,Education,Europe,34558.33,3116308,133377,8341,1796715.5,4.28,0.26,51.99,4.14
CMP-04339,2022-09-14,Instagram,Brand Awareness,Education,Europe,23878.14,2596920,132183,13571,4940547.92,5.09,0.18,206.91,1.76
CMP-04340,2022-05-16,Twitter,Engagement,Food & Beverage,Asia Pacific,39445.74,18669943,1392777,112169,13300019.58,7.46,0.03,337.17,0.35
CMP-04341,2022-07-24,Facebook,Conversion,Education,Europe,14922.37,5079440,62985,6505,2988799.74,1.24,0.24,200.29,2.29
CMP-04342,2024-01-23,Instagram,Brand Awareness,Finance,Asia Pacific,14022.18,2020022,100799,6951,3228688.35,4.99,0.14,230.26,2.02
CMP-04343,2022-01-06,Google Ads,Lead Generation,Food & Beverage,Latin America,27995.14,13460562,799557,90517,18082838.58,5.94,0.04,645.93,0.31
CMP-04344,2022-01-28,LinkedIn,Lead Generation,Retail,Asia Pacific,32436.34,13062034,892136,89405,36596565.31,6.83,0.04,1128.26,0.36
CMP-04345,2023-09-02,Facebook,Brand Awareness,Healthcare,Europe,26528.07,7281215,511141,35782,3764556.33,7.02,0.05,141.91,0.74
CMP-04346,2023-03-04,YouTube,Lead Generation,Tech,Middle East,16840.41,5005557,350889,17541,2418417.9,7.01,0.05,143.61,0.96
CMP-04347,2022-09-04,Google Ads,Conversion,Tech,Middle East,6546.32,851899,52647,4719,536887.75,6.18,0.12,82.01,1.39
CMP-04348,2024-01-15,YouTube,Conversion,Healthcare,North America,34910.08,16800642,529220,18624,1296077.5,3.15,0.07,37.13,1.87
CMP-04349,2022-01-08,YouTube,Brand Awareness,Food & Beverage,Middle East,40593.84,13787435,835518,86628,11258129.69,6.06,0.05,277.34,0.47
CMP-04350,2023-10-21,Google Ads,Lead Generation,Education,Asia Pacific,11367.3,2047676,89892,5356,1322680.82,4.39,0.13,116.36,2.12
CMP-04351,2023-11-09,YouTube,Lead Generation,Travel,Europe,12574.83,4148280,256363,30629,7111488.94,6.18,0.05,565.53,0.41
CMP-04352,2022-03-15,Email,Retargeting,Healthcare,North America,15045.93,2022616,64319,2143,776992.29,3.18,0.23,51.64,7.02
CMP-04353,2023-11-02,YouTube,Brand Awareness,Retail,Latin America,22832.27,8500973,295833,26985,8089429.83,3.48,0.08,354.3,0.85
CMP-04354,2023-07-13,YouTube,Lead Generation,Tech,Latin America,43819.76,3172857,74244,841,78485.3,2.34,0.59,1.79,52.1
CMP-04355,2023-10-08,Email,Conversion,Healthcare,North America,28743.75,4900775,262191,29566,14498823.84,5.35,0.11,504.42,0.97
CMP-04356,2023-06-06,LinkedIn,Engagement,Healthcare,Asia Pacific,6506.41,905195,19642,347,159620.86,2.17,0.33,24.53,18.75
CMP-04357,2023-01-07,Twitter,Conversion,Tech,Middle East,31823.92,13994464,709519,7599,623562.84,5.07,0.04,19.59,4.19
CMP-04358,2023-11-10,Instagram,Conversion,Travel,Latin America,14032.45,1160839,35986,2493,708312.91,3.1,0.39,50.48,5.63
CMP-04359,2024-02-29,Google Ads,Retargeting,Healthcare,Middle East,24873.08,12383562,835890,14364,2623639.63,6.75,0.03,105.48,1.73
CMP-04360,2024-04-24,Twitter,Conversion,Food & Beverage,Middle East,27188.57,11267778,591558,3257,600128.4,5.25,0.05,22.07,8.35
CMP-04361,2023-11-10,Facebook,Engagement,Healthcare,North America,17777.48,4602969,158342,15910,5641503.46,3.44,0.11,317.34,1.12
CMP-04362,2023-02-28,Google Ads,Conversion,Travel,Latin America,29570.98,6159616,323379,7949,3665440.18,5.25,0.09,123.95,3.72
CMP-04363,2023-10-29,Email,Conversion,Finance,Europe,22886.31,11003397,169452,8382,2441132.52,1.54,0.14,106.66,2.73
CMP-04364,2023-02-20,Google Ads,Engagement,Education,Europe,7952.39,1707968,104356,7034,2184981.61,6.11,0.08,274.76,1.13
CMP-04365,2024-06-06,Twitter,Conversion,Retail,Asia Pacific,18540.86,8018739,88206,6940,2676538.67,1.1,0.21,144.36,2.67
CMP-04366,2023-06-30,TikTok,Engagement,Healthcare,Middle East,29212.23,9963002,478224,16349,7001939.56,4.8,0.06,239.69,1.79
CMP-04367,2022-12-15,Facebook,Brand Awareness,Tech,Latin America,596.13,138503,8988,771,187562.69,6.49,0.07,314.63,0.77
CMP-04368,2024-05-24,Twitter,Brand Awareness,Travel,Latin America,48832.04,17418776,285667,8970,1399126.59,1.64,0.17,28.65,5.44
CMP-04369,2022-01-01,LinkedIn,Conversion,Food & Beverage,Latin America,36347.42,12054357,138625,13573,3866312.7,1.15,0.26,106.37,2.68
CMP-04370,2022-03-01,LinkedIn,Conversion,Food & Beverage,Asia Pacific,41924.85,8276305,103453,7106,761891.62,1.25,0.41,18.17,5.9
CMP-04371,2022-01-08,Facebook,Conversion,Healthcare,North America,49184.16,13254122,283638,14329,4988820.65,2.14,0.17,101.43,3.43
CMP-04372,2022-01-19,Instagram,Retargeting,Tech,Asia Pacific,43709.09,11787899,884092,85389,17200089.93,7.5,0.05,393.51,0.51
CMP-04373,2024-05-06,Email,Engagement,Education,Europe,17221.55,3349296,241149,4235,281777.37,7.2,0.07,16.36,4.07
CMP-04374,2023-10-25,Email,Retargeting,Travel,Latin America,37186.18,13738552,519317,37814,5541927.94,3.78,0.07,149.03,0.98
CMP-04375,2023-07-30,Twitter,Retargeting,Finance,Middle East,21483.72,8514282,487016,31283,12342642.75,5.72,0.04,574.51,0.69
CMP-04376,2024-04-04,LinkedIn,Lead Generation,Education,Middle East,15559.03,904276,55251,2821,877823.39,6.11,0.28,56.42,5.52
CMP-04377,2022-03-22,TikTok,Conversion,Finance,Europe,25466.13,6526763,422934,15508,6119190.35,6.48,0.06,240.29,1.64
CMP-04378,2024-01-09,Email,Conversion,Travel,Middle East,45605.3,6005949,347143,35124,7009200.2,5.78,0.13,153.69,1.3
CMP-04379,2022-02-20,YouTube,Brand Awareness,Education,Europe,36210.36,3611642,224282,19638,9493882.78,6.21,0.16,262.19,1.84
CMP-04380,2024-01-18,TikTok,Engagement,Retail,Middle East,21287.81,1137388,59030,3981,1028404.49,5.19,0.36,48.31,5.35
CMP-04381,2023-02-27,Twitter,Conversion,Retail,Europe,25194.55,11275880,721656,74859,8691012.42,6.4,0.03,344.96,0.34
CMP-04382,2024-02-21,TikTok,Brand Awareness,Food & Beverage,North America,46662.17,19846628,132972,11140,953085.29,0.67,0.35,20.43,4.19
CMP-04383,2022-06-12,TikTok,Engagement,Tech,Asia Pacific,32886.95,9061956,329855,6015,267359.99,3.64,0.1,8.13,5.47
CMP-04384,2023-08-23,Email,Lead Generation,Travel,Europe,14168.9,4531090,35342,3407,477640.14,0.78,0.4,33.71,4.16
CMP-04385,2023-01-03,YouTube,Conversion,Travel,North America,24139.05,5178229,331406,8241,2757398.96,6.4,0.07,114.23,2.93
CMP-04386,2022-02-15,Twitter,Engagement,Food & Beverage,Latin America,45286.03,20587699,1117912,131398,40338817.94,5.43,0.04,890.76,0.34
CMP-04387,2024-03-22,TikTok,Brand Awareness,Tech,North America,36776.28,17599784,672311,34605,11794291.25,3.82,0.05,320.7,1.06
CMP-04388,2022-12-26,Instagram,Lead Generation,Tech,Europe,20671.58,7689211,569770,48436,14253891.81,7.41,0.04,689.54,0.43
CMP-04389,2022-05-10,TikTok,Lead Generation,Retail,Middle East,15594.81,6091163,345978,18210,758223.83,5.68,0.05,48.62,0.86
CMP-04390,2024-04-01,LinkedIn,Lead Generation,Tech,Latin America,10158.78,2366960,86394,1452,203422.29,3.65,0.12,20.02,7.0
CMP-04391,2022-11-22,YouTube,Conversion,Finance,Latin America,37996.39,14056373,624102,55326,8577855.43,4.44,0.06,225.75,0.69
CMP-04392,2024-05-25,Google Ads,Retargeting,Retail,Europe,4146.3,770976,51347,4108,722013.22,6.66,0.08,174.13,1.01
CMP-04393,2022-11-19,LinkedIn,Engagement,Food & Beverage,Latin America,17094.84,4708745,242500,25232,2140650.84,5.15,0.07,125.22,0.68
CMP-04394,2024-05-09,YouTube,Lead Generation,Education,Middle East,10653.16,4078928,192525,5149,1495299.38,4.72,0.06,140.36,2.07
CMP-04395,2022-08-25,Google Ads,Brand Awareness,Food & Beverage,Europe,22795.98,2603963,38017,527,25932.6,1.46,0.6,1.14,43.26
CMP-04396,2023-07-02,YouTube,Engagement,Healthcare,Europe,17848.97,3121206,230969,11876,3379413.09,7.4,0.08,189.33,1.5
CMP-04397,2022-04-29,Google Ads,Retargeting,Travel,Middle East,17118.84,3897157,44037,2301,823956.31,1.13,0.39,48.13,7.44
CMP-04398,2023-04-29,Google Ads,Brand Awareness,Food & Beverage,Middle East,41320.34,6606325,362026,40266,16660121.08,5.48,0.11,403.19,1.03
CMP-04399,2024-06-17,Google Ads,Conversion,Education,Latin America,39615.92,11974722,525690,50798,10601810.92,4.39,0.08,267.61,0.78
CMP-04400,2023-04-04,TikTok,Engagement,Retail,Latin America,37387.7,16462972,1014119,108354,28734918.59,6.16,0.04,768.57,0.35
CMP-04401,2023-05-22,Email,Conversion,Food & Beverage,Europe,13008.31,999327,7694,224,51242.71,0.77,1.69,3.94,58.07
CMP-04402,2022-01-16,TikTok,Lead Generation,Travel,North America,17061.84,4166227,69992,384,125835.99,1.68,0.24,7.38,44.43
CMP-04403,2024-02-02,Google Ads,Conversion,Tech,Middle East,31796.5,4652335,330781,14660,2563639.68,7.11,0.1,80.63,2.17
CMP-04404,2022-10-15,Google Ads,Conversion,Food & Beverage,Latin America,4373.24,765236,57086,605,40266.31,7.46,0.08,9.21,7.23
CMP-04405,2024-02-19,Email,Engagement,Healthcare,Asia Pacific,21011.16,1073858,20188,757,346038.93,1.88,1.04,16.47,27.76
CMP-04406,2022-02-18,Instagram,Conversion,Retail,Latin America,36191.46,11871789,162643,15515,2617760.91,1.37,0.22,72.33,2.33
CMP-04407,2022-01-17,Facebook,Brand Awareness,Retail,North America,16103.73,4623918,125308,12124,1125854.44,2.71,0.13,69.91,1.33
CMP-04408,2023-11-03,LinkedIn,Engagement,Education,Asia Pacific,29836.86,3125439,102201,1650,476869.72,3.27,0.29,15.98,18.08
CMP-04409,2024-05-04,Email,Retargeting,Retail,Middle East,25607.08,5930473,409795,24045,2795281.21,6.91,0.06,109.16,1.06
CMP-04410,2023-09-21,LinkedIn,Lead Generation,Retail,Middle East,5075.74,755000,37221,2467,336740.31,4.93,0.14,66.34,2.06
CMP-04411,2022-08-01,Instagram,Retargeting,Travel,Middle East,49982.65,6315614,237467,2434,830589.77,3.76,0.21,16.62,20.54
CMP-04412,2023-05-01,Google Ads,Brand Awareness,Food & Beverage,Europe,40869.0,11193245,687265,59786,26811947.21,6.14,0.06,656.05,0.68
CMP-04413,2022-10-20,Instagram,Conversion,Tech,Asia Pacific,42139.16,11679704,343383,40650,2700704.86,2.94,0.12,64.09,1.04
CMP-04414,2022-03-14,Email,Lead Generation,Tech,North America,47477.93,21412749,550307,43634,6718904.74,2.57,0.09,141.52,1.09
CMP-04415,2023-06-19,Facebook,Lead Generation,Healthcare,North America,45989.81,11731375,681592,31013,9573812.54,5.81,0.07,208.17,1.48
CMP-04416,2023-09-18,Facebook,Lead Generation,Finance,Middle East,11349.42,2344987,106227,11537,4947200.82,4.53,0.11,435.9,0.98
CMP-04417,2023-07-26,YouTube,Engagement,Retail,Latin America,20485.38,4551489,299943,3093,343148.2,6.59,0.07,16.75,6.62
CMP-04418,2022-08-23,Twitter,Brand Awareness,Tech,North America,10669.09,4879410,382057,4192,795187.82,7.83,0.03,74.53,2.55
CMP-04419,2023-04-20,Google Ads,Retargeting,Food & Beverage,North America,29575.22,12096749,625401,40729,20026361.15,5.17,0.05,677.13,0.73
CMP-04420,2022-11-24,Email,Engagement,Healthcare,Middle East,10764.55,3582458,150821,1985,603207.88,4.21,0.07,56.04,5.42
CMP-04421,2022-10-21,LinkedIn,Retargeting,Food & Beverage,Asia Pacific,22071.5,5028235,266999,20724,1138834.23,5.31,0.08,51.6,1.07
CMP-04422,2023-02-12,Facebook,Brand Awareness,Travel,Europe,38386.79,8208505,261851,19752,4512098.46,3.19,0.15,117.54,1.94
CMP-04423,2022-01-27,Email,Conversion,Education,Middle East,48880.43,20154714,606656,13677,6108723.57,3.01,0.08,124.97,3.57
CMP-04424,2022-04-25,Twitter,Brand Awareness,Finance,Middle East,15590.43,5297607,77345,5324,1429906.83,1.46,0.2,91.72,2.93
CMP-04425,2022-03-21,Instagram,Conversion,Finance,Middle East,46573.95,21279373,1668302,21981,7417138.01,7.84,0.03,159.26,2.12
CMP-04426,2022-01-11,Email,Retargeting,Travel,Europe,31672.14,11381982,747796,41360,14531433.49,6.57,0.04,458.81,0.77
CMP-04427,2023-10-25,Google Ads,Conversion,Retail,North America,22879.18,10007247,388281,27508,5913277.77,3.88,0.06,258.46,0.83
CMP-04428,2022-06-05,Twitter,Brand Awareness,Retail,North America,45681.91,19340127,1270646,81634,21273283.4,6.57,0.04,465.68,0.56
CMP-04429,2024-01-12,LinkedIn,Lead Generation,Healthcare,Latin America,25827.51,2628394,55196,649,62455.89,2.1,0.47,2.42,39.8
CMP-04430,2024-05-17,Facebook,Engagement,Healthcare,North America,6246.28,2064845,62977,3587,464930.95,3.05,0.1,74.43,1.74
CMP-04431,2022-02-11,LinkedIn,Engagement,Food & Beverage,Europe,45991.4,20840069,775250,9798,997793.08,3.72,0.06,21.7,4.69
CMP-04432,2022-08-05,LinkedIn,Brand Awareness,Food & Beverage,Asia Pacific,45788.26,2606308,89656,7888,1867197.34,3.44,0.51,40.78,5.8
CMP-04433,2022-08-30,YouTube,Retargeting,Food & Beverage,Latin America,39155.38,12070340,103804,10691,1917986.94,0.86,0.38,48.98,3.66
CMP-04434,2024-05-14,LinkedIn,Brand Awareness,Healthcare,North America,13372.49,5757999,253351,12953,6234107.8,4.4,0.05,466.19,1.03
CMP-04435,2023-05-14,Instagram,Conversion,Finance,Europe,27245.26,3885299,122775,14372,2278448.54,3.16,0.22,83.63,1.9
CMP-04436,2023-09-12,TikTok,Conversion,Travel,Middle East,6144.98,1890957,79609,3506,315636.44,4.21,0.08,51.36,1.75
CMP-04437,2022-09-04,Google Ads,Brand Awareness,Tech,Middle East,11868.84,2448796,148886,11328,2713750.32,6.08,0.08,228.64,1.05
CMP-04438,2022-02-11,Facebook,Engagement,Finance,Europe,43247.99,17730783,358161,4328,400416.34,2.02,0.12,9.26,9.99
CMP-04439,2023-01-08,Email,Retargeting,Retail,Europe,37175.9,3981467,70870,3854,763090.42,1.78,0.52,20.53,9.65
CMP-04440,2022-01-15,Instagram,Lead Generation,Finance,Asia Pacific,40459.93,13585008,335549,31042,12696802.49,2.47,0.12,313.81,1.3
CMP-04441,2023-01-21,Facebook,Lead Generation,Retail,Latin America,17778.26,4328661,164489,3371,1187197.52,3.8,0.11,66.78,5.27
CMP-04442,2023-02-16,LinkedIn,Brand Awareness,Tech,Europe,8214.64,678399,52101,5489,657610.63,7.68,0.16,80.05,1.5
CMP-04443,2022-04-07,Email,Brand Awareness,Retail,Asia Pacific,1572.16,722799,41416,2131,821918.04,5.73,0.04,522.8,0.74
CMP-04444,2024-06-06,Facebook,Conversion,Retail,Europe,26534.93,7447327,383537,12269,4641698.33,5.15,0.07,174.93,2.16
CMP-04445,2024-05-27,LinkedIn,Engagement,Tech,Middle East,17265.56,3337164,191553,4208,195875.68,5.74,0.09,11.34,4.1
CMP-04446,2023-09-29,Twitter,Retargeting,Education,Europe,19943.82,9278713,168872,6977,425099.89,1.82,0.12,21.31,2.86
CMP-04447,2022-04-05,Facebook,Lead Generation,Tech,North America,47758.65,5431367,235721,2078,92663.12,4.34,0.2,1.94,22.98
CMP-04448,2024-06-13,Instagram,Engagement,Healthcare,Europe,1265.11,586898,8333,663,163885.3,1.42,0.15,129.54,1.91
CMP-04449,2022-11-21,Instagram,Brand Awareness,Finance,Middle East,12988.11,4400867,24204,2467,639270.87,0.55,0.54,49.22,5.26
CMP-04450,2022-12-18,Twitter,Engagement,Finance,North America,37057.15,3968832,65882,6778,3167430.2,1.66,0.56,85.47,5.47
CMP-04451,2024-06-18,Twitter,Lead Generation,Food & Beverage,Latin America,15277.46,5224211,215237,5615,2137475.66,4.12,0.07,139.91,2.72
CMP-04452,2023-02-21,TikTok,Engagement,Finance,Asia Pacific,42852.37,16589788,837784,97217,16424949.03,5.05,0.05,383.29,0.44
CMP-04453,2024-03-13,Instagram,Engagement,Healthcare,Middle East,26764.56,10516194,731927,51154,13870141.52,6.96,0.04,518.23,0.52
CMP-04454,2022-09-20,Facebook,Retargeting,Tech,Middle East,30072.48,5875492,64630,4264,1719532.26,1.1,0.47,57.18,7.05
CMP-04455,2024-01-29,Facebook,Retargeting,Tech,Middle East,47970.78,19341076,1481526,52610,13813714.2,7.66,0.03,287.96,0.91
CMP-04456,2022-09-10,TikTok,Engagement,Education,Latin America,14934.51,1378376,24672,1938,760644.34,1.79,0.61,50.93,7.71
CMP-04457,2022-01-01,Instagram,Brand Awareness,Food & Beverage,Asia Pacific,39657.98,7571199,349789,1986,115748.24,4.62,0.11,2.92,19.97
CMP-04458,2024-02-08,Instagram,Engagement,Retail,Middle East,47105.68,5477717,358242,33087,14086463.91,6.54,0.13,299.04,1.42
CMP-04459,2024-04-14,Google Ads,Conversion,Travel,North America,3943.56,1667365,23509,1654,796707.99,1.41,0.17,202.03,2.38
CMP-04460,2023-11-27,Twitter,Retargeting,Education,Latin America,35692.12,8761104,696507,28116,11070205.6,7.95,0.05,310.16,1.27
CMP-04461,2022-12-31,Instagram,Retargeting,Travel,North America,29196.35,5277368,45385,4352,1422984.72,0.86,0.64,48.74,6.71
CMP-04462,2022-10-18,Email,Lead Generation,Education,Latin America,20758.33,3338223,163572,6089,894526.73,4.9,0.13,43.09,3.41
CMP-04463,2023-07-21,Facebook,Conversion,Tech,Latin America,42246.31,4510260,123581,13177,1267731.37,2.74,0.34,30.01,3.21
CMP-04464,2022-02-13,YouTube,Retargeting,Healthcare,Europe,6534.79,1851987,27594,809,358814.05,1.49,0.24,54.91,8.08
CMP-04465,2022-09-03,TikTok,Engagement,Education,Middle East,16619.02,3923862,92995,5884,603051.74,2.37,0.18,36.29,2.82
CMP-04466,2022-09-22,Email,Conversion,Retail,North America,21413.06,7364143,81741,3427,1115178.25,1.11,0.26,52.08,6.25
CMP-04467,2022-01-03,TikTok,Lead Generation,Travel,Europe,11185.0,5144735,231513,4511,1880835.72,4.5,0.05,168.16,2.48
CMP-04468,2023-04-01,TikTok,Conversion,Retail,North America,24393.69,2523701,59811,2051,145660.99,2.37,0.41,5.97,11.89
CMP-04469,2023-03-28,TikTok,Brand Awareness,Healthcare,Asia Pacific,1468.13,285627,21850,215,82916.55,7.65,0.07,56.48,6.83
CMP-04470,2023-11-24,YouTube,Brand Awareness,Travel,Latin America,46552.19,3661310,150113,12435,1296827.15,4.1,0.31,27.86,3.74
CMP-04471,2022-10-20,Facebook,Retargeting,Healthcare,Middle East,20274.76,1113803,70837,1856,605997.4,6.36,0.29,29.89,10.92
CMP-04472,2022-07-20,LinkedIn,Engagement,Healthcare,Asia Pacific,45561.38,5267846,93240,2133,438985.66,1.77,0.49,9.64,21.36
CMP-04473,2022-02-21,YouTube,Brand Awareness,Tech,Europe,38856.27,6510941,509155,59120,19294618.48,7.82,0.08,496.56,0.66
CMP-04474,2024-03-28,Email,Lead Generation,Travel,Middle East,25068.56,7460672,473006,56442,21283110.04,6.34,0.05,849.0,0.44
CMP-04475,2023-04-30,TikTok,Lead Generation,Education,Middle East,21921.75,8832936,71546,1342,510952.16,0.81,0.31,23.31,16.34
CMP-04476,2022-02-10,Google Ads,Brand Awareness,Education,North America,16164.45,3465230,150737,16509,5457899.49,4.35,0.11,337.65,0.98
CMP-04477,2023-04-12,YouTube,Conversion,Finance,Asia Pacific,43762.73,14601266,1064432,48214,5123199.04,7.29,0.04,117.07,0.91
CMP-04478,2024-05-31,LinkedIn,Brand Awareness,Healthcare,Asia Pacific,11582.97,1618785,43059,3837,936728.28,2.66,0.27,80.87,3.02
CMP-04479,2023-12-30,Facebook,Lead Generation,Travel,Middle East,14416.13,6992054,299959,33001,10408599.83,4.29,0.05,722.01,0.44
CMP-04480,2023-03-27,Instagram,Lead Generation,Finance,Latin America,14240.33,5534260,285567,26355,9230169.95,5.16,0.05,648.17,0.54
CMP-04481,2022-06-14,Instagram,Lead Generation,Retail,Middle East,40976.23,3064959,76010,8251,3038671.09,2.48,0.54,74.16,4.97
CMP-04482,2022-09-03,YouTube,Brand Awareness,Education,Europe,2938.42,809575,43878,3500,141636.05,5.42,0.07,48.2,0.84
CMP-04483,2024-04-16,TikTok,Conversion,Tech,Latin America,49163.19,8337883,171760,16168,7104737.55,2.06,0.29,144.51,3.04
CMP-04484,2023-02-02,Google Ads,Conversion,Travel,Europe,32471.16,10210317,498263,56947,5292824.06,4.88,0.07,163.0,0.57
CMP-04485,2024-02-04,Facebook,Conversion,Healthcare,Europe,13297.14,4481013,53324,5793,1493804.72,1.19,0.25,112.34,2.3
CMP-04486,2022-06-14,Instagram,Retargeting,Education,Asia Pacific,21365.24,5356678,178377,11149,1266807.82,3.33,0.12,59.29,1.92
CMP-04487,2022-07-07,YouTube,Brand Awareness,Food & Beverage,Asia Pacific,23389.26,5229869,313269,35410,14804931.7,5.99,0.07,632.98,0.66
CMP-04488,2022-09-08,Facebook,Engagement,Finance,Asia Pacific,13754.5,5229104,404209,37628,7575049.06,7.73,0.03,550.73,0.37
CMP-04489,2024-03-03,Facebook,Retargeting,Food & Beverage,Asia Pacific,19054.68,8869561,327286,12748,6006309.52,3.69,0.06,315.21,1.49
CMP-04490,2024-04-30,Facebook,Conversion,Tech,Europe,42524.63,4976399,356310,4994,2295204.82,7.16,0.12,53.97,8.52
CMP-04491,2023-01-13,Facebook,Brand Awareness,Healthcare,Europe,26811.13,11141336,241766,16944,4797483.97,2.17,0.11,178.94,1.58
CMP-04492,2023-01-29,YouTube,Conversion,Education,North America,20633.35,3478639,57049,900,311999.85,1.64,0.36,15.12,22.93
CMP-04493,2022-12-12,LinkedIn,Lead Generation,Finance,Europe,5132.36,1705091,73659,1053,455485.55,4.32,0.07,88.75,4.87
CMP-04494,2024-05-04,YouTube,Engagement,Tech,Asia Pacific,47935.71,4877541,234609,4961,2356461.5,4.81,0.2,49.16,9.66
CMP-04495,2024-06-19,Facebook,Lead Generation,Food & Beverage,Europe,22257.97,3352981,258179,7732,1742376.04,7.7,0.09,78.28,2.88
CMP-04496,2023-04-29,LinkedIn,Brand Awareness,Healthcare,Middle East,8289.27,1463634,25467,1823,581742.8,1.74,0.33,70.18,4.55
CMP-04497,2023-10-06,Google Ads,Conversion,Healthcare,North America,41875.53,15194200,553068,54997,9655422.42,3.64,0.08,230.57,0.76
CMP-04498,2022-08-03,Twitter,Retargeting,Healthcare,Middle East,4768.58,2220643,95265,2337,79514.17,4.29,0.05,16.67,2.04
CMP-04499,2022-11-24,YouTube,Conversion,Finance,Asia Pacific,42190.89,10434683,802427,62387,7071991.26,7.69,0.05,167.62,0.68
CMP-04500,2024-05-08,Google Ads,Lead Generation,Food & Beverage,Europe,28535.46,4559532,210194,25114,10559464.62,4.61,0.14,370.05,1.14
CMP-04501,2024-02-22,Email,Engagement,Retail,Asia Pacific,18458.26,7437203,351779,25571,7626879.69,4.73,0.05,413.2,0.72
CMP-04502,2022-08-04,Instagram,Brand Awareness,Healthcare,Latin America,44166.76,10447805,446121,42388,11283402.41,4.27,0.1,255.47,1.04
CMP-04503,2024-05-11,Email,Lead Generation,Food & Beverage,Europe,6118.01,3056776,75502,5088,2284067.39,2.47,0.08,373.34,1.2
CMP-04504,2024-06-04,TikTok,Conversion,Retail,Latin America,35910.16,2891310,162202,1502,204161.66,5.61,0.22,5.69,23.91
CMP-04505,2023-05-13,YouTube,Conversion,Tech,Latin America,17045.77,4978743,139404,3648,1424610.85,2.8,0.12,83.58,4.67
CMP-04506,2022-01-21,YouTube,Conversion,Travel,Europe,47959.63,23046265,737480,5975,907726.59,3.2,0.07,18.93,8.03
CMP-04507,2022-02-01,LinkedIn,Engagement,Education,Latin America,37849.42,4744353,144228,2060,422486.27,3.04,0.26,11.16,18.37
CMP-04508,2022-08-21,LinkedIn,Lead Generation,Tech,Latin America,16253.1,5397257,410731,31154,1474137.61,7.61,0.04,90.7,0.52
CMP-04509,2023-06-01,Instagram,Brand Awareness,Education,North America,37222.47,7751376,223239,4967,2172811.03,2.88,0.17,58.37,7.49
CMP-04510,2024-01-23,Facebook,Conversion,Education,North America,48157.53,12790292,546145,48551,13420657.39,4.27,0.09,278.68,0.99
CMP-04511,2024-02-02,Google Ads,Lead Generation,Travel,Middle East,28598.57,13979242,961771,33419,16691896.82,6.88,0.03,583.66,0.86
CMP-04512,2023-08-22,YouTube,Brand Awareness,Education,Middle East,24317.82,9772115,773951,49437,15208032.07,7.92,0.03,625.39,0.49
CMP-04513,2024-01-20,Email,Lead Generation,Finance,Latin America,805.35,49032,3348,197,72557.69,6.83,0.24,90.09,4.09
CMP-04514,2023-08-27,Google Ads,Lead Generation,Healthcare,North America,1690.61,670803,6171,586,204490.1,0.92,0.27,120.96,2.88
CMP-04515,2024-05-13,Instagram,Retargeting,Finance,Latin America,26509.99,5794765,131541,4304,701812.21,2.27,0.2,26.47,6.16
CMP-04516,2022-12-23,Email,Engagement,Food & Beverage,Middle East,45854.27,18537942,1110422,99029,40152132.81,5.99,0.04,875.65,0.46
CMP-04517,2022-02-07,TikTok,Conversion,Finance,Europe,540.07,144550,9381,1082,116254.25,6.49,0.06,215.26,0.5
CMP-04518,2024-04-17,Twitter,Conversion,Education,Latin America,45641.1,11114731,81137,8680,1503995.62,0.73,0.56,32.95,5.26
CMP-04519,2023-04-07,Email,Lead Generation,Tech,North America,6501.7,1091597,33948,3793,1331308.55,3.11,0.19,204.76,1.71
CMP-04520,2023-07-25,Twitter,Brand Awareness,Finance,North America,35125.99,10984052,410803,45531,8377050.35,3.74,0.09,238.49,0.77
CMP-04521,2022-11-29,Email,Brand Awareness,Education,North America,15608.6,2289375,139194,7630,1173631.52,6.08,0.11,75.19,2.05
CMP-04522,2024-04-25,TikTok,Engagement,Finance,Middle East,26867.97,2448932,179261,10989,4165202.98,7.32,0.15,155.02,2.44
CMP-04523,2024-05-21,Twitter,Lead Generation,Tech,Asia Pacific,30812.83,7728767,309150,33114,15389224.85,4.0,0.1,499.44,0.93
CMP-04524,2022-08-19,TikTok,Conversion,Tech,Latin America,35743.54,6500032,250901,10301,2202514.75,3.86,0.14,61.62,3.47
CMP-04525,2022-10-31,TikTok,Engagement,Tech,Latin America,2091.07,810033,60914,5977,2351624.69,7.52,0.03,1124.6,0.35
CMP-04526,2023-02-10,Facebook,Lead Generation,Finance,Europe,36881.0,18123857,772076,54606,25029754.15,4.26,0.05,678.66,0.68
CMP-04527,2024-05-03,Twitter,Conversion,Travel,North America,43646.33,15615808,1036889,78593,12997381.48,6.64,0.04,297.79,0.56
CMP-04528,2022-04-08,Instagram,Engagement,Travel,Asia Pacific,6438.31,937667,28317,2041,768614.55,3.02,0.23,119.38,3.15
CMP-04529,2022-05-11,Instagram,Conversion,Retail,Europe,32671.64,14139154,733822,23553,2053165.39,5.19,0.04,62.84,1.39
CMP-04530,2022-10-17,Twitter,Lead Generation,Tech,Middle East,27340.82,2137238,117548,13778,2734913.11,5.5,0.23,100.03,1.98
CMP-04531,2024-04-22,Facebook,Lead Generation,Food & Beverage,North America,48903.35,19450271,980293,63476,5871007.99,5.04,0.05,120.05,0.77
CMP-04532,2024-04-05,Instagram,Lead Generation,Healthcare,North America,23985.07,5246584,380901,5510,1087441.71,7.26,0.06,45.34,4.35
CMP-04533,2023-10-08,Email,Conversion,Food & Beverage,North America,13430.15,4167381,173363,9525,805774.86,4.16,0.08,60.0,1.41
CMP-04534,2023-06-12,Twitter,Engagement,Retail,North America,21670.01,5704920,73593,757,227444.93,1.29,0.29,10.5,28.63
CMP-04535,2022-03-15,YouTube,Retargeting,Tech,Asia Pacific,2226.15,1068920,51628,987,339272.68,4.83,0.04,152.4,2.26
CMP-04536,2022-04-01,Google Ads,Brand Awareness,Healthcare,Europe,20912.74,7094551,36182,1061,422450.41,0.51,0.58,20.2,19.71
CMP-04537,2023-03-07,Facebook,Engagement,Tech,Europe,16891.94,7330433,324738,5970,310676.68,4.43,0.05,18.39,2.83
CMP-04538,2024-05-21,Email,Engagement,Travel,Europe,33593.42,7513642,62363,3959,1842819.75,0.83,0.54,54.86,8.49
CMP-04539,2022-12-19,Email,Retargeting,Food & Beverage,Europe,27918.94,12399987,662159,58480,2295195.06,5.34,0.04,82.21,0.48
CMP-04540,2023-10-14,Email,Conversion,Education,Latin America,41443.76,15813585,290969,21604,2578998.22,1.84,0.14,62.23,1.92
CMP-04541,2022-05-10,Instagram,Conversion,Finance,North America,27639.08,12016255,761830,42322,8240283.93,6.34,0.04,298.14,0.65
CMP-04542,2023-01-18,Email,Engagement,Food & Beverage,Latin America,10867.63,808829,39875,3428,1360902.84,4.93,0.27,125.23,3.17
CMP-04543,2023-04-14,TikTok,Retargeting,Finance,Asia Pacific,3071.01,328759,9665,870,308765.12,2.94,0.32,100.54,3.53
CMP-04544,2024-06-07,LinkedIn,Retargeting,Retail,Latin America,31012.77,3471919,213175,18155,4589669.59,6.14,0.15,147.99,1.71
CMP-04545,2024-05-03,LinkedIn,Brand Awareness,Travel,Asia Pacific,18334.48,1557340,72572,5752,1075821.49,4.66,0.25,58.68,3.19
CMP-04546,2023-04-24,Google Ads,Retargeting,Healthcare,North America,32720.7,3074824,112231,8190,1196977.76,3.65,0.29,36.58,4.0
CMP-04547,2023-03-13,Google Ads,Engagement,Food & Beverage,Middle East,5822.59,1255945,16704,648,45242.51,1.33,0.35,7.77,8.99
CMP-04548,2022-11-20,Facebook,Engagement,Travel,North America,45450.56,5095477,94775,788,387599.14,1.86,0.48,8.53,57.68
CMP-04549,2023-10-19,TikTok,Brand Awareness,Finance,Latin America,40167.2,14678996,334681,38072,13372793.81,2.28,0.12,332.93,1.06
CMP-04550,2024-03-19,Instagram,Retargeting,Food & Beverage,North America,7482.38,2710871,211447,4999,2351971.38,7.8,0.04,314.33,1.5
CMP-04551,2023-12-11,Google Ads,Retargeting,Healthcare,Europe,29141.83,12992522,870498,53893,15951928.96,6.7,0.03,547.39,0.54
CMP-04552,2022-10-20,Instagram,Lead Generation,Healthcare,Latin America,35834.15,11361106,68166,884,66393.24,0.6,0.53,1.85,40.54
CMP-04553,2022-11-09,LinkedIn,Retargeting,Finance,North America,9523.73,4247758,147397,7436,810115.73,3.47,0.06,85.06,1.28
CMP-04554,2022-04-23,TikTok,Lead Generation,Finance,Middle East,27555.2,2147721,150984,6032,1647624.96,7.03,0.18,59.79,4.57
CMP-04555,2023-12-28,Email,Brand Awareness,Healthcare,Asia Pacific,2077.17,218076,14414,1409,547049.66,6.61,0.14,263.36,1.47
CMP-04556,2024-02-06,Google Ads,Brand Awareness,Education,Europe,8713.27,2706736,64149,1510,284724.35,2.37,0.14,32.68,5.77
CMP-04557,2024-04-01,Google Ads,Conversion,Food & Beverage,Latin America,736.71,349241,10477,790,217738.58,3.0,0.07,295.56,0.93
CMP-04558,2023-07-21,Email,Retargeting,Tech,North America,42917.65,8148074,461180,36294,13823210.32,5.66,0.09,322.09,1.18
CMP-04559,2022-05-09,Facebook,Engagement,Healthcare,Asia Pacific,29521.08,11552582,622684,62089,30599565.89,5.39,0.05,1036.53,0.48
CMP-04560,2024-05-18,LinkedIn,Engagement,Tech,Europe,35394.05,7811078,377275,27166,5077541.67,4.83,0.09,143.46,1.3
CMP-04561,2024-03-01,Instagram,Retargeting,Education,Middle East,26197.84,11902604,515382,32091,10787774.8,4.33,0.05,411.78,0.82
CMP-04562,2023-02-26,TikTok,Conversion,Travel,North America,35616.58,16170826,195666,15562,720496.33,1.21,0.18,20.23,2.29
CMP-04563,2024-02-02,LinkedIn,Brand Awareness,Healthcare,North America,8953.04,4094548,284980,12348,3644129.69,6.96,0.03,407.03,0.73
CMP-04564,2024-02-25,LinkedIn,Lead Generation,Tech,Asia Pacific,23054.3,7718737,388252,24173,6168261.25,5.03,0.06,267.55,0.95
CMP-04565,2022-01-04,Google Ads,Conversion,Tech,Latin America,47444.41,13592513,838658,48764,3347377.34,6.17,0.06,70.55,0.97
CMP-04566,2023-06-03,Google Ads,Conversion,Healthcare,Latin America,33804.77,11914372,794688,19807,5966912.84,6.67,0.04,176.51,1.71
CMP-04567,2024-05-02,TikTok,Brand Awareness,Travel,Middle East,21339.4,8593830,397034,11228,673535.97,4.62,0.05,31.56,1.9
CMP-04568,2023-05-21,Twitter,Retargeting,Retail,Middle East,41622.23,18714777,621330,23686,11169251.51,3.32,0.07,268.35,1.76
CMP-04569,2024-06-07,Google Ads,Brand Awareness,Finance,North America,23100.35,4020846,140729,9570,629377.22,3.5,0.16,27.25,2.41
CMP-04570,2022-12-12,Facebook,Conversion,Food & Beverage,Europe,15570.95,4664702,218308,12768,2795758.11,4.68,0.07,179.55,1.22
CMP-04571,2022-07-07,Google Ads,Conversion,Education,North America,47991.82,9044822,303906,7704,865033.45,3.36,0.16,18.02,6.23
CMP-04572,2023-07-17,Twitter,Engagement,Education,Middle East,42409.78,10199486,507934,36284,2604843.34,4.98,0.08,61.42,1.17
CMP-04573,2024-06-01,Facebook,Conversion,Retail,Middle East,24514.38,2251979,76116,2844,1259008.06,3.38,0.32,51.36,8.62
CMP-04574,2023-05-18,TikTok,Conversion,Tech,Latin America,19913.95,7601661,598250,26032,10614232.23,7.87,0.03,533.0,0.76
CMP-04575,2023-09-21,Instagram,Lead Generation,Retail,Latin America,33514.12,16210092,166963,15554,3368199.74,1.03,0.2,100.5,2.15
CMP-04576,2023-03-07,Facebook,Conversion,Travel,Asia Pacific,16020.05,1793972,90416,5829,1081583.53,5.04,0.18,67.51,2.75
CMP-04577,2022-04-20,Email,Engagement,Food & Beverage,Latin America,27413.63,12785435,993428,8515,3932681.39,7.77,0.03,143.46,3.22
CMP-04578,2024-05-18,TikTok,Engagement,Food & Beverage,Europe,30666.4,14955747,671513,35837,16809073.39,4.49,0.05,548.13,0.86
CMP-04579,2022-06-19,Email,Conversion,Tech,North America,35206.97,4176945,209264,16787,1296007.79,5.01,0.17,36.81,2.1
CMP-04580,2023-10-19,Instagram,Conversion,Education,Middle East,46212.93,5761614,135974,9536,1085010.68,2.36,0.34,23.48,4.85
CMP-04581,2023-02-08,Instagram,Retargeting,Healthcare,Europe,14705.05,1927782,153837,2057,569100.65,7.98,0.1,38.7,7.15
CMP-04582,2023-09-20,LinkedIn,Engagement,Education,Asia Pacific,43040.11,8906449,380305,8314,915332.79,4.27,0.11,21.27,5.18
CMP-04583,2022-02-02,Twitter,Engagement,Tech,North America,35996.62,3258350,61256,3383,501686.88,1.88,0.59,13.94,10.64
CMP-04584,2022-06-01,YouTube,Conversion,Travel,Middle East,18431.63,2529117,60698,2769,813717.22,2.4,0.3,44.15,6.66
CMP-04585,2023-05-12,Facebook,Brand Awareness,Retail,Middle East,40795.45,17198749,791142,37570,6899247.53,4.6,0.05,169.12,1.09
CMP-04586,2023-06-21,Twitter,Lead Generation,Education,Middle East,6423.85,1145394,81781,1429,558074.74,7.14,0.08,86.88,4.5
CMP-04587,2023-02-20,Facebook,Engagement,Finance,Latin America,26311.22,12638644,952953,76163,9157021.37,7.54,0.03,348.03,0.35
CMP-04588,2022-12-05,Google Ads,Engagement,Education,Middle East,13527.38,1878480,134687,2380,695840.51,7.17,0.1,51.44,5.68
CMP-04589,2022-03-13,Instagram,Brand Awareness,Healthcare,Europe,3327.57,721280,11828,236,74589.7,1.64,0.28,22.42,14.1
CMP-04590,2024-05-28,LinkedIn,Conversion,Food & Beverage,Europe,20342.95,2578522,169666,14228,531806.79,6.58,0.12,26.14,1.43
CMP-04591,2023-08-17,Facebook,Brand Awareness,Retail,Middle East,5628.94,2267508,164621,17559,8599114.91,7.26,0.03,1527.66,0.32
CMP-04592,2023-06-28,Google Ads,Engagement,Food & Beverage,Asia Pacific,40744.76,10841896,67219,1945,460939.42,0.62,0.61,11.31,20.95
CMP-04593,2023-11-26,TikTok,Brand Awareness,Tech,Latin America,44153.25,12238029,844424,21717,4695079.56,6.9,0.05,106.34,2.03
CMP-04594,2023-05-16,Instagram,Retargeting,Tech,Europe,48906.78,4971987,45245,5349,1832782.71,0.91,1.08,37.48,9.14
CMP-04595,2022-07-23,YouTube,Lead Generation,Food & Beverage,Middle East,11192.06,3290042,144103,2059,83700.09,4.38,0.08,7.48,5.44
CMP-04596,2022-03-17,Instagram,Conversion,Food & Beverage,Europe,8956.85,2506042,68414,7363,2216575.62,2.73,0.13,247.47,1.22
CMP-04597,2024-01-31,LinkedIn,Brand Awareness,Tech,Latin America,49535.7,20704463,1325085,105443,44420219.58,6.4,0.04,896.73,0.47
CMP-04598,2022-07-27,TikTok,Retargeting,Healthcare,Latin America,23412.34,2463173,106162,1909,684829.07,4.31,0.22,29.25,12.26
CMP-04599,2022-01-22,LinkedIn,Lead Generation,Healthcare,North America,19174.49,7346319,84482,9634,1978776.24,1.15,0.23,103.2,1.99
CMP-04600,2023-02-22,Facebook,Conversion,Healthcare,Europe,44088.96,10622465,438707,21165,2970730.15,4.13,0.1,67.38,2.08
CMP-04601,2022-01-15,Twitter,Engagement,Tech,Asia Pacific,40308.84,6563505,277636,27022,12563326.47,4.23,0.15,311.68,1.49
CMP-04602,2022-06-03,Twitter,Brand Awareness,Food & Beverage,Latin America,5646.12,1091512,10915,544,124878.75,1.0,0.52,22.12,10.38
CMP-04603,2023-03-16,TikTok,Conversion,Food & Beverage,Middle East,10392.7,2051651,144231,3106,613184.86,7.03,0.07,59.0,3.35
CMP-04604,2022-01-19,Email,Lead Generation,Healthcare,Asia Pacific,21748.48,7180418,499757,55573,14864240.84,6.96,0.04,683.46,0.39
CMP-04605,2022-03-14,TikTok,Retargeting,Tech,Middle East,23850.77,10348363,216280,18208,3816537.91,2.09,0.11,160.02,1.31
CMP-04606,2023-05-20,LinkedIn,Retargeting,Tech,Asia Pacific,45561.46,20729570,1393027,140711,66240592.54,6.72,0.03,1453.87,0.32
CMP-04607,2023-04-28,YouTube,Retargeting,Travel,Latin America,29841.82,12326859,573198,62786,2705870.77,4.65,0.05,90.67,0.48
CMP-04608,2022-11-10,Google Ads,Retargeting,Food & Beverage,Latin America,4205.89,280512,4095,487,116585.43,1.46,1.03,27.72,8.64
CMP-04609,2023-05-13,Facebook,Conversion,Healthcare,Europe,39661.74,14485156,156439,5904,2358374.64,1.08,0.25,59.46,6.72
CMP-04610,2023-07-27,Facebook,Brand Awareness,Education,Europe,7656.38,2074885,114118,11656,1776166.96,5.5,0.07,231.99,0.66
CMP-04611,2022-11-07,TikTok,Lead Generation,Retail,Asia Pacific,38294.76,15301223,1049663,51938,18305766.01,6.86,0.04,478.02,0.74
CMP-04612,2023-04-03,Email,Engagement,Tech,Middle East,27374.37,6282946,487556,51753,7675180.9,7.76,0.06,280.38,0.53
CMP-04613,2023-09-26,LinkedIn,Conversion,Healthcare,Latin America,25214.13,1433805,45164,1258,197040.17,3.15,0.56,7.81,20.04
CMP-04614,2022-05-23,Email,Conversion,Travel,Europe,16517.02,5034854,285979,29949,6442899.66,5.68,0.06,390.08,0.55
CMP-04615,2023-08-17,TikTok,Conversion,Retail,Latin America,5711.77,567471,32686,1489,457456.26,5.76,0.17,80.09,3.84
CMP-04616,2022-12-03,Google Ads,Engagement,Travel,Middle East,24758.7,4208646,323644,27802,11304850.53,7.69,0.08,456.6,0.89
CMP-04617,2022-11-24,LinkedIn,Retargeting,Tech,Latin America,41670.25,14254275,561618,59131,18045324.44,3.94,0.07,433.05,0.7
CMP-04618,2022-04-11,Instagram,Lead Generation,Healthcare,Latin America,36974.46,8398836,529966,22311,721011.3,6.31,0.07,19.5,1.66
CMP-04619,2022-03-02,Google Ads,Lead Generation,Healthcare,Asia Pacific,4445.95,2098175,92739,9959,1026693.35,4.42,0.05,230.93,0.45
CMP-04620,2022-11-26,Email,Brand Awareness,Tech,Asia Pacific,43223.12,17382847,564942,59776,24672121.62,3.25,0.08,570.81,0.72
CMP-04621,2024-05-17,Email,Lead Generation,Retail,Asia Pacific,38875.07,13939668,156124,6495,1072643.88,1.12,0.25,27.59,5.99
CMP-04622,2023-03-13,LinkedIn,Engagement,Retail,Latin America,2098.64,308656,12500,508,185576.45,4.05,0.17,88.43,4.13
CMP-04623,2022-11-19,Email,Brand Awareness,Healthcare,Europe,37070.08,3980538,274657,8922,2445453.03,6.9,0.13,65.97,4.15
CMP-04624,2022-12-25,YouTube,Brand Awareness,Tech,Asia Pacific,43911.59,19062305,221122,5782,1384194.23,1.16,0.2,31.52,7.59
CMP-04625,2023-05-22,TikTok,Conversion,Tech,Middle East,27932.46,13848339,454225,32230,5735966.21,3.28,0.06,205.35,0.87
CMP-04626,2022-04-24,Twitter,Conversion,Healthcare,Middle East,29040.49,3752642,198514,7818,1015599.79,5.29,0.15,34.97,3.71
CMP-04627,2023-12-21,LinkedIn,Lead Generation,Retail,North America,19095.4,8485575,381002,36604,16330378.49,4.49,0.05,855.2,0.52
CMP-04628,2023-02-11,Email,Brand Awareness,Tech,North America,31553.25,13432484,1031614,94395,32005055.54,7.68,0.03,1014.32,0.33
CMP-04629,2022-01-29,Google Ads,Retargeting,Food & Beverage,Latin America,34313.93,5373567,137563,6473,1981862.97,2.56,0.25,57.76,5.3
CMP-04630,2023-09-13,TikTok,Engagement,Healthcare,North America,40060.61,12869912,350061,13114,550768.79,2.72,0.11,13.75,3.05
CMP-04631,2023-09-27,YouTube,Lead Generation,Healthcare,Europe,48368.28,4232523,303895,33714,13542901.88,7.18,0.16,280.0,1.43
CMP-04632,2022-07-17,Facebook,Engagement,Tech,Middle East,17416.08,4915815,378026,34340,2348901.17,7.69,0.05,134.87,0.51
CMP-04633,2023-08-29,Email,Conversion,Travel,Asia Pacific,15307.88,7426365,429243,7331,3594755.24,5.78,0.04,234.83,2.09
CMP-04634,2022-05-11,Instagram,Conversion,Travel,Latin America,37443.48,3262883,199035,20475,2088274.73,6.1,0.19,55.77,1.83
CMP-04635,2024-01-26,TikTok,Retargeting,Healthcare,Middle East,48564.99,5401393,382418,13549,6131758.29,7.08,0.13,126.26,3.58
CMP-04636,2023-02-02,TikTok,Lead Generation,Food & Beverage,Asia Pacific,11971.41,712554,19880,2134,395654.25,2.79,0.6,33.05,5.61
CMP-04637,2023-04-10,Google Ads,Retargeting,Travel,North America,43157.07,14549798,1155253,94354,38798524.38,7.94,0.04,899.01,0.46
CMP-04638,2023-09-12,Facebook,Engagement,Education,Europe,2004.01,643785,16287,1320,158714.55,2.53,0.12,79.2,1.52
CMP-04639,2022-11-27,Instagram,Engagement,Tech,Europe,30321.14,5186413,272805,27077,2274669.06,5.26,0.11,75.02,1.12
CMP-04640,2023-03-16,Google Ads,Brand Awareness,Retail,Latin America,33157.24,16097821,1076944,117221,34173768.45,6.69,0.03,1030.66,0.28
CMP-04641,2023-12-28,TikTok,Conversion,Finance,North America,18927.42,3464709,255349,11881,5513664.9,7.37,0.07,291.31,1.59
CMP-04642,2024-04-17,TikTok,Lead Generation,Retail,Asia Pacific,46994.05,5936829,164450,2313,930807.91,2.77,0.29,19.81,20.32
CMP-04643,2022-09-23,Facebook,Lead Generation,Education,Europe,37629.65,11001938,179331,21237,2561020.54,1.63,0.21,68.06,1.77
CMP-04644,2022-05-29,Email,Lead Generation,Food & Beverage,Europe,21319.4,4469047,310151,7696,1698458.44,6.94,0.07,79.67,2.77
CMP-04645,2022-02-02,Instagram,Conversion,Education,Asia Pacific,41219.99,5893619,249300,11103,4642404.94,4.23,0.17,112.63,3.71
CMP-04646,2023-05-16,LinkedIn,Lead Generation,Finance,Middle East,18542.99,6773437,81281,8962,4107435.26,1.2,0.23,221.51,2.07
CMP-04647,2022-12-21,Twitter,Retargeting,Retail,Asia Pacific,42190.65,3108454,208577,3141,637721.32,6.71,0.2,15.12,13.43
CMP-04648,2023-07-21,TikTok,Retargeting,Healthcare,Asia Pacific,23372.37,8358785,219836,3226,673422.8,2.63,0.11,28.81,7.25
CMP-04649,2022-07-16,Google Ads,Engagement,Retail,Asia Pacific,43474.86,10759430,784362,25383,8176401.5,7.29,0.06,188.07,1.71
CMP-04650,2022-09-04,Twitter,Conversion,Healthcare,Europe,41599.85,10501502,210030,3667,455256.23,2.0,0.2,10.94,11.34
CMP-04651,2022-12-21,Twitter,Lead Generation,Education,Europe,959.94,56134,1936,32,6732.72,3.45,0.5,7.01,30.0
CMP-04652,2022-11-10,Facebook,Engagement,Food & Beverage,Middle East,27720.95,6842813,166964,19603,9275857.38,2.44,0.17,334.62,1.41
CMP-04653,2023-12-06,TikTok,Lead Generation,Travel,Middle East,2977.19,256015,17562,1170,59180.91,6.86,0.17,19.88,2.54
CMP-04654,2022-03-24,Twitter,Brand Awareness,Healthcare,Latin America,13959.77,6304754,363153,20833,10362409.09,5.76,0.04,742.31,0.67
CMP-04655,2022-02-09,YouTube,Conversion,Education,Europe,24523.76,2085333,57346,1568,286797.28,2.75,0.43,11.69,15.64
CMP-04656,2022-04-24,LinkedIn,Conversion,Food & Beverage,North America,21033.91,4879276,372288,9734,1130983.36,7.63,0.06,53.77,2.16
CMP-04657,2023-06-23,YouTube,Brand Awareness,Education,Latin America,12649.9,5127913,172810,2444,330773.64,3.37,0.07,26.15,5.18
CMP-04658,2022-12-19,TikTok,Brand Awareness,Healthcare,Latin America,2959.66,760223,7222,158,47856.12,0.95,0.41,16.17,18.73
CMP-04659,2023-01-23,Facebook,Engagement,Travel,Latin America,7114.24,1333905,99109,4034,1534879.85,7.43,0.07,215.75,1.76
CMP-04660,2023-11-29,Twitter,Engagement,Finance,Europe,13054.69,3408995,259765,27199,12149217.68,7.62,0.05,930.64,0.48
CMP-04661,2022-03-21,YouTube,Brand Awareness,Food & Beverage,Middle East,39021.16,8221967,644602,28115,10134885.34,7.84,0.06,259.73,1.39
CMP-04662,2022-12-08,Google Ads,Engagement,Tech,Europe,43702.14,8098805,124721,6757,691266.79,1.54,0.35,15.82,6.47
CMP-04663,2023-05-18,TikTok,Brand Awareness,Retail,Asia Pacific,6970.08,1641297,103894,8048,2539323.82,6.33,0.07,364.32,0.87
CMP-04664,2023-10-02,LinkedIn,Retargeting,Tech,Middle East,2189.77,191829,12142,1066,339825.83,6.33,0.18,155.19,2.05
CMP-04665,2022-01-12,Email,Retargeting,Travel,Asia Pacific,12441.34,3069295,20871,1852,744533.99,0.68,0.6,59.84,6.72
CMP-04666,2023-02-21,YouTube,Lead Generation,Education,Latin America,22570.68,10143718,394590,9293,1290719.21,3.89,0.06,57.19,2.43
CMP-04667,2022-05-24,Email,Retargeting,Food & Beverage,Middle East,39238.86,16929733,560374,40192,14227450.73,3.31,0.07,362.59,0.98
CMP-04668,2022-11-08,Instagram,Lead Generation,Tech,Asia Pacific,8439.46,2298052,18844,1793,438726.35,0.82,0.45,51.99,4.71
CMP-04669,2022-05-10,Twitter,Retargeting,Retail,Europe,36943.46,8493800,83239,2572,668009.28,0.98,0.44,18.08,14.36
CMP-04670,2023-04-13,YouTube,Brand Awareness,Travel,Middle East,42982.13,18879030,609792,54231,22645303.53,3.23,0.07,526.85,0.79
CMP-04671,2022-05-15,LinkedIn,Conversion,Education,Latin America,45536.38,6740699,380849,8469,1982696.08,5.65,0.12,43.54,5.38
CMP-04672,2022-10-03,Twitter,Lead Generation,Education,Latin America,8952.08,2448459,112139,4024,1632730.25,4.58,0.08,182.39,2.22
CMP-04673,2023-09-01,TikTok,Conversion,Travel,Asia Pacific,49567.73,16302001,823251,17908,1177104.13,5.05,0.06,23.75,2.77
CMP-04674,2022-03-08,LinkedIn,Engagement,Food & Beverage,Middle East,6999.74,2928874,227280,21595,10181766.01,7.76,0.03,1454.59,0.32
CMP-04675,2022-09-01,TikTok,Conversion,Finance,Europe,29074.73,6581157,390920,41644,2418749.49,5.94,0.07,83.19,0.7
CMP-04676,2024-05-27,YouTube,Brand Awareness,Finance,Europe,17631.83,8790302,210967,12205,3953257.46,2.4,0.08,224.21,1.44
CMP-04677,2024-05-27,Google Ads,Engagement,Finance,Asia Pacific,10424.97,2199283,172643,10392,3965317.27,7.85,0.06,380.37,1.0
CMP-04678,2023-10-28,TikTok,Retargeting,Finance,Latin America,49378.11,10572656,718940,73208,26562085.72,6.8,0.07,537.93,0.67
CMP-04679,2023-06-21,Twitter,Retargeting,Travel,Latin America,32312.06,5587998,430834,22602,7468485.51,7.71,0.07,231.14,1.43
CMP-04680,2023-10-05,Google Ads,Retargeting,Education,Asia Pacific,42118.77,9772347,288284,21530,1173543.03,2.95,0.15,27.86,1.96
CMP-04681,2024-03-30,YouTube,Brand Awareness,Education,Asia Pacific,41976.21,9252216,602319,31779,13334584.02,6.51,0.07,317.67,1.32
CMP-04682,2023-08-08,YouTube,Engagement,Retail,North America,38707.35,7453164,251916,5998,667657.76,3.38,0.15,17.25,6.45
CMP-04683,2022-05-11,Email,Lead Generation,Education,North America,10357.11,3046308,101137,7132,1879399.21,3.32,0.1,181.46,1.45
CMP-04684,2022-08-13,Email,Engagement,Finance,North America,13030.52,5273370,389702,33787,1637734.74,7.39,0.03,125.68,0.39
CMP-04685,2022-05-29,Instagram,Lead Generation,Travel,Asia Pacific,37102.69,5470134,342977,17886,6089335.3,6.27,0.11,164.12,2.07
CMP-04686,2022-08-04,Google Ads,Lead Generation,Food & Beverage,Europe,5305.91,1664014,63731,4422,1980569.68,3.83,0.08,373.28,1.2
CMP-04687,2024-05-12,Email,Lead Generation,Healthcare,North America,31436.29,2388542,142357,12634,2616327.89,5.96,0.22,83.23,2.49
CMP-04688,2023-11-10,TikTok,Engagement,Education,Middle East,39114.56,13862881,1100712,102381,18537857.62,7.94,0.04,473.94,0.38
CMP-04689,2023-02-08,Google Ads,Brand Awareness,Retail,North America,26733.73,5152405,163846,1134,324047.99,3.18,0.16,12.12,23.57
CMP-04690,2023-12-09,Facebook,Conversion,Retail,Middle East,31033.31,13152557,1031160,22204,5128961.66,7.84,0.03,165.27,1.4
CMP-04691,2023-10-19,Instagram,Conversion,Finance,North America,31937.37,11398809,634913,68999,19461740.2,5.57,0.05,609.37,0.46
CMP-04692,2023-05-21,Email,Brand Awareness,Finance,Latin America,13620.5,1416132,75904,6231,2217591.07,5.36,0.18,162.81,2.19
CMP-04693,2023-04-25,LinkedIn,Brand Awareness,Healthcare,North America,32651.84,10933195,411088,38240,2074236.53,3.76,0.08,63.53,0.85
CMP-04694,2024-04-18,TikTok,Brand Awareness,Education,Europe,12922.84,2642569,124200,13889,6794553.22,4.7,0.1,525.78,0.93
CMP-04695,2024-06-07,LinkedIn,Brand Awareness,Tech,Asia Pacific,30835.8,7363949,58911,991,126649.56,0.8,0.52,4.11,31.12
CMP-04696,2023-01-01,Google Ads,Conversion,Tech,Middle East,48955.84,18009701,678965,76471,10801207.0,3.77,0.07,220.63,0.64
CMP-04697,2023-11-27,Twitter,Retargeting,Retail,Asia Pacific,40506.82,11398644,754590,28591,12489691.37,6.62,0.05,308.34,1.42
CMP-04698,2023-05-30,Facebook,Lead Generation,Travel,Latin America,16039.15,7147329,541767,34775,16666334.69,7.58,0.03,1039.1,0.46
CMP-04699,2023-07-26,LinkedIn,Retargeting,Tech,North America,33565.58,15898014,620022,39370,19388318.09,3.9,0.05,577.62,0.85
CMP-04700,2024-03-30,Google Ads,Retargeting,Retail,Latin America,10198.13,1775770,111695,7770,3593634.35,6.29,0.09,352.38,1.31
CMP-04701,2022-11-11,Email,Lead Generation,Food & Beverage,Latin America,36614.93,8861786,161284,2558,298953.75,1.82,0.23,8.16,14.31
CMP-04702,2024-03-29,YouTube,Brand Awareness,Retail,North America,45939.11,6357616,130331,13519,3132211.14,2.05,0.35,68.18,3.4
CMP-04703,2022-07-08,LinkedIn,Conversion,Travel,Europe,24130.96,11356670,308901,15769,5149563.0,2.72,0.08,213.4,1.53
CMP-04704,2024-01-05,Google Ads,Lead Generation,Finance,Europe,638.61,77270,533,33,9691.92,0.69,1.2,15.18,19.35
CMP-04705,2023-03-23,Twitter,Conversion,Tech,Latin America,17364.76,4315835,28916,794,97046.57,0.67,0.6,5.59,21.87
CMP-04706,2022-04-08,TikTok,Retargeting,Food & Beverage,Latin America,5547.12,1874714,75176,8326,2911058.63,4.01,0.07,524.79,0.67
CMP-04707,2022-11-07,TikTok,Brand Awareness,Finance,Middle East,7385.3,2404512,132729,13284,2997722.49,5.52,0.06,405.9,0.56
CMP-04708,2024-01-21,Instagram,Engagement,Retail,Latin America,27215.17,8224747,366823,41744,4372506.76,4.46,0.07,160.66,0.65
CMP-04709,2023-04-16,YouTube,Conversion,Food & Beverage,Asia Pacific,26477.43,10735289,606543,15516,2749214.85,5.65,0.04,103.83,1.71
CMP-04710,2023-09-16,TikTok,Engagement,Food & Beverage,Middle East,3896.51,1498827,27878,581,116106.87,1.86,0.14,29.8,6.71
CMP-04711,2022-05-06,Google Ads,Conversion,Finance,Europe,22371.81,1995842,13771,1365,151602.44,0.69,1.62,6.78,16.39
CMP-04712,2024-05-06,Facebook,Brand Awareness,Tech,North America,42279.13,11463586,216661,3056,286202.25,1.89,0.2,6.77,13.83
CMP-04713,2024-02-22,TikTok,Conversion,Retail,North America,25187.21,4637924,102961,6602,3149043.81,2.22,0.24,125.03,3.82
CMP-04714,2022-11-14,Twitter,Conversion,Retail,North America,45176.8,17695444,1228063,30885,14394595.74,6.94,0.04,318.63,1.46
CMP-04715,2024-04-16,LinkedIn,Brand Awareness,Tech,Asia Pacific,48355.5,13413213,803451,31214,6514851.2,5.99,0.06,134.73,1.55
CMP-04716,2022-04-21,Email,Conversion,Travel,North America,30173.75,8436526,577902,39686,14365330.59,6.85,0.05,476.09,0.76
CMP-04717,2022-03-14,Twitter,Retargeting,Education,Middle East,42150.06,4354932,205552,14078,1039580.37,4.72,0.21,24.66,2.99
CMP-04718,2022-11-20,LinkedIn,Lead Generation,Food & Beverage,Asia Pacific,7511.85,402671,11556,1244,39016.54,2.87,0.65,5.19,6.04
CMP-04719,2022-12-03,YouTube,Engagement,Food & Beverage,Middle East,16392.08,4062285,173053,8034,1776007.81,4.26,0.09,108.35,2.04
CMP-04720,2024-02-21,LinkedIn,Engagement,Food & Beverage,Asia Pacific,9100.64,3316702,90214,2019,436236.64,2.72,0.1,47.93,4.51
CMP-04721,2022-09-28,TikTok,Lead Generation,Education,Asia Pacific,18456.81,2754743,44626,1181,91822.8,1.62,0.41,4.98,15.63
CMP-04722,2023-01-27,TikTok,Conversion,Travel,Asia Pacific,27399.9,2007132,72457,6304,1188496.21,3.61,0.38,43.38,4.35
CMP-04723,2023-06-04,Google Ads,Conversion,Retail,Latin America,32124.51,15275953,1021961,56272,15677956.59,6.69,0.03,488.04,0.57
CMP-04724,2024-04-12,Facebook,Lead Generation,Travel,Europe,9601.1,3723283,255417,21255,798743.99,6.86,0.04,83.19,0.45
CMP-04725,2024-03-26,Email,Lead Generation,Tech,Asia Pacific,33417.7,3780635,233643,3655,983537.91,6.18,0.14,29.43,9.14
CMP-04726,2024-04-21,LinkedIn,Conversion,Education,Asia Pacific,12145.31,4936273,72069,4564,953531.39,1.46,0.17,78.51,2.66
CMP-04727,2022-05-22,Email,Retargeting,Tech,North America,21326.81,2994212,114977,2780,424115.83,3.84,0.19,19.89,7.67
CMP-04728,2022-10-31,Email,Lead Generation,Food & Beverage,Asia Pacific,15178.23,4569918,40672,1601,708455.68,0.89,0.37,46.68,9.48
CMP-04729,2024-05-02,Twitter,Retargeting,Travel,Europe,31641.85,2843946,131390,6114,780924.29,4.62,0.24,24.68,5.18
CMP-04730,2022-01-31,Twitter,Engagement,Healthcare,North America,28051.92,1440832,21324,731,81946.14,1.48,1.32,2.92,38.37
CMP-04731,2024-02-08,LinkedIn,Lead Generation,Finance,North America,33090.39,11479025,342074,34125,1774178.42,2.98,0.1,53.62,0.97
CMP-04732,2022-02-10,Google Ads,Conversion,Healthcare,Middle East,24555.64,8350817,629651,70153,18736785.03,7.54,0.04,763.03,0.35
CMP-04733,2022-11-01,TikTok,Retargeting,Healthcare,Latin America,13457.73,3838816,244916,17059,6447518.02,6.38,0.05,479.09,0.79
CMP-04734,2022-10-31,Instagram,Brand Awareness,Food & Beverage,Asia Pacific,40140.92,8129634,497533,7737,367873.73,6.12,0.08,9.16,5.19
CMP-04735,2022-11-17,TikTok,Lead Generation,Tech,Middle East,16961.18,3167731,169473,6065,1515008.54,5.35,0.1,89.32,2.8
CMP-04736,2024-01-30,TikTok,Lead Generation,Tech,Asia Pacific,35951.92,2640788,192249,12122,429165.97,7.28,0.19,11.94,2.97
CMP-04737,2023-05-16,Google Ads,Lead Generation,Food & Beverage,Asia Pacific,6041.92,626215,47404,1237,423869.99,7.57,0.13,70.15,4.88
CMP-04738,2023-11-25,Instagram,Conversion,Healthcare,North America,6597.3,1326839,11676,855,82973.83,0.88,0.57,12.58,7.72
CMP-04739,2024-06-03,Instagram,Retargeting,Food & Beverage,Middle East,31233.31,7242283,418603,41258,3862127.45,5.78,0.07,123.65,0.76
CMP-04740,2024-03-01,LinkedIn,Retargeting,Travel,Latin America,10409.56,2435635,112039,6028,1158541.53,4.6,0.09,111.3,1.73
CMP-04741,2023-06-06,Email,Brand Awareness,Education,North America,30437.1,9120385,581880,34754,6514581.43,6.38,0.05,214.03,0.88
CMP-04742,2022-08-24,Email,Retargeting,Finance,Middle East,20206.47,4936607,141186,6309,2885402.41,2.86,0.14,142.8,3.2
CMP-04743,2022-12-14,Google Ads,Engagement,Tech,Europe,11444.97,3222665,112793,6467,1856915.04,3.5,0.1,162.25,1.77
CMP-04744,2022-10-20,Email,Lead Generation,Healthcare,North America,33136.67,15970120,1180191,71425,17989985.69,7.39,0.03,542.9,0.46
CMP-04745,2024-04-17,Email,Retargeting,Food & Beverage,North America,44269.4,11867561,558962,31904,3847755.79,4.71,0.08,86.92,1.39
CMP-04746,2022-02-28,Facebook,Engagement,Food & Beverage,Asia Pacific,38213.35,2763077,85655,2016,908581.6,3.1,0.45,23.78,18.96
CMP-04747,2022-06-19,YouTube,Engagement,Food & Beverage,Middle East,16239.53,2311772,146103,3697,1449627.47,6.32,0.11,89.27,4.39
CMP-04748,2022-03-28,Twitter,Brand Awareness,Travel,Asia Pacific,13579.48,1849373,66392,7373,2225616.54,3.59,0.2,163.9,1.84
CMP-04749,2024-04-27,Twitter,Conversion,Healthcare,North America,27746.25,2427721,127940,6254,1731640.62,5.27,0.22,62.41,4.44
CMP-04750,2022-09-11,Facebook,Lead Generation,Retail,Latin America,49154.72,6256633,357253,30885,8334752.01,5.71,0.14,169.56,1.59
CMP-04751,2022-12-01,TikTok,Lead Generation,Finance,Asia Pacific,36817.7,15242153,990739,35577,1457285.8,6.5,0.04,39.58,1.03
CMP-04752,2023-04-02,LinkedIn,Engagement,Finance,Middle East,16889.09,3525044,168497,15994,732530.1,4.78,0.1,43.37,1.06
CMP-04753,2022-04-09,Email,Lead Generation,Retail,North America,20654.7,10251742,260394,1317,261288.96,2.54,0.08,12.65,15.68
CMP-04754,2022-04-02,YouTube,Engagement,Food & Beverage,North America,27073.08,12170801,231245,20284,6680624.99,1.9,0.12,246.76,1.33
CMP-04755,2024-06-14,Email,Conversion,Food & Beverage,Middle East,43598.77,20293973,677818,15062,7267466.36,3.34,0.06,166.69,2.89
CMP-04756,2024-03-24,YouTube,Brand Awareness,Travel,North America,18074.84,4789942,99630,6189,2967542.54,2.08,0.18,164.18,2.92
CMP-04757,2023-04-21,Facebook,Lead Generation,Retail,Middle East,10854.65,1651896,29403,1886,571489.44,1.78,0.37,52.65,5.76
CMP-04758,2023-10-18,Twitter,Conversion,Healthcare,Asia Pacific,31789.38,8403787,526077,23849,11731386.31,6.26,0.06,369.03,1.33
CMP-04759,2023-09-09,Twitter,Lead Generation,Retail,North America,5910.81,2720416,189885,22141,5945492.32,6.98,0.03,1005.87,0.27
CMP-04760,2022-12-03,YouTube,Conversion,Healthcare,Europe,19608.02,6482239,361708,17921,7527555.5,5.58,0.05,383.9,1.09
CMP-04761,2023-01-05,Google Ads,Conversion,Tech,North America,46915.94,22963055,698076,30179,14286455.88,3.04,0.07,304.51,1.55
CMP-04762,2023-07-05,Instagram,Engagement,Education,Middle East,32471.13,14759516,817677,24347,5835459.67,5.54,0.04,179.71,1.33
CMP-04763,2022-03-17,TikTok,Retargeting,Healthcare,Europe,14105.89,2463300,101241,1017,246052.79,4.11,0.14,17.44,13.87
CMP-04764,2023-01-24,TikTok,Engagement,Education,Asia Pacific,18049.48,8343386,425512,43772,9345628.0,5.1,0.04,517.78,0.41
CMP-04765,2022-08-23,Google Ads,Brand Awareness,Education,Latin America,32192.76,8579921,478759,32511,4137860.57,5.58,0.07,128.53,0.99
CMP-04766,2022-08-14,Twitter,Lead Generation,Food & Beverage,Asia Pacific,16909.19,6088356,96804,3394,1340965.07,1.59,0.17,79.3,4.98
CMP-04767,2023-05-10,Email,Conversion,Education,Latin America,40325.74,6241961,227207,12866,906953.12,3.64,0.18,22.49,3.13
CMP-04768,2024-02-11,YouTube,Lead Generation,Retail,Europe,13208.8,2199382,16055,1628,298933.06,0.73,0.82,22.63,8.11
CMP-04769,2022-05-29,Facebook,Conversion,Tech,Asia Pacific,33531.75,3679026,278870,23252,11153024.7,7.58,0.12,332.61,1.44
CMP-04770,2024-06-10,Facebook,Conversion,Tech,Middle East,31528.87,5941605,86747,8765,4258286.12,1.46,0.36,135.06,3.6
CMP-04771,2024-05-27,Email,Retargeting,Food & Beverage,Asia Pacific,32975.25,11003026,832929,99271,30976971.22,7.57,0.04,939.4,0.33
CMP-04772,2024-03-22,TikTok,Brand Awareness,Healthcare,Latin America,17739.23,1208952,82813,2640,1209023.82,6.85,0.21,68.16,6.72
CMP-04773,2023-01-26,Facebook,Conversion,Healthcare,Europe,22283.63,6026000,248873,19048,5554332.18,4.13,0.09,249.26,1.17
CMP-04774,2024-03-09,YouTube,Retargeting,Education,North America,8329.81,4004946,262323,21282,7589963.24,6.55,0.03,911.18,0.39
CMP-04775,2022-07-10,TikTok,Brand Awareness,Retail,Europe,46048.25,3491831,152593,3585,225990.51,4.37,0.3,4.91,12.84
CMP-04776,2022-12-16,TikTok,Brand Awareness,Education,Middle East,33951.82,11428332,890267,47119,1428498.97,7.79,0.04,42.07,0.72
CMP-04777,2024-01-28,Twitter,Brand Awareness,Finance,Middle East,42219.41,17044357,119310,11301,2308280.27,0.7,0.35,54.67,3.74
CMP-04778,2023-04-30,YouTube,Lead Generation,Healthcare,Latin America,13050.08,1844461,107347,11634,5042936.4,5.82,0.12,386.43,1.12
CMP-04779,2022-04-09,Google Ads,Engagement,Finance,Latin America,5664.96,648245,38700,1900,246640.17,5.97,0.15,43.54,2.98
CMP-04780,2022-08-29,Instagram,Lead Generation,Education,Europe,28357.44,1713732,131271,1007,40993.53,7.66,0.22,1.45,28.16
CMP-04781,2023-06-01,Facebook,Brand Awareness,Healthcare,Asia Pacific,12593.3,2484289,65585,7006,2162062.43,2.64,0.19,171.68,1.8
CMP-04782,2023-05-31,Email,Retargeting,Healthcare,North America,30750.85,6303319,226919,23869,8837973.45,3.6,0.14,287.41,1.29
CMP-04783,2022-03-30,Twitter,Lead Generation,Travel,Latin America,17476.73,7500711,297028,34124,6839669.33,3.96,0.06,391.36,0.51
CMP-04784,2022-05-27,Facebook,Brand Awareness,Tech,Middle East,38102.65,10408449,213373,18136,7570743.48,2.05,0.18,198.69,2.1
CMP-04785,2023-08-29,YouTube,Lead Generation,Travel,Asia Pacific,17397.29,3050549,231231,6647,3014360.98,7.58,0.08,173.27,2.62
CMP-04786,2024-06-18,LinkedIn,Conversion,Healthcare,North America,6837.17,2782656,205360,18876,6964032.67,7.38,0.03,1018.55,0.36
CMP-04787,2023-01-22,TikTok,Brand Awareness,Retail,North America,38209.39,15456785,499254,24299,3240103.72,3.23,0.08,84.8,1.57
CMP-04788,2024-02-22,LinkedIn,Conversion,Food & Beverage,Asia Pacific,40394.5,10020010,445890,7578,3287513.44,4.45,0.09,81.39,5.33
CMP-04789,2024-06-17,LinkedIn,Engagement,Retail,Latin America,18230.83,9081124,579375,59832,2696467.16,6.38,0.03,147.91,0.3
CMP-04790,2022-04-09,Email,Retargeting,Travel,Middle East,17210.35,5112976,245934,8895,625952.35,4.81,0.07,36.37,1.93
CMP-04791,2022-10-11,Instagram,Conversion,Finance,Middle East,35946.89,4489853,131103,8588,4216665.85,2.92,0.27,117.3,4.19
CMP-04792,2023-04-01,YouTube,Retargeting,Food & Beverage,Europe,37026.09,10223598,767792,15025,1403429.81,7.51,0.05,37.9,2.46
CMP-04793,2024-01-11,Google Ads,Conversion,Food & Beverage,Latin America,37435.15,10837513,682763,28385,3784417.06,6.3,0.05,101.09,1.32
CMP-04794,2023-02-19,Email,Brand Awareness,Healthcare,Latin America,32158.55,14707375,142661,3319,943371.06,0.97,0.23,29.33,9.69
CMP-04795,2022-05-25,Instagram,Brand Awareness,Food & Beverage,Europe,36449.44,7701819,349662,20447,2903215.93,4.54,0.1,79.65,1.78
CMP-04796,2022-07-12,TikTok,Lead Generation,Food & Beverage,Latin America,26293.79,6458673,344893,29287,13672294.31,5.34,0.08,519.98,0.9
CMP-04797,2023-04-21,LinkedIn,Retargeting,Retail,Europe,18821.65,9408740,305784,29705,11881876.02,3.25,0.06,631.29,0.63
CMP-04798,2024-04-26,Instagram,Brand Awareness,Finance,Middle East,19563.08,3992965,249959,17379,5988196.41,6.26,0.08,306.1,1.13
CMP-04799,2023-05-26,Email,Retargeting,Healthcare,Europe,2115.93,531175,35057,4024,642081.8,6.6,0.06,303.45,0.53
CMP-04800,2024-04-01,Email,Conversion,Tech,Latin America,13922.18,3912628,202674,17357,3624044.3,5.18,0.07,260.31,0.8
CMP-04801,2022-12-19,LinkedIn,Retargeting,Healthcare,Asia Pacific,10613.94,4334254,218879,15255,1287245.79,5.05,0.05,121.28,0.7
CMP-04802,2023-04-16,Facebook,Conversion,Healthcare,Latin America,17465.21,5682983,345525,3134,1041340.4,6.08,0.05,59.62,5.57
CMP-04803,2023-10-27,Email,Engagement,Tech,Asia Pacific,18775.43,3999915,93998,8032,2678618.44,2.35,0.2,142.67,2.34
CMP-04804,2022-05-08,LinkedIn,Engagement,Education,Asia Pacific,8721.13,3890535,94540,7834,1671639.33,2.43,0.09,191.68,1.11
CMP-04805,2023-08-29,Email,Brand Awareness,Food & Beverage,Middle East,11221.63,3523466,81039,4548,1628280.96,2.3,0.14,145.1,2.47
CMP-04806,2023-05-23,Facebook,Brand Awareness,Travel,Latin America,10604.7,4094784,207196,5125,1489479.08,5.06,0.05,140.45,2.07
CMP-04807,2022-08-16,LinkedIn,Lead Generation,Education,Asia Pacific,48680.24,2487096,84063,520,177828.28,3.38,0.58,3.65,93.62
CMP-04808,2023-09-20,Twitter,Conversion,Retail,Middle East,41659.51,18827558,316302,2452,263484.39,1.68,0.13,6.32,16.99
CMP-04809,2023-04-02,Facebook,Brand Awareness,Tech,North America,17241.65,5994891,303341,11046,381888.96,5.06,0.06,22.15,1.56
CMP-04810,2022-07-08,Instagram,Brand Awareness,Tech,North America,43209.31,14393477,627555,8712,3278691.51,4.36,0.07,75.88,4.96
CMP-04811,2023-08-29,Instagram,Retargeting,Food & Beverage,North America,10640.05,2321911,21825,1903,332442.87,0.94,0.49,31.24,5.59
CMP-04812,2022-11-15,TikTok,Engagement,Travel,North America,22065.16,2113266,34868,2795,99938.42,1.65,0.63,4.53,7.89
CMP-04813,2022-10-30,Twitter,Lead Generation,Retail,Latin America,38417.74,7287214,535610,51365,3556884.64,7.35,0.07,92.58,0.75
CMP-04814,2024-02-29,Email,Conversion,Tech,Europe,45156.23,21921662,622575,48249,17081708.25,2.84,0.07,378.28,0.94
CMP-04815,2023-04-19,Google Ads,Engagement,Retail,Europe,16264.22,4689066,360120,31100,6577264.58,7.68,0.05,404.4,0.52
CMP-04816,2023-08-24,YouTube,Brand Awareness,Travel,Latin America,42163.46,9869928,116465,9273,2144760.76,1.18,0.36,50.87,4.55
CMP-04817,2024-05-23,Google Ads,Conversion,Travel,Latin America,45194.95,18616281,1154209,67122,19644236.63,6.2,0.04,434.66,0.67
CMP-04818,2024-05-29,TikTok,Brand Awareness,Food & Beverage,Latin America,15978.43,3810086,55627,4459,1208037.02,1.46,0.29,75.6,3.58
CMP-04819,2023-04-23,LinkedIn,Engagement,Tech,Middle East,19227.53,1032298,56982,3122,1096928.13,5.52,0.34,57.05,6.16
CMP-04820,2022-10-11,YouTube,Lead Generation,Finance,Europe,12974.03,5735771,264992,21748,1701818.72,4.62,0.05,131.17,0.6
CMP-04821,2023-12-13,LinkedIn,Brand Awareness,Retail,Middle East,4158.97,1449443,89575,5590,1351292.59,6.18,0.05,324.91,0.74
CMP-04822,2022-07-02,Google Ads,Brand Awareness,Food & Beverage,Asia Pacific,15112.89,5824754,138046,3007,1156466.62,2.37,0.11,76.52,5.03
CMP-04823,2023-09-26,Twitter,Conversion,Education,North America,12291.03,2508927,44658,4120,231789.6,1.78,0.28,18.86,2.98
CMP-04824,2022-09-17,Instagram,Conversion,Tech,North America,45227.64,16990692,107041,9548,1960297.51,0.63,0.42,43.34,4.74
CMP-04825,2022-12-15,YouTube,Retargeting,Tech,Middle East,22605.52,6044132,210940,11628,5393722.87,3.49,0.11,238.6,1.94
CMP-04826,2022-09-28,TikTok,Lead Generation,Retail,Asia Pacific,29965.25,9082777,609454,5858,1022033.49,6.71,0.05,34.11,5.12
CMP-04827,2023-09-04,Google Ads,Retargeting,Tech,Europe,7007.93,2777285,29716,2880,269783.43,1.07,0.24,38.5,2.43
CMP-04828,2023-10-27,Twitter,Brand Awareness,Tech,Middle East,15717.78,7067474,403552,47474,20492438.46,5.71,0.04,1303.77,0.33
CMP-04829,2023-05-17,Twitter,Conversion,Travel,North America,4398.35,1317714,100014,1459,103916.46,7.59,0.04,23.63,3.01
CMP-04830,2024-02-05,TikTok,Engagement,Healthcare,Latin America,1060.09,58414,2354,141,21393.2,4.03,0.45,20.18,7.52
CMP-04831,2024-05-02,Twitter,Conversion,Retail,Europe,24991.93,5374718,113944,12491,3676401.4,2.12,0.22,147.1,2.0
CMP-04832,2024-05-06,Facebook,Brand Awareness,Education,Asia Pacific,31892.84,10145583,745700,68278,27031850.52,7.35,0.04,847.58,0.47
CMP-04833,2023-03-27,Facebook,Brand Awareness,Healthcare,Latin America,43833.38,8992043,357883,36248,2360594.18,3.98,0.12,53.85,1.21
CMP-04834,2023-05-18,Instagram,Conversion,Healthcare,Latin America,35333.01,15763022,515450,25267,11656518.03,3.27,0.07,329.9,1.4
CMP-04835,2023-08-22,Twitter,Retargeting,Travel,Middle East,28439.38,11600945,544084,15134,1130471.36,4.69,0.05,39.75,1.88
CMP-04836,2023-06-05,YouTube,Engagement,Retail,Middle East,26616.29,10393099,364797,37964,4948847.29,3.51,0.07,185.93,0.7
CMP-04837,2023-10-18,YouTube,Lead Generation,Healthcare,Asia Pacific,17734.61,6914513,450826,19211,7870080.94,6.52,0.04,443.77,0.92
CMP-04838,2023-10-23,Email,Brand Awareness,Education,Europe,36635.43,13149169,637734,49389,9582831.46,4.85,0.06,261.57,0.74
CMP-04839,2022-08-25,Twitter,Retargeting,Tech,Latin America,804.31,140297,9315,410,157127.95,6.64,0.09,195.36,1.96
CMP-04840,2024-02-18,Email,Engagement,Finance,North America,18662.78,5932193,328643,5655,2073874.98,5.54,0.06,111.12,3.3
CMP-04841,2022-06-06,LinkedIn,Conversion,Healthcare,Middle East,5995.62,1140574,68548,6893,251769.28,6.01,0.09,41.99,0.87
CMP-04842,2024-04-05,Twitter,Brand Awareness,Finance,North America,12028.22,2667808,104578,745,266364.98,3.92,0.12,22.15,16.15
CMP-04843,2022-01-02,Facebook,Lead Generation,Retail,Asia Pacific,9690.0,1452939,62766,6099,712314.25,4.32,0.15,73.51,1.59
CMP-04844,2024-05-13,TikTok,Retargeting,Healthcare,North America,32924.52,10639489,592619,30181,6773604.33,5.57,0.06,205.73,1.09
CMP-04845,2022-12-13,Facebook,Retargeting,Retail,Europe,46022.4,22663224,1774530,48247,11376559.29,7.83,0.03,247.2,0.95
CMP-04846,2024-05-28,LinkedIn,Engagement,Healthcare,Middle East,43305.05,11063495,849676,7706,1779360.01,7.68,0.05,41.09,5.62
CMP-04847,2023-07-07,Facebook,Brand Awareness,Tech,Latin America,21877.96,9747066,337248,23630,4272165.87,3.46,0.06,195.27,0.93
CMP-04848,2022-05-07,TikTok,Brand Awareness,Education,Middle East,41656.6,7170160,535610,11353,4737539.76,7.47,0.08,113.73,3.67
CMP-04849,2023-05-04,Twitter,Lead Generation,Travel,Asia Pacific,17939.17,2865548,204600,2196,755569.76,7.14,0.09,42.12,8.17
CMP-04850,2024-02-14,Google Ads,Engagement,Food & Beverage,North America,5253.7,476964,2670,17,1498.45,0.56,1.97,0.29,309.04
CMP-04851,2022-03-30,Email,Retargeting,Healthcare,Latin America,14049.05,6125729,63707,3438,985703.03,1.04,0.22,70.16,4.09
CMP-04852,2023-06-28,Instagram,Conversion,Travel,Middle East,46881.01,12633088,651867,5841,2916953.45,5.16,0.07,62.22,8.03
CMP-04853,2022-12-05,Instagram,Conversion,Food & Beverage,Europe,42796.48,19813523,192191,3519,239461.39,0.97,0.22,5.6,12.16
CMP-04854,2023-04-30,LinkedIn,Brand Awareness,Healthcare,Europe,2382.05,192454,9083,1043,113274.53,4.72,0.26,47.55,2.28
CMP-04855,2023-05-23,Instagram,Brand Awareness,Finance,Latin America,14315.41,2400493,188678,16719,7809786.71,7.86,0.08,545.55,0.86
CMP-04856,2023-05-02,TikTok,Brand Awareness,Healthcare,North America,5040.76,1935265,87086,1680,67904.02,4.5,0.06,13.47,3.0
CMP-04857,2024-03-24,Facebook,Engagement,Finance,Latin America,32883.69,13680950,621115,59819,10419602.91,4.54,0.05,316.86,0.55
CMP-04858,2022-04-18,TikTok,Lead Generation,Tech,Asia Pacific,37672.88,13485611,592018,54449,6404066.8,4.39,0.06,169.99,0.69
CMP-04859,2023-09-07,YouTube,Engagement,Tech,Latin America,26968.52,9300635,81845,8484,2805025.38,0.88,0.33,104.01,3.18
CMP-04860,2024-06-03,Email,Conversion,Finance,North America,16561.88,5476881,213598,18861,773601.38,3.9,0.08,46.71,0.88
CMP-04861,2022-03-15,YouTube,Brand Awareness,Retail,Europe,7949.51,3833097,142591,12489,3281054.56,3.72,0.06,412.74,0.64
CMP-04862,2022-06-21,Instagram,Retargeting,Retail,Latin America,33146.36,2001540,124095,4002,858471.58,6.2,0.27,25.9,8.28
CMP-04863,2024-03-23,YouTube,Retargeting,Tech,North America,45557.23,7353052,342652,6811,1139742.09,4.66,0.13,25.02,6.69
CMP-04864,2022-02-02,LinkedIn,Retargeting,Travel,Middle East,25827.43,11891079,560069,14507,3171294.49,4.71,0.05,122.79,1.78
CMP-04865,2024-04-26,Instagram,Lead Generation,Education,Europe,11017.09,1821603,15301,1423,194333.42,0.84,0.72,17.64,7.74
CMP-04866,2023-09-16,TikTok,Retargeting,Education,Asia Pacific,18495.12,2986387,207255,4784,754932.2,6.94,0.09,40.82,3.87
CMP-04867,2023-01-26,Twitter,Retargeting,Finance,Latin America,17982.96,1721174,112564,4562,2095815.53,6.54,0.16,116.54,3.94
CMP-04868,2023-04-19,Email,Conversion,Tech,North America,1484.03,157412,11380,1100,130338.86,7.23,0.13,87.83,1.35
CMP-04869,2023-11-01,Facebook,Conversion,Education,Latin America,35498.17,11748978,462909,7841,371215.24,3.94,0.08,10.46,4.53
CMP-04870,2023-06-30,LinkedIn,Brand Awareness,Retail,Latin America,46328.18,5624875,170996,14780,5747859.54,3.04,0.27,124.07,3.13
CMP-04871,2022-03-11,TikTok,Lead Generation,Finance,Latin America,31174.73,2344138,129396,10702,1942160.44,5.52,0.24,62.3,2.91
CMP-04872,2023-05-03,Google Ads,Brand Awareness,Finance,Asia Pacific,9174.29,3489349,136782,2630,503658.43,3.92,0.07,54.9,3.49
CMP-04873,2022-06-10,TikTok,Conversion,Retail,Asia Pacific,20032.29,5135967,135075,15926,3196282.14,2.63,0.15,159.56,1.26
CMP-04874,2024-01-18,Twitter,Brand Awareness,Finance,Europe,31899.97,15427737,396492,36460,8565185.2,2.57,0.08,268.5,0.87
CMP-04875,2022-08-14,Email,Conversion,Tech,Asia Pacific,36719.3,11722239,811178,47061,21704092.07,6.92,0.05,591.08,0.78
CMP-04876,2023-07-07,Facebook,Engagement,Tech,Latin America,3836.39,383164,13065,87,36986.41,3.41,0.29,9.64,44.1
CMP-04877,2022-01-04,Email,Brand Awareness,Retail,Asia Pacific,3572.24,827146,55666,3951,259722.77,6.73,0.06,72.71,0.9
CMP-04878,2023-12-03,Google Ads,Lead Generation,Retail,Middle East,37890.96,13051612,1014110,12543,1416741.61,7.77,0.04,37.39,3.02
CMP-04879,2022-12-13,Instagram,Engagement,Education,Latin America,39377.16,15336665,84351,4370,1146026.46,0.55,0.47,29.1,9.01
CMP-04880,2023-08-23,TikTok,Retargeting,Education,Asia Pacific,45825.07,21456333,570738,12112,5002929.99,2.66,0.08,109.17,3.78
CMP-04881,2022-02-05,Google Ads,Retargeting,Tech,Latin America,43005.28,17669319,1109633,109978,18642953.86,6.28,0.04,433.5,0.39
CMP-04882,2022-12-11,YouTube,Engagement,Education,Europe,19117.6,9003705,393461,17980,1388263.15,4.37,0.05,72.62,1.06
CMP-04883,2023-03-24,Instagram,Retargeting,Tech,Europe,43895.9,14185779,106393,4740,491175.8,0.75,0.41,11.19,9.26
CMP-04884,2024-02-22,Email,Brand Awareness,Healthcare,North America,31722.55,14627381,419805,16910,1755142.55,2.87,0.08,55.33,1.88
CMP-04885,2023-11-20,TikTok,Engagement,Retail,Latin America,39178.54,13228554,501362,4171,1148256.3,3.79,0.08,29.31,9.39
CMP-04886,2023-11-15,LinkedIn,Conversion,Food & Beverage,Asia Pacific,37762.72,7499701,251989,19877,3077538.16,3.36,0.15,81.5,1.9
CMP-04887,2022-10-16,TikTok,Engagement,Healthcare,Europe,25373.53,4966776,156950,11164,4073959.55,3.16,0.16,160.56,2.27
CMP-04888,2024-04-01,Twitter,Lead Generation,Finance,Asia Pacific,32813.31,13889776,373634,38775,6166006.98,2.69,0.09,187.91,0.85
CMP-04889,2023-09-10,Twitter,Retargeting,Travel,North America,32728.25,14551488,638810,30111,7645374.57,4.39,0.05,233.6,1.09
CMP-04890,2022-06-28,TikTok,Retargeting,Food & Beverage,Latin America,37054.15,9411356,186344,10223,4124610.7,1.98,0.2,111.31,3.62
CMP-04891,2023-03-29,YouTube,Conversion,Travel,Middle East,16514.71,5437667,171830,11030,3397677.12,3.16,0.1,205.74,1.5
CMP-04892,2022-10-24,YouTube,Retargeting,Education,Middle East,9162.17,2890578,75155,1347,124984.8,2.6,0.12,13.64,6.8
CMP-04893,2022-09-19,Email,Brand Awareness,Food & Beverage,Latin America,17568.48,1297854,92666,3821,1002103.71,7.14,0.19,57.04,4.6
CMP-04894,2023-02-19,Instagram,Conversion,Healthcare,Middle East,15942.32,5314912,369386,12495,2412622.42,6.95,0.04,151.33,1.28
CMP-04895,2023-11-01,Email,Retargeting,Finance,Latin America,11629.23,3108502,120299,9238,577779.77,3.87,0.1,49.68,1.26
CMP-04896,2022-03-22,YouTube,Engagement,Tech,Latin America,47070.72,21846418,1057366,13452,4270881.09,4.84,0.04,90.73,3.5
CMP-04897,2022-11-25,Instagram,Conversion,Finance,Asia Pacific,28365.82,3670615,241893,4525,1422135.67,6.59,0.12,50.14,6.27
CMP-04898,2023-11-07,TikTok,Engagement,Food & Beverage,Asia Pacific,25154.41,9569407,424881,34025,2028066.46,4.44,0.06,80.62,0.74
CMP-04899,2022-11-04,Twitter,Conversion,Tech,North America,36653.25,8355268,579855,23578,8088197.53,6.94,0.06,220.67,1.55
CMP-04900,2023-04-28,TikTok,Engagement,Retail,North America,35301.1,6984622,512671,59182,9615672.81,7.34,0.07,272.39,0.6
CMP-04901,2024-05-08,Twitter,Retargeting,Retail,Europe,24709.64,9016087,272285,18472,4731286.55,3.02,0.09,191.48,1.34
CMP-04902,2022-09-14,Google Ads,Lead Generation,Retail,Europe,45004.28,18811879,1119306,76599,8883148.25,5.95,0.04,197.38,0.59
CMP-04903,2022-05-20,Google Ads,Brand Awareness,Travel,Asia Pacific,46319.4,7944104,186686,15484,4539536.27,2.35,0.25,98.01,2.99
CMP-04904,2024-01-15,LinkedIn,Brand Awareness,Finance,North America,24094.04,1878686,133386,6531,1181175.03,7.1,0.18,49.02,3.69
CMP-04905,2022-11-08,Facebook,Conversion,Retail,Middle East,9798.62,3034789,163271,17294,2382553.19,5.38,0.06,243.15,0.57
CMP-04906,2023-09-27,Twitter,Brand Awareness,Finance,North America,29995.83,12366816,398211,37154,9017293.11,3.22,0.08,300.62,0.81
CMP-04907,2022-03-27,LinkedIn,Conversion,Healthcare,Europe,45164.39,8286021,57173,2178,557970.83,0.69,0.79,12.35,20.74
CMP-04908,2023-12-08,YouTube,Engagement,Education,Europe,24107.26,1909511,129655,2565,1014773.85,6.79,0.19,42.09,9.4
CMP-04909,2024-05-27,LinkedIn,Engagement,Education,Middle East,913.72,239886,14033,787,129077.78,5.85,0.07,141.27,1.16
CMP-04910,2024-05-29,Google Ads,Lead Generation,Tech,Middle East,49657.5,15396276,648183,71702,2949682.43,4.21,0.08,59.4,0.69
CMP-04911,2022-03-14,Twitter,Engagement,Finance,North America,32955.54,14658122,968901,89109,26401532.29,6.61,0.03,801.13,0.37
CMP-04912,2023-06-06,TikTok,Conversion,Retail,Asia Pacific,15634.7,6649476,118360,7159,351186.5,1.78,0.13,22.46,2.18
CMP-04913,2023-04-18,TikTok,Retargeting,Retail,Latin America,11373.28,4688331,241917,8681,1569932.26,5.16,0.05,138.04,1.31
CMP-04914,2024-01-05,LinkedIn,Retargeting,Travel,Latin America,22893.08,10108716,554968,19188,4245836.19,5.49,0.04,185.46,1.19
CMP-04915,2023-12-10,LinkedIn,Brand Awareness,Tech,North America,4016.14,1883949,45968,2270,98319.95,2.44,0.09,24.48,1.77
CMP-04916,2023-07-12,Instagram,Lead Generation,Healthcare,Asia Pacific,17344.88,2871625,85861,8443,837419.15,2.99,0.2,48.28,2.05
CMP-04917,2024-01-20,Twitter,Conversion,Travel,Asia Pacific,33542.57,8165245,511960,19560,2546845.91,6.27,0.07,75.93,1.71
CMP-04918,2022-07-14,Instagram,Brand Awareness,Retail,Asia Pacific,27254.75,11681205,566538,35341,4285890.5,4.85,0.05,157.25,0.77
CMP-04919,2023-02-04,Facebook,Retargeting,Healthcare,Middle East,33920.71,6367736,508782,57225,18234573.65,7.99,0.07,537.56,0.59
CMP-04920,2023-03-19,YouTube,Brand Awareness,Retail,Latin America,16693.14,2032353,130883,5298,1056025.38,6.44,0.13,63.26,3.15
CMP-04921,2022-09-08,Google Ads,Lead Generation,Finance,Asia Pacific,6435.43,2105076,43785,2195,449225.41,2.08,0.15,69.81,2.93
CMP-04922,2023-09-07,Google Ads,Conversion,Retail,Middle East,34047.22,14747064,920216,8755,2968800.09,6.24,0.04,87.2,3.89
CMP-04923,2023-10-21,Email,Retargeting,Food & Beverage,Europe,13967.41,1018240,70971,5342,334770.46,6.97,0.2,23.97,2.61
CMP-04924,2024-02-05,YouTube,Lead Generation,Education,Latin America,16136.48,3963828,82844,827,133198.02,2.09,0.19,8.25,19.51
CMP-04925,2022-07-08,LinkedIn,Brand Awareness,Finance,North America,6010.86,2143685,164206,13454,1819305.61,7.66,0.04,302.67,0.45
CMP-04926,2023-01-26,Email,Retargeting,Travel,North America,35496.09,8164622,633574,15733,6335085.6,7.76,0.06,178.47,2.26
CMP-04927,2024-06-07,YouTube,Brand Awareness,Retail,Asia Pacific,41745.64,13584838,1009353,118889,57003350.32,7.43,0.04,1365.49,0.35
CMP-04928,2023-08-06,YouTube,Lead Generation,Retail,North America,43110.33,20271617,1090612,60938,9739381.53,5.38,0.04,225.92,0.71
CMP-04929,2024-05-07,TikTok,Conversion,Travel,Latin America,31658.63,9235471,459926,32639,3465947.54,4.98,0.07,109.48,0.97
CMP-04930,2022-04-11,LinkedIn,Engagement,Travel,Latin America,35131.47,7139480,67111,4589,1177478.61,0.94,0.52,33.52,7.66
CMP-04931,2022-08-13,Facebook,Engagement,Finance,North America,19391.54,8250670,103133,8203,321099.92,1.25,0.19,16.56,2.36
CMP-04932,2023-06-19,LinkedIn,Brand Awareness,Healthcare,Middle East,36244.47,12327808,792678,66061,16441820.9,6.43,0.05,453.64,0.55
CMP-04933,2023-03-25,LinkedIn,Brand Awareness,Travel,Asia Pacific,10422.56,2028439,95945,11393,5252588.54,4.73,0.11,503.96,0.91
CMP-04934,2022-09-18,LinkedIn,Brand Awareness,Finance,Europe,35123.8,11480032,590073,46799,16412861.14,5.14,0.06,467.29,0.75
CMP-04935,2023-04-17,Google Ads,Lead Generation,Retail,North America,6445.07,616691,16712,720,144776.09,2.71,0.39,22.46,8.95
CMP-04936,2023-08-19,Email,Retargeting,Food & Beverage,Middle East,1266.85,246546,12351,740,327745.74,5.01,0.1,258.71,1.71
CMP-04937,2024-01-10,Twitter,Engagement,Tech,North America,5184.45,269502,7007,664,271236.59,2.6,0.74,52.32,7.81
CMP-04938,2023-02-19,Instagram,Retargeting,Food & Beverage,Asia Pacific,46492.4,8586054,90153,3899,1257987.58,1.05,0.52,27.06,11.92
CMP-04939,2022-07-22,Facebook,Lead Generation,Healthcare,Asia Pacific,10333.59,3537878,108259,2421,1018517.46,3.06,0.1,98.56,4.27
CMP-04940,2022-05-18,Facebook,Brand Awareness,Tech,Middle East,1889.17,654351,46786,3016,1235558.04,7.15,0.04,654.02,0.63
CMP-04941,2022-10-13,Facebook,Retargeting,Travel,Latin America,783.02,154870,2446,214,62189.13,1.58,0.32,79.42,3.66
CMP-04942,2024-04-12,LinkedIn,Conversion,Food & Beverage,Asia Pacific,33555.29,8136449,398686,8653,419350.39,4.9,0.08,12.5,3.88
CMP-04943,2022-11-29,Google Ads,Retargeting,Tech,Middle East,7383.96,455405,14800,1313,583331.49,3.25,0.5,79.0,5.62
CMP-04944,2022-06-20,Twitter,Retargeting,Healthcare,North America,16886.33,7093014,556801,33615,7563399.66,7.85,0.03,447.9,0.5
CMP-04945,2023-09-27,LinkedIn,Retargeting,Healthcare,Middle East,21483.63,1404709,58435,4430,1461552.94,4.16,0.37,68.03,4.85
CMP-04946,2024-02-22,Google Ads,Lead Generation,Finance,Middle East,37208.92,2696526,122961,4352,764480.61,4.56,0.3,20.55,8.55
CMP-04947,2024-06-02,TikTok,Lead Generation,Education,North America,39788.18,4975378,39305,3089,1440443.56,0.79,1.01,36.2,12.88
CMP-04948,2023-05-03,Instagram,Engagement,Travel,North America,49897.56,3167324,173569,12626,2720728.07,5.48,0.29,54.53,3.95
CMP-04949,2023-09-22,Email,Retargeting,Retail,North America,6138.9,1196065,7535,116,20121.46,0.63,0.81,3.28,52.92
CMP-04950,2022-04-27,TikTok,Lead Generation,Finance,Europe,6719.48,3357503,248790,12513,2284350.96,7.41,0.03,339.96,0.54
CMP-04951,2024-01-27,Facebook,Engagement,Tech,Middle East,32276.49,7092541,355336,7835,2186331.14,5.01,0.09,67.74,4.12
CMP-04952,2023-10-06,YouTube,Engagement,Food & Beverage,North America,27928.16,4284315,106251,5769,2586454.28,2.48,0.26,92.61,4.84
CMP-04953,2023-12-07,Twitter,Lead Generation,Retail,North America,36398.99,13940530,789033,20439,2927675.82,5.66,0.05,80.43,1.78
CMP-04954,2023-12-17,TikTok,Brand Awareness,Finance,Asia Pacific,49243.6,5562483,132943,962,284004.85,2.39,0.37,5.77,51.19
CMP-04955,2023-05-03,TikTok,Engagement,Travel,Europe,2756.27,500040,32152,506,164871.91,6.43,0.09,59.82,5.45
CMP-04956,2024-02-25,LinkedIn,Engagement,Retail,Europe,2345.11,303512,19212,2007,190222.64,6.33,0.12,81.11,1.17
CMP-04957,2023-10-11,YouTube,Retargeting,Food & Beverage,Europe,43733.7,13198982,101632,8918,947423.96,0.77,0.43,21.66,4.9
CMP-04958,2024-05-12,Instagram,Brand Awareness,Tech,Europe,4029.72,818295,40914,716,331263.44,5.0,0.1,82.21,5.63
CMP-04959,2023-06-12,LinkedIn,Conversion,Travel,Europe,19213.63,8218249,198059,21801,4317900.68,2.41,0.1,224.73,0.88
CMP-04960,2022-10-16,TikTok,Lead Generation,Finance,Europe,6665.98,1244656,75301,6107,2518027.34,6.05,0.09,377.74,1.09
CMP-04961,2022-01-11,Facebook,Engagement,Tech,Asia Pacific,11468.43,3459451,107934,2315,584789.32,3.12,0.11,50.99,4.95
CMP-04962,2023-07-17,Email,Lead Generation,Healthcare,Europe,31579.38,3798435,168650,8920,3725845.67,4.44,0.19,117.98,3.54
CMP-04963,2023-01-13,LinkedIn,Lead Generation,Finance,North America,43333.9,13903566,558923,10433,4515606.25,4.02,0.08,104.2,4.15
CMP-04964,2023-06-28,Email,Engagement,Travel,Latin America,30811.64,12168811,192267,18730,5325860.64,1.58,0.16,172.85,1.65
CMP-04965,2022-08-28,Twitter,Retargeting,Healthcare,Europe,5207.63,1056040,26823,3211,1326537.46,2.54,0.19,254.73,1.62
CMP-04966,2023-04-14,Google Ads,Brand Awareness,Travel,Latin America,43306.26,19901329,750280,26124,4541975.06,3.77,0.06,104.88,1.66
CMP-04967,2023-08-04,YouTube,Retargeting,Finance,Middle East,15541.38,1228324,73699,1510,277803.12,6.0,0.21,17.88,10.29
CMP-04968,2023-05-15,YouTube,Conversion,Finance,Asia Pacific,25146.09,9725909,736251,11206,1629347.7,7.57,0.03,64.8,2.24
CMP-04969,2022-05-25,Facebook,Lead Generation,Retail,Europe,29393.37,10734039,575344,32393,3468788.86,5.36,0.05,118.01,0.91
CMP-04970,2023-08-14,LinkedIn,Retargeting,Healthcare,Europe,47767.65,7112168,263861,5560,269819.29,3.71,0.18,5.65,8.59
CMP-04971,2023-11-13,Google Ads,Engagement,Healthcare,North America,39997.01,8319213,647234,46503,8047329.34,7.78,0.06,201.2,0.86
CMP-04972,2022-08-19,Google Ads,Retargeting,Healthcare,Middle East,7686.99,1668782,121654,3760,1274249.65,7.29,0.06,165.77,2.04
CMP-04973,2022-04-27,Email,Engagement,Retail,Latin America,43458.68,12055178,425547,23454,2234386.87,3.53,0.1,51.41,1.85
CMP-04974,2022-01-22,YouTube,Engagement,Travel,Europe,32675.67,8578294,177570,3188,841622.3,2.07,0.18,25.76,10.25
CMP-04975,2024-01-23,TikTok,Conversion,Education,Asia Pacific,38385.74,5856768,437500,4145,1201005.55,7.47,0.09,31.29,9.26
CMP-04976,2022-10-20,LinkedIn,Conversion,Travel,Asia Pacific,13410.55,1366409,57389,4736,639739.1,4.2,0.23,47.7,2.83
CMP-04977,2024-06-08,LinkedIn,Retargeting,Food & Beverage,North America,22490.21,7304388,444106,31967,15787953.72,6.08,0.05,701.99,0.7
CMP-04978,2024-03-01,Twitter,Engagement,Healthcare,Asia Pacific,18377.75,5639101,406015,5449,2396653.1,7.2,0.05,130.41,3.37
CMP-04979,2024-04-16,Instagram,Engagement,Education,North America,10257.24,3487270,89971,2610,517290.66,2.58,0.11,50.43,3.93
CMP-04980,2023-06-06,Facebook,Engagement,Tech,Middle East,33469.72,9090735,253631,4640,975085.06,2.79,0.13,29.13,7.21
CMP-04981,2023-09-02,Google Ads,Retargeting,Education,Latin America,16557.22,7202775,162782,16035,6942711.66,2.26,0.1,419.32,1.03
CMP-04982,2022-01-09,LinkedIn,Brand Awareness,Healthcare,Asia Pacific,35816.72,10438240,143003,15162,1885850.18,1.37,0.25,52.65,2.36
CMP-04983,2023-04-09,Google Ads,Retargeting,Retail,North America,33384.01,4609001,279766,27441,1079556.48,6.07,0.12,32.34,1.22
CMP-04984,2023-04-29,Google Ads,Retargeting,Education,Europe,5654.22,2748791,99781,4507,1544052.14,3.63,0.06,273.08,1.25
CMP-04985,2022-06-25,LinkedIn,Lead Generation,Retail,Latin America,8387.21,2620947,18346,1441,223945.03,0.7,0.46,26.7,5.82
CMP-04986,2024-05-11,Twitter,Brand Awareness,Healthcare,Middle East,38834.27,16977989,633278,25958,11800244.15,3.73,0.06,303.86,1.5
CMP-04987,2022-08-23,Facebook,Conversion,Healthcare,Europe,46288.61,8231767,638785,58448,16313519.61,7.76,0.07,352.43,0.79
CMP-04988,2022-04-24,Facebook,Brand Awareness,Finance,Asia Pacific,4177.67,1418255,109631,10686,4437274.9,7.73,0.04,1062.14,0.39
CMP-04989,2024-05-13,Email,Brand Awareness,Retail,Asia Pacific,11761.47,3142996,185122,15621,1221468.43,5.89,0.06,103.85,0.75
CMP-04990,2022-07-17,Google Ads,Brand Awareness,Education,Asia Pacific,27589.98,10457308,534368,30329,13050312.46,5.11,0.05,473.01,0.91
CMP-04991,2023-11-29,TikTok,Engagement,Finance,Middle East,27519.41,10753089,583892,36211,6726115.15,5.43,0.05,244.41,0.76
CMP-04992,2023-04-17,Email,Brand Awareness,Food & Beverage,North America,9473.22,3479153,157605,12883,5202681.84,4.53,0.06,549.2,0.74
CMP-04993,2022-06-09,Facebook,Lead Generation,Food & Beverage,North America,44789.79,11318940,350887,37559,8708408.16,3.1,0.13,194.43,1.19
CMP-04994,2022-04-21,Google Ads,Engagement,Food & Beverage,Middle East,2088.07,363958,4367,166,35407.26,1.2,0.48,16.96,12.58
CMP-04995,2023-03-23,Twitter,Conversion,Education,Middle East,15815.71,5655368,344411,37120,9228528.23,6.09,0.05,583.5,0.43
CMP-04996,2023-03-02,Twitter,Lead Generation,Healthcare,Middle East,6280.87,2263774,137637,9798,3854947.03,6.08,0.05,613.76,0.64
CMP-04997,2022-10-20,LinkedIn,Retargeting,Education,Latin America,21727.99,10059153,776566,82124,29557143.45,7.72,0.03,1360.33,0.26
CMP-04998,2023-03-03,Google Ads,Lead Generation,Retail,Europe,11834.91,5088349,346007,19480,8615603.55,6.8,0.03,727.98,0.61
CMP-04999,2023-06-06,Twitter,Brand Awareness,Education,Asia Pacific,37451.18,7917330,508292,3130,1365225.0,6.42,0.07,36.45,11.97
CMP-05000,2023-10-13,LinkedIn,Brand Awareness,Education,North America,22228.52,2196361,14495,703,104317.11,0.66,1.53,4.69,31.62
CMP-05001,2023-01-11,YouTube,Conversion,Finance,Latin America,45058.1,4291772,70814,4743,895933.86,1.65,0.64,19.88,9.5
CMP-05002,2022-01-15,YouTube,Brand Awareness,Tech,Europe,44685.51,2688086,75535,3996,550189.75,2.81,0.59,12.31,11.18
CMP-05003,2023-02-24,Facebook,Lead Generation,Retail,Middle East,38140.42,13632218,693879,78488,10157787.59,5.09,0.05,266.33,0.49
CMP-05004,2022-04-02,TikTok,Brand Awareness,Tech,Latin America,43311.91,7717717,537153,61127,26729536.42,6.96,0.08,617.14,0.71
CMP-05005,2022-07-01,LinkedIn,Conversion,Finance,Middle East,46204.6,11236286,818001,45079,8254414.84,7.28,0.06,178.65,1.02
CMP-05006,2022-09-28,Facebook,Lead Generation,Retail,Asia Pacific,38814.25,16601853,1198653,64823,2896064.91,7.22,0.03,74.61,0.6
CMP-05007,2023-12-17,Instagram,Brand Awareness,Tech,Europe,15571.69,1055193,41574,2071,555838.15,3.94,0.37,35.7,7.52
CMP-05008,2024-03-11,LinkedIn,Lead Generation,Tech,Asia Pacific,13957.29,3826494,107524,11501,4446611.31,2.81,0.13,318.59,1.21
CMP-05009,2023-02-05,Facebook,Engagement,Education,North America,48509.43,3607132,92342,2865,310521.77,2.56,0.53,6.4,16.93
CMP-05010,2023-06-14,LinkedIn,Lead Generation,Healthcare,Asia Pacific,5384.14,2071064,48255,5496,2493040.45,2.33,0.11,463.03,0.98
CMP-05011,2022-05-24,Facebook,Lead Generation,Retail,Europe,18749.07,8962152,214195,17969,5665818.71,2.39,0.09,302.19,1.04
CMP-05012,2023-05-11,TikTok,Retargeting,Finance,Europe,22995.55,6629891,462103,42048,19259885.19,6.97,0.05,837.55,0.55
CMP-05013,2023-05-28,Instagram,Conversion,Education,Europe,29776.51,4263193,53716,4686,1412964.82,1.26,0.55,47.45,6.35
CMP-05014,2023-02-05,Facebook,Lead Generation,Finance,Middle East,1494.6,454384,22219,937,199003.61,4.89,0.07,133.15,1.6
CMP-05015,2024-06-02,LinkedIn,Retargeting,Travel,Asia Pacific,21844.13,1268827,76383,2642,759588.34,6.02,0.29,34.77,8.27
CMP-05016,2023-11-03,Email,Conversion,Finance,Latin America,32496.49,4924720,291050,8239,512515.41,5.91,0.11,15.77,3.94
CMP-05017,2022-02-18,LinkedIn,Brand Awareness,Healthcare,Latin America,27942.24,2122220,66849,3491,131367.3,3.15,0.42,4.7,8.0
CMP-05018,2023-04-09,Email,Engagement,Finance,Middle East,11642.52,1414239,40871,1846,484649.12,2.89,0.28,41.63,6.31
CMP-05019,2024-02-27,YouTube,Engagement,Finance,Europe,5866.75,302828,16746,256,57257.54,5.53,0.35,9.76,22.92
CMP-05020,2023-05-26,Facebook,Engagement,Healthcare,Middle East,6519.6,1633028,66464,7863,3231358.98,4.07,0.1,495.64,0.83
CMP-05021,2023-07-13,YouTube,Brand Awareness,Travel,Asia Pacific,1795.91,284719,14008,209,101250.94,4.92,0.13,56.38,8.59
CMP-05022,2023-03-25,Twitter,Brand Awareness,Finance,Europe,39800.44,18661165,341499,22409,7373285.88,1.83,0.12,185.26,1.78
CMP-05023,2022-10-21,Email,Conversion,Retail,North America,48244.68,18303292,523474,31733,10531835.6,2.86,0.09,218.3,1.52
CMP-05024,2022-03-17,Facebook,Brand Awareness,Finance,Asia Pacific,10692.29,1106397,80324,7787,1414339.95,7.26,0.13,132.28,1.37
CMP-05025,2022-06-21,LinkedIn,Retargeting,Healthcare,Europe,6727.64,2894925,208145,4965,1643676.48,7.19,0.03,244.32,1.36
CMP-05026,2024-01-28,LinkedIn,Retargeting,Finance,North America,9186.45,983714,70335,7104,356896.13,7.15,0.13,38.85,1.29
CMP-05027,2022-03-30,LinkedIn,Retargeting,Education,Latin America,17399.72,1110382,33422,1260,90325.88,3.01,0.52,5.19,13.81
CMP-05028,2024-02-15,TikTok,Retargeting,Travel,Middle East,7505.05,2193620,110997,2931,662197.84,5.06,0.07,88.23,2.56
CMP-05029,2023-12-01,Email,Retargeting,Travel,Asia Pacific,7561.94,968420,35541,4000,1860447.6,3.67,0.21,246.03,1.89
CMP-05030,2022-10-01,Facebook,Brand Awareness,Education,Latin America,9723.27,4815530,130982,8036,3026739.88,2.72,0.07,311.29,1.21
CMP-05031,2022-10-04,Instagram,Brand Awareness,Travel,Europe,37575.6,8562879,493221,34111,8011544.52,5.76,0.08,213.21,1.1
CMP-05032,2022-09-28,Twitter,Retargeting,Finance,Europe,3323.58,1173534,79213,4181,1723503.45,6.75,0.04,518.57,0.79
CMP-05033,2022-09-22,LinkedIn,Conversion,Retail,North America,30277.01,12021562,61309,1765,289733.43,0.51,0.49,9.57,17.15
CMP-05034,2024-06-15,Facebook,Conversion,Healthcare,Middle East,14931.85,1076731,24441,1436,478146.2,2.27,0.61,32.02,10.4
CMP-05035,2024-01-30,LinkedIn,Engagement,Education,Europe,29289.68,11056559,300738,34968,1261485.36,2.72,0.1,43.07,0.84
CMP-05036,2024-05-06,TikTok,Brand Awareness,Food & Beverage,Latin America,39686.64,3378102,234102,6326,1674189.24,6.93,0.17,42.19,6.27
CMP-05037,2024-06-19,Google Ads,Brand Awareness,Travel,Middle East,37228.23,4122747,177690,5356,2653542.06,4.31,0.21,71.28,6.95
CMP-05038,2022-02-24,TikTok,Conversion,Tech,Latin America,33197.45,2353496,110849,6753,1083280.08,4.71,0.3,32.63,4.92
CMP-05039,2023-07-05,LinkedIn,Lead Generation,Healthcare,Europe,12132.59,1453566,38083,1469,139747.19,2.62,0.32,11.52,8.26
CMP-05040,2023-11-16,Google Ads,Engagement,Travel,Europe,25271.34,1636835,25370,2732,858066.92,1.55,1.0,33.95,9.25
CMP-05041,2022-08-13,Google Ads,Conversion,Travel,Middle East,48504.36,11147835,608671,33043,5026745.72,5.46,0.08,103.63,1.47
CMP-05042,2022-03-05,Google Ads,Engagement,Food & Beverage,Latin America,28841.88,12916301,762061,31090,10946029.86,5.9,0.04,379.52,0.93
CMP-05043,2023-09-07,Email,Engagement,Tech,Asia Pacific,11697.41,5596116,295474,33700,1086613.54,5.28,0.04,92.89,0.35
CMP-05044,2023-06-22,LinkedIn,Engagement,Education,Latin America,23024.24,7582490,175155,3551,977229.19,2.31,0.13,42.44,6.48
CMP-05045,2022-03-21,Twitter,Brand Awareness,Tech,Europe,15141.6,5498187,185288,17424,4520076.72,3.37,0.08,298.52,0.87
CMP-05046,2024-06-06,YouTube,Conversion,Healthcare,Europe,40841.77,9730455,312347,14087,4604394.61,3.21,0.13,112.74,2.9
CMP-05047,2023-10-17,Email,Brand Awareness,Finance,Middle East,46781.44,9622564,576391,68272,27698949.65,5.99,0.08,592.09,0.69
CMP-05048,2022-06-14,LinkedIn,Engagement,Tech,Latin America,3989.51,1574909,72918,1194,509680.96,4.63,0.05,127.76,3.34
CMP-05049,2023-04-07,Instagram,Lead Generation,Tech,Asia Pacific,46595.79,19304354,1055948,13065,1272516.21,5.47,0.04,27.31,3.57
CMP-05050,2023-12-01,Facebook,Brand Awareness,Finance,Europe,31705.6,9780005,592668,66069,24003718.02,6.06,0.05,757.08,0.48
CMP-05051,2022-05-21,Twitter,Lead Generation,Retail,Asia Pacific,12129.19,1860687,33864,2203,238815.04,1.82,0.36,19.69,5.51
CMP-05052,2024-05-24,LinkedIn,Engagement,Finance,North America,42749.62,17817173,231623,13998,6883693.57,1.3,0.18,161.02,3.05
CMP-05053,2023-02-11,Email,Lead Generation,Tech,Latin America,12259.39,3497628,210906,10986,3779912.79,6.03,0.06,308.33,1.12
CMP-05054,2022-11-29,Email,Brand Awareness,Healthcare,North America,1343.68,667981,37607,3656,965077.02,5.63,0.04,718.23,0.37
CMP-05055,2024-02-16,Instagram,Lead Generation,Food & Beverage,Middle East,48855.65,22028866,292983,23905,2299241.67,1.33,0.17,47.06,2.04
CMP-05056,2023-10-06,LinkedIn,Conversion,Healthcare,Middle East,22566.9,1160654,19847,1761,454540.02,1.71,1.14,20.14,12.81
CMP-05057,2023-04-26,Email,Lead Generation,Education,Asia Pacific,14195.94,4536598,162410,16833,3235588.72,3.58,0.09,227.92,0.84
CMP-05058,2023-12-30,LinkedIn,Brand Awareness,Education,Latin America,17555.05,8759277,687603,73815,7531421.34,7.85,0.03,429.02,0.24
CMP-05059,2022-03-01,Twitter,Conversion,Education,Latin America,33816.91,3582451,221753,17819,8468171.12,6.19,0.15,250.41,1.9
CMP-05060,2022-11-24,LinkedIn,Engagement,Education,Latin America,23591.56,11512854,901456,45215,5301922.58,7.83,0.03,224.74,0.52
CMP-05061,2024-06-16,TikTok,Engagement,Food & Beverage,Asia Pacific,30947.75,5255733,309562,10721,4447041.35,5.89,0.1,143.7,2.89
CMP-05062,2022-12-02,Instagram,Brand Awareness,Education,Europe,13685.33,5829473,386494,30524,3091650.62,6.63,0.04,225.91,0.45
CMP-05063,2022-11-04,Facebook,Engagement,Retail,Europe,42585.92,5600797,327086,15675,6924748.17,5.84,0.13,162.61,2.72
CMP-05064,2023-07-31,Google Ads,Lead Generation,Food & Beverage,Latin America,25095.25,10087489,754544,81053,27337494.47,7.48,0.03,1089.35,0.31
CMP-05065,2022-12-02,Facebook,Lead Generation,Food & Beverage,Asia Pacific,756.34,213301,14056,323,145624.85,6.59,0.05,192.54,2.34
CMP-05066,2023-03-05,Facebook,Engagement,Finance,North America,39764.56,15569760,1027604,57615,27472844.34,6.6,0.04,690.89,0.69
CMP-05067,2023-10-09,YouTube,Retargeting,Education,Europe,48829.59,12920554,768772,34803,3625060.6,5.95,0.06,74.24,1.4
CMP-05068,2024-05-17,Email,Brand Awareness,Food & Beverage,Europe,28425.53,1600787,117177,6901,1227219.2,7.32,0.24,43.17,4.12
CMP-05069,2022-12-17,Google Ads,Brand Awareness,Tech,Asia Pacific,33679.2,1965347,66035,1945,198681.44,3.36,0.51,5.9,17.32
CMP-05070,2023-07-12,Email,Conversion,Retail,Europe,48586.05,9674905,518574,55423,12206391.69,5.36,0.09,251.23,0.88
CMP-05071,2023-02-11,Twitter,Engagement,Retail,Europe,5775.03,2719899,112331,13363,650919.19,4.13,0.05,112.71,0.43
CMP-05072,2022-03-20,Google Ads,Lead Generation,Travel,Middle East,2915.06,672745,32157,3698,269307.46,4.78,0.09,92.38,0.79
CMP-05073,2022-11-05,YouTube,Conversion,Food & Beverage,Europe,48569.86,18259192,863659,63474,24773245.66,4.73,0.06,510.05,0.77
CMP-05074,2023-06-06,Facebook,Conversion,Travel,Middle East,31417.34,6808108,51741,1705,230168.63,0.76,0.61,7.33,18.43
CMP-05075,2022-02-22,TikTok,Conversion,Finance,North America,44921.01,11630479,682709,11990,5669745.32,5.87,0.07,126.22,3.75
CMP-05076,2022-05-02,Google Ads,Conversion,Finance,Latin America,3590.99,1210888,80039,2140,268778.72,6.61,0.04,74.85,1.68
CMP-05077,2023-05-20,LinkedIn,Engagement,Education,Latin America,7938.44,3574685,188385,8082,3937055.07,5.27,0.04,495.95,0.98
CMP-05078,2024-04-02,Twitter,Conversion,Food & Beverage,North America,46875.87,21498324,711594,73907,10684341.36,3.31,0.07,227.93,0.63
CMP-05079,2023-06-28,Google Ads,Engagement,Retail,North America,37346.39,4562987,49280,450,106976.72,1.08,0.76,2.86,82.99
CMP-05080,2024-05-28,YouTube,Engagement,Finance,North America,998.33,136214,3596,352,37293.17,2.64,0.28,37.36,2.84
CMP-05081,2023-02-09,Facebook,Retargeting,Travel,Latin America,14016.93,2565819,16677,1055,76484.98,0.65,0.84,5.46,13.29
CMP-05082,2023-09-12,Email,Conversion,Tech,Latin America,7923.68,1864774,98646,1705,404087.77,5.29,0.08,51.0,4.65
CMP-05083,2024-03-15,Google Ads,Engagement,Tech,North America,22350.94,8785210,302211,10651,1452797.82,3.44,0.07,65.0,2.1
CMP-05084,2024-01-19,Instagram,Engagement,Travel,Europe,19957.42,1784042,30863,3655,1436050.45,1.73,0.65,71.96,5.46
CMP-05085,2023-04-12,Facebook,Conversion,Retail,Middle East,9719.46,1362691,63365,3856,549459.15,4.65,0.15,56.53,2.52
CMP-05086,2023-04-11,Instagram,Lead Generation,Tech,Latin America,7472.15,1647880,69210,2127,401120.2,4.2,0.11,53.68,3.51
CMP-05087,2022-05-13,Twitter,Brand Awareness,Retail,Asia Pacific,12232.68,5315965,115356,13324,4808242.7,2.17,0.11,393.07,0.92
CMP-05088,2022-09-23,LinkedIn,Retargeting,Finance,Latin America,29505.63,3284184,85717,10276,1404485.6,2.61,0.34,47.6,2.87
CMP-05089,2022-10-01,Instagram,Conversion,Travel,Latin America,9466.6,1234201,49738,2320,975361.64,4.03,0.19,103.03,4.08
CMP-05090,2024-02-11,YouTube,Conversion,Tech,Europe,28825.67,11785897,159109,12833,2814977.08,1.35,0.18,97.66,2.25
CMP-05091,2022-11-21,Instagram,Lead Generation,Education,Latin America,6474.18,815496,24301,615,146749.26,2.98,0.27,22.67,10.53
CMP-05092,2022-06-07,Instagram,Lead Generation,Food & Beverage,Latin America,14993.3,6842645,74584,1900,304503.71,1.09,0.2,20.31,7.89
CMP-05093,2024-04-11,TikTok,Retargeting,Tech,Asia Pacific,8315.02,1814013,50792,3657,1786224.51,2.8,0.16,214.82,2.27
CMP-05094,2022-02-03,Google Ads,Conversion,Food & Beverage,Europe,41043.95,18351382,212876,5361,1547016.85,1.16,0.19,37.69,7.66
CMP-05095,2022-10-07,Instagram,Brand Awareness,Retail,North America,9012.68,2726177,52887,1857,291644.0,1.94,0.17,32.36,4.85
CMP-05096,2023-09-25,Google Ads,Retargeting,Tech,North America,33951.0,12473731,979187,67203,13636010.75,7.85,0.03,401.64,0.51
CMP-05097,2022-07-03,Instagram,Retargeting,Travel,Middle East,21438.18,3640475,177655,19244,5620563.4,4.88,0.12,262.18,1.11
CMP-05098,2022-03-31,Google Ads,Retargeting,Education,Europe,24537.9,3200565,33925,1029,509590.48,1.06,0.72,20.77,23.85
CMP-05099,2023-03-05,TikTok,Brand Awareness,Healthcare,Middle East,2519.12,714138,4998,154,58189.98,0.7,0.5,23.1,16.36
CMP-05100,2022-05-12,YouTube,Conversion,Travel,Europe,25908.25,2937889,19096,685,95249.31,0.65,1.36,3.68,37.82
CMP-05101,2024-01-08,TikTok,Brand Awareness,Tech,Europe,18217.56,4203568,64734,4123,265374.66,1.54,0.28,14.57,4.42
CMP-05102,2023-11-20,YouTube,Lead Generation,Tech,Asia Pacific,1060.64,226208,18096,1602,288384.76,8.0,0.06,271.9,0.66
CMP-05103,2024-04-28,TikTok,Retargeting,Travel,Latin America,41057.85,8599550,595088,5186,1777185.4,6.92,0.07,43.28,7.92
CMP-05104,2022-06-06,Facebook,Brand Awareness,Food & Beverage,Europe,13160.31,2755935,172245,16759,644355.87,6.25,0.08,48.96,0.79
CMP-05105,2024-03-01,Email,Conversion,Food & Beverage,North America,33961.61,11141842,498040,31076,4231993.57,4.47,0.07,124.61,1.09
CMP-05106,2023-11-15,Instagram,Retargeting,Food & Beverage,Middle East,7504.94,3516074,212019,1150,401205.38,6.03,0.04,53.46,6.53
CMP-05107,2024-02-20,Instagram,Brand Awareness,Healthcare,Europe,6907.56,1924401,23862,2143,727295.87,1.24,0.29,105.29,3.22
CMP-05108,2022-01-07,Email,Engagement,Healthcare,North America,1871.14,727761,57929,5812,2329545.99,7.96,0.03,1244.99,0.32
CMP-05109,2023-07-28,Twitter,Brand Awareness,Education,Europe,1113.54,400093,25926,2391,613506.59,6.48,0.04,550.95,0.47
CMP-05110,2023-02-12,Email,Conversion,Healthcare,Latin America,48784.65,7787942,443912,4892,1840988.23,5.7,0.11,37.74,9.97
CMP-05111,2022-01-05,LinkedIn,Engagement,Healthcare,Asia Pacific,34908.09,1909070,38563,710,189055.34,2.02,0.91,5.42,49.17
CMP-05112,2022-05-05,Google Ads,Retargeting,Tech,Europe,46528.97,17267765,257289,20914,5199256.13,1.49,0.18,111.74,2.22
CMP-05113,2022-01-11,LinkedIn,Lead Generation,Finance,Latin America,48850.62,21799678,1621896,68838,28150210.62,7.44,0.03,576.25,0.71
CMP-05114,2022-09-13,Facebook,Lead Generation,Retail,Latin America,26497.29,9633178,719598,32571,6061701.55,7.47,0.04,228.77,0.81
CMP-05115,2023-09-11,Email,Brand Awareness,Finance,Europe,24509.05,5599495,120949,12375,542930.93,2.16,0.2,22.15,1.98
CMP-05116,2024-03-21,Twitter,Engagement,Finance,Asia Pacific,36092.81,2409387,118059,13071,844633.52,4.9,0.31,23.4,2.76
CMP-05117,2023-10-20,Instagram,Lead Generation,Food & Beverage,Asia Pacific,36517.37,14952404,888172,73965,3779179.52,5.94,0.04,103.49,0.49
CMP-05118,2022-01-14,Twitter,Lead Generation,Healthcare,Latin America,31946.87,6061351,363074,14985,4529879.0,5.99,0.09,141.79,2.13
CMP-05119,2022-08-23,Twitter,Brand Awareness,Retail,Asia Pacific,34592.99,10747699,54813,2190,310692.95,0.51,0.63,8.98,15.8
CMP-05120,2024-06-01,LinkedIn,Brand Awareness,Tech,North America,14404.56,3974892,146673,8306,2483372.43,3.69,0.1,172.4,1.73
CMP-05121,2023-09-09,Twitter,Conversion,Retail,Middle East,7725.44,3495706,101725,1659,504523.29,2.91,0.08,65.31,4.66
CMP-05122,2022-11-25,Email,Engagement,Travel,North America,20646.21,8122241,387430,18832,7751429.02,4.77,0.05,375.44,1.1
CMP-05123,2022-01-08,Instagram,Conversion,Tech,Middle East,26618.46,13044898,678334,47602,4184563.3,5.2,0.04,157.21,0.56
CMP-05124,2022-08-13,Instagram,Brand Awareness,Retail,Europe,5945.6,1965363,27908,1467,330330.56,1.42,0.21,55.56,4.05
CMP-05125,2023-10-05,Email,Brand Awareness,Healthcare,Asia Pacific,46975.85,20953721,1395517,47402,11826933.41,6.66,0.03,251.77,0.99
CMP-05126,2022-08-17,Instagram,Engagement,Tech,Middle East,13916.21,3544656,264076,4499,2139863.08,7.45,0.05,153.77,3.09
CMP-05127,2024-04-01,Google Ads,Brand Awareness,Retail,Latin America,4792.48,2067246,87031,4883,1225401.74,4.21,0.06,255.69,0.98
CMP-05128,2022-11-12,Email,Lead Generation,Travel,Middle East,10566.18,4962914,120598,3626,1002905.33,2.43,0.09,94.92,2.91
CMP-05129,2022-09-25,Google Ads,Brand Awareness,Healthcare,Asia Pacific,34264.51,7018543,317238,8084,2533650.99,4.52,0.11,73.94,4.24
CMP-05130,2022-12-03,Google Ads,Conversion,Food & Beverage,North America,49354.47,3152169,174630,19124,2880310.86,5.54,0.28,58.36,2.58
CMP-05131,2023-03-21,TikTok,Engagement,Retail,North America,26128.37,10352377,574556,51854,22630759.98,5.55,0.05,866.14,0.5
CMP-05132,2024-05-19,Instagram,Lead Generation,Travel,North America,47914.64,18519530,414837,40503,17337830.71,2.24,0.12,361.85,1.18
CMP-05133,2022-09-22,YouTube,Brand Awareness,Travel,North America,30374.58,4501119,176443,7615,1468981.57,3.92,0.17,48.36,3.99
CMP-05134,2022-05-03,Google Ads,Retargeting,Finance,Latin America,3713.41,956339,40357,4803,1747123.99,4.22,0.09,470.49,0.77
CMP-05135,2022-10-23,Google Ads,Retargeting,Retail,Latin America,9954.88,4539636,75357,789,199098.33,1.66,0.13,20.0,12.62
CMP-05136,2022-06-05,Instagram,Engagement,Finance,Latin America,2531.95,163746,7270,290,134153.04,4.44,0.35,52.98,8.73
CMP-05137,2023-11-27,Instagram,Conversion,Healthcare,North America,36755.68,8047208,449838,18680,626691.5,5.59,0.08,17.05,1.97
CMP-05138,2024-04-19,Facebook,Conversion,Food & Beverage,North America,30933.98,14486764,430256,21917,9627847.18,2.97,0.07,311.24,1.41
CMP-05139,2022-10-13,LinkedIn,Engagement,Education,Middle East,1956.15,715454,5938,185,85995.81,0.83,0.33,43.96,10.57
CMP-05140,2022-02-10,TikTok,Retargeting,Finance,Europe,40390.68,8225293,440875,5345,279438.84,5.36,0.09,6.92,7.56
CMP-05141,2023-04-11,LinkedIn,Conversion,Tech,Europe,16429.95,2068701,132396,1180,149967.74,6.4,0.12,9.13,13.92
CMP-05142,2024-01-30,Google Ads,Retargeting,Education,Europe,22900.72,5516802,204673,21594,9457289.08,3.71,0.11,412.97,1.06
CMP-05143,2023-01-14,Facebook,Retargeting,Food & Beverage,Latin America,41999.46,9438664,324690,14752,583320.95,3.44,0.13,13.89,2.85
CMP-05144,2023-04-26,LinkedIn,Brand Awareness,Travel,North America,12198.51,3391135,112246,2784,813939.17,3.31,0.11,66.72,4.38
CMP-05145,2023-10-11,Email,Brand Awareness,Retail,Middle East,44614.01,2663209,149406,10215,1389236.75,5.61,0.3,31.14,4.37
CMP-05146,2023-10-10,YouTube,Engagement,Education,Latin America,13146.86,4970492,364834,38523,1214862.92,7.34,0.04,92.41,0.34
CMP-05147,2022-12-29,TikTok,Brand Awareness,Healthcare,North America,2198.06,280640,8980,114,25995.76,3.2,0.24,11.83,19.28
CMP-05148,2023-07-01,YouTube,Brand Awareness,Healthcare,Latin America,26959.15,10839964,324114,31379,9414710.1,2.99,0.08,349.22,0.86
CMP-05149,2023-07-19,Instagram,Conversion,Retail,Middle East,28385.33,3517357,264153,20090,5455107.36,7.51,0.11,192.18,1.41
CMP-05150,2022-07-31,TikTok,Lead Generation,Tech,Asia Pacific,45704.95,10300763,146270,12563,1272873.12,1.42,0.31,27.85,3.64
CMP-05151,2023-12-26,Twitter,Conversion,Retail,North America,40656.77,19730594,290039,31034,14374430.83,1.47,0.14,353.56,1.31
CMP-05152,2023-03-24,TikTok,Engagement,Finance,Asia Pacific,32026.14,15829046,761377,83433,14697543.81,4.81,0.04,458.92,0.38
CMP-05153,2022-09-08,LinkedIn,Engagement,Education,Latin America,1413.05,214128,11027,236,83560.39,5.15,0.13,59.13,5.99
CMP-05154,2022-09-04,Google Ads,Conversion,Travel,Latin America,25983.23,6101619,385012,21714,8328487.7,6.31,0.07,320.53,1.2
CMP-05155,2023-11-08,Facebook,Engagement,Education,Middle East,43740.33,14498273,891643,59207,24927750.3,6.15,0.05,569.9,0.74
CMP-05156,2022-04-21,LinkedIn,Conversion,Retail,Latin America,38503.43,18888572,389104,11870,627373.36,2.06,0.1,16.29,3.24
CMP-05157,2023-03-14,Twitter,Lead Generation,Travel,Europe,34538.8,2287833,59712,3973,1389162.76,2.61,0.58,40.22,8.69
CMP-05158,2022-01-04,Instagram,Conversion,Education,Middle East,21885.79,4032675,173405,13909,1136757.87,4.3,0.13,51.94,1.57
CMP-05159,2024-01-05,TikTok,Lead Generation,Travel,Europe,39240.14,17955153,974964,36310,10968864.27,5.43,0.04,279.53,1.08
CMP-05160,2023-08-05,Email,Brand Awareness,Tech,Latin America,19056.59,4247702,293940,11968,637587.48,6.92,0.06,33.46,1.59
CMP-05161,2023-06-22,YouTube,Conversion,Food & Beverage,Middle East,8774.55,734590,55167,5248,933451.43,7.51,0.16,106.38,1.67
CMP-05162,2023-01-11,YouTube,Retargeting,Travel,Asia Pacific,24415.63,12076319,155784,15014,5856270.16,1.29,0.16,239.86,1.63
CMP-05163,2023-11-16,TikTok,Conversion,Travel,Latin America,20951.91,6365509,418850,25364,12576817.93,6.58,0.05,600.27,0.83
CMP-05164,2022-05-21,Facebook,Conversion,Education,North America,10605.77,3654954,33991,3036,816078.62,0.93,0.31,76.95,3.49
CMP-05165,2024-01-09,Email,Conversion,Food & Beverage,Europe,1097.5,90689,2194,151,67115.78,2.42,0.5,61.15,7.27
CMP-05166,2022-07-19,Facebook,Engagement,Healthcare,Latin America,20432.86,10164408,555993,65272,18348423.57,5.47,0.04,897.99,0.31
CMP-05167,2022-10-01,Google Ads,Engagement,Retail,Middle East,8151.1,2004536,148937,1645,191385.51,7.43,0.05,23.48,4.96
CMP-05168,2023-06-22,Instagram,Engagement,Retail,Asia Pacific,25411.09,9611103,186455,8712,2499098.29,1.94,0.14,98.35,2.92
CMP-05169,2022-02-09,YouTube,Retargeting,Finance,Middle East,12811.05,3225999,216464,6109,2810836.2,6.71,0.06,219.41,2.1
CMP-05170,2024-06-18,Twitter,Lead Generation,Education,North America,28783.48,4753006,135460,1903,300951.61,2.85,0.21,10.46,15.13
CMP-05171,2022-12-15,TikTok,Brand Awareness,Finance,North America,31931.65,15538946,330979,5793,1683040.09,2.13,0.1,52.71,5.51
CMP-05172,2024-01-03,Twitter,Engagement,Food & Beverage,Latin America,47527.91,5901722,219544,8192,2009414.53,3.72,0.22,42.28,5.8
CMP-05173,2022-10-26,TikTok,Engagement,Food & Beverage,Europe,23015.54,4446776,184541,14047,506036.07,4.15,0.12,21.99,1.64
CMP-05174,2024-01-01,LinkedIn,Conversion,Education,North America,24937.47,7042837,107755,12372,2289120.48,1.53,0.23,91.79,2.02
CMP-05175,2022-06-18,YouTube,Engagement,Finance,Asia Pacific,23733.07,5188064,207522,21724,4558401.13,4.0,0.11,192.07,1.09
CMP-05176,2022-12-08,Instagram,Engagement,Tech,Asia Pacific,7898.45,2819852,34402,3478,643910.93,1.22,0.23,81.52,2.27
CMP-05177,2023-09-22,Facebook,Engagement,Finance,North America,28514.79,9452366,197554,12699,5821721.3,2.09,0.14,204.16,2.25
CMP-05178,2022-12-28,Instagram,Conversion,Education,Middle East,15309.2,6435795,79803,4488,1426098.67,1.24,0.19,93.15,3.41
CMP-05179,2024-01-17,YouTube,Conversion,Finance,North America,47966.5,11795962,717194,59055,21656482.52,6.08,0.07,451.49,0.81
CMP-05180,2023-06-23,Google Ads,Brand Awareness,Healthcare,Asia Pacific,18834.69,6722615,531758,22805,9966502.35,7.91,0.04,529.16,0.83
CMP-05181,2022-01-30,YouTube,Retargeting,Education,North America,902.48,106167,4352,323,27771.1,4.1,0.21,30.77,2.79
CMP-05182,2024-06-14,LinkedIn,Retargeting,Retail,Europe,49722.99,4865062,309904,11152,4248806.38,6.37,0.16,85.45,4.46
CMP-05183,2024-01-28,Facebook,Lead Generation,Food & Beverage,Latin America,33901.53,11662824,564480,38271,13923636.11,4.84,0.06,410.71,0.89
CMP-05184,2023-06-29,Facebook,Lead Generation,Education,Asia Pacific,27329.67,1903942,90246,9258,2130271.07,4.74,0.3,77.95,2.95
CMP-05185,2022-05-29,Google Ads,Brand Awareness,Tech,Europe,38001.27,10624947,548247,48184,7013499.22,5.16,0.07,184.56,0.79
CMP-05186,2023-02-10,Email,Engagement,Tech,Europe,46852.38,8835012,463838,38646,14012248.7,5.25,0.1,299.07,1.21
CMP-05187,2023-03-24,Google Ads,Retargeting,Education,North America,27107.69,6633715,59040,781,170982.99,0.89,0.46,6.31,34.71
CMP-05188,2022-07-06,Twitter,Engagement,Travel,Europe,15089.53,2050349,71967,1929,234842.52,3.51,0.21,15.56,7.82
CMP-05189,2023-09-25,Google Ads,Lead Generation,Healthcare,Latin America,24123.75,9281848,116023,12164,1489437.72,1.25,0.21,61.74,1.98
CMP-05190,2023-06-28,LinkedIn,Engagement,Travel,Latin America,25052.82,8765308,593411,48703,10715904.64,6.77,0.04,427.73,0.51
CMP-05191,2022-11-17,LinkedIn,Engagement,Retail,Europe,44255.39,6921020,406263,40309,17650905.8,5.87,0.11,398.84,1.1
CMP-05192,2022-05-05,TikTok,Retargeting,Healthcare,Asia Pacific,16237.35,1977872,71005,1539,453761.04,3.59,0.23,27.95,10.55
CMP-05193,2023-04-21,YouTube,Retargeting,Education,Latin America,10190.61,561051,31194,237,57075.53,5.56,0.33,5.6,43.0
CMP-05194,2023-07-23,TikTok,Brand Awareness,Travel,Middle East,36932.8,7531573,424780,49607,3574926.62,5.64,0.09,96.8,0.74
CMP-05195,2022-12-30,Twitter,Lead Generation,Healthcare,Latin America,44855.19,14325118,130358,1379,102671.38,0.91,0.34,2.29,32.53
CMP-05196,2022-09-18,YouTube,Engagement,Education,Latin America,37423.2,9653904,67577,1819,383660.1,0.7,0.55,10.25,20.57
CMP-05197,2023-08-27,LinkedIn,Lead Generation,Retail,Middle East,27638.88,8060590,441720,28878,9325423.39,5.48,0.06,337.4,0.96
CMP-05198,2022-06-19,Instagram,Conversion,Education,Asia Pacific,37333.19,3400088,54741,3168,1024178.67,1.61,0.68,27.43,11.78
CMP-05199,2022-03-31,Twitter,Brand Awareness,Tech,Middle East,11971.53,2107014,34765,1462,526836.14,1.65,0.34,44.01,8.19
CMP-05200,2024-02-05,Google Ads,Engagement,Retail,Middle East,9301.87,2176163,159947,17914,5557290.92,7.35,0.06,597.44,0.52
CMP-05201,2023-06-11,Twitter,Engagement,Education,Latin America,34591.31,14865187,344872,18506,3271555.76,2.32,0.1,94.58,1.87
CMP-05202,2022-05-16,LinkedIn,Conversion,Travel,North America,23315.57,4427045,138123,2373,739115.78,3.12,0.17,31.7,9.83
CMP-05203,2022-02-09,YouTube,Brand Awareness,Tech,North America,27035.57,1986577,82641,4207,1579928.37,4.16,0.33,58.44,6.43
CMP-05204,2022-03-15,Google Ads,Lead Generation,Finance,Europe,30742.77,4883707,388743,5141,1743485.08,7.96,0.08,56.71,5.98
CMP-05205,2022-03-04,Google Ads,Lead Generation,Food & Beverage,Middle East,26447.6,2167432,151503,1400,381637.16,6.99,0.17,14.43,18.89
CMP-05206,2023-02-17,YouTube,Engagement,Healthcare,Middle East,18153.21,1477926,46259,3348,621144.85,3.13,0.39,34.22,5.42
CMP-05207,2022-04-30,Instagram,Conversion,Finance,Asia Pacific,31722.62,2374391,62446,3799,1653740.81,2.63,0.51,52.13,8.35
CMP-05208,2022-01-10,YouTube,Lead Generation,Finance,Asia Pacific,24257.74,6616130,458497,20208,1325270.64,6.93,0.05,54.63,1.2
CMP-05209,2024-01-28,Facebook,Retargeting,Tech,Asia Pacific,20458.53,5353712,358698,6357,1047543.22,6.7,0.06,51.2,3.22
CMP-05210,2022-12-13,Instagram,Retargeting,Travel,Europe,3418.72,1010298,65669,4302,1412872.18,6.5,0.05,413.28,0.79
CMP-05211,2023-05-26,Facebook,Retargeting,Food & Beverage,Europe,11073.8,4128385,66466,5329,320430.02,1.61,0.17,28.94,2.08
CMP-05212,2022-01-27,Facebook,Retargeting,Finance,North America,43103.43,7124342,440284,31281,5356745.76,6.18,0.1,124.28,1.38
CMP-05213,2023-02-04,TikTok,Brand Awareness,Retail,Europe,30108.19,9587459,152440,3321,462100.27,1.59,0.2,15.35,9.07
CMP-05214,2023-06-30,TikTok,Brand Awareness,Retail,Europe,26087.8,4470417,315611,22210,2156587.21,7.06,0.08,82.67,1.17
CMP-05215,2022-06-23,Email,Retargeting,Retail,North America,41866.71,3270875,164525,7433,926597.71,5.03,0.25,22.13,5.63
CMP-05216,2024-05-17,Google Ads,Retargeting,Tech,Latin America,22465.19,3521838,118685,4232,722795.77,3.37,0.19,32.17,5.31
CMP-05217,2022-09-19,Twitter,Lead Generation,Education,Middle East,22256.32,8585252,645610,65560,18644830.92,7.52,0.03,837.73,0.34
CMP-05218,2024-01-19,Email,Retargeting,Food & Beverage,Middle East,37044.29,6918414,39434,4268,655166.36,0.57,0.94,17.69,8.68
CMP-05219,2022-11-13,Twitter,Engagement,Food & Beverage,Middle East,16589.29,1868252,116205,13043,2813376.51,6.22,0.14,169.59,1.27
CMP-05220,2023-01-27,YouTube,Brand Awareness,Retail,Europe,39255.24,10817914,379708,40781,19834639.58,3.51,0.1,505.27,0.96
CMP-05221,2022-02-12,TikTok,Brand Awareness,Tech,Middle East,28022.77,13251150,409460,12618,4676944.81,3.09,0.07,166.9,2.22
CMP-05222,2022-12-25,Facebook,Lead Generation,Food & Beverage,Middle East,21030.48,9603978,86435,5939,2933620.31,0.9,0.24,139.49,3.54
CMP-05223,2022-12-14,TikTok,Lead Generation,Healthcare,Europe,36947.94,9882248,483241,47247,5670618.25,4.89,0.08,153.48,0.78
CMP-05224,2022-08-18,TikTok,Engagement,Retail,Middle East,34576.87,5222890,385971,10082,1582950.69,7.39,0.09,45.78,3.43
CMP-05225,2022-06-08,YouTube,Conversion,Education,Europe,9922.52,1842860,13084,699,202292.6,0.71,0.76,20.39,14.2
CMP-05226,2024-04-29,Email,Retargeting,Retail,Asia Pacific,44301.11,17140544,322242,2760,502635.86,1.88,0.14,11.35,16.05
CMP-05227,2023-03-30,Twitter,Lead Generation,Finance,North America,28687.28,11460800,320902,24359,2530096.08,2.8,0.09,88.2,1.18
CMP-05228,2022-04-25,Email,Retargeting,Healthcare,North America,34191.19,15791562,810107,95935,27823906.42,5.13,0.04,813.77,0.36
CMP-05229,2023-06-11,Instagram,Retargeting,Healthcare,Middle East,8196.88,3810708,75452,3191,213574.55,1.98,0.11,26.06,2.57
CMP-05230,2024-01-15,Twitter,Engagement,Education,Europe,43327.99,8276153,397255,24414,8561888.91,4.8,0.11,197.61,1.77
CMP-05231,2023-11-11,Twitter,Lead Generation,Travel,Latin America,34349.8,14977861,137796,5964,1531496.95,0.92,0.25,44.59,5.76
CMP-05232,2023-10-13,YouTube,Engagement,Travel,Middle East,10588.32,3815679,48840,4005,857361.05,1.28,0.22,80.97,2.64
CMP-05233,2024-03-01,YouTube,Retargeting,Healthcare,Latin America,33286.38,10374251,150426,11257,5419870.83,1.45,0.22,162.83,2.96
CMP-05234,2022-05-27,TikTok,Conversion,Retail,North America,3268.14,1111690,8671,111,6374.44,0.78,0.38,1.95,29.44
CMP-05235,2023-10-15,Instagram,Brand Awareness,Retail,Middle East,38939.69,9553800,55412,4661,366602.2,0.58,0.7,9.41,8.35
CMP-05236,2023-04-16,Facebook,Lead Generation,Tech,North America,31617.88,4923895,192524,14359,1670741.2,3.91,0.16,52.84,2.2
CMP-05237,2024-03-31,Facebook,Engagement,Food & Beverage,Latin America,49877.75,19125323,256279,24378,2434379.79,1.34,0.19,48.81,2.05
CMP-05238,2022-08-27,Instagram,Brand Awareness,Retail,Middle East,14869.4,4596533,288202,4368,271882.61,6.27,0.05,18.28,3.4
CMP-05239,2024-02-29,Instagram,Brand Awareness,Tech,Middle East,9393.84,1388755,60827,5624,1814049.24,4.38,0.15,193.11,1.67
CMP-05240,2024-05-12,TikTok,Conversion,Healthcare,North America,17610.03,2684492,15838,820,126733.18,0.59,1.11,7.2,21.48
CMP-05241,2022-03-19,Email,Conversion,Travel,North America,30560.06,10875985,568814,49567,5230411.08,5.23,0.05,171.15,0.62
CMP-05242,2023-10-12,Facebook,Lead Generation,Tech,North America,26574.91,3412018,252489,28851,1527676.59,7.4,0.11,57.49,0.92
CMP-05243,2023-08-14,Twitter,Retargeting,Finance,North America,29910.86,13025644,115928,1898,719173.65,0.89,0.26,24.04,15.76
CMP-05244,2023-10-15,YouTube,Retargeting,Healthcare,North America,46104.43,8658548,502195,58665,28051214.82,5.8,0.09,608.43,0.79
CMP-05245,2022-05-05,Facebook,Retargeting,Food & Beverage,North America,49506.74,20554161,1379184,156497,72715971.79,6.71,0.04,1468.81,0.32
CMP-05246,2022-05-27,LinkedIn,Retargeting,Healthcare,Europe,16210.6,2521105,139164,12257,3400972.22,5.52,0.12,209.8,1.32
CMP-05247,2023-01-28,Email,Lead Generation,Education,Middle East,22500.67,7166803,63067,5575,2186394.55,0.88,0.36,97.17,4.04
CMP-05248,2023-03-31,LinkedIn,Lead Generation,Finance,Europe,2704.92,590417,31174,1945,628552.77,5.28,0.09,232.37,1.39
CMP-05249,2022-08-23,YouTube,Brand Awareness,Tech,Asia Pacific,18955.7,7843919,167075,4977,769785.68,2.13,0.11,40.61,3.81
CMP-05250,2023-11-13,Google Ads,Brand Awareness,Travel,Latin America,763.54,85360,3627,241,24212.32,4.25,0.21,31.71,3.17
CMP-05251,2022-11-03,TikTok,Conversion,Retail,Middle East,17179.63,1322040,34108,2808,1198925.68,2.58,0.5,69.79,6.12
CMP-05252,2023-12-15,Google Ads,Lead Generation,Travel,Asia Pacific,30573.78,14028373,1007237,51036,9765488.12,7.18,0.03,319.41,0.6
CMP-05253,2022-08-13,Email,Conversion,Retail,Latin America,42829.7,20390268,430234,2595,282851.76,2.11,0.1,6.6,16.5
CMP-05254,2023-01-24,Google Ads,Retargeting,Healthcare,Latin America,39278.39,18663846,1422185,14750,1733118.26,7.62,0.03,44.12,2.66
CMP-05255,2023-06-16,TikTok,Conversion,Education,Europe,6433.95,1505510,85211,5422,506844.0,5.66,0.08,78.78,1.19
CMP-05256,2022-01-10,Facebook,Conversion,Healthcare,North America,21691.03,8123084,624665,56963,25459019.1,7.69,0.03,1173.71,0.38
CMP-05257,2024-02-02,Twitter,Lead Generation,Finance,Europe,44852.97,15959106,1271940,18906,8473027.56,7.97,0.04,188.91,2.37
CMP-05258,2023-06-04,Google Ads,Conversion,Retail,North America,27441.96,10158586,334217,30160,2174909.28,3.29,0.08,79.25,0.91
CMP-05259,2022-10-29,Google Ads,Brand Awareness,Retail,Europe,19775.74,2917798,149391,4872,417883.73,5.12,0.13,21.13,4.06
CMP-05260,2023-07-04,Google Ads,Retargeting,Education,North America,21327.18,8304301,235011,2546,717159.27,2.83,0.09,33.63,8.38
CMP-05261,2023-06-27,YouTube,Brand Awareness,Education,Middle East,49514.54,14722083,1001101,7137,1962765.28,6.8,0.05,39.64,6.94
CMP-05262,2023-11-30,LinkedIn,Lead Generation,Food & Beverage,North America,40548.59,8791042,226808,9350,4198432.0,2.58,0.18,103.54,4.34
CMP-05263,2022-08-14,Facebook,Retargeting,Education,Middle East,17499.76,8527524,620803,18332,5366609.88,7.28,0.03,306.67,0.95
CMP-05264,2022-07-29,YouTube,Conversion,Education,Asia Pacific,22067.52,10154753,509768,48720,6540821.27,5.02,0.04,296.4,0.45
CMP-05265,2023-12-01,YouTube,Engagement,Tech,Asia Pacific,49878.64,13442413,217767,7365,3123350.92,1.62,0.23,62.62,6.77
CMP-05266,2022-11-23,Facebook,Engagement,Food & Beverage,Middle East,37429.72,10623304,332509,14855,5289082.26,3.13,0.11,141.31,2.52
CMP-05267,2022-08-30,Twitter,Retargeting,Food & Beverage,North America,47950.67,20707567,1254878,40362,15086680.98,6.06,0.04,314.63,1.19
CMP-05268,2023-03-07,Instagram,Conversion,Retail,North America,20977.51,5800741,346884,22824,8846956.68,5.98,0.06,421.74,0.92
CMP-05269,2023-12-13,Email,Lead Generation,Food & Beverage,Middle East,44467.17,14574480,597553,6014,2628096.69,4.1,0.07,59.1,7.39
CMP-05270,2023-11-26,LinkedIn,Conversion,Food & Beverage,Latin America,43802.57,12951440,511581,11612,2794347.86,3.95,0.09,63.79,3.77
CMP-05271,2023-09-12,YouTube,Lead Generation,Travel,Europe,29073.17,3112276,219104,11683,2490048.69,7.04,0.13,85.65,2.49
CMP-05272,2023-11-02,TikTok,Lead Generation,Retail,Latin America,5967.09,2813444,94813,2038,739412.62,3.37,0.06,123.92,2.93
CMP-05273,2023-04-14,TikTok,Conversion,Healthcare,Latin America,23832.53,8337676,78374,739,125597.2,0.94,0.3,5.27,32.25
CMP-05274,2022-06-21,Twitter,Retargeting,Tech,North America,21548.43,10319550,528360,6005,1324868.7,5.12,0.04,61.48,3.59
CMP-05275,2022-12-18,TikTok,Conversion,Retail,North America,20491.32,2853814,89324,4114,783043.43,3.13,0.23,38.21,4.98
CMP-05276,2023-10-10,TikTok,Conversion,Tech,Middle East,29137.24,9521889,657962,30470,2248592.5,6.91,0.04,77.17,0.96
CMP-05277,2024-03-31,TikTok,Conversion,Food & Beverage,North America,25706.88,11290824,406469,11571,2346880.25,3.6,0.06,91.29,2.22
CMP-05278,2022-01-04,Email,Lead Generation,Finance,Europe,12037.2,1902572,106163,4465,824821.46,5.58,0.11,68.52,2.7
CMP-05279,2023-11-10,Google Ads,Lead Generation,Healthcare,Middle East,16849.39,7888499,474098,18038,6137886.67,6.01,0.04,364.28,0.93
CMP-05280,2023-12-16,Instagram,Lead Generation,Retail,Latin America,9517.83,883794,21829,1411,259612.99,2.47,0.44,27.28,6.75
CMP-05281,2023-09-14,Facebook,Lead Generation,Travel,Asia Pacific,33168.87,13459495,954278,68616,16123447.51,7.09,0.03,486.1,0.48
CMP-05282,2022-07-06,Twitter,Retargeting,Travel,Middle East,26927.98,3931247,176512,9088,3201757.33,4.49,0.15,118.9,2.96
CMP-05283,2024-01-20,Twitter,Retargeting,Healthcare,Asia Pacific,45386.37,16612300,1101395,36697,11046402.6,6.63,0.04,243.39,1.24
CMP-05284,2023-12-04,Facebook,Brand Awareness,Travel,North America,41595.26,3169915,37404,3926,1719570.42,1.18,1.11,41.34,10.59
CMP-05285,2023-11-16,Instagram,Lead Generation,Education,Europe,33280.75,6200379,259795,21306,4187568.52,4.19,0.13,125.83,1.56
CMP-05286,2023-11-15,Twitter,Retargeting,Tech,Latin America,44350.99,8692992,403354,19741,4688473.04,4.64,0.11,105.71,2.25
CMP-05287,2023-11-14,Twitter,Engagement,Finance,North America,26289.21,9429332,560102,62475,7181051.09,5.94,0.05,273.16,0.42
CMP-05288,2023-08-24,Google Ads,Brand Awareness,Healthcare,Asia Pacific,16978.49,5349731,361641,4520,1343381.05,6.76,0.05,79.12,3.76
CMP-05289,2022-04-15,TikTok,Conversion,Finance,Middle East,9862.37,508713,26096,999,82112.98,5.13,0.38,8.33,9.87
CMP-05290,2022-10-29,LinkedIn,Lead Generation,Retail,Europe,49111.61,13043564,667830,71301,9230935.99,5.12,0.07,187.96,0.69
CMP-05291,2023-12-03,YouTube,Brand Awareness,Education,Asia Pacific,45808.37,3145200,166066,2286,348563.05,5.28,0.28,7.61,20.04
CMP-05292,2023-09-14,TikTok,Engagement,Tech,Asia Pacific,44343.94,4289903,137705,5485,1071489.11,3.21,0.32,24.16,8.08
CMP-05293,2023-09-15,Email,Retargeting,Retail,Middle East,33599.74,3272407,225468,1811,831182.88,6.89,0.15,24.74,18.55
CMP-05294,2022-01-30,LinkedIn,Conversion,Tech,North America,43560.57,2752000,49260,2589,757634.57,1.79,0.88,17.39,16.83
CMP-05295,2022-05-28,Twitter,Lead Generation,Retail,Middle East,2728.96,1105427,14923,501,208339.27,1.35,0.18,76.34,5.45
CMP-05296,2024-06-12,Email,Engagement,Retail,Latin America,7479.2,3728126,97304,2231,1021236.68,2.61,0.08,136.54,3.35
CMP-05297,2022-02-21,Email,Conversion,Tech,Asia Pacific,40727.61,9337155,323999,38661,19117045.31,3.47,0.13,469.39,1.05
CMP-05298,2023-11-08,LinkedIn,Lead Generation,Education,Asia Pacific,37042.33,11510636,424742,21118,6937687.96,3.69,0.09,187.29,1.75
CMP-05299,2023-08-04,LinkedIn,Engagement,Finance,Middle East,19158.8,4656795,160659,10204,611101.27,3.45,0.12,31.9,1.88
CMP-05300,2022-12-18,Twitter,Conversion,Finance,Asia Pacific,2875.38,213482,14965,87,4185.15,7.01,0.19,1.46,33.05
CMP-05301,2022-09-18,Instagram,Conversion,Tech,North America,31608.54,13147556,823037,82682,23861135.53,6.26,0.04,754.9,0.38
CMP-05302,2022-11-09,Facebook,Lead Generation,Finance,Europe,36914.48,16516936,1207388,114600,12438746.7,7.31,0.03,336.96,0.32
CMP-05303,2022-02-12,Facebook,Retargeting,Healthcare,Latin America,27386.61,7328613,164893,11525,5010201.67,2.25,0.17,182.94,2.38
CMP-05304,2023-11-18,Twitter,Lead Generation,Retail,North America,23808.71,6244578,110529,2509,564284.07,1.77,0.22,23.7,9.49
CMP-05305,2023-11-22,Google Ads,Retargeting,Food & Beverage,North America,4540.27,456613,12100,999,459008.9,2.65,0.38,101.1,4.54
CMP-05306,2023-02-07,Google Ads,Lead Generation,Travel,Latin America,29338.91,3347467,50546,2114,455917.27,1.51,0.58,15.54,13.88
CMP-05307,2024-05-01,YouTube,Retargeting,Food & Beverage,Europe,25953.43,1555509,62531,4676,1579940.93,4.02,0.42,60.88,5.55
CMP-05308,2024-03-07,YouTube,Engagement,Tech,Latin America,8822.47,1632710,32490,3337,1077513.54,1.99,0.27,122.13,2.64
CMP-05309,2023-09-14,Instagram,Engagement,Tech,Asia Pacific,1153.81,157046,12076,278,12123.8,7.69,0.1,10.51,4.15
CMP-05310,2023-05-19,Google Ads,Conversion,Education,Europe,15154.22,5486287,116309,3002,567987.65,2.12,0.13,37.48,5.05
CMP-05311,2023-02-23,Google Ads,Brand Awareness,Travel,Latin America,20864.26,8080539,481600,19386,8706646.67,5.96,0.04,417.3,1.08
CMP-05312,2023-11-13,LinkedIn,Brand Awareness,Education,Asia Pacific,22570.56,2889635,56636,4558,1884400.83,1.96,0.4,83.49,4.95
CMP-05313,2022-09-23,Instagram,Lead Generation,Retail,Latin America,44598.17,5835077,105031,2186,1080744.59,1.8,0.42,24.23,20.4
CMP-05314,2022-08-12,Facebook,Conversion,Retail,Latin America,3387.87,827722,21106,1578,102246.7,2.55,0.16,30.18,2.15
CMP-05315,2023-10-02,Instagram,Lead Generation,Healthcare,Europe,30667.38,7052106,306061,24439,8816107.79,4.34,0.1,287.48,1.25
CMP-05316,2023-01-20,Google Ads,Brand Awareness,Retail,Latin America,19676.95,6460456,109827,4302,1739924.2,1.7,0.18,88.42,4.57
CMP-05317,2022-08-02,Google Ads,Brand Awareness,Healthcare,North America,4122.46,1040532,67634,4821,1429137.37,6.5,0.06,346.67,0.86
CMP-05318,2022-07-28,LinkedIn,Conversion,Education,Middle East,20573.27,2720207,153691,2742,488342.54,5.65,0.13,23.74,7.5
CMP-05319,2022-02-12,Twitter,Engagement,Education,Middle East,11983.76,1287841,94785,7354,566736.57,7.36,0.13,47.29,1.63
CMP-05320,2022-09-21,Email,Engagement,Food & Beverage,Asia Pacific,21715.12,3983162,315466,21266,5620339.83,7.92,0.07,258.82,1.02
CMP-05321,2022-01-22,TikTok,Lead Generation,Food & Beverage,Europe,10548.84,3528471,173953,2628,1061796.92,4.93,0.06,100.66,4.01
CMP-05322,2023-05-11,YouTube,Brand Awareness,Retail,Middle East,48944.5,17147272,1202023,23931,3227807.04,7.01,0.04,65.95,2.05
CMP-05323,2023-06-23,TikTok,Engagement,Retail,North America,30890.47,5486234,350021,19204,8768935.01,6.38,0.09,283.87,1.61
CMP-05324,2023-12-01,LinkedIn,Retargeting,Education,Europe,3866.09,921561,72434,8056,2812033.93,7.86,0.05,727.36,0.48
CMP-05325,2022-06-05,YouTube,Engagement,Tech,Asia Pacific,47332.81,20132265,106701,7438,1995866.18,0.53,0.44,42.17,6.36
CMP-05326,2023-01-23,Instagram,Retargeting,Healthcare,North America,10546.28,795690,19335,305,86191.26,2.43,0.55,8.17,34.58
CMP-05327,2024-02-05,Facebook,Lead Generation,Retail,North America,34692.68,9114425,575120,20035,1301975.06,6.31,0.06,37.53,1.73
CMP-05328,2022-02-28,Facebook,Conversion,Tech,Latin America,21718.52,3635222,175944,12854,1572733.69,4.84,0.12,72.41,1.69
CMP-05329,2022-10-04,YouTube,Engagement,Travel,Middle East,6352.3,1606087,87852,4985,1056071.58,5.47,0.07,166.25,1.27
CMP-05330,2022-01-30,YouTube,Engagement,Tech,Middle East,35569.51,6342664,245461,15643,885815.53,3.87,0.14,24.9,2.27
CMP-05331,2022-02-20,TikTok,Conversion,Tech,Latin America,35825.85,14439719,844723,70769,24920465.14,5.85,0.04,695.6,0.51
CMP-05332,2023-02-20,Instagram,Lead Generation,Education,Latin America,7112.17,3189456,82925,1941,690424.77,2.6,0.09,97.08,3.66
CMP-05333,2023-12-04,Instagram,Brand Awareness,Retail,North America,45338.26,2862174,116776,2454,478152.29,4.08,0.39,10.55,18.48
CMP-05334,2022-06-07,TikTok,Engagement,Retail,North America,12072.48,4955724,25769,2935,982553.0,0.52,0.47,81.39,4.11
CMP-05335,2024-06-04,Google Ads,Lead Generation,Tech,Latin America,8852.5,2009135,28931,258,125090.64,1.44,0.31,14.13,34.31
CMP-05336,2024-03-01,Instagram,Conversion,Healthcare,Europe,26513.23,10777602,136875,12154,2379937.77,1.27,0.19,89.76,2.18
CMP-05337,2023-09-08,TikTok,Lead Generation,Healthcare,Latin America,3854.18,699851,48009,1745,282690.08,6.86,0.08,73.35,2.21
CMP-05338,2023-12-09,Facebook,Retargeting,Food & Beverage,Europe,16693.4,3127832,122611,4814,165604.58,3.92,0.14,9.92,3.47
CMP-05339,2023-02-06,Google Ads,Engagement,Travel,Latin America,26815.42,3884618,36126,1445,146408.3,0.93,0.74,5.46,18.56
CMP-05340,2022-04-05,Facebook,Conversion,Retail,Asia Pacific,39181.42,13682332,767578,52714,19767119.59,5.61,0.05,504.5,0.74
CMP-05341,2023-05-03,Email,Conversion,Healthcare,Middle East,44558.39,10364414,535840,41132,7701015.02,5.17,0.08,172.83,1.08
CMP-05342,2023-08-14,TikTok,Engagement,Healthcare,Middle East,37999.16,10492489,674667,73232,13401044.38,6.43,0.06,352.67,0.52
CMP-05343,2023-11-17,TikTok,Conversion,Finance,Middle East,7292.79,1269171,51782,466,95050.77,4.08,0.14,13.03,15.65
CMP-05344,2024-02-18,TikTok,Engagement,Education,Asia Pacific,48043.85,20488711,1542799,139094,32992197.57,7.53,0.03,686.71,0.35
CMP-05345,2022-07-26,Facebook,Engagement,Healthcare,Latin America,46715.46,15454076,721705,43754,17551025.14,4.67,0.06,375.7,1.07
CMP-05346,2023-03-05,Twitter,Conversion,Retail,North America,16678.31,6241409,237797,5498,1363921.99,3.81,0.07,81.78,3.03
CMP-05347,2023-07-20,Email,Lead Generation,Travel,Middle East,13804.39,2792648,83500,4254,2038639.04,2.99,0.17,147.68,3.25
CMP-05348,2023-06-15,Facebook,Engagement,Finance,Asia Pacific,18337.9,8150435,224952,17380,3540925.74,2.76,0.08,193.09,1.06
CMP-05349,2023-11-21,Twitter,Conversion,Education,North America,21131.44,8065425,150016,799,354254.94,1.86,0.14,16.76,26.45
CMP-05350,2022-12-27,Instagram,Conversion,Travel,Asia Pacific,6146.5,435464,31963,1385,570630.4,7.34,0.19,92.84,4.44
CMP-05351,2022-11-08,Twitter,Brand Awareness,Education,Europe,11820.63,5046171,74683,8159,1458172.11,1.48,0.16,123.36,1.45
CMP-05352,2023-05-19,TikTok,Conversion,Education,Latin America,40460.55,7568184,557018,23888,9296151.22,7.36,0.07,229.76,1.69
CMP-05353,2023-03-03,Email,Engagement,Healthcare,Middle East,5149.81,1344744,31063,2875,1233711.04,2.31,0.17,239.56,1.79
CMP-05354,2022-01-18,Email,Engagement,Food & Beverage,Middle East,44021.62,16688687,645852,33178,12182458.71,3.87,0.07,276.74,1.33
CMP-05355,2023-05-17,YouTube,Engagement,Healthcare,Asia Pacific,45353.93,10688046,479893,9184,1674892.47,4.49,0.09,36.93,4.94
CMP-05356,2022-11-08,Instagram,Conversion,Tech,Asia Pacific,34721.41,6041759,325650,32791,10240952.32,5.39,0.11,294.95,1.06
CMP-05357,2022-09-17,LinkedIn,Retargeting,Finance,Europe,6854.46,2061043,28236,464,102688.16,1.37,0.24,14.98,14.77
CMP-05358,2023-02-17,TikTok,Conversion,Finance,North America,25216.5,3564384,34218,307,137300.29,0.96,0.74,5.44,82.14
CMP-05359,2022-08-04,Instagram,Retargeting,Finance,North America,6709.78,729714,31815,2469,717000.47,4.36,0.21,106.86,2.72
CMP-05360,2022-06-17,Twitter,Brand Awareness,Retail,Middle East,38495.8,14214797,1093117,73660,15172994.71,7.69,0.04,394.15,0.52
CMP-05361,2024-03-25,Google Ads,Retargeting,Travel,Europe,17039.23,1989486,79579,9214,3204617.9,4.0,0.21,188.07,1.85
CMP-05362,2022-06-18,Instagram,Lead Generation,Food & Beverage,North America,23078.61,6147285,94668,10447,4803854.4,1.54,0.24,208.15,2.21
CMP-05363,2022-09-01,Google Ads,Brand Awareness,Travel,Middle East,15591.45,1574238,36207,3519,164379.73,2.3,0.43,10.54,4.43
CMP-05364,2023-06-13,Email,Conversion,Finance,Middle East,41337.4,10234442,145329,10337,2152986.14,1.42,0.28,52.08,4.0
CMP-05365,2022-03-18,Google Ads,Engagement,Food & Beverage,Europe,27487.85,5777259,277308,26793,12337380.31,4.8,0.1,448.83,1.03
CMP-05366,2024-06-15,Email,Lead Generation,Travel,Asia Pacific,8212.76,1678250,22992,2529,445976.99,1.37,0.36,54.3,3.25
CMP-05367,2023-06-07,Facebook,Conversion,Retail,North America,14157.79,1523687,32454,169,36680.04,2.13,0.44,2.59,83.77
CMP-05368,2022-03-26,Instagram,Brand Awareness,Food & Beverage,Asia Pacific,547.45,266952,10384,448,25772.33,3.89,0.05,47.08,1.22
CMP-05369,2022-08-16,Instagram,Retargeting,Food & Beverage,North America,34534.06,5042298,80676,6682,3260790.84,1.6,0.43,94.42,5.17
CMP-05370,2022-01-20,Instagram,Brand Awareness,Food & Beverage,Middle East,41944.94,18547657,1138826,20823,2311160.76,6.14,0.04,55.1,2.01
CMP-05371,2022-09-01,Google Ads,Brand Awareness,Travel,North America,39812.81,18471417,1058412,22998,8094032.85,5.73,0.04,203.3,1.73
CMP-05372,2024-05-18,TikTok,Retargeting,Finance,Latin America,19431.47,9641889,424243,21639,7083727.75,4.4,0.05,364.55,0.9
CMP-05373,2024-03-16,Email,Retargeting,Food & Beverage,Latin America,45602.04,12552249,780749,13524,5965403.76,6.22,0.06,130.81,3.37
CMP-05374,2023-10-23,YouTube,Lead Generation,Retail,Middle East,18667.63,1635857,71486,4620,2066769.5,4.37,0.26,110.71,4.04
CMP-05375,2023-04-08,Instagram,Retargeting,Tech,Middle East,3306.74,822021,47923,3507,1003303.6,5.83,0.07,303.41,0.94
CMP-05376,2023-11-12,Google Ads,Retargeting,Education,Europe,10306.63,4244258,275452,22471,1020935.29,6.49,0.04,99.06,0.46
CMP-05377,2024-06-08,Instagram,Retargeting,Finance,Asia Pacific,3385.34,1441168,24788,2594,872335.69,1.72,0.14,257.68,1.31
CMP-05378,2024-04-22,Facebook,Brand Awareness,Travel,Middle East,15023.97,6777062,149095,8402,2969364.14,2.2,0.1,197.64,1.79
CMP-05379,2022-01-21,Google Ads,Retargeting,Food & Beverage,Europe,46967.26,14506435,87038,8076,1485191.28,0.6,0.54,31.62,5.82
CMP-05380,2022-02-19,Google Ads,Brand Awareness,Travel,Europe,9435.08,3913099,237133,20057,8647416.85,6.06,0.04,916.52,0.47
CMP-05381,2022-08-02,TikTok,Engagement,Retail,Europe,5832.22,2172463,110143,5061,2305187.01,5.07,0.05,395.25,1.15
CMP-05382,2024-05-15,Email,Lead Generation,Retail,Latin America,9691.97,4563713,282037,13755,5521915.37,6.18,0.03,569.74,0.7
CMP-05383,2022-08-12,Email,Brand Awareness,Travel,Latin America,25170.18,4034933,43577,4491,1606949.85,1.08,0.58,63.84,5.6
CMP-05384,2022-01-31,TikTok,Conversion,Retail,Latin America,14494.72,2064106,106714,1488,495241.7,5.17,0.14,34.17,9.74
CMP-05385,2022-10-29,YouTube,Brand Awareness,Education,Europe,30681.55,11107786,745332,78286,14872738.01,6.71,0.04,484.75,0.39
CMP-05386,2024-02-07,Instagram,Lead Generation,Healthcare,Asia Pacific,22775.03,5742729,431853,25716,7708092.03,7.52,0.05,338.44,0.89
CMP-05387,2022-06-20,YouTube,Conversion,Travel,Asia Pacific,3031.3,314505,3270,29,13554.28,1.04,0.93,4.47,104.53
CMP-05388,2024-03-15,Email,Engagement,Education,Europe,27821.34,11117851,349100,4931,1099635.79,3.14,0.08,39.52,5.64
CMP-05389,2023-07-07,Instagram,Conversion,Retail,Latin America,21949.59,5765352,400691,11937,5379782.36,6.95,0.05,245.1,1.84
CMP-05390,2023-08-21,Twitter,Brand Awareness,Tech,Latin America,16514.2,1307849,81348,8642,4084112.27,6.22,0.2,247.31,1.91
CMP-05391,2022-08-13,Google Ads,Lead Generation,Healthcare,Latin America,40258.38,8354650,358414,34695,1532664.53,4.29,0.11,38.07,1.16
CMP-05392,2022-04-29,YouTube,Lead Generation,Travel,Middle East,6689.98,2572954,139711,7860,1297748.06,5.43,0.05,193.98,0.85
CMP-05393,2022-05-16,LinkedIn,Engagement,Retail,Asia Pacific,36109.79,6296677,310426,18282,6887979.81,4.93,0.12,190.75,1.98
CMP-05394,2023-01-30,YouTube,Conversion,Food & Beverage,Latin America,3925.02,583748,28311,2713,1228302.97,4.85,0.14,312.94,1.45
CMP-05395,2023-07-22,Twitter,Engagement,Tech,North America,24324.63,7672182,290775,14639,3017655.33,3.79,0.08,124.06,1.66
CMP-05396,2023-09-14,YouTube,Retargeting,Retail,Latin America,44803.16,15554550,889720,76586,16718990.83,5.72,0.05,373.17,0.59
CMP-05397,2023-10-21,YouTube,Brand Awareness,Food & Beverage,Middle East,41662.37,2731792,148336,4516,1792002.33,5.43,0.28,43.01,9.23
CMP-05398,2022-05-28,Google Ads,Conversion,Retail,Latin America,39474.43,7577919,134886,7951,1644975.55,1.78,0.29,41.67,4.96
CMP-05399,2023-04-25,Twitter,Conversion,Food & Beverage,Asia Pacific,9152.28,2499317,125715,12298,3587905.33,5.03,0.07,392.02,0.74
CMP-05400,2023-01-18,LinkedIn,Conversion,Travel,Latin America,11027.22,2412338,14956,835,365668.41,0.62,0.74,33.16,13.21
CMP-05401,2024-04-20,LinkedIn,Retargeting,Travel,Asia Pacific,24489.26,6815861,115188,4460,1417332.03,1.69,0.21,57.88,5.49
CMP-05402,2023-08-11,LinkedIn,Engagement,Education,Middle East,4493.74,2063315,82326,5709,2523356.77,3.99,0.05,561.53,0.79
CMP-05403,2022-10-29,YouTube,Retargeting,Food & Beverage,Latin America,3705.35,582975,15682,1176,142751.5,2.69,0.24,38.53,3.15
CMP-05404,2023-08-05,TikTok,Brand Awareness,Finance,North America,7789.26,1254769,24969,226,84958.36,1.99,0.31,10.91,34.47
CMP-05405,2024-02-04,Facebook,Brand Awareness,Travel,North America,42068.84,7909430,402589,11451,5150595.02,5.09,0.1,122.43,3.67
CMP-05406,2022-10-06,TikTok,Retargeting,Tech,North America,6798.72,1542271,13880,1400,209889.97,0.9,0.49,30.87,4.86
CMP-05407,2023-02-17,LinkedIn,Brand Awareness,Tech,Latin America,20687.33,2980520,77195,2399,201759.45,2.59,0.27,9.75,8.62
CMP-05408,2022-04-19,YouTube,Brand Awareness,Food & Beverage,Asia Pacific,10138.95,2992959,181373,10492,2260763.95,6.06,0.06,222.98,0.97
CMP-05409,2023-09-16,Twitter,Lead Generation,Finance,Middle East,42890.51,11728729,907803,36661,15303916.69,7.74,0.05,356.81,1.17
CMP-05410,2022-02-02,TikTok,Retargeting,Education,Europe,14747.99,6449636,485012,10270,3597187.73,7.52,0.03,243.91,1.44
CMP-05411,2022-08-26,Google Ads,Engagement,Education,North America,18182.78,1608066,20583,741,285409.94,1.28,0.88,15.7,24.54
CMP-05412,2023-11-08,Twitter,Brand Awareness,Healthcare,Latin America,46223.41,21688496,199534,3832,1527098.11,0.92,0.23,33.04,12.06
CMP-05413,2023-07-08,TikTok,Retargeting,Retail,Asia Pacific,28732.64,5691906,82532,939,266577.92,1.45,0.35,9.28,30.6
CMP-05414,2023-09-25,Email,Engagement,Food & Beverage,North America,27437.31,8964943,114751,5663,2243951.88,1.28,0.24,81.78,4.85
CMP-05415,2022-05-30,Facebook,Engagement,Food & Beverage,North America,21957.26,9552158,723098,28124,6978071.05,7.57,0.03,317.8,0.78
CMP-05416,2023-05-08,Email,Conversion,Education,North America,30160.56,10754909,808769,58277,21361514.02,7.52,0.04,708.26,0.52
CMP-05417,2023-09-08,LinkedIn,Lead Generation,Retail,North America,40648.22,15615408,404439,39497,16593302.03,2.59,0.1,408.22,1.03
CMP-05418,2022-09-17,Google Ads,Retargeting,Tech,Asia Pacific,1837.39,844633,12078,1379,556713.42,1.43,0.15,302.99,1.33
CMP-05419,2024-01-17,Facebook,Conversion,Food & Beverage,North America,13065.4,2211873,116786,7950,1035693.72,5.28,0.11,79.27,1.64
CMP-05420,2023-01-30,Twitter,Conversion,Education,Asia Pacific,35469.0,6113779,303854,13488,2596403.03,4.97,0.12,73.2,2.63
CMP-05421,2022-06-08,Google Ads,Retargeting,Travel,Asia Pacific,4299.53,1033978,51492,3227,106631.75,4.98,0.08,24.8,1.33
CMP-05422,2022-11-18,Google Ads,Conversion,Retail,Asia Pacific,27644.57,5452731,205022,20176,8286772.21,3.76,0.13,299.76,1.37
CMP-05423,2024-03-27,Google Ads,Brand Awareness,Healthcare,North America,2491.85,397443,26827,2316,274762.46,6.75,0.09,110.26,1.08
CMP-05424,2024-06-16,Email,Conversion,Food & Beverage,Asia Pacific,29878.72,12143010,115358,12757,1077545.33,0.95,0.26,36.06,2.34
CMP-05425,2022-01-27,Instagram,Lead Generation,Food & Beverage,Asia Pacific,21269.91,3764770,111060,4626,457562.35,2.95,0.19,21.51,4.6
CMP-05426,2023-04-01,YouTube,Conversion,Tech,Middle East,13590.73,2901580,60352,1180,435633.68,2.08,0.23,32.05,11.52
CMP-05427,2022-01-30,Twitter,Brand Awareness,Food & Beverage,North America,37605.45,4487912,100529,7976,294807.44,2.24,0.37,7.84,4.71
CMP-05428,2022-02-13,Google Ads,Engagement,Tech,Latin America,46436.74,19819552,650081,21881,7501824.13,3.28,0.07,161.55,2.12
CMP-05429,2022-09-25,YouTube,Conversion,Food & Beverage,North America,19196.36,8846709,391024,37680,3902422.91,4.42,0.05,203.29,0.51
CMP-05430,2022-03-05,Email,Brand Awareness,Retail,Europe,38788.89,3193662,204075,2970,594089.09,6.39,0.19,15.32,13.06
CMP-05431,2022-05-15,YouTube,Conversion,Food & Beverage,Latin America,23333.15,5182746,282977,30774,12962265.7,5.46,0.08,555.53,0.76
CMP-05432,2022-02-10,Facebook,Retargeting,Food & Beverage,North America,9392.72,1193390,6682,230,17115.09,0.56,1.41,1.82,40.84
CMP-05433,2022-08-22,YouTube,Conversion,Finance,Latin America,17944.43,3144619,165092,16222,1784947.48,5.25,0.11,99.47,1.11
CMP-05434,2024-03-21,Twitter,Brand Awareness,Tech,Asia Pacific,44708.9,14623645,688773,63658,28556684.13,4.71,0.06,638.72,0.7
CMP-05435,2023-02-18,Email,Brand Awareness,Travel,Asia Pacific,20586.94,5657055,216665,20102,3570288.07,3.83,0.1,173.42,1.02
CMP-05436,2022-02-05,Facebook,Retargeting,Education,Latin America,20184.11,7167031,179892,9929,3783124.66,2.51,0.11,187.43,2.03
CMP-05437,2022-02-11,TikTok,Brand Awareness,Travel,Asia Pacific,48328.83,3779467,301979,8731,2890870.05,7.99,0.16,59.82,5.54
CMP-05438,2022-06-04,Google Ads,Retargeting,Retail,Middle East,6907.77,2267917,99334,4239,1838251.22,4.38,0.07,266.11,1.63
CMP-05439,2023-11-24,TikTok,Engagement,Healthcare,Latin America,3236.93,1258191,62406,3411,428529.4,4.96,0.05,132.39,0.95
CMP-05440,2023-12-14,Facebook,Retargeting,Finance,Middle East,680.13,201642,8166,476,161732.64,4.05,0.08,237.8,1.43
CMP-05441,2024-04-22,Instagram,Engagement,Tech,Asia Pacific,4678.82,2268829,31990,569,76586.93,1.41,0.15,16.37,8.22
CMP-05442,2023-11-05,LinkedIn,Lead Generation,Healthcare,North America,1995.14,720424,32274,708,160359.97,4.48,0.06,80.38,2.82
CMP-05443,2023-07-04,YouTube,Lead Generation,Food & Beverage,Asia Pacific,26209.42,12057281,368952,38454,6278266.22,3.06,0.07,239.54,0.68
CMP-05444,2023-03-12,Google Ads,Conversion,Healthcare,Asia Pacific,32849.1,10515510,420620,5817,2082285.24,4.0,0.08,63.39,5.65
CMP-05445,2023-01-18,YouTube,Lead Generation,Healthcare,Asia Pacific,47280.91,16581897,144262,4638,1207763.87,0.87,0.33,25.54,10.19
CMP-05446,2023-07-12,Twitter,Retargeting,Retail,North America,41621.32,12893493,340388,10130,4076497.41,2.64,0.12,97.94,4.11
CMP-05447,2024-01-26,Google Ads,Brand Awareness,Healthcare,Asia Pacific,670.39,280077,6889,443,128811.79,2.46,0.1,192.14,1.51
CMP-05448,2023-03-07,YouTube,Brand Awareness,Travel,Asia Pacific,11725.11,5111506,295956,13364,4127233.58,5.79,0.04,352.0,0.88
CMP-05449,2023-02-25,Facebook,Conversion,Education,Europe,9686.39,2036610,17107,1028,93586.01,0.84,0.57,9.66,9.42
CMP-05450,2023-09-12,YouTube,Engagement,Education,Europe,20720.08,8124557,646714,53706,22404154.65,7.96,0.03,1081.28,0.39
CMP-05451,2023-10-03,Google Ads,Brand Awareness,Finance,Europe,21500.68,3392481,144180,10480,1550572.48,4.25,0.15,72.12,2.05
CMP-05452,2022-06-18,LinkedIn,Engagement,Travel,Asia Pacific,38157.06,18201571,924639,106482,37152700.85,5.08,0.04,973.68,0.36
CMP-05453,2022-08-29,Facebook,Conversion,Travel,Europe,47358.19,18838417,1167981,118900,13730199.89,6.2,0.04,289.92,0.4
CMP-05454,2022-07-19,Email,Conversion,Retail,North America,16094.44,1424208,27344,894,166621.85,1.92,0.59,10.35,18.0
CMP-05455,2022-03-04,Email,Retargeting,Healthcare,Asia Pacific,36999.07,11790855,363158,29358,6537480.92,3.08,0.1,176.69,1.26
CMP-05456,2022-09-15,Instagram,Conversion,Food & Beverage,Latin America,10090.04,3836009,208678,11255,1423063.18,5.44,0.05,141.04,0.9
CMP-05457,2024-01-30,Google Ads,Engagement,Finance,Asia Pacific,40336.34,2272252,145424,10995,3538128.01,6.4,0.28,87.72,3.67
CMP-05458,2022-10-21,LinkedIn,Brand Awareness,Food & Beverage,Asia Pacific,18110.49,7358958,244317,13526,6717403.52,3.32,0.07,370.91,1.34
CMP-05459,2023-11-24,TikTok,Retargeting,Food & Beverage,Asia Pacific,34879.75,15107002,480402,54966,1692017.32,3.18,0.07,48.51,0.63
CMP-05460,2023-07-22,YouTube,Brand Awareness,Tech,Middle East,11881.6,2313340,83974,2445,910931.03,3.63,0.14,76.67,4.86
CMP-05461,2023-11-28,Email,Retargeting,Finance,Middle East,28455.25,6890864,448595,41385,6500094.23,6.51,0.06,228.43,0.69
CMP-05462,2022-02-11,TikTok,Engagement,Education,Latin America,30643.41,7363785,573638,47677,6519407.77,7.79,0.05,212.75,0.64
CMP-05463,2022-05-27,LinkedIn,Lead Generation,Retail,North America,22833.03,3567368,150186,14747,1072509.36,4.21,0.15,46.97,1.55
CMP-05464,2023-04-28,LinkedIn,Brand Awareness,Travel,Middle East,16624.16,7466221,526368,13702,6217513.68,7.05,0.03,374.0,1.21
CMP-05465,2023-04-07,Google Ads,Retargeting,Food & Beverage,North America,36724.11,12197054,275653,15502,2659856.13,2.26,0.13,72.43,2.37
CMP-05466,2023-08-03,Email,Retargeting,Travel,Latin America,27765.92,3245392,94765,6247,2727436.25,2.92,0.29,98.23,4.44
CMP-05467,2022-10-22,LinkedIn,Engagement,Healthcare,Latin America,46983.38,18926388,522368,11613,759382.36,2.76,0.09,16.16,4.05
CMP-05468,2022-03-04,Instagram,Conversion,Tech,Middle East,6173.74,2960068,208980,17774,5887393.62,7.06,0.03,953.62,0.35
CMP-05469,2022-06-18,Instagram,Brand Awareness,Finance,Latin America,3548.83,1042288,33353,3741,1434356.75,3.2,0.11,404.18,0.95
CMP-05470,2022-05-15,Twitter,Brand Awareness,Education,Latin America,48340.72,2541118,199731,11507,5123154.85,7.86,0.24,105.98,4.2
CMP-05471,2023-05-02,LinkedIn,Lead Generation,Education,Middle East,30966.71,14389350,471970,15117,7097164.66,3.28,0.07,229.19,2.05
CMP-05472,2023-03-01,Google Ads,Engagement,Education,Europe,42241.6,15259967,1063619,21941,10073583.48,6.97,0.04,238.48,1.93
CMP-05473,2023-08-06,Twitter,Lead Generation,Travel,Latin America,26386.31,6274808,86592,3026,569019.63,1.38,0.3,21.56,8.72
CMP-05474,2024-03-28,YouTube,Retargeting,Retail,Middle East,31760.28,6926889,67883,1610,759715.38,0.98,0.47,23.92,19.73
CMP-05475,2023-07-23,Instagram,Brand Awareness,Food & Beverage,Asia Pacific,34422.73,8897646,476913,44575,5087226.58,5.36,0.07,147.79,0.77
CMP-05476,2023-12-12,LinkedIn,Engagement,Food & Beverage,Latin America,36056.14,3914885,153854,14967,5636385.7,3.93,0.23,156.32,2.41
CMP-05477,2024-01-05,Facebook,Conversion,Food & Beverage,Asia Pacific,18929.83,6736318,415630,31153,11242066.78,6.17,0.05,593.88,0.61
CMP-05478,2024-05-07,TikTok,Conversion,Education,Europe,12858.82,5620921,337817,32134,13396318.46,6.01,0.04,1041.8,0.4
CMP-05479,2023-01-04,Facebook,Conversion,Education,North America,15665.6,4762470,50005,5848,446117.05,1.05,0.31,28.48,2.68
CMP-05480,2023-12-05,TikTok,Retargeting,Retail,North America,2603.39,1268061,10778,559,153574.24,0.85,0.24,58.99,4.66
CMP-05481,2022-02-13,YouTube,Lead Generation,Healthcare,Latin America,10860.52,3494929,111837,6340,2629707.68,3.2,0.1,242.13,1.71
CMP-05482,2024-04-26,Email,Retargeting,Education,Asia Pacific,32970.51,4777188,194909,6916,2032349.71,4.08,0.17,61.64,4.77
CMP-05483,2022-09-18,YouTube,Retargeting,Finance,Middle East,47565.66,13612566,167434,19890,727888.84,1.23,0.28,15.3,2.39
CMP-05484,2023-03-13,TikTok,Engagement,Healthcare,Asia Pacific,2200.56,749606,15366,435,57762.08,2.05,0.14,26.25,5.06
CMP-05485,2024-02-25,Google Ads,Retargeting,Tech,Latin America,42071.96,2542661,107046,6056,1530129.69,4.21,0.39,36.37,6.95
CMP-05486,2022-01-23,YouTube,Engagement,Tech,Europe,23253.57,7224059,66461,3528,694321.15,0.92,0.35,29.86,6.59
CMP-05487,2023-12-13,LinkedIn,Retargeting,Finance,Europe,34809.11,7817174,565963,47984,13297034.52,7.24,0.06,382.0,0.73
CMP-05488,2024-01-01,Instagram,Brand Awareness,Travel,Middle East,12807.83,6231950,80392,8726,3755544.83,1.29,0.16,293.22,1.47
CMP-05489,2022-04-27,Twitter,Conversion,Tech,Middle East,1677.01,628283,24063,1561,136186.76,3.83,0.07,81.21,1.07
CMP-05490,2023-04-14,Email,Lead Generation,Healthcare,Asia Pacific,38961.53,18871457,683146,5363,2129818.07,3.62,0.06,54.66,7.26
CMP-05491,2022-01-29,LinkedIn,Conversion,Food & Beverage,Latin America,16331.22,7073531,182497,14680,4488736.77,2.58,0.09,274.86,1.11
CMP-05492,2022-11-21,Facebook,Brand Awareness,Healthcare,Latin America,29128.38,9618619,514596,7366,617136.81,5.35,0.06,21.19,3.95
CMP-05493,2022-05-22,Facebook,Engagement,Travel,Middle East,11005.17,2304422,169375,11646,1733278.82,7.35,0.06,157.5,0.94
CMP-05494,2024-03-13,Facebook,Brand Awareness,Tech,Middle East,34970.8,16511485,1251570,84722,37871773.7,7.58,0.03,1082.95,0.41
CMP-05495,2022-12-20,YouTube,Conversion,Education,North America,41911.07,18256861,631687,7876,3875838.6,3.46,0.07,92.48,5.32
CMP-05496,2023-03-02,TikTok,Brand Awareness,Healthcare,Asia Pacific,21299.71,7417175,146860,11992,5607663.86,1.98,0.15,263.27,1.78
CMP-05497,2024-04-14,Email,Engagement,Travel,North America,34407.61,3275588,222739,24102,1962293.14,6.8,0.15,57.03,1.43
CMP-05498,2022-10-31,Facebook,Brand Awareness,Finance,Europe,21856.96,1630238,8477,620,160522.81,0.52,2.58,7.34,35.25
CMP-05499,2023-11-13,Email,Engagement,Food & Beverage,Asia Pacific,11161.23,1947438,153847,9653,3276700.43,7.9,0.07,293.58,1.16
CMP-05500,2023-12-23,Facebook,Conversion,Travel,Middle East,5656.53,2661881,158115,2475,508840.91,5.94,0.04,89.96,2.29
CMP-05501,2024-05-17,Instagram,Brand Awareness,Finance,Asia Pacific,19223.81,4625768,347395,17411,8309364.1,7.51,0.06,432.24,1.1
CMP-05502,2022-11-25,Instagram,Brand Awareness,Travel,Asia Pacific,21985.28,4705386,236680,4375,1711729.91,5.03,0.09,77.86,5.03
CMP-05503,2022-10-26,Twitter,Retargeting,Finance,Europe,9467.85,2173795,53910,5704,568414.36,2.48,0.18,60.04,1.66
CMP-05504,2022-05-26,Instagram,Brand Awareness,Travel,Middle East,27918.89,3017669,172912,4337,1847814.09,5.73,0.16,66.19,6.44
CMP-05505,2023-10-28,Twitter,Brand Awareness,Tech,Asia Pacific,42352.68,2439943,34891,191,62888.51,1.43,1.21,1.48,221.74
CMP-05506,2022-11-28,TikTok,Retargeting,Education,Asia Pacific,16666.6,6825788,60749,6444,370659.19,0.89,0.27,22.24,2.59
CMP-05507,2022-09-16,Twitter,Lead Generation,Education,Europe,48459.51,8082921,602985,51182,25174178.22,7.46,0.08,519.49,0.95
CMP-05508,2022-09-17,YouTube,Retargeting,Travel,Latin America,20615.34,1569636,89312,4920,1134911.11,5.69,0.23,55.05,4.19
CMP-05509,2022-09-23,Instagram,Lead Generation,Healthcare,Europe,27101.13,8961653,335165,35825,12380927.88,3.74,0.08,456.84,0.76
CMP-05510,2023-06-24,Instagram,Engagement,Tech,Middle East,45032.67,17104895,800509,42135,16029354.15,4.68,0.06,355.95,1.07
CMP-05511,2023-03-01,TikTok,Engagement,Finance,Europe,48207.96,3522486,57768,1771,213192.37,1.64,0.83,4.42,27.22
CMP-05512,2023-10-11,LinkedIn,Retargeting,Travel,Europe,41422.78,8578808,674294,42349,4181538.51,7.86,0.06,100.95,0.98
CMP-05513,2022-10-18,Twitter,Brand Awareness,Travel,North America,47164.59,19225018,530610,24202,7628448.32,2.76,0.09,161.74,1.95
CMP-05514,2023-12-10,Facebook,Retargeting,Travel,North America,46972.52,12681639,109062,3956,373564.03,0.86,0.43,7.95,11.87
CMP-05515,2024-01-25,Google Ads,Lead Generation,Tech,Middle East,28792.9,10013716,709972,37677,4535826.23,7.09,0.04,157.53,0.76
CMP-05516,2023-04-19,Email,Retargeting,Travel,Asia Pacific,26994.59,4491772,345866,6378,1326021.17,7.7,0.08,49.12,4.23
CMP-05517,2024-04-29,LinkedIn,Engagement,Travel,Europe,41415.18,7924723,108568,8993,3327101.28,1.37,0.38,80.34,4.61
CMP-05518,2022-08-03,LinkedIn,Conversion,Travel,North America,30637.74,9927324,239248,25950,2702679.55,2.41,0.13,88.21,1.18
CMP-05519,2023-01-23,Instagram,Engagement,Education,Latin America,21975.34,8024993,286492,30810,7931400.0,3.57,0.08,360.92,0.71
CMP-05520,2024-04-09,LinkedIn,Lead Generation,Healthcare,North America,39457.9,19323071,769058,89558,41194445.58,3.98,0.05,1044.01,0.44
CMP-05521,2024-04-14,YouTube,Lead Generation,Healthcare,Latin America,42274.04,5081230,94510,9824,1696148.32,1.86,0.45,40.12,4.3
CMP-05522,2024-04-14,Google Ads,Engagement,Retail,North America,26136.94,11295336,100528,10495,4540180.83,0.89,0.26,173.71,2.49
CMP-05523,2024-04-30,Facebook,Engagement,Finance,Asia Pacific,23366.6,10872474,811086,70033,22933922.1,7.46,0.03,981.48,0.33
CMP-05524,2023-10-13,Email,Lead Generation,Retail,Europe,6701.67,3131586,19102,2128,439113.98,0.61,0.35,65.52,3.15
CMP-05525,2022-01-02,Google Ads,Brand Awareness,Food & Beverage,Latin America,28558.71,8898829,547277,15128,760735.15,6.15,0.05,26.64,1.89
CMP-05526,2023-07-30,Google Ads,Engagement,Travel,North America,10543.8,1631145,38331,3822,447907.97,2.35,0.28,42.48,2.76
CMP-05527,2024-03-15,Google Ads,Engagement,Finance,Asia Pacific,13471.77,4700225,227960,8430,3516334.89,4.85,0.06,261.02,1.6
CMP-05528,2022-07-17,YouTube,Brand Awareness,Tech,Asia Pacific,35060.78,12553855,965391,25998,7557532.08,7.69,0.04,215.56,1.35
CMP-05529,2023-05-02,Email,Engagement,Finance,Asia Pacific,21639.25,1315192,57079,655,81323.16,4.34,0.38,3.76,33.04
CMP-05530,2024-03-04,Email,Retargeting,Finance,Europe,5389.63,1147292,69411,2814,301028.59,6.05,0.08,55.85,1.92
CMP-05531,2023-03-07,LinkedIn,Conversion,Tech,Middle East,41797.4,7606095,216773,19646,7293920.96,2.85,0.19,174.51,2.13
CMP-05532,2023-07-08,Google Ads,Conversion,Travel,Middle East,3205.1,1526727,79847,7185,2254106.35,5.23,0.04,703.29,0.45
CMP-05533,2022-12-22,Facebook,Lead Generation,Travel,Middle East,5524.09,2180321,155456,10515,3476303.76,7.13,0.04,629.3,0.53
CMP-05534,2022-07-04,Instagram,Retargeting,Education,Middle East,24049.44,4042996,21832,1243,521350.29,0.54,1.1,21.68,19.35
CMP-05535,2022-02-06,Email,Engagement,Education,Asia Pacific,23919.29,2453979,87852,1551,372592.01,3.58,0.27,15.58,15.42
CMP-05536,2023-11-30,TikTok,Engagement,Healthcare,North America,33652.75,15432740,310198,8810,3342243.5,2.01,0.11,99.32,3.82
CMP-05537,2023-10-05,YouTube,Lead Generation,Finance,Asia Pacific,20606.82,6750927,344297,20538,3402788.36,5.1,0.06,165.13,1.0
CMP-05538,2024-03-03,Instagram,Brand Awareness,Healthcare,Middle East,3954.76,921464,65331,7741,636016.56,7.09,0.06,160.82,0.51
CMP-05539,2023-08-02,Google Ads,Lead Generation,Travel,Latin America,44363.82,8676667,131885,14093,1096227.8,1.52,0.34,24.71,3.15
CMP-05540,2022-05-17,YouTube,Conversion,Finance,Middle East,26161.27,9129241,217275,20940,9597730.08,2.38,0.12,366.87,1.25
CMP-05541,2023-02-05,Email,Retargeting,Education,North America,14683.1,2049353,67833,2014,627832.38,3.31,0.22,42.76,7.29
CMP-05542,2023-09-06,Facebook,Lead Generation,Tech,North America,21180.61,6186143,257343,12262,3823695.48,4.16,0.08,180.53,1.73
CMP-05543,2022-10-25,YouTube,Conversion,Tech,North America,14634.14,4537870,285432,3286,1288458.17,6.29,0.05,88.04,4.45
CMP-05544,2023-08-05,LinkedIn,Retargeting,Food & Beverage,Middle East,12369.21,4763944,247248,25800,10148750.63,5.19,0.05,820.48,0.48
CMP-05545,2022-06-14,Email,Lead Generation,Education,Europe,19220.77,9483085,626831,38995,1588548.12,6.61,0.03,82.65,0.49
CMP-05546,2023-04-27,Instagram,Retargeting,Finance,Latin America,15417.68,4758137,113719,8489,432639.71,2.39,0.14,28.06,1.82
CMP-05547,2023-09-14,Google Ads,Brand Awareness,Healthcare,North America,9541.83,1258403,46560,2697,414176.48,3.7,0.2,43.41,3.54
CMP-05548,2023-04-18,TikTok,Conversion,Travel,Europe,29720.34,6986205,180244,12020,3052210.28,2.58,0.16,102.7,2.47
CMP-05549,2023-05-18,YouTube,Brand Awareness,Travel,Latin America,34189.32,12033035,939780,46365,5913229.0,7.81,0.04,172.96,0.74
CMP-05550,2022-05-31,Facebook,Conversion,Travel,Europe,47391.87,15711089,1002367,26999,5004859.65,6.38,0.05,105.61,1.76
CMP-05551,2023-09-03,Twitter,Retargeting,Travel,Asia Pacific,9206.92,615677,16931,2014,841122.93,2.75,0.54,91.36,4.57
CMP-05552,2024-01-15,Instagram,Retargeting,Education,Middle East,17693.26,8777396,450280,48835,2082117.72,5.13,0.04,117.68,0.36
CMP-05553,2023-09-05,Google Ads,Retargeting,Finance,Latin America,46350.49,12942027,641924,70666,29679043.91,4.96,0.07,640.32,0.66
CMP-05554,2024-02-09,TikTok,Retargeting,Food & Beverage,North America,27737.11,11733374,937496,76205,6635015.62,7.99,0.03,239.21,0.36
CMP-05555,2022-12-21,Facebook,Conversion,Finance,Asia Pacific,49820.66,15912211,1148861,110404,54991364.34,7.22,0.04,1103.79,0.45
CMP-05556,2022-10-05,Twitter,Engagement,Travel,Latin America,6939.17,2617182,140804,4618,507982.02,5.38,0.05,73.21,1.5
CMP-05557,2022-03-07,TikTok,Lead Generation,Education,North America,43304.95,15950408,1073462,54884,11951809.92,6.73,0.04,275.99,0.79
CMP-05558,2023-07-14,LinkedIn,Brand Awareness,Food & Beverage,Asia Pacific,39223.01,7913052,444713,15920,1868444.78,5.62,0.09,47.64,2.46
CMP-05559,2024-06-19,TikTok,Engagement,Retail,Asia Pacific,36163.76,14375102,1022069,75515,16140493.5,7.11,0.04,446.32,0.48
CMP-05560,2024-02-15,LinkedIn,Brand Awareness,Finance,Asia Pacific,22936.91,10560152,478374,10074,4299621.75,4.53,0.05,187.45,2.28
CMP-05561,2023-10-12,Google Ads,Brand Awareness,Food & Beverage,Europe,46489.38,15398889,825380,19152,8358130.2,5.36,0.06,179.79,2.43
CMP-05562,2024-05-28,Google Ads,Conversion,Education,Middle East,18588.78,3322530,205996,7763,328586.94,6.2,0.09,17.68,2.39
CMP-05563,2023-12-04,YouTube,Lead Generation,Tech,Europe,47502.23,20864530,381820,30408,4420338.86,1.83,0.12,93.06,1.56
CMP-05564,2022-05-04,TikTok,Retargeting,Healthcare,Middle East,29055.04,1669468,30885,3210,1100066.45,1.85,0.94,37.86,9.05
CMP-05565,2023-07-19,Email,Lead Generation,Healthcare,Latin America,22457.49,6877531,246215,4739,511661.63,3.58,0.09,22.78,4.74
CMP-05566,2022-04-08,Instagram,Lead Generation,Food & Beverage,Europe,11705.46,2630681,14731,915,433666.71,0.56,0.79,37.05,12.79
CMP-05567,2022-08-03,Twitter,Retargeting,Tech,Europe,37927.86,3701402,259838,13789,4773359.43,7.02,0.15,125.85,2.75
CMP-05568,2023-10-01,YouTube,Brand Awareness,Finance,North America,9861.2,3510796,177997,5939,2338555.15,5.07,0.06,237.15,1.66
CMP-05569,2022-11-15,YouTube,Retargeting,Finance,Europe,45855.71,3762514,23703,1723,353350.04,0.63,1.93,7.71,26.61
CMP-05570,2022-08-28,Instagram,Conversion,Healthcare,Europe,2188.59,630169,36549,2716,1043821.72,5.8,0.06,476.94,0.81
CMP-05571,2023-11-06,Twitter,Retargeting,Tech,North America,2639.46,506013,39266,2861,655140.92,7.76,0.07,248.21,0.92
CMP-05572,2023-04-22,Google Ads,Lead Generation,Food & Beverage,Middle East,16906.86,3185605,193047,9618,3830438.37,6.06,0.09,226.56,1.76
CMP-05573,2024-01-09,LinkedIn,Brand Awareness,Food & Beverage,Latin America,6289.67,2564764,114644,7020,2384635.6,4.47,0.05,379.14,0.9
CMP-05574,2022-03-06,TikTok,Conversion,Finance,Asia Pacific,2039.79,147753,10623,623,51285.06,7.19,0.19,25.14,3.27
CMP-05575,2022-07-15,Twitter,Brand Awareness,Healthcare,North America,16814.33,6623780,225208,21578,6833668.36,3.4,0.07,406.42,0.78
CMP-05576,2022-04-17,LinkedIn,Engagement,Tech,Latin America,19285.59,8247320,371129,31503,13234376.49,4.5,0.05,686.23,0.61
CMP-05577,2022-07-07,TikTok,Lead Generation,Finance,Latin America,42291.11,16047702,810408,28503,11924304.57,5.05,0.05,281.96,1.48
CMP-05578,2023-02-12,YouTube,Brand Awareness,Education,Middle East,13765.71,6489218,48669,2855,870569.99,0.75,0.28,63.24,4.82
CMP-05579,2024-05-12,Email,Conversion,Healthcare,Europe,2801.43,492204,9844,123,33762.66,2.0,0.28,12.05,22.78
CMP-05580,2024-03-12,TikTok,Brand Awareness,Education,Asia Pacific,6775.49,411901,14087,667,80690.31,3.42,0.48,11.91,10.16
CMP-05581,2023-11-26,YouTube,Brand Awareness,Tech,Europe,33285.33,6717000,112173,5048,663758.3,1.67,0.3,19.94,6.59
CMP-05582,2022-11-01,Facebook,Brand Awareness,Finance,Middle East,46114.54,17890473,955351,28638,9977236.95,5.34,0.05,216.36,1.61
CMP-05583,2024-01-25,Google Ads,Engagement,Education,North America,17189.7,6285654,263997,9502,1988879.17,4.2,0.07,115.7,1.81
CMP-05584,2022-06-13,Google Ads,Engagement,Education,Middle East,707.0,324567,22395,1504,681305.02,6.9,0.03,963.66,0.47
CMP-05585,2024-01-31,TikTok,Engagement,Education,Middle East,15337.97,1017558,31340,2503,722810.59,3.08,0.49,47.13,6.13
CMP-05586,2024-05-16,Instagram,Lead Generation,Healthcare,Latin America,48082.71,18639132,708287,44549,5775780.14,3.8,0.07,120.12,1.08
CMP-05587,2023-05-23,Google Ads,Conversion,Food & Beverage,Europe,23192.2,11151410,334542,18403,1851561.77,3.0,0.07,79.84,1.26
CMP-05588,2024-01-03,LinkedIn,Retargeting,Travel,Middle East,40923.87,17185798,1259718,141666,51953942.74,7.33,0.03,1269.53,0.29
CMP-05589,2022-03-07,Facebook,Conversion,Healthcare,Latin America,27027.86,10288363,681089,16145,1489631.8,6.62,0.04,55.11,1.67
CMP-05590,2023-03-17,Facebook,Retargeting,Retail,Asia Pacific,24820.64,1264782,23777,196,41845.52,1.88,1.04,1.69,126.64
CMP-05591,2023-11-20,LinkedIn,Engagement,Finance,Europe,32947.26,14707182,88243,8995,3183687.59,0.6,0.37,96.63,3.66
CMP-05592,2023-02-01,Facebook,Retargeting,Food & Beverage,Middle East,10326.52,523429,15179,916,428422.64,2.9,0.68,41.49,11.27
CMP-05593,2023-02-25,YouTube,Brand Awareness,Education,Middle East,41591.69,3662244,102176,3913,569025.25,2.79,0.41,13.68,10.63
CMP-05594,2022-07-11,YouTube,Retargeting,Tech,North America,33461.86,13213847,918362,20853,858845.76,6.95,0.04,25.67,1.6
CMP-05595,2022-03-02,LinkedIn,Engagement,Healthcare,Middle East,48690.08,10876441,792892,7212,1650364.15,7.29,0.06,33.9,6.75
CMP-05596,2023-02-05,Instagram,Brand Awareness,Healthcare,Europe,38451.04,11946875,262831,23976,829056.82,2.2,0.15,21.56,1.6
CMP-05597,2023-04-14,TikTok,Lead Generation,Food & Beverage,North America,29314.36,9269145,414330,20074,6086053.32,4.47,0.07,207.61,1.46
CMP-05598,2024-03-27,TikTok,Brand Awareness,Food & Beverage,Asia Pacific,3667.21,910471,28770,745,52876.33,3.16,0.13,14.42,4.92
CMP-05599,2022-07-18,Email,Conversion,Travel,Europe,24042.94,2723271,171021,5996,2095983.98,6.28,0.14,87.18,4.01
CMP-05600,2023-08-24,Facebook,Brand Awareness,Tech,Middle East,36955.35,4032509,311309,18149,1255705.75,7.72,0.12,33.98,2.04
CMP-05601,2022-06-17,Instagram,Engagement,Finance,Latin America,41489.76,9590304,52746,2643,215259.1,0.55,0.79,5.19,15.7
CMP-05602,2023-07-04,Twitter,Lead Generation,Food & Beverage,Europe,28227.85,7428121,361749,42126,15418616.51,4.87,0.08,546.22,0.67
CMP-05603,2022-07-21,Email,Lead Generation,Tech,Middle East,16763.87,2335162,152252,5095,1946320.8,6.52,0.11,116.1,3.29
CMP-05604,2022-05-24,Email,Retargeting,Healthcare,North America,49641.29,5311858,177947,10545,2187892.51,3.35,0.28,44.07,4.71
CMP-05605,2023-06-22,YouTube,Engagement,Tech,Middle East,45849.78,12236241,66075,974,370929.94,0.54,0.69,8.09,47.07
CMP-05606,2024-05-29,Email,Conversion,Tech,Asia Pacific,41087.57,7891410,217013,8215,3199959.66,2.75,0.19,77.88,5.0
CMP-05607,2024-05-29,Email,Lead Generation,Education,Europe,14695.32,4091299,143195,4869,809460.02,3.5,0.1,55.08,3.02
CMP-05608,2023-11-09,LinkedIn,Lead Generation,Food & Beverage,Asia Pacific,31016.56,6847442,344426,34423,16312481.53,5.03,0.09,525.93,0.9
CMP-05609,2023-02-01,Google Ads,Conversion,Travel,North America,4657.92,1119101,87961,3929,803305.86,7.86,0.05,172.46,1.19
CMP-05610,2024-05-26,Email,Engagement,Travel,Europe,43672.03,12460266,208086,9201,3117567.48,1.67,0.21,71.39,4.75
CMP-05611,2022-10-05,Google Ads,Retargeting,Travel,North America,46988.14,3939545,239524,4423,922860.47,6.08,0.2,19.64,10.62
CMP-05612,2022-10-05,Google Ads,Brand Awareness,Food & Beverage,Asia Pacific,25221.86,7625074,132676,4600,855151.23,1.74,0.19,33.91,5.48
CMP-05613,2024-05-09,YouTube,Conversion,Travel,Middle East,42831.73,4218573,22358,756,140009.21,0.53,1.92,3.27,56.66
CMP-05614,2022-08-22,Facebook,Conversion,Food & Beverage,Latin America,26307.86,2772353,128914,1930,175752.56,4.65,0.2,6.68,13.63
CMP-05615,2022-07-02,TikTok,Brand Awareness,Education,Latin America,8441.9,828697,29087,2551,599463.43,3.51,0.29,71.01,3.31
CMP-05616,2022-07-03,Facebook,Retargeting,Tech,Asia Pacific,42595.26,11532715,483220,31065,5847976.35,4.19,0.09,137.29,1.37
CMP-05617,2024-02-25,YouTube,Lead Generation,Retail,North America,31134.12,11796067,428197,24999,1464975.07,3.63,0.07,47.05,1.25
CMP-05618,2023-11-04,Google Ads,Retargeting,Finance,Latin America,1245.03,525955,37973,2799,678610.98,7.22,0.03,545.06,0.44
CMP-05619,2024-04-05,Instagram,Lead Generation,Travel,Europe,27869.05,13165203,493695,41022,19965192.16,3.75,0.06,716.39,0.68
CMP-05620,2024-03-11,TikTok,Brand Awareness,Travel,Asia Pacific,22067.75,3209306,120669,11099,1953561.17,3.76,0.18,88.53,1.99
CMP-05621,2022-01-31,Facebook,Engagement,Healthcare,Europe,45506.31,22168407,1602775,21392,10589750.59,7.23,0.03,232.71,2.13
CMP-05622,2023-01-24,TikTok,Conversion,Finance,North America,29908.63,9910284,760118,33158,3771867.19,7.67,0.04,126.11,0.9
CMP-05623,2023-06-06,YouTube,Lead Generation,Finance,Latin America,2103.9,122315,1626,148,7957.71,1.33,1.29,3.78,14.22
CMP-05624,2024-05-31,TikTok,Brand Awareness,Retail,Asia Pacific,28024.92,3294427,181852,9853,1946784.75,5.52,0.15,69.47,2.84
CMP-05625,2022-03-17,YouTube,Brand Awareness,Retail,North America,29590.7,2925045,163802,5926,419208.4,5.6,0.18,14.17,4.99
CMP-05626,2022-12-18,Twitter,Retargeting,Travel,North America,14957.42,4495193,107435,4965,988484.68,2.39,0.14,66.09,3.01
CMP-05627,2023-09-15,TikTok,Engagement,Healthcare,Middle East,44818.38,11807558,377841,14011,6793748.09,3.2,0.12,151.58,3.2
CMP-05628,2024-05-04,Facebook,Retargeting,Food & Beverage,Middle East,14517.19,1961096,65108,4233,608006.56,3.32,0.22,41.88,3.43
CMP-05629,2023-06-22,Twitter,Lead Generation,Travel,Europe,17660.09,4715420,153251,6032,1083951.77,3.25,0.12,61.38,2.93
CMP-05630,2023-02-21,Instagram,Brand Awareness,Retail,Europe,46350.7,9929810,282999,11266,2549752.29,2.85,0.16,55.01,4.11
CMP-05631,2024-03-02,TikTok,Engagement,Food & Beverage,Asia Pacific,5694.73,567182,30684,3114,667411.31,5.41,0.19,117.2,1.83
CMP-05632,2023-01-30,Google Ads,Engagement,Healthcare,Asia Pacific,11441.31,5375669,327915,17503,2389868.33,6.1,0.03,208.88,0.65
CMP-05633,2022-11-16,LinkedIn,Retargeting,Retail,Europe,41099.96,19591351,199831,17217,2281467.36,1.02,0.21,55.51,2.39
CMP-05634,2022-11-14,LinkedIn,Conversion,Food & Beverage,Latin America,8778.08,2966645,194018,11906,5623398.74,6.54,0.05,640.62,0.74
CMP-05635,2022-08-13,Google Ads,Conversion,Tech,Middle East,25006.74,5036733,188373,5335,862861.2,3.74,0.13,34.51,4.69
CMP-05636,2022-07-28,Email,Conversion,Tech,Middle East,26032.63,7591498,597450,32734,1393753.85,7.87,0.04,53.54,0.8
CMP-05637,2024-02-14,Google Ads,Brand Awareness,Travel,Asia Pacific,26737.9,4685861,202897,7518,1730193.7,4.33,0.13,64.71,3.56
CMP-05638,2024-02-15,Google Ads,Lead Generation,Tech,Middle East,4313.27,228402,4727,449,100498.11,2.07,0.91,23.3,9.61
CMP-05639,2022-09-23,LinkedIn,Engagement,Food & Beverage,Middle East,25514.58,5202043,346456,38905,1386232.09,6.66,0.07,54.33,0.66
CMP-05640,2022-06-04,Email,Retargeting,Food & Beverage,Latin America,23345.2,10521510,752287,22120,7563732.07,7.15,0.03,324.0,1.06
CMP-05641,2022-02-17,Instagram,Engagement,Tech,Europe,34151.5,16891340,1059087,24573,780748.64,6.27,0.03,22.86,1.39
CMP-05642,2022-08-25,LinkedIn,Lead Generation,Healthcare,Europe,44368.51,10985229,661310,76990,24994430.03,6.02,0.07,563.34,0.58
CMP-05643,2022-07-17,Instagram,Conversion,Travel,Middle East,1788.58,732296,47086,932,240512.09,6.43,0.04,134.47,1.92
CMP-05644,2024-02-24,Instagram,Brand Awareness,Retail,Latin America,24239.84,4169908,153869,8634,3448079.16,3.69,0.16,142.25,2.81
CMP-05645,2023-03-11,LinkedIn,Engagement,Tech,Asia Pacific,32998.12,13276699,213754,8917,4182107.66,1.61,0.15,126.74,3.7
CMP-05646,2022-06-12,YouTube,Engagement,Travel,Middle East,46669.77,14904030,769047,53853,2635668.99,5.16,0.06,56.47,0.87
CMP-05647,2023-05-12,Instagram,Conversion,Retail,Middle East,41834.97,11130107,72345,2226,996135.56,0.65,0.58,23.81,18.79
CMP-05648,2023-04-06,Email,Conversion,Food & Beverage,North America,22452.95,2315778,149599,4466,763347.34,6.46,0.15,34.0,5.03
CMP-05649,2023-04-22,Email,Retargeting,Finance,Middle East,7856.76,3121376,211005,4257,455693.85,6.76,0.04,58.0,1.85
CMP-05650,2023-09-27,Facebook,Engagement,Education,Asia Pacific,30119.91,11451236,354988,38427,14065929.28,3.1,0.08,467.0,0.78
CMP-05651,2023-09-04,Twitter,Engagement,Tech,Europe,21144.74,2090172,144012,4272,1161768.85,6.89,0.15,54.94,4.95
CMP-05652,2023-05-06,TikTok,Retargeting,Travel,Europe,29356.6,9070630,187762,7240,2739127.12,2.07,0.16,93.31,4.05
CMP-05653,2023-01-11,LinkedIn,Retargeting,Tech,Latin America,32137.56,4375796,179845,11244,2807482.58,4.11,0.18,87.36,2.86
CMP-05654,2022-02-21,TikTok,Retargeting,Healthcare,North America,41189.25,2656182,142371,12602,3567038.3,5.36,0.29,86.6,3.27
CMP-05655,2023-07-12,Twitter,Brand Awareness,Finance,North America,47043.18,20964919,454938,30584,5501071.09,2.17,0.1,116.94,1.54
CMP-05656,2022-01-27,LinkedIn,Lead Generation,Travel,Europe,523.23,129181,736,25,1754.98,0.57,0.71,3.35,20.93
CMP-05657,2024-02-20,Email,Conversion,Retail,Latin America,27730.13,8983502,408749,26585,7596632.84,4.55,0.07,273.95,1.04
CMP-05658,2022-12-31,Google Ads,Brand Awareness,Healthcare,Asia Pacific,15180.41,956372,48009,4836,1222227.78,5.02,0.32,80.51,3.14
CMP-05659,2022-08-05,YouTube,Conversion,Finance,Asia Pacific,39995.0,6281622,123119,4145,1562568.59,1.96,0.32,39.07,9.65
CMP-05660,2023-07-26,Twitter,Engagement,Food & Beverage,North America,49744.52,11618461,340420,26885,4872897.96,2.93,0.15,97.96,1.85
CMP-05661,2023-07-08,Facebook,Engagement,Food & Beverage,Asia Pacific,30436.9,9918187,52566,5626,509144.04,0.53,0.58,16.73,5.41
CMP-05662,2022-04-11,Facebook,Engagement,Retail,Middle East,47991.45,18505509,288685,2604,820099.98,1.56,0.17,17.09,18.43
CMP-05663,2022-05-16,Email,Engagement,Healthcare,North America,2552.41,631138,49102,3702,1070887.0,7.78,0.05,419.56,0.69
CMP-05664,2022-07-11,TikTok,Brand Awareness,Finance,Europe,38188.5,4000750,39207,4513,1731986.18,0.98,0.97,45.35,8.46
CMP-05665,2024-05-30,TikTok,Engagement,Tech,Asia Pacific,8623.41,2531506,145814,13291,5049520.11,5.76,0.06,585.56,0.65
CMP-05666,2024-04-16,Email,Conversion,Education,Middle East,9268.8,1254667,37765,4196,707735.85,3.01,0.25,76.36,2.21
CMP-05667,2022-06-09,Facebook,Engagement,Travel,Latin America,28505.93,2854500,227789,5157,185216.36,7.98,0.13,6.5,5.53
CMP-05668,2023-06-29,YouTube,Lead Generation,Education,Latin America,35171.83,13038112,359851,16443,1503253.23,2.76,0.1,42.74,2.14
CMP-05669,2024-01-23,Google Ads,Retargeting,Retail,Asia Pacific,41662.43,19257377,1471263,84836,38763468.68,7.64,0.03,930.42,0.49
CMP-05670,2024-04-10,TikTok,Brand Awareness,Tech,Middle East,34229.97,16148185,613631,31063,11980961.16,3.8,0.06,350.01,1.1
CMP-05671,2022-08-29,TikTok,Retargeting,Retail,Middle East,5935.12,1552913,80285,2929,1161044.21,5.17,0.07,195.62,2.03
CMP-05672,2022-05-05,Facebook,Brand Awareness,Retail,North America,39764.87,16765474,440931,11393,3499452.93,2.63,0.09,88.0,3.49
CMP-05673,2022-09-20,Google Ads,Engagement,Finance,Latin America,26289.26,11239991,86547,7847,2301413.28,0.77,0.3,87.54,3.35
CMP-05674,2022-05-21,Facebook,Retargeting,Tech,Latin America,21426.71,4829930,131374,1082,241271.8,2.72,0.16,11.26,19.8
CMP-05675,2023-02-15,Email,Conversion,Travel,Middle East,30670.97,11337629,97503,8360,814792.58,0.86,0.31,26.57,3.67
CMP-05676,2023-02-10,YouTube,Retargeting,Travel,Europe,44994.57,17347935,196031,11198,2431076.54,1.13,0.23,54.03,4.02
CMP-05677,2023-09-10,LinkedIn,Retargeting,Food & Beverage,Latin America,3189.18,1454096,38388,2016,880632.48,2.64,0.08,276.13,1.58
CMP-05678,2023-11-25,LinkedIn,Lead Generation,Food & Beverage,Latin America,6033.04,1682918,65970,7546,1024551.13,3.92,0.09,169.82,0.8
CMP-05679,2022-10-17,LinkedIn,Retargeting,Travel,North America,10530.15,2035145,85883,7521,2403306.92,4.22,0.12,228.23,1.4
CMP-05680,2023-04-24,Facebook,Conversion,Education,Latin America,28129.5,10814874,415291,24178,9227993.97,3.84,0.07,328.05,1.16
CMP-05681,2023-10-15,Facebook,Lead Generation,Finance,North America,17171.32,1303994,49030,3396,386329.44,3.76,0.35,22.5,5.06
CMP-05682,2022-08-08,Instagram,Conversion,Travel,North America,43284.93,18529038,857894,71124,31243899.73,4.63,0.05,721.82,0.61
CMP-05683,2022-12-18,TikTok,Retargeting,Finance,Europe,9470.7,4488316,179532,2917,506746.29,4.0,0.05,53.51,3.25
CMP-05684,2022-02-05,Email,Engagement,Retail,Middle East,9172.14,3324180,210753,18802,5200336.19,6.34,0.04,566.97,0.49
CMP-05685,2024-05-25,Google Ads,Conversion,Food & Beverage,Latin America,19967.52,7025227,338615,36605,14840914.32,4.82,0.06,743.25,0.55
CMP-05686,2024-05-11,Instagram,Lead Generation,Finance,Asia Pacific,34743.98,13989053,223824,19719,3948867.26,1.6,0.16,113.66,1.76
CMP-05687,2022-01-19,LinkedIn,Engagement,Food & Beverage,Asia Pacific,35497.36,7161011,325826,31777,4616706.43,4.55,0.11,130.06,1.12
CMP-05688,2022-01-22,LinkedIn,Brand Awareness,Education,North America,40884.97,18760970,1495249,36382,16732228.06,7.97,0.03,409.25,1.12
CMP-05689,2022-10-10,Instagram,Conversion,Travel,Middle East,32058.43,11684685,768852,26153,9255235.91,6.58,0.04,288.7,1.23
CMP-05690,2023-03-24,Email,Lead Generation,Tech,Europe,36180.55,13784515,927697,23235,1639095.18,6.73,0.04,45.3,1.56
CMP-05691,2023-09-08,LinkedIn,Retargeting,Food & Beverage,Latin America,31693.32,2956402,219660,24697,3847997.99,7.43,0.14,121.41,1.28
CMP-05692,2022-10-17,Twitter,Brand Awareness,Food & Beverage,Europe,22908.88,6118076,215356,3636,319699.71,3.52,0.11,13.96,6.3
CMP-05693,2023-04-22,TikTok,Engagement,Education,Middle East,15760.73,4200859,325986,30161,4617412.97,7.76,0.05,292.97,0.52
CMP-05694,2022-08-16,Instagram,Conversion,Finance,North America,25184.41,8893080,473111,44630,20915712.93,5.32,0.05,830.5,0.56
CMP-05695,2023-01-28,Email,Brand Awareness,Food & Beverage,Middle East,10788.45,1831278,93212,3327,1060070.89,5.09,0.12,98.26,3.24
CMP-05696,2022-12-12,Twitter,Brand Awareness,Tech,Asia Pacific,17808.41,2649875,97780,3157,1069371.29,3.69,0.18,60.05,5.64
CMP-05697,2023-10-19,TikTok,Brand Awareness,Tech,Latin America,28564.0,3723783,30907,170,50313.05,0.83,0.92,1.76,168.02
CMP-05698,2022-07-24,YouTube,Brand Awareness,Retail,Asia Pacific,41377.12,15194867,645781,58035,11411958.94,4.25,0.06,275.8,0.71
CMP-05699,2023-07-02,Google Ads,Brand Awareness,Food & Beverage,Middle East,26246.34,2377095,40648,3668,1829578.72,1.71,0.65,69.71,7.16
CMP-05700,2023-03-23,TikTok,Engagement,Travel,Europe,11593.4,4086637,98487,9226,1337391.02,2.41,0.12,115.36,1.26
CMP-05701,2022-09-04,Google Ads,Conversion,Tech,Europe,49770.38,19166274,741734,56835,24589583.89,3.87,0.07,494.06,0.88
CMP-05702,2023-08-17,Twitter,Conversion,Retail,Middle East,8566.01,3580755,233823,14366,2779290.2,6.53,0.04,324.46,0.6
CMP-05703,2023-10-07,Facebook,Engagement,Travel,Middle East,21625.29,5198295,336849,28660,10035793.88,6.48,0.06,464.08,0.75
CMP-05704,2024-01-08,Facebook,Brand Awareness,Finance,Latin America,17081.6,1000820,36229,604,277684.81,3.62,0.47,16.26,28.28
CMP-05705,2022-10-01,Facebook,Lead Generation,Food & Beverage,Asia Pacific,32655.22,2781035,45887,1501,156949.46,1.65,0.71,4.81,21.76
CMP-05706,2024-05-09,Google Ads,Conversion,Food & Beverage,Asia Pacific,20653.85,8611327,507207,53914,26237832.69,5.89,0.04,1270.36,0.38
CMP-05707,2022-09-10,Facebook,Engagement,Finance,Europe,21554.73,7383192,153570,6609,3007566.76,2.08,0.14,139.53,3.26
CMP-05708,2024-01-31,LinkedIn,Engagement,Education,Asia Pacific,13127.15,4947477,222141,8279,2062622.03,4.49,0.06,157.13,1.59
CMP-05709,2023-03-08,LinkedIn,Engagement,Food & Beverage,Europe,47553.36,12067162,902623,25734,9957326.29,7.48,0.05,209.39,1.85
CMP-05710,2023-05-04,LinkedIn,Retargeting,Finance,Asia Pacific,12952.32,3192582,126426,6866,967319.55,3.96,0.1,74.68,1.89
CMP-05711,2022-11-16,Instagram,Engagement,Education,Middle East,3393.03,1391630,10298,668,278811.33,0.74,0.33,82.17,5.08
CMP-05712,2023-05-29,Google Ads,Lead Generation,Travel,Asia Pacific,41905.81,20383780,701202,60541,23667096.91,3.44,0.06,564.77,0.69
CMP-05713,2023-03-14,LinkedIn,Retargeting,Education,Middle East,11852.89,5853137,149840,10846,1403486.7,2.56,0.08,118.41,1.09
CMP-05714,2023-04-18,Instagram,Engagement,Education,Middle East,18233.93,6400466,382747,13219,2964087.15,5.98,0.05,162.56,1.38
CMP-05715,2022-12-21,TikTok,Conversion,Healthcare,Latin America,10287.74,3972572,244313,4136,1059748.92,6.15,0.04,103.01,2.49
CMP-05716,2023-07-05,Instagram,Retargeting,Retail,Europe,28500.16,7280823,47325,4682,447921.61,0.65,0.6,15.72,6.09
CMP-05717,2023-04-03,Email,Retargeting,Tech,Latin America,45190.13,2313175,45106,4428,2027849.24,1.95,1.0,44.87,10.21
CMP-05718,2022-04-23,Email,Conversion,Food & Beverage,North America,25009.49,3907181,153942,11423,4545860.39,3.94,0.16,181.77,2.19
CMP-05719,2022-02-13,Google Ads,Lead Generation,Food & Beverage,Europe,39537.34,8506809,199910,11359,4260393.81,2.35,0.2,107.76,3.48
CMP-05720,2024-03-19,TikTok,Retargeting,Travel,North America,4565.38,374749,18212,524,187727.54,4.86,0.25,41.12,8.71
CMP-05721,2024-01-12,LinkedIn,Conversion,Healthcare,Europe,36460.5,17762381,481360,55743,26164887.52,2.71,0.08,717.62,0.65
CMP-05722,2023-06-09,LinkedIn,Brand Awareness,Travel,Middle East,21810.1,6601748,230401,9988,2148816.53,3.49,0.09,98.52,2.18
CMP-05723,2023-08-01,Twitter,Engagement,Tech,Asia Pacific,7411.9,1562431,99370,3172,888058.87,6.36,0.07,119.82,2.34
CMP-05724,2023-05-05,Instagram,Retargeting,Retail,Europe,12697.83,2471523,177949,19552,5398041.48,7.2,0.07,425.12,0.65
CMP-05725,2022-12-11,YouTube,Brand Awareness,Tech,North America,35335.91,6622774,374849,24018,9892820.06,5.66,0.09,279.97,1.47
CMP-05726,2022-01-15,Twitter,Engagement,Retail,Middle East,49318.66,15016958,882997,104030,47145923.11,5.88,0.06,955.94,0.47
CMP-05727,2023-12-18,Email,Engagement,Healthcare,Europe,40509.87,18063070,1222869,104053,51665596.97,6.77,0.03,1275.38,0.39
CMP-05728,2024-05-15,Twitter,Brand Awareness,Finance,Asia Pacific,16941.79,2092321,38707,4209,1829407.65,1.85,0.44,107.98,4.03
CMP-05729,2023-10-10,TikTok,Retargeting,Food & Beverage,Asia Pacific,31962.9,9017799,693468,26546,5392939.98,7.69,0.05,168.72,1.2
CMP-05730,2022-05-27,Google Ads,Conversion,Tech,Europe,15168.74,5802164,410212,15190,799410.48,7.07,0.04,52.7,1.0
CMP-05731,2023-03-06,Facebook,Retargeting,Healthcare,Latin America,18377.62,2559318,86760,1136,71793.64,3.39,0.21,3.91,16.18
CMP-05732,2022-02-14,Twitter,Lead Generation,Retail,Latin America,4376.72,2164791,16885,526,138922.84,0.78,0.26,31.74,8.32
CMP-05733,2022-11-29,Google Ads,Retargeting,Healthcare,Europe,45417.52,20065363,515679,60862,25892693.93,2.57,0.09,570.1,0.75
CMP-05734,2023-12-05,YouTube,Engagement,Travel,Europe,811.03,351785,2814,168,39196.76,0.8,0.29,48.33,4.83
CMP-05735,2022-03-23,LinkedIn,Retargeting,Education,Europe,36379.61,15125851,582345,35291,15157770.4,3.85,0.06,416.66,1.03
CMP-05736,2024-02-06,Google Ads,Brand Awareness,Finance,Middle East,44107.48,9800755,684092,79800,22651711.46,6.98,0.06,513.56,0.55
CMP-05737,2022-10-26,Twitter,Engagement,Retail,Europe,27297.94,13061455,69225,7344,1860211.28,0.53,0.39,68.14,3.72
CMP-05738,2023-05-07,Email,Lead Generation,Healthcare,North America,5306.91,644803,46103,2309,1152453.67,7.15,0.12,217.16,2.3
CMP-05739,2023-05-12,Facebook,Retargeting,Travel,Middle East,14229.84,1344363,94643,1995,210764.67,7.04,0.15,14.81,7.13
CMP-05740,2024-03-13,TikTok,Engagement,Retail,Latin America,12303.69,863598,41625,319,74894.6,4.82,0.3,6.09,38.57
CMP-05741,2023-01-12,Google Ads,Brand Awareness,Retail,North America,25240.5,11463326,875798,67836,5671657.78,7.64,0.03,224.7,0.37
CMP-05742,2022-02-25,LinkedIn,Retargeting,Retail,Latin America,23996.06,5289766,157106,12595,3900460.21,2.97,0.15,162.55,1.91
CMP-05743,2022-06-12,Instagram,Lead Generation,Healthcare,Europe,23300.03,3228716,164018,16937,5755487.79,5.08,0.14,247.02,1.38
CMP-05744,2022-08-11,LinkedIn,Retargeting,Healthcare,North America,49603.96,13797041,314572,7283,364763.97,2.28,0.16,7.35,6.81
CMP-05745,2023-08-28,Google Ads,Brand Awareness,Travel,Latin America,30168.5,13462933,997603,51398,2862159.11,7.41,0.03,94.87,0.59
CMP-05746,2022-01-30,YouTube,Brand Awareness,Retail,Middle East,6728.14,1914235,60106,5341,2548923.07,3.14,0.11,378.85,1.26
CMP-05747,2023-04-17,Instagram,Retargeting,Tech,Asia Pacific,15502.49,3723516,128833,1564,562561.94,3.46,0.12,36.29,9.91
CMP-05748,2023-07-19,Instagram,Brand Awareness,Tech,Europe,7372.29,1841300,74756,1632,670561.64,4.06,0.1,90.96,4.52
CMP-05749,2023-02-03,Google Ads,Engagement,Travel,North America,11640.17,3063952,47797,3193,311625.98,1.56,0.24,26.77,3.65
CMP-05750,2023-02-11,Google Ads,Engagement,Retail,Middle East,43977.66,11759143,853713,78561,33408953.19,7.26,0.05,759.68,0.56
CMP-05751,2023-03-29,TikTok,Lead Generation,Food & Beverage,Latin America,5016.27,1014237,63592,3434,1645662.0,6.27,0.08,328.06,1.46
CMP-05752,2024-03-01,Instagram,Engagement,Travel,Europe,46038.19,15390120,167752,19628,4269869.46,1.09,0.27,92.75,2.35
CMP-05753,2022-07-08,Instagram,Lead Generation,Tech,Middle East,27158.1,6552024,116626,6657,1845238.28,1.78,0.23,67.94,4.08
CMP-05754,2023-07-14,Instagram,Retargeting,Healthcare,Europe,5913.31,325617,13643,1468,263143.96,4.19,0.43,44.5,4.03
CMP-05755,2022-07-03,Facebook,Conversion,Retail,Latin America,26805.17,4426616,145193,10507,1163956.57,3.28,0.18,43.42,2.55
CMP-05756,2024-01-27,Email,Engagement,Healthcare,Europe,7942.38,3605258,129789,14401,6708851.08,3.6,0.06,844.69,0.55
CMP-05757,2022-11-22,TikTok,Brand Awareness,Retail,Asia Pacific,16240.57,1820508,11833,1093,237048.01,0.65,1.37,14.6,14.86
CMP-05758,2023-06-20,Facebook,Brand Awareness,Food & Beverage,North America,4460.07,1250084,81255,5812,2638451.48,6.5,0.05,591.57,0.77
CMP-05759,2023-01-01,YouTube,Brand Awareness,Travel,North America,14982.8,6741122,521762,22855,9823156.34,7.74,0.03,655.63,0.66
CMP-05760,2024-05-22,LinkedIn,Retargeting,Travel,Asia Pacific,39204.26,12106340,168278,4067,1365065.32,1.39,0.23,34.82,9.64
CMP-05761,2022-03-05,Facebook,Engagement,Food & Beverage,North America,43257.34,19517684,1307684,33000,4093502.59,6.7,0.03,94.63,1.31
CMP-05762,2022-06-17,YouTube,Lead Generation,Retail,Middle East,48525.2,21595326,1265486,50064,24395442.36,5.86,0.04,502.74,0.97
CMP-05763,2022-11-04,Google Ads,Brand Awareness,Finance,Asia Pacific,17268.54,6875416,47440,5060,297935.3,0.69,0.36,17.25,3.41
CMP-05764,2023-05-03,Twitter,Conversion,Tech,Latin America,26739.05,12488675,503293,37930,10037155.34,4.03,0.05,375.37,0.7
CMP-05765,2022-10-21,Twitter,Retargeting,Tech,North America,18661.59,4413531,228620,15715,7720916.54,5.18,0.08,413.73,1.19
CMP-05766,2023-10-27,LinkedIn,Lead Generation,Tech,Latin America,7938.35,1368323,84836,1566,53563.48,6.2,0.09,6.75,5.07
CMP-05767,2023-11-25,Facebook,Conversion,Food & Beverage,Asia Pacific,25358.58,12180820,143733,6600,1812042.08,1.18,0.18,71.46,3.84
CMP-05768,2022-03-20,Twitter,Engagement,Healthcare,Asia Pacific,5614.65,1315302,15520,1822,543819.79,1.18,0.36,96.86,3.08
CMP-05769,2023-06-19,YouTube,Lead Generation,Healthcare,North America,10613.05,3829135,36759,1833,552776.55,0.96,0.29,52.08,5.79
CMP-05770,2023-06-13,LinkedIn,Brand Awareness,Healthcare,Middle East,39767.07,9272189,172462,16843,4673478.0,1.86,0.23,117.52,2.36
CMP-05771,2024-02-24,LinkedIn,Lead Generation,Tech,North America,2929.23,328857,6577,468,120149.24,2.0,0.45,41.02,6.26
CMP-05772,2022-10-10,YouTube,Lead Generation,Finance,Latin America,47377.21,15300728,393228,45114,18808342.74,2.57,0.12,396.99,1.05
CMP-05773,2023-06-12,YouTube,Conversion,Retail,Asia Pacific,4663.35,1143750,54099,1664,477191.44,4.73,0.09,102.33,2.8
CMP-05774,2023-09-28,Twitter,Retargeting,Retail,Latin America,19696.15,3306252,247638,9089,2878140.48,7.49,0.08,146.13,2.17
CMP-05775,2022-04-12,LinkedIn,Brand Awareness,Tech,Europe,35605.89,2390760,20799,2122,553718.9,0.87,1.71,15.55,16.78
CMP-05776,2023-04-10,Instagram,Brand Awareness,Education,Asia Pacific,784.68,163762,12020,366,147050.22,7.34,0.07,187.4,2.14
CMP-05777,2022-10-23,YouTube,Engagement,Retail,Middle East,40473.42,17840032,1022233,117766,13753484.74,5.73,0.04,339.82,0.34
CMP-05778,2022-02-19,Twitter,Retargeting,Healthcare,Latin America,38312.44,16238251,644658,19631,911440.58,3.97,0.06,23.79,1.95
CMP-05779,2022-07-30,Email,Retargeting,Tech,Europe,2886.84,1335746,38736,1186,250217.24,2.9,0.07,86.68,2.43
CMP-05780,2023-12-05,YouTube,Conversion,Education,North America,27875.61,2177277,173964,13175,6000244.81,7.99,0.16,215.25,2.12
CMP-05781,2022-07-19,TikTok,Lead Generation,Food & Beverage,North America,44539.45,4981053,158397,4902,258715.52,3.18,0.28,5.81,9.09
CMP-05782,2022-06-10,LinkedIn,Engagement,Education,Asia Pacific,10571.52,5141802,249891,1872,332996.81,4.86,0.04,31.5,5.65
CMP-05783,2024-04-10,Facebook,Lead Generation,Healthcare,Asia Pacific,10498.83,1087702,70156,1000,337383.26,6.45,0.15,32.14,10.5
CMP-05784,2024-06-04,Email,Engagement,Healthcare,Latin America,48138.05,21813507,148331,8183,1507633.19,0.68,0.32,31.32,5.88
CMP-05785,2024-01-03,Facebook,Conversion,Travel,Asia Pacific,26586.4,7522932,503284,58790,7578675.06,6.69,0.05,285.06,0.45
CMP-05786,2023-04-12,Google Ads,Engagement,Finance,Europe,44765.64,19114269,1353290,117907,22611158.93,7.08,0.03,505.1,0.38
CMP-05787,2023-09-12,LinkedIn,Conversion,Retail,Europe,30918.16,7389728,492894,37874,9687307.29,6.67,0.06,313.32,0.82
CMP-05788,2023-08-28,Instagram,Engagement,Food & Beverage,Asia Pacific,22549.64,3425138,206535,16538,5243222.14,6.03,0.11,232.52,1.36
CMP-05789,2022-06-06,Instagram,Lead Generation,Education,Middle East,12257.56,2625303,48305,2568,870740.74,1.84,0.25,71.04,4.77
CMP-05790,2023-01-19,Google Ads,Engagement,Education,Europe,6730.63,1868075,30076,296,105414.99,1.61,0.22,15.66,22.74
CMP-05791,2022-07-29,YouTube,Retargeting,Tech,Middle East,5689.11,645095,33996,663,147298.38,5.27,0.17,25.89,8.58
CMP-05792,2023-02-23,YouTube,Retargeting,Tech,Latin America,7795.18,1675855,132727,2543,179412.36,7.92,0.06,23.02,3.07
CMP-05793,2022-08-04,TikTok,Retargeting,Retail,Middle East,753.3,68689,5234,421,113763.97,7.62,0.14,151.02,1.79
CMP-05794,2024-05-17,TikTok,Brand Awareness,Food & Beverage,North America,41872.79,15709240,590667,4741,2107130.55,3.76,0.07,50.32,8.83
CMP-05795,2023-06-13,Twitter,Lead Generation,Tech,Middle East,20094.62,2983937,39984,3759,560515.93,1.34,0.5,27.89,5.35
CMP-05796,2022-08-22,Twitter,Engagement,Healthcare,Asia Pacific,8620.33,1513252,111375,1214,222188.31,7.36,0.08,25.77,7.1
CMP-05797,2023-11-23,TikTok,Brand Awareness,Finance,Europe,14839.91,2517984,12589,177,44469.2,0.5,1.18,3.0,83.84
CMP-05798,2022-02-20,TikTok,Brand Awareness,Food & Beverage,Asia Pacific,5774.07,1673145,25933,2444,835793.25,1.55,0.22,144.75,2.36
CMP-05799,2023-06-13,LinkedIn,Retargeting,Travel,Latin America,10254.96,4171207,259866,30206,10049136.85,6.23,0.04,979.93,0.34
CMP-05800,2023-01-20,LinkedIn,Retargeting,Food & Beverage,North America,6428.96,1990555,116646,2517,638359.16,5.86,0.06,99.29,2.55
CMP-05801,2022-05-21,TikTok,Lead Generation,Travel,Latin America,4933.29,1677596,34222,1542,535565.33,2.04,0.14,108.56,3.2
CMP-05802,2023-11-19,Email,Brand Awareness,Tech,Europe,33182.59,3725867,132268,11661,3521547.29,3.55,0.25,106.13,2.85
CMP-05803,2022-09-25,Facebook,Conversion,Retail,North America,38260.71,3871397,238865,6865,3330802.37,6.17,0.16,87.06,5.57
CMP-05804,2022-11-27,LinkedIn,Engagement,Travel,Asia Pacific,13976.29,2109412,14765,1342,218540.18,0.7,0.95,15.64,10.41
CMP-05805,2023-11-23,Instagram,Lead Generation,Tech,North America,29188.92,1857311,37331,529,88587.02,2.01,0.78,3.03,55.18
CMP-05806,2022-09-10,TikTok,Retargeting,Education,Asia Pacific,48721.33,15965792,204362,18813,6827281.8,1.28,0.24,140.13,2.59
CMP-05807,2023-09-07,Google Ads,Engagement,Education,Asia Pacific,43241.46,18383999,1084655,34641,3203708.65,5.9,0.04,74.09,1.25
CMP-05808,2022-07-27,Twitter,Lead Generation,Finance,Asia Pacific,7470.66,3481495,211674,23797,7349821.16,6.08,0.04,983.82,0.31
CMP-05809,2024-05-11,YouTube,Retargeting,Travel,North America,8231.05,1059766,56273,3242,1348754.65,5.31,0.15,163.86,2.54
CMP-05810,2023-06-10,Twitter,Engagement,Retail,Latin America,18569.21,8583355,411142,30989,15021544.45,4.79,0.05,808.95,0.6
CMP-05811,2024-01-03,Instagram,Retargeting,Finance,Europe,31989.78,5703776,95823,6657,834127.18,1.68,0.33,26.07,4.81
CMP-05812,2023-08-11,Twitter,Brand Awareness,Food & Beverage,Europe,40667.28,16936019,987369,76801,16478828.4,5.83,0.04,405.21,0.53
CMP-05813,2022-09-08,TikTok,Retargeting,Tech,Asia Pacific,48105.93,6311220,488488,10830,5376105.59,7.74,0.1,111.76,4.44
CMP-05814,2022-03-27,Google Ads,Retargeting,Retail,North America,39722.93,15535222,361970,29572,4315158.38,2.33,0.11,108.63,1.34
CMP-05815,2023-04-24,Twitter,Brand Awareness,Tech,Asia Pacific,10737.06,4354279,114952,2214,115878.45,2.64,0.09,10.79,4.85
CMP-05816,2023-12-07,Instagram,Conversion,Finance,Latin America,24077.95,2995044,154544,16402,4074074.3,5.16,0.16,169.2,1.47
CMP-05817,2023-09-21,Twitter,Engagement,Food & Beverage,Middle East,23454.33,5820627,357386,24782,5240082.37,6.14,0.07,223.42,0.95
CMP-05818,2022-07-04,Instagram,Conversion,Travel,Europe,45968.07,20113764,1582953,93428,41463289.89,7.87,0.03,902.0,0.49
CMP-05819,2022-05-21,Facebook,Engagement,Finance,Middle East,18197.71,7723565,223983,20395,853029.65,2.9,0.08,46.88,0.89
CMP-05820,2022-06-18,Twitter,Engagement,Finance,Latin America,4395.47,1012766,51752,1434,366288.84,5.11,0.08,83.33,3.07
CMP-05821,2022-04-20,TikTok,Engagement,Travel,Latin America,34151.46,6344780,327390,35735,5641368.36,5.16,0.1,165.19,0.96
CMP-05822,2023-07-10,Instagram,Brand Awareness,Retail,North America,1759.45,208797,15409,597,70875.62,7.38,0.11,40.28,2.95
CMP-05823,2022-05-03,Instagram,Engagement,Tech,Europe,16197.65,2361262,176150,6187,2239043.38,7.46,0.09,138.23,2.62
CMP-05824,2022-09-22,TikTok,Conversion,Education,Asia Pacific,7796.98,627011,21757,809,363161.86,3.47,0.36,46.58,9.64
CMP-05825,2024-06-03,Google Ads,Lead Generation,Travel,Middle East,10011.69,1095321,56737,5025,1456558.41,5.18,0.18,145.49,1.99
CMP-05826,2022-05-12,YouTube,Conversion,Travel,Europe,26141.54,3700485,42555,1605,167990.2,1.15,0.61,6.43,16.29
CMP-05827,2024-04-28,YouTube,Conversion,Healthcare,Latin America,29659.54,11830171,211760,14544,6239029.81,1.79,0.14,210.35,2.04
CMP-05828,2023-12-12,Twitter,Lead Generation,Tech,Asia Pacific,31613.78,13242309,768053,88144,11053179.94,5.8,0.04,349.63,0.36
CMP-05829,2024-04-29,Email,Engagement,Food & Beverage,Middle East,29897.37,11752807,506545,16733,2930048.38,4.31,0.06,98.0,1.79
CMP-05830,2022-03-25,TikTok,Retargeting,Tech,Middle East,1290.05,356061,8723,342,99430.06,2.45,0.15,77.07,3.77
CMP-05831,2024-04-30,Twitter,Retargeting,Finance,North America,14149.14,3707576,217263,10605,1739489.18,5.86,0.07,122.94,1.33
CMP-05832,2023-09-23,Google Ads,Lead Generation,Education,Asia Pacific,42740.56,13844042,740656,10111,563231.83,5.35,0.06,13.18,4.23
CMP-05833,2022-12-10,Facebook,Lead Generation,Tech,North America,28492.91,13807829,1082533,56393,21714163.14,7.84,0.03,762.09,0.51
CMP-05834,2022-10-24,TikTok,Retargeting,Healthcare,Asia Pacific,3765.69,369581,24577,2048,98947.55,6.65,0.15,26.28,1.84
CMP-05835,2023-05-23,Email,Lead Generation,Food & Beverage,Middle East,34748.95,10838017,100793,1354,253890.17,0.93,0.34,7.31,25.66
CMP-05836,2023-12-02,Instagram,Lead Generation,Education,Asia Pacific,36555.13,8484954,515036,30286,10409858.97,6.07,0.07,284.77,1.21
CMP-05837,2023-07-25,TikTok,Retargeting,Education,Asia Pacific,41951.25,18162795,1325884,66866,18858531.84,7.3,0.03,449.53,0.63
CMP-05838,2023-05-12,Twitter,Retargeting,Food & Beverage,Latin America,752.65,98709,6929,357,157083.12,7.02,0.11,208.71,2.11
CMP-05839,2023-06-13,Facebook,Engagement,Finance,Asia Pacific,5549.58,2040789,81631,591,250092.15,4.0,0.07,45.07,9.39
CMP-05840,2022-03-23,TikTok,Retargeting,Finance,Asia Pacific,36275.81,17446277,1043287,36849,16224124.17,5.98,0.03,447.24,0.98
CMP-05841,2023-02-17,Facebook,Retargeting,Retail,Europe,29589.56,8914075,540192,6757,1663029.65,6.06,0.05,56.2,4.38
CMP-05842,2022-02-08,Instagram,Retargeting,Education,North America,36417.44,14543460,1143115,42434,13967923.49,7.86,0.03,383.55,0.86
CMP-05843,2024-05-19,Facebook,Retargeting,Travel,North America,35673.58,2643917,180050,15084,2996427.3,6.81,0.2,84.0,2.36
CMP-05844,2023-10-04,Facebook,Conversion,Tech,Europe,30994.66,5810791,216161,17103,6060712.92,3.72,0.14,195.54,1.81
CMP-05845,2023-01-14,Google Ads,Engagement,Education,Asia Pacific,1523.07,662658,22000,440,71786.86,3.32,0.07,47.13,3.46
CMP-05846,2022-12-09,Twitter,Lead Generation,Travel,Latin America,48069.04,10300876,119490,2292,279603.79,1.16,0.4,5.82,20.97
CMP-05847,2023-07-17,Email,Brand Awareness,Retail,Middle East,15413.51,7236928,115790,4849,1190226.86,1.6,0.13,77.22,3.18
CMP-05848,2023-01-28,Instagram,Engagement,Retail,Middle East,12720.97,2238612,79246,8544,732289.17,3.54,0.16,57.57,1.49
CMP-05849,2022-10-23,Google Ads,Lead Generation,Food & Beverage,Middle East,14049.54,2681591,96805,5204,2327007.99,3.61,0.15,165.63,2.7
CMP-05850,2022-02-25,Twitter,Conversion,Healthcare,North America,6013.84,926772,52918,987,45894.12,5.71,0.11,7.63,6.09
CMP-05851,2023-03-26,LinkedIn,Lead Generation,Food & Beverage,Latin America,21649.84,5356604,424243,46839,14958300.99,7.92,0.05,690.92,0.46
CMP-05852,2022-10-16,Google Ads,Retargeting,Food & Beverage,Latin America,29363.36,14164941,984463,30979,11743991.2,6.95,0.03,399.95,0.95
CMP-05853,2023-04-21,LinkedIn,Conversion,Education,Middle East,33157.81,2650225,57509,3192,387235.4,2.17,0.58,11.68,10.39
CMP-05854,2022-03-29,Facebook,Retargeting,Travel,Asia Pacific,23346.68,3603818,109195,9371,3949159.59,3.03,0.21,169.15,2.49
CMP-05855,2023-02-18,Instagram,Retargeting,Tech,Europe,46248.46,10737435,195421,16150,2974169.77,1.82,0.24,64.31,2.86
CMP-05856,2022-05-18,YouTube,Conversion,Finance,Europe,28386.71,7583310,316224,5103,1661981.95,4.17,0.09,58.55,5.56
CMP-05857,2023-02-19,Instagram,Brand Awareness,Finance,North America,48555.68,15538149,346500,16740,4391605.05,2.23,0.14,90.44,2.9
CMP-05858,2022-05-09,Instagram,Lead Generation,Travel,Europe,46562.29,12339422,549104,51905,3241615.17,4.45,0.08,69.62,0.9
CMP-05859,2023-09-11,Email,Engagement,Finance,North America,18420.24,5800042,270861,25271,3164047.4,4.67,0.07,171.77,0.73
CMP-05860,2024-05-30,Google Ads,Lead Generation,Retail,Latin America,14224.72,5857044,265909,1513,622389.92,4.54,0.05,43.75,9.4
CMP-05861,2022-09-17,Google Ads,Lead Generation,Education,Asia Pacific,9408.74,3195403,144432,12402,5169117.31,4.52,0.07,549.4,0.76
CMP-05862,2023-03-07,Facebook,Engagement,Finance,Asia Pacific,49243.04,7158578,81607,1601,365589.95,1.14,0.6,7.42,30.76
CMP-05863,2023-08-04,TikTok,Retargeting,Education,Middle East,9942.66,1044347,14829,1160,199470.89,1.42,0.67,20.06,8.57
CMP-05864,2022-02-16,Facebook,Conversion,Finance,Middle East,10433.38,3978142,233914,2975,281023.42,5.88,0.04,26.94,3.51
CMP-05865,2024-04-12,Google Ads,Brand Awareness,Healthcare,Middle East,4950.86,1687820,89623,9426,957529.05,5.31,0.06,193.41,0.53
CMP-05866,2023-03-10,Google Ads,Brand Awareness,Travel,North America,41974.23,11076059,396522,9972,2584659.29,3.58,0.11,61.58,4.21
CMP-05867,2023-03-01,TikTok,Engagement,Travel,North America,22771.08,5385076,39311,2260,522454.82,0.73,0.58,22.94,10.08
CMP-05868,2022-06-10,Email,Engagement,Education,Latin America,6583.54,641536,26046,1503,683135.72,4.06,0.25,103.76,4.38
CMP-05869,2022-04-17,Instagram,Retargeting,Healthcare,Europe,47796.03,17885958,1053482,27784,10927681.09,5.89,0.05,228.63,1.72
CMP-05870,2022-05-22,LinkedIn,Lead Generation,Food & Beverage,Latin America,48472.65,6225423,303800,8608,1237790.13,4.88,0.16,25.54,5.63
CMP-05871,2023-11-09,Instagram,Lead Generation,Retail,Asia Pacific,31579.5,2632211,205312,18070,7469370.32,7.8,0.15,236.53,1.75
CMP-05872,2023-02-18,YouTube,Retargeting,Retail,Middle East,39739.17,19097844,231083,25017,11024802.39,1.21,0.17,277.43,1.59
CMP-05873,2023-12-24,YouTube,Lead Generation,Tech,Europe,10989.37,890331,24306,2425,78341.78,2.73,0.45,7.13,4.53
CMP-05874,2023-03-11,Email,Brand Awareness,Finance,Middle East,22986.35,3146001,88402,6286,1794820.87,2.81,0.26,78.08,3.66
CMP-05875,2022-12-15,YouTube,Brand Awareness,Education,North America,5811.58,605429,26820,564,279205.65,4.43,0.22,48.04,10.3
CMP-05876,2022-05-28,Instagram,Brand Awareness,Finance,Latin America,40285.22,12435038,983611,65643,21345685.32,7.91,0.04,529.86,0.61
CMP-05877,2023-04-21,Twitter,Conversion,Education,Latin America,15955.95,2043510,56809,1689,686026.09,2.78,0.28,43.0,9.45
CMP-05878,2022-12-03,Email,Engagement,Tech,Latin America,44452.05,10633078,364714,27673,3742949.31,3.43,0.12,84.2,1.61
CMP-05879,2023-05-31,Google Ads,Lead Generation,Tech,Asia Pacific,5742.53,2837333,18158,1199,311083.71,0.64,0.32,54.17,4.79
CMP-05880,2023-06-22,Google Ads,Lead Generation,Tech,North America,47294.99,20612734,991472,29446,6279915.9,4.81,0.05,132.78,1.61
CMP-05881,2024-05-17,Google Ads,Brand Awareness,Retail,Middle East,15541.69,1468132,101741,7400,3125525.71,6.93,0.15,201.11,2.1
CMP-05882,2022-01-14,TikTok,Brand Awareness,Food & Beverage,North America,41640.22,7868525,234482,15598,1361081.85,2.98,0.18,32.69,2.67
CMP-05883,2023-03-07,LinkedIn,Engagement,Education,North America,39620.59,8569774,674441,34228,16423697.73,7.87,0.06,414.52,1.16
CMP-05884,2023-04-29,Instagram,Conversion,Tech,Europe,30979.07,7120379,492730,41039,5088545.77,6.92,0.06,164.26,0.75
CMP-05885,2023-04-07,Email,Engagement,Healthcare,North America,14363.28,1850980,99767,10909,2068055.42,5.39,0.14,143.98,1.32
CMP-05886,2023-06-29,Facebook,Retargeting,Education,Middle East,9526.8,4650460,249264,9028,2695678.45,5.36,0.04,282.96,1.06
CMP-05887,2023-05-23,Twitter,Conversion,Retail,Europe,21115.99,9368118,607054,3091,1113928.63,6.48,0.03,52.75,6.83
CMP-05888,2023-08-18,Instagram,Lead Generation,Tech,Middle East,14918.04,6710561,305330,18770,5771085.63,4.55,0.05,386.85,0.79
CMP-05889,2023-09-22,Email,Conversion,Travel,Middle East,36087.43,3826072,23721,1611,536556.97,0.62,1.52,14.87,22.4
CMP-05890,2024-05-20,Twitter,Brand Awareness,Travel,Middle East,13866.23,1852072,144276,8871,304890.31,7.79,0.1,21.99,1.56
CMP-05891,2024-01-01,Twitter,Engagement,Food & Beverage,Europe,37737.52,3252998,106373,12635,1792848.73,3.27,0.35,47.51,2.99
CMP-05892,2024-03-04,YouTube,Conversion,Healthcare,North America,35325.95,9144752,673053,19432,2345419.63,7.36,0.05,66.39,1.82
CMP-05893,2023-07-19,Twitter,Retargeting,Travel,Asia Pacific,30520.96,4485658,41716,3551,412446.56,0.93,0.73,13.51,8.6
CMP-05894,2022-11-16,Twitter,Engagement,Food & Beverage,Middle East,25305.3,8520071,230041,25602,6671441.52,2.7,0.11,263.64,0.99
CMP-05895,2023-12-19,YouTube,Brand Awareness,Travel,Asia Pacific,4681.85,2190767,159487,5163,974402.05,7.28,0.03,208.12,0.91
CMP-05896,2024-06-06,Email,Lead Generation,Travel,Middle East,43251.74,9949475,266645,9527,4357168.7,2.68,0.16,100.74,4.54
CMP-05897,2023-07-04,Google Ads,Lead Generation,Retail,North America,15382.58,6438678,514450,11123,487689.65,7.99,0.03,31.7,1.38
CMP-05898,2024-04-15,Facebook,Engagement,Healthcare,Middle East,17544.14,7251473,451041,27751,8050357.25,6.22,0.04,458.86,0.63
CMP-05899,2022-05-09,YouTube,Brand Awareness,Finance,Middle East,45538.13,6899164,494670,30951,13326226.23,7.17,0.09,292.64,1.47
CMP-05900,2022-04-02,Twitter,Conversion,Travel,Middle East,14965.74,4565360,216854,10655,3832073.98,4.75,0.07,256.06,1.4
CMP-05901,2022-11-18,Google Ads,Engagement,Retail,Europe,27722.58,1705627,65496,904,445038.84,3.84,0.42,16.05,30.67
CMP-05902,2023-09-26,YouTube,Retargeting,Food & Beverage,North America,27407.86,12387212,282428,33353,2229300.57,2.28,0.1,81.34,0.82
CMP-05903,2024-06-03,YouTube,Engagement,Retail,Europe,15730.39,1706385,31226,1289,239696.63,1.83,0.5,15.24,12.2
CMP-05904,2022-03-23,LinkedIn,Retargeting,Food & Beverage,North America,45000.09,2877156,205716,24237,7492510.62,7.15,0.22,166.5,1.86
CMP-05905,2024-05-16,Facebook,Lead Generation,Healthcare,Asia Pacific,6065.82,2653279,98171,7753,3347812.72,3.7,0.06,551.91,0.78
CMP-05906,2023-08-19,TikTok,Retargeting,Healthcare,Middle East,4954.73,2164805,159762,6779,3137873.22,7.38,0.03,633.31,0.73
CMP-05907,2023-03-08,YouTube,Engagement,Food & Beverage,Middle East,10018.36,2054867,142813,2159,273160.3,6.95,0.07,27.27,4.64
CMP-05908,2022-10-05,YouTube,Lead Generation,Tech,Asia Pacific,19655.32,7745307,604133,19992,7474370.77,7.8,0.03,380.27,0.98
CMP-05909,2024-03-24,Email,Lead Generation,Travel,North America,15881.52,1411484,109248,2172,484163.88,7.74,0.15,30.49,7.31
CMP-05910,2023-12-29,Instagram,Retargeting,Travel,Middle East,14165.3,3498500,158132,6121,1460667.23,4.52,0.09,103.12,2.31
CMP-05911,2023-11-16,Facebook,Lead Generation,Healthcare,North America,12099.29,1763240,139119,5543,1376744.07,7.89,0.09,113.79,2.18
CMP-05912,2023-06-08,YouTube,Conversion,Tech,Middle East,7334.75,2834980,21829,2545,310666.24,0.77,0.34,42.36,2.88
CMP-05913,2024-01-02,Instagram,Conversion,Education,Asia Pacific,18726.43,3852427,69728,3420,1598704.37,1.81,0.27,85.37,5.48
CMP-05914,2023-06-22,Twitter,Lead Generation,Retail,North America,46830.61,16865351,1303691,56721,14630330.04,7.73,0.04,312.41,0.83
CMP-05915,2022-03-31,LinkedIn,Brand Awareness,Food & Beverage,North America,3689.38,1286778,79265,638,142023.15,6.16,0.05,38.5,5.78
CMP-05916,2022-02-10,Email,Lead Generation,Food & Beverage,North America,29115.34,5081352,119919,3732,363737.44,2.36,0.24,12.49,7.8
CMP-05917,2022-04-08,YouTube,Retargeting,Food & Beverage,Latin America,10903.71,2331135,72498,3871,1319344.92,3.11,0.15,121.0,2.82
CMP-05918,2024-04-08,LinkedIn,Retargeting,Retail,Middle East,23561.54,7234292,366778,36395,12190640.57,5.07,0.06,517.4,0.65
CMP-05919,2023-06-19,TikTok,Brand Awareness,Finance,Middle East,6070.75,597363,35483,3097,363101.53,5.94,0.17,59.81,1.96
CMP-05920,2023-10-25,Facebook,Engagement,Finance,Middle East,20984.7,7469862,322698,12296,3357477.89,4.32,0.07,160.0,1.71
CMP-05921,2022-05-20,Facebook,Brand Awareness,Education,North America,40116.36,18565461,850298,12820,1976666.65,4.58,0.05,49.27,3.13
CMP-05922,2023-05-19,Email,Brand Awareness,Food & Beverage,Europe,39724.46,18906451,952885,18994,1789001.94,5.04,0.04,45.04,2.09
CMP-05923,2023-09-08,TikTok,Lead Generation,Healthcare,North America,8767.26,3782651,155845,2004,515379.64,4.12,0.06,58.78,4.37
CMP-05924,2023-04-25,Facebook,Engagement,Finance,Europe,32206.37,14788403,513157,23453,9066161.48,3.47,0.06,281.5,1.37
CMP-05925,2022-01-10,Email,Lead Generation,Food & Beverage,Latin America,41272.53,14988112,1176566,110295,13442162.66,7.85,0.04,325.69,0.37
CMP-05926,2024-05-17,TikTok,Conversion,Finance,Latin America,24950.9,6051987,140406,9680,1974274.54,2.32,0.18,79.13,2.58
CMP-05927,2023-04-18,Instagram,Lead Generation,Retail,Latin America,2428.32,784873,58159,3536,1393333.99,7.41,0.04,573.79,0.69
CMP-05928,2023-12-12,TikTok,Conversion,Finance,Asia Pacific,30269.68,14306061,539338,59674,20268194.74,3.77,0.06,669.59,0.51
CMP-05929,2023-08-16,YouTube,Brand Awareness,Travel,Middle East,23562.55,10453617,577039,45355,1510751.16,5.52,0.04,64.12,0.52
CMP-05930,2023-06-07,Instagram,Brand Awareness,Healthcare,Europe,40548.2,19427556,1523120,178780,36088937.66,7.84,0.03,890.03,0.23
CMP-05931,2022-05-01,YouTube,Engagement,Retail,Asia Pacific,2546.95,1209421,24188,1947,617921.55,2.0,0.11,242.61,1.31
CMP-05932,2023-01-29,TikTok,Retargeting,Healthcare,Middle East,6202.34,2960866,71949,2822,1305771.39,2.43,0.09,210.53,2.2
CMP-05933,2024-02-01,Google Ads,Engagement,Healthcare,Latin America,44205.8,5100676,135677,5902,1507759.76,2.66,0.33,34.11,7.49
CMP-05934,2023-03-08,YouTube,Conversion,Finance,Latin America,36439.35,10983043,734765,47082,6999677.85,6.69,0.05,192.09,0.77
CMP-05935,2022-05-22,Email,Engagement,Tech,North America,44226.97,14638401,529910,3892,729677.85,3.62,0.08,16.5,11.36
CMP-05936,2022-04-20,Google Ads,Conversion,Retail,Middle East,15457.04,4702757,95465,3402,171950.44,2.03,0.16,11.12,4.54
CMP-05937,2023-05-09,Facebook,Brand Awareness,Healthcare,Asia Pacific,40617.02,12985481,760949,47482,13419202.24,5.86,0.05,330.38,0.86
CMP-05938,2023-11-20,Twitter,Engagement,Finance,Europe,32492.85,11354380,874287,65315,13078148.19,7.7,0.04,402.49,0.5
CMP-05939,2023-03-20,YouTube,Lead Generation,Tech,Latin America,23903.77,11710494,450854,18289,4795259.51,3.85,0.05,200.61,1.31
CMP-05940,2023-11-22,Instagram,Brand Awareness,Healthcare,Middle East,41712.02,8971070,345386,19465,1277909.96,3.85,0.12,30.64,2.14
CMP-05941,2022-06-27,Google Ads,Lead Generation,Finance,Europe,13178.03,5504404,102932,8619,2144498.32,1.87,0.13,162.73,1.53
CMP-05942,2023-12-10,Instagram,Conversion,Tech,Europe,39830.75,19510729,1141377,78890,6441368.04,5.85,0.03,161.72,0.5
CMP-05943,2022-12-06,LinkedIn,Engagement,Retail,Asia Pacific,1138.65,561601,20273,124,59276.33,3.61,0.06,52.06,9.18
CMP-05944,2022-10-31,Facebook,Lead Generation,Travel,Asia Pacific,12574.91,832495,24808,1972,139563.83,2.98,0.51,11.1,6.38
CMP-05945,2022-04-11,Instagram,Brand Awareness,Food & Beverage,Latin America,48885.23,24155962,400988,13532,2619495.41,1.66,0.12,53.58,3.61
CMP-05946,2023-03-18,YouTube,Engagement,Travel,Latin America,42470.54,14678739,557792,7261,1793556.71,3.8,0.08,42.23,5.85
CMP-05947,2022-12-25,Twitter,Engagement,Travel,Latin America,6202.16,617226,7530,459,108513.18,1.22,0.82,17.5,13.51
CMP-05948,2022-07-08,Facebook,Conversion,Travel,Asia Pacific,33056.95,7130909,420723,49107,6585610.03,5.9,0.08,199.22,0.67
CMP-05949,2022-01-03,Facebook,Engagement,Food & Beverage,Middle East,12834.38,3285688,213241,7742,2665122.32,6.49,0.06,207.65,1.66
CMP-05950,2023-04-19,YouTube,Lead Generation,Retail,Latin America,23221.8,3862510,230591,24956,8282427.25,5.97,0.1,356.67,0.93
CMP-05951,2022-08-31,Email,Conversion,Finance,Middle East,8126.2,3656199,245696,2952,753158.85,6.72,0.03,92.68,2.75
CMP-05952,2022-10-20,Email,Brand Awareness,Healthcare,Middle East,7956.5,934061,67999,7223,3340789.58,7.28,0.12,419.88,1.1
CMP-05953,2022-11-06,Google Ads,Lead Generation,Travel,Latin America,13942.09,3330623,29309,3380,938456.33,0.88,0.48,67.31,4.12
CMP-05954,2022-04-12,Google Ads,Engagement,Food & Beverage,Latin America,31025.53,13912045,788812,37496,3148328.9,5.67,0.04,101.48,0.83
CMP-05955,2023-03-26,Facebook,Conversion,Retail,Europe,42600.6,4092361,323296,5181,964801.89,7.9,0.13,22.65,8.22
CMP-05956,2022-12-06,YouTube,Brand Awareness,Healthcare,Latin America,11851.17,677655,19380,1598,230185.74,2.86,0.61,19.42,7.42
CMP-05957,2023-02-25,YouTube,Lead Generation,Healthcare,Latin America,33498.97,16325393,540370,57660,25405575.68,3.31,0.06,758.4,0.58
CMP-05958,2023-01-15,YouTube,Engagement,Travel,Europe,29970.94,6677848,321872,16878,2722473.83,4.82,0.09,90.84,1.78
CMP-05959,2022-10-02,TikTok,Engagement,Healthcare,North America,46986.8,11234827,808907,48302,18374096.44,7.2,0.06,391.05,0.97
CMP-05960,2022-12-09,TikTok,Conversion,Tech,North America,23389.58,8328037,362269,12179,916061.23,4.35,0.06,39.17,1.92
CMP-05961,2022-10-06,YouTube,Conversion,Healthcare,Middle East,48005.77,16480100,225777,15782,6458068.16,1.37,0.21,134.53,3.04
CMP-05962,2022-09-18,Instagram,Lead Generation,Education,Middle East,15385.68,1502893,7664,868,248016.8,0.51,2.01,16.12,17.73
CMP-05963,2023-01-15,TikTok,Conversion,Healthcare,Latin America,45213.61,15397818,937727,23634,8476874.06,6.09,0.05,187.49,1.91
CMP-05964,2023-05-26,Facebook,Lead Generation,Healthcare,Europe,16155.37,4614340,247328,26396,2564129.2,5.36,0.07,158.72,0.61
CMP-05965,2023-06-29,LinkedIn,Conversion,Tech,Asia Pacific,37945.08,17522005,956701,111083,49311292.09,5.46,0.04,1299.54,0.34
CMP-05966,2024-05-22,Twitter,Conversion,Finance,North America,33110.73,13027635,676134,31654,5019449.49,5.19,0.05,151.6,1.05
CMP-05967,2022-08-22,TikTok,Brand Awareness,Healthcare,Latin America,3939.85,629585,24742,518,68006.01,3.93,0.16,17.26,7.61
CMP-05968,2022-12-20,LinkedIn,Conversion,Healthcare,Europe,40432.52,9349685,562851,60823,6858881.75,6.02,0.07,169.64,0.66
CMP-05969,2023-01-31,LinkedIn,Lead Generation,Retail,Europe,2571.94,432714,21938,1024,75028.88,5.07,0.12,29.17,2.51
CMP-05970,2023-04-17,YouTube,Lead Generation,Finance,Asia Pacific,32839.22,10570498,620488,43724,8614818.13,5.87,0.05,262.33,0.75
CMP-05971,2024-03-27,Twitter,Brand Awareness,Tech,Asia Pacific,38906.47,9714975,443002,44012,11090709.25,4.56,0.09,285.06,0.88
CMP-05972,2022-08-19,TikTok,Brand Awareness,Tech,Europe,40383.71,7108132,320576,12180,3268184.71,4.51,0.13,80.93,3.32
CMP-05973,2023-05-06,LinkedIn,Brand Awareness,Finance,Latin America,47994.03,20109764,468557,8365,3846013.66,2.33,0.1,80.14,5.74
CMP-05974,2023-11-27,Email,Lead Generation,Food & Beverage,North America,8532.98,1908745,54590,4852,1233161.23,2.86,0.16,144.52,1.76
CMP-05975,2023-06-18,LinkedIn,Retargeting,Retail,North America,36097.3,13905276,841269,24778,5021310.21,6.05,0.04,139.1,1.46
CMP-05976,2022-09-13,LinkedIn,Retargeting,Healthcare,Asia Pacific,6894.8,1442637,64053,5721,842350.26,4.44,0.11,122.17,1.21
CMP-05977,2023-12-14,Google Ads,Engagement,Finance,Asia Pacific,15645.56,1927987,140357,9370,3545675.35,7.28,0.11,226.63,1.67
CMP-05978,2023-07-07,Facebook,Engagement,Food & Beverage,Europe,14361.76,998601,30357,199,6874.99,3.04,0.47,0.48,72.17
CMP-05979,2024-01-16,TikTok,Engagement,Education,Latin America,10708.29,3363740,60883,3964,903573.97,1.81,0.18,84.38,2.7
CMP-05980,2023-12-29,Google Ads,Engagement,Retail,North America,6678.46,3276788,60292,4972,712780.2,1.84,0.11,106.73,1.34
CMP-05981,2022-04-08,Facebook,Retargeting,Travel,North America,19347.11,1353056,34367,943,125799.91,2.54,0.56,6.5,20.52
CMP-05982,2022-05-22,LinkedIn,Conversion,Finance,Latin America,24755.18,9190166,527515,7985,2398902.91,5.74,0.05,96.91,3.1
CMP-05983,2022-04-10,YouTube,Conversion,Finance,Asia Pacific,49380.12,15575734,151084,7458,2188841.28,0.97,0.33,44.33,6.62
CMP-05984,2023-05-31,TikTok,Lead Generation,Healthcare,Latin America,24442.13,3087516,220139,25158,12472144.81,7.13,0.11,510.27,0.97
CMP-05985,2022-09-14,TikTok,Retargeting,Finance,Asia Pacific,45741.76,17444835,392508,10687,4927530.88,2.25,0.12,107.72,4.28
CMP-05986,2023-05-24,Google Ads,Brand Awareness,Travel,Europe,24088.34,9925692,133996,2837,1153821.12,1.35,0.18,47.9,8.49
CMP-05987,2024-05-07,TikTok,Retargeting,Finance,North America,6101.39,2163119,47588,4903,1479471.27,2.2,0.13,242.48,1.24
CMP-05988,2024-03-04,Facebook,Lead Generation,Education,Latin America,29933.64,11435048,405944,44943,10291207.58,3.55,0.07,343.8,0.67
CMP-05989,2022-06-19,Instagram,Lead Generation,Healthcare,North America,7389.18,3246490,22725,268,91038.95,0.7,0.33,12.32,27.57
CMP-05990,2023-07-06,LinkedIn,Conversion,Healthcare,North America,5781.1,2451162,69122,4641,185392.22,2.82,0.08,32.07,1.25
CMP-05991,2024-01-15,Email,Retargeting,Travel,Asia Pacific,3843.0,541433,39416,804,395223.11,7.28,0.1,102.84,4.78
CMP-05992,2024-03-08,Facebook,Lead Generation,Healthcare,North America,36866.66,8531838,573339,29170,4690168.33,6.72,0.06,127.22,1.26
CMP-05993,2023-02-09,Instagram,Brand Awareness,Finance,Middle East,33607.49,3675858,167251,5378,1514157.1,4.55,0.2,45.05,6.25
CMP-05994,2023-08-31,LinkedIn,Retargeting,Travel,Europe,4784.25,1075848,19150,773,367939.39,1.78,0.25,76.91,6.19
CMP-05995,2024-06-10,Instagram,Brand Awareness,Tech,North America,11587.71,4484817,176701,18537,8804598.91,3.94,0.07,759.82,0.63
CMP-05996,2022-03-23,Instagram,Brand Awareness,Retail,Latin America,27510.42,5978481,457951,20371,5005334.57,7.66,0.06,181.94,1.35
CMP-05997,2023-06-02,Instagram,Engagement,Retail,Middle East,34431.34,16247667,1025227,64693,19656362.26,6.31,0.03,570.89,0.53
CMP-05998,2022-02-01,Email,Engagement,Healthcare,Europe,42651.78,9696181,713638,47209,20946939.89,7.36,0.06,491.12,0.9
CMP-05999,2023-05-31,Email,Conversion,Retail,Latin America,11640.14,2822960,183210,11288,1028409.81,6.49,0.06,88.35,1.03
CMP-06000,2023-11-05,TikTok,Retargeting,Finance,Middle East,3001.12,1403943,93081,2516,634844.57,6.63,0.03,211.54,1.19
CMP-06001,2022-10-18,Instagram,Lead Generation,Food & Beverage,North America,18237.22,6751212,473935,31436,4345476.81,7.02,0.04,238.28,0.58
CMP-06002,2023-05-04,TikTok,Engagement,Finance,Middle East,29879.81,7986177,251564,16010,2085516.66,3.15,0.12,69.8,1.87
CMP-06003,2022-08-07,TikTok,Lead Generation,Food & Beverage,North America,12252.63,4304712,87816,450,58588.4,2.04,0.14,4.78,27.23
CMP-06004,2023-10-01,Google Ads,Brand Awareness,Healthcare,Latin America,20138.26,9769610,90857,4208,2014077.61,0.93,0.22,100.01,4.79
CMP-06005,2023-11-16,LinkedIn,Conversion,Education,Latin America,38273.92,13566224,835679,59728,29694488.96,6.16,0.05,775.84,0.64
CMP-06006,2022-11-26,Email,Retargeting,Travel,Latin America,2483.41,1234628,26544,1275,544051.25,2.15,0.09,219.07,1.95
CMP-06007,2023-03-19,Twitter,Retargeting,Healthcare,Latin America,46919.98,13945973,690325,39613,3678964.62,4.95,0.07,78.41,1.18
CMP-06008,2024-01-30,YouTube,Lead Generation,Healthcare,North America,24288.86,8024852,116360,11201,3953696.54,1.45,0.21,162.78,2.17
CMP-06009,2023-04-29,YouTube,Engagement,Education,Asia Pacific,29354.03,11947955,645189,59872,6406089.39,5.4,0.05,218.24,0.49
CMP-06010,2022-01-02,Facebook,Retargeting,Food & Beverage,Latin America,10331.35,2016940,63735,4648,862003.73,3.16,0.16,83.44,2.22
CMP-06011,2024-03-17,Twitter,Conversion,Food & Beverage,Asia Pacific,19102.07,2791143,37680,1321,576780.23,1.35,0.51,30.19,14.46
CMP-06012,2022-01-08,LinkedIn,Brand Awareness,Healthcare,Latin America,19681.73,8438174,102101,996,243774.0,1.21,0.19,12.39,19.76
CMP-06013,2024-02-16,TikTok,Brand Awareness,Tech,Asia Pacific,37135.22,17168209,700462,69032,12314279.83,4.08,0.05,331.61,0.54
CMP-06014,2022-08-26,LinkedIn,Lead Generation,Finance,Asia Pacific,38029.74,10851951,821492,49441,17920343.84,7.57,0.05,471.22,0.77
CMP-06015,2023-08-07,Google Ads,Lead Generation,Tech,Middle East,36415.22,9297977,492792,2665,281526.67,5.3,0.07,7.73,13.66
CMP-06016,2022-06-04,TikTok,Lead Generation,Tech,North America,32884.8,8164310,550274,51127,22320575.68,6.74,0.06,678.75,0.64
CMP-06017,2022-10-31,Twitter,Conversion,Retail,Asia Pacific,38122.32,6573478,311582,25683,9946450.48,4.74,0.12,260.91,1.48
CMP-06018,2023-03-30,Twitter,Engagement,Education,Latin America,44695.01,6067876,65533,2917,1401067.32,1.08,0.68,31.35,15.32
CMP-06019,2022-05-14,Facebook,Retargeting,Food & Beverage,North America,28442.99,2405186,170768,9712,534925.59,7.1,0.17,18.81,2.93
CMP-06020,2023-03-15,Facebook,Lead Generation,Education,Asia Pacific,33143.45,5194475,413480,20231,6430169.41,7.96,0.08,194.01,1.64
CMP-06021,2023-04-14,Twitter,Engagement,Food & Beverage,Middle East,30599.94,10622418,288929,9586,3064370.53,2.72,0.11,100.14,3.19
CMP-06022,2022-11-13,Instagram,Lead Generation,Tech,Asia Pacific,8047.97,418781,26048,1046,83961.53,6.22,0.31,10.43,7.69
CMP-06023,2022-01-05,TikTok,Conversion,Retail,Latin America,4116.42,750474,16210,1133,47953.97,2.16,0.25,11.65,3.63
CMP-06024,2022-05-29,LinkedIn,Engagement,Education,Latin America,19664.95,2536561,16487,1263,475613.51,0.65,1.19,24.19,15.57
CMP-06025,2024-06-17,Twitter,Retargeting,Healthcare,Asia Pacific,14637.84,2135255,55943,3683,849682.51,2.62,0.26,58.05,3.97
CMP-06026,2024-02-03,Email,Engagement,Retail,Asia Pacific,18085.98,3107299,61835,4239,691612.74,1.99,0.29,38.24,4.27
CMP-06027,2022-02-12,Google Ads,Conversion,Education,North America,38925.28,13361976,634693,56173,5759991.83,4.75,0.06,147.98,0.69
CMP-06028,2022-07-18,Facebook,Lead Generation,Education,Middle East,31834.97,2167386,39446,423,85926.56,1.82,0.81,2.7,75.26
CMP-06029,2023-04-12,Email,Retargeting,Education,Latin America,37893.85,13174274,818122,16659,6006263.61,6.21,0.05,158.5,2.27
CMP-06030,2023-02-08,Twitter,Engagement,Finance,Europe,42473.44,8824749,384759,5367,861268.28,4.36,0.11,20.28,7.91
CMP-06031,2023-12-23,LinkedIn,Retargeting,Finance,Middle East,37095.66,7536437,543377,33722,3031805.01,7.21,0.07,81.73,1.1
CMP-06032,2022-11-28,Instagram,Lead Generation,Education,Middle East,16152.54,2541420,130120,12463,4032515.01,5.12,0.12,249.65,1.3
CMP-06033,2024-02-12,LinkedIn,Conversion,Retail,Latin America,23817.86,6807424,394830,28994,2778548.01,5.8,0.06,116.66,0.82
CMP-06034,2022-01-27,TikTok,Brand Awareness,Food & Beverage,Middle East,2918.65,1218863,26693,1106,146074.38,2.19,0.11,50.05,2.64
CMP-06035,2022-06-16,Twitter,Lead Generation,Tech,Asia Pacific,38420.74,18546837,172485,7151,2119374.08,0.93,0.22,55.16,5.37
CMP-06036,2023-11-09,TikTok,Conversion,Food & Beverage,North America,22932.54,9756987,561026,63745,10265656.39,5.75,0.04,447.65,0.36
CMP-06037,2024-02-07,Facebook,Lead Generation,Travel,North America,34919.82,3375666,73589,6728,1282714.94,2.18,0.47,36.73,5.19
CMP-06038,2024-04-30,Google Ads,Brand Awareness,Finance,Latin America,34360.82,2014533,122080,13112,4099649.93,6.06,0.28,119.31,2.62
CMP-06039,2022-03-21,LinkedIn,Retargeting,Finance,Asia Pacific,36689.16,5543626,104220,6483,1095098.68,1.88,0.35,29.85,5.66
CMP-06040,2022-05-03,Facebook,Retargeting,Healthcare,Europe,25664.66,5962155,345804,9566,3893700.73,5.8,0.07,151.71,2.68
CMP-06041,2022-07-09,Instagram,Brand Awareness,Tech,Middle East,32868.67,13585302,599111,40453,18632935.97,4.41,0.05,566.89,0.81
CMP-06042,2024-05-05,TikTok,Brand Awareness,Finance,North America,32751.82,10675957,333089,4591,930875.53,3.12,0.1,28.42,7.13
CMP-06043,2024-02-29,TikTok,Retargeting,Retail,North America,15212.28,2292697,129078,12894,553432.49,5.63,0.12,36.38,1.18
CMP-06044,2022-10-11,Email,Retargeting,Healthcare,Latin America,36552.22,9519024,426452,37575,14637293.06,4.48,0.09,400.45,0.97
CMP-06045,2022-08-27,Google Ads,Retargeting,Retail,Middle East,9084.59,1340306,72108,2469,572669.93,5.38,0.13,63.04,3.68
CMP-06046,2022-10-30,Facebook,Brand Awareness,Finance,Europe,5528.99,1597179,68518,7993,1269683.28,4.29,0.08,229.64,0.69
CMP-06047,2024-04-01,YouTube,Retargeting,Food & Beverage,Asia Pacific,38615.24,11854737,379351,3579,1618608.04,3.2,0.1,41.92,10.79
CMP-06048,2022-07-31,TikTok,Lead Generation,Tech,Asia Pacific,45252.55,2276137,81713,4211,1903144.82,3.59,0.55,42.06,10.75
CMP-06049,2022-05-15,LinkedIn,Engagement,Education,Asia Pacific,37277.47,13362645,828483,78192,9050947.75,6.2,0.04,242.8,0.48
CMP-06050,2023-12-16,Email,Lead Generation,Education,Europe,19554.49,2072355,151074,7308,1385917.19,7.29,0.13,70.87,2.68
CMP-06051,2023-03-17,Facebook,Brand Awareness,Tech,Middle East,47942.57,12013935,783308,14572,927988.91,6.52,0.06,19.36,3.29
CMP-06052,2022-05-28,Email,Engagement,Food & Beverage,Asia Pacific,1176.44,150812,6319,97,33585.12,4.19,0.19,28.55,12.13
CMP-06053,2022-05-05,Facebook,Engagement,Retail,Latin America,18615.66,6030798,353404,19251,7577964.02,5.86,0.05,407.07,0.97
CMP-06054,2022-09-06,YouTube,Lead Generation,Food & Beverage,North America,45669.29,10595140,83701,4916,1173991.14,0.79,0.55,25.71,9.29
CMP-06055,2023-06-08,Instagram,Engagement,Travel,Asia Pacific,41089.3,15190314,808124,46851,6009563.88,5.32,0.05,146.26,0.88
CMP-06056,2022-06-11,Twitter,Brand Awareness,Education,Europe,13965.98,6880371,512587,49076,22245921.91,7.45,0.03,1592.87,0.28
CMP-06057,2022-07-23,Email,Brand Awareness,Food & Beverage,North America,20524.92,1090440,67062,2456,178302.33,6.15,0.31,8.69,8.36
CMP-06058,2022-10-20,Facebook,Engagement,Healthcare,Europe,23479.86,8064171,259666,16046,5976262.67,3.22,0.09,254.53,1.46
CMP-06059,2023-12-11,TikTok,Engagement,Retail,Latin America,30243.2,10376912,71600,6394,2795700.63,0.69,0.42,92.44,4.73
CMP-06060,2023-04-16,Facebook,Conversion,Retail,Asia Pacific,25123.72,4026633,144153,1345,47268.92,3.58,0.17,1.88,18.68
CMP-06061,2022-10-06,Email,Brand Awareness,Food & Beverage,Europe,48695.2,8905996,586014,54295,19272374.67,6.58,0.08,395.78,0.9
CMP-06062,2023-07-30,Email,Brand Awareness,Retail,Asia Pacific,33398.88,3822611,212537,15385,1558504.7,5.56,0.16,46.66,2.17
CMP-06063,2024-05-03,LinkedIn,Lead Generation,Travel,Latin America,12994.49,2217636,14414,1505,352150.36,0.65,0.9,27.1,8.63
CMP-06064,2023-11-29,Instagram,Engagement,Retail,North America,47658.25,12410967,703701,35639,14885264.3,5.67,0.07,312.33,1.34
CMP-06065,2022-04-11,Twitter,Retargeting,Retail,North America,25908.85,8974934,115776,13554,2951502.21,1.29,0.22,113.92,1.91
CMP-06066,2022-02-19,Facebook,Retargeting,Healthcare,Asia Pacific,2961.46,163414,8955,653,192763.66,5.48,0.33,65.09,4.54
CMP-06067,2023-12-28,LinkedIn,Engagement,Healthcare,Europe,40370.79,12374705,63110,2464,320026.57,0.51,0.64,7.93,16.38
CMP-06068,2022-11-25,Google Ads,Conversion,Travel,North America,26583.16,3862724,235239,26250,5051663.98,6.09,0.11,190.03,1.01
CMP-06069,2022-07-04,LinkedIn,Conversion,Tech,Europe,38475.89,10278200,464574,55171,19639024.98,4.52,0.08,510.42,0.7
CMP-06070,2022-09-18,Email,Lead Generation,Travel,Asia Pacific,46190.79,17604375,712977,65033,3593391.45,4.05,0.06,77.79,0.71
CMP-06071,2022-08-18,Google Ads,Lead Generation,Food & Beverage,Europe,26720.1,10318370,489090,37564,11778298.88,4.74,0.05,440.8,0.71
CMP-06072,2022-07-10,Facebook,Brand Awareness,Food & Beverage,Asia Pacific,41322.42,3984016,190435,8456,4212068.07,4.78,0.22,101.93,4.89
CMP-06073,2023-12-25,TikTok,Brand Awareness,Food & Beverage,North America,3451.97,1135262,86279,6485,1171045.6,7.6,0.04,339.24,0.53
CMP-06074,2023-07-04,Email,Brand Awareness,Retail,Europe,7408.6,1441247,26086,2910,1208049.86,1.81,0.28,163.06,2.55
CMP-06075,2022-05-24,YouTube,Lead Generation,Education,Europe,6493.88,3037449,211710,18813,7500797.92,6.97,0.03,1155.06,0.35
CMP-06076,2022-05-08,Facebook,Retargeting,Education,Asia Pacific,32664.88,13899898,675535,80108,2796498.85,4.86,0.05,85.61,0.41
CMP-06077,2022-01-24,Twitter,Conversion,Finance,Europe,32293.25,13587028,588318,66779,24243425.47,4.33,0.05,750.73,0.48
CMP-06078,2022-11-20,Facebook,Retargeting,Finance,Middle East,28247.18,2550298,133125,8601,2098469.4,5.22,0.21,74.29,3.28
CMP-06079,2022-07-19,Google Ads,Retargeting,Food & Beverage,North America,39396.53,10387043,579596,11081,4765981.46,5.58,0.07,120.97,3.56
CMP-06080,2022-09-08,Instagram,Retargeting,Tech,Asia Pacific,43272.92,13049626,99177,6589,1295031.1,0.76,0.44,29.93,6.57
CMP-06081,2024-06-19,YouTube,Retargeting,Travel,Europe,756.87,172604,12807,1046,312344.12,7.42,0.06,412.68,0.72
CMP-06082,2023-12-15,Facebook,Retargeting,Retail,Latin America,24119.39,6460489,431560,31131,14802839.18,6.68,0.06,613.73,0.77
CMP-06083,2022-08-27,TikTok,Brand Awareness,Finance,North America,28242.71,8147303,647710,50039,8931690.3,7.95,0.04,316.25,0.56
CMP-06084,2023-08-09,Facebook,Lead Generation,Education,North America,17993.27,8068394,449409,51534,14437402.42,5.57,0.04,802.38,0.35
CMP-06085,2023-12-12,Email,Retargeting,Food & Beverage,North America,16079.1,4873051,36060,2786,443554.92,0.74,0.45,27.59,5.77
CMP-06086,2022-01-20,TikTok,Lead Generation,Finance,Latin America,19369.61,3283021,217007,4537,263024.59,6.61,0.09,13.58,4.27
CMP-06087,2023-04-21,Email,Brand Awareness,Food & Beverage,Europe,11324.96,2902112,49045,3914,1039534.07,1.69,0.23,91.79,2.89
CMP-06088,2022-12-05,Email,Lead Generation,Retail,Latin America,25498.67,3213645,150719,14570,4590648.93,4.69,0.17,180.03,1.75
CMP-06089,2023-02-03,Instagram,Lead Generation,Tech,Asia Pacific,8143.54,2397642,164957,12471,4852197.24,6.88,0.05,595.83,0.65
CMP-06090,2024-01-03,YouTube,Retargeting,Finance,North America,21285.56,2069996,73484,8235,812901.14,3.55,0.29,38.19,2.58
CMP-06091,2024-01-07,Email,Engagement,Education,Asia Pacific,17827.06,1755047,94246,11034,4589804.78,5.37,0.19,257.46,1.62
CMP-06092,2023-08-13,Facebook,Retargeting,Finance,Europe,6479.68,2029748,13802,346,92900.6,0.68,0.47,14.34,18.73
CMP-06093,2023-03-01,Twitter,Retargeting,Healthcare,Middle East,37869.21,5083142,117420,1820,303477.68,2.31,0.32,8.01,20.81
CMP-06094,2022-05-18,Facebook,Lead Generation,Education,North America,26277.73,2554253,75095,542,120871.33,2.94,0.35,4.6,48.48
CMP-06095,2022-02-01,TikTok,Lead Generation,Food & Beverage,Europe,27811.46,11814617,191396,22931,1526525.67,1.62,0.15,54.89,1.21
CMP-06096,2022-04-02,Instagram,Conversion,Food & Beverage,Europe,42308.98,14411984,136913,1162,69566.2,0.95,0.31,1.64,36.41
CMP-06097,2022-06-07,LinkedIn,Engagement,Tech,Europe,27450.11,8717563,394033,29673,6866743.84,4.52,0.07,250.15,0.93
CMP-06098,2023-01-13,Instagram,Engagement,Finance,Asia Pacific,36080.84,13367967,73523,2150,385660.31,0.55,0.49,10.69,16.78
CMP-06099,2023-12-25,TikTok,Engagement,Education,Middle East,7478.09,3515150,95963,7714,235501.24,2.73,0.08,31.49,0.97
CMP-06100,2024-02-07,YouTube,Retargeting,Travel,Latin America,13215.0,3808215,136714,5054,428950.9,3.59,0.1,32.46,2.61
CMP-06101,2022-10-23,Twitter,Brand Awareness,Food & Beverage,Middle East,12475.01,5810968,430011,45081,15524555.52,7.4,0.03,1244.45,0.28
CMP-06102,2024-06-06,Twitter,Engagement,Education,Middle East,18476.23,4472547,151172,2248,494979.84,3.38,0.12,26.79,8.22
CMP-06103,2023-08-26,Facebook,Conversion,Food & Beverage,Asia Pacific,9503.36,4206664,278901,4430,586880.12,6.63,0.03,61.76,2.15
CMP-06104,2024-03-17,LinkedIn,Lead Generation,Tech,Asia Pacific,34849.99,7660434,68177,1713,671075.36,0.89,0.51,19.26,20.34
CMP-06105,2022-08-29,Twitter,Lead Generation,Retail,North America,14075.64,2135557,72608,8592,794772.68,3.4,0.19,56.46,1.64
CMP-06106,2023-08-22,YouTube,Engagement,Healthcare,Europe,10212.98,4093976,73282,3123,1192583.85,1.79,0.14,116.77,3.27
CMP-06107,2022-06-28,Google Ads,Lead Generation,Retail,North America,12783.65,3694468,50614,3765,133706.04,1.37,0.25,10.46,3.4
CMP-06108,2023-07-23,TikTok,Brand Awareness,Healthcare,North America,19499.15,7058768,382585,29385,12081495.94,5.42,0.05,619.59,0.66
CMP-06109,2023-08-13,Email,Conversion,Healthcare,Latin America,24051.94,8712713,49662,2487,853915.27,0.57,0.48,35.5,9.67
CMP-06110,2023-01-30,Instagram,Lead Generation,Healthcare,North America,36376.75,12341814,946617,52241,12686920.56,7.67,0.04,348.76,0.7
CMP-06111,2023-06-11,Google Ads,Retargeting,Retail,Latin America,27799.78,7509554,51815,2760,716226.4,0.69,0.54,25.76,10.07
CMP-06112,2022-03-03,Instagram,Engagement,Education,North America,42986.58,5210246,302715,1686,501914.68,5.81,0.14,11.68,25.5
CMP-06113,2023-08-27,Google Ads,Retargeting,Travel,North America,16196.64,3149074,108643,1618,709849.23,3.45,0.15,43.83,10.01
CMP-06114,2024-03-09,Email,Conversion,Travel,North America,27370.15,6385759,167945,2680,984948.89,2.63,0.16,35.99,10.21
CMP-06115,2022-12-20,Email,Conversion,Food & Beverage,Asia Pacific,43675.85,10536961,573210,16444,7633391.32,5.44,0.08,174.77,2.66
CMP-06116,2024-02-19,YouTube,Lead Generation,Education,Asia Pacific,33181.39,8951506,409978,27498,6185677.55,4.58,0.08,186.42,1.21
CMP-06117,2023-11-28,LinkedIn,Lead Generation,Travel,North America,30775.51,13192706,170185,10232,1137871.26,1.29,0.18,36.97,3.01
CMP-06118,2023-10-12,TikTok,Lead Generation,Healthcare,Latin America,21497.04,5205065,399748,45539,20965937.83,7.68,0.05,975.29,0.47
CMP-06119,2023-07-26,Email,Engagement,Travel,Asia Pacific,18249.04,3671745,148338,1101,140063.87,4.04,0.12,7.68,16.57
CMP-06120,2023-09-03,Facebook,Conversion,Finance,Latin America,47140.54,2843249,24167,2680,557253.67,0.85,1.95,11.82,17.59
CMP-06121,2022-03-19,LinkedIn,Brand Awareness,Healthcare,North America,43666.23,5432811,160811,3816,631438.7,2.96,0.27,14.46,11.44
CMP-06122,2023-04-18,LinkedIn,Engagement,Retail,Middle East,39089.18,3658082,221679,20100,7863700.93,6.06,0.18,201.17,1.94
CMP-06123,2023-06-08,YouTube,Brand Awareness,Food & Beverage,Latin America,15669.28,6334933,441544,47642,11768549.06,6.97,0.04,751.06,0.33
CMP-06124,2023-09-04,YouTube,Retargeting,Food & Beverage,Asia Pacific,36812.2,4382130,39877,3699,728756.96,0.91,0.92,19.8,9.95
CMP-06125,2023-12-16,Facebook,Brand Awareness,Retail,Middle East,24661.44,6564922,326276,14333,3052642.32,4.97,0.08,123.78,1.72
CMP-06126,2023-08-09,TikTok,Engagement,Food & Beverage,Europe,3629.07,869007,40321,4229,703269.8,4.64,0.09,193.79,0.86
CMP-06127,2022-09-27,LinkedIn,Engagement,Travel,North America,19672.49,3910406,273337,30071,9047329.38,6.99,0.07,459.9,0.65
CMP-06128,2023-02-26,LinkedIn,Brand Awareness,Healthcare,Latin America,33712.83,3029073,229603,6665,1697983.23,7.58,0.15,50.37,5.06
CMP-06129,2022-09-10,YouTube,Conversion,Healthcare,Latin America,3157.22,1478863,23366,286,80488.01,1.58,0.14,25.49,11.04
CMP-06130,2023-07-17,Instagram,Engagement,Healthcare,Latin America,43213.69,12563372,647013,74757,26186873.86,5.15,0.07,605.99,0.58
CMP-06131,2022-09-25,Instagram,Lead Generation,Retail,Latin America,14884.95,6894472,457792,3830,465053.81,6.64,0.03,31.24,3.89
CMP-06132,2024-01-05,Twitter,Retargeting,Food & Beverage,Asia Pacific,7626.81,3784117,88169,4092,386651.41,2.33,0.09,50.7,1.86
CMP-06133,2022-01-22,Instagram,Conversion,Travel,Europe,49269.5,23623853,1254426,84358,32681077.68,5.31,0.04,663.31,0.58
CMP-06134,2024-03-22,Instagram,Conversion,Education,Asia Pacific,4095.18,1193532,15157,603,178663.35,1.27,0.27,43.63,6.79
CMP-06135,2023-08-27,Google Ads,Retargeting,Finance,North America,15754.3,3617574,98036,11064,5096316.52,2.71,0.16,323.49,1.42
CMP-06136,2022-11-02,Facebook,Conversion,Travel,Asia Pacific,12832.42,5726486,371648,41983,10873855.02,6.49,0.03,847.37,0.31
CMP-06137,2024-04-28,Twitter,Conversion,Finance,Europe,42159.06,11593225,449817,47537,21735661.37,3.88,0.09,515.56,0.89
CMP-06138,2023-12-02,Google Ads,Brand Awareness,Finance,Europe,42038.54,5644454,147320,2529,198279.47,2.61,0.29,4.72,16.62
CMP-06139,2023-12-09,Email,Conversion,Healthcare,Asia Pacific,24948.35,7165534,170539,19127,7789100.59,2.38,0.15,312.21,1.3
CMP-06140,2023-01-16,LinkedIn,Lead Generation,Healthcare,North America,46933.62,4661894,265261,14768,2478066.82,5.69,0.18,52.8,3.18
CMP-06141,2022-04-17,Google Ads,Retargeting,Healthcare,North America,24239.67,7074656,120976,2607,593500.01,1.71,0.2,24.48,9.3
CMP-06142,2024-05-14,YouTube,Conversion,Tech,Europe,40849.77,15366756,362655,27195,11347872.16,2.36,0.11,277.8,1.5
CMP-06143,2024-02-05,Instagram,Lead Generation,Finance,North America,30202.66,5677126,438841,21495,3576323.64,7.73,0.07,118.41,1.41
CMP-06144,2022-07-09,Email,Conversion,Healthcare,Asia Pacific,40386.21,17698345,472545,32041,15107905.64,2.67,0.09,374.09,1.26
CMP-06145,2024-05-29,YouTube,Conversion,Education,Latin America,46879.66,5952801,219658,14147,5373004.81,3.69,0.21,114.61,3.31
CMP-06146,2022-04-26,Facebook,Lead Generation,Food & Beverage,Latin America,6212.96,2452536,84367,8707,2416079.82,3.44,0.07,388.88,0.71
CMP-06147,2023-02-11,Google Ads,Conversion,Retail,North America,2175.45,775710,11480,1077,113315.16,1.48,0.19,52.09,2.02
CMP-06148,2022-02-21,TikTok,Conversion,Finance,Middle East,46893.5,17057054,354786,36291,9737652.1,2.08,0.13,207.65,1.29
CMP-06149,2022-05-28,YouTube,Retargeting,Tech,Europe,10298.66,3791693,287410,5729,331048.39,7.58,0.04,32.14,1.8
CMP-06150,2023-08-15,Twitter,Lead Generation,Healthcare,Europe,47283.48,21005186,882217,19881,4553241.51,4.2,0.05,96.3,2.38
CMP-06151,2024-05-01,YouTube,Engagement,Healthcare,Asia Pacific,3906.6,1826202,25201,1754,614576.11,1.38,0.16,157.32,2.23
CMP-06152,2022-10-08,Email,Brand Awareness,Finance,North America,6978.95,2196079,137254,6720,2371729.06,6.25,0.05,339.84,1.04
CMP-06153,2023-12-20,Facebook,Retargeting,Retail,Europe,35901.33,4517242,334275,31641,9440074.54,7.4,0.11,262.94,1.13
CMP-06154,2022-06-03,Facebook,Engagement,Retail,Asia Pacific,38984.14,2941366,166481,9970,3183203.22,5.66,0.23,81.65,3.91
CMP-06155,2023-01-02,Google Ads,Retargeting,Travel,Latin America,30753.09,4909100,243000,8443,1794219.8,4.95,0.13,58.34,3.64
CMP-06156,2022-12-25,Email,Brand Awareness,Food & Beverage,Europe,29929.64,6396134,193802,5932,2362969.41,3.03,0.15,78.95,5.05
CMP-06157,2023-08-27,Facebook,Retargeting,Travel,North America,14578.29,6442405,103722,3643,937812.18,1.61,0.14,64.33,4.0
CMP-06158,2023-03-19,YouTube,Conversion,Healthcare,North America,34983.1,12124940,257048,7957,1546630.04,2.12,0.14,44.21,4.4
CMP-06159,2022-10-23,Email,Lead Generation,Travel,North America,7958.24,3125390,156269,5303,478187.36,5.0,0.05,60.09,1.5
CMP-06160,2023-05-17,LinkedIn,Conversion,Finance,Latin America,7441.75,2886953,224604,12474,5034775.42,7.78,0.03,676.56,0.6
CMP-06161,2022-10-02,TikTok,Lead Generation,Finance,North America,39077.54,8456691,580129,28339,3541589.76,6.86,0.07,90.63,1.38
CMP-06162,2024-01-18,Email,Engagement,Finance,Asia Pacific,25997.35,9599137,713215,53905,23346155.6,7.43,0.04,898.02,0.48
CMP-06163,2022-12-20,Facebook,Brand Awareness,Education,Latin America,44653.4,14905534,1037425,87475,31934342.61,6.96,0.04,715.16,0.51
CMP-06164,2022-08-30,TikTok,Brand Awareness,Retail,Europe,9887.7,534138,8599,973,394364.15,1.61,1.15,39.88,10.16
CMP-06165,2023-05-30,TikTok,Brand Awareness,Healthcare,North America,43600.51,10432837,486170,30997,4967355.38,4.66,0.09,113.93,1.41
CMP-06166,2023-11-27,TikTok,Brand Awareness,Travel,Latin America,7233.3,2797383,111335,12730,2555417.47,3.98,0.06,353.29,0.57
CMP-06167,2023-08-22,Google Ads,Lead Generation,Healthcare,Middle East,43058.99,10827667,632335,51252,10799901.85,5.84,0.07,250.82,0.84
CMP-06168,2022-08-14,YouTube,Retargeting,Healthcare,North America,20004.53,4426764,24789,2138,1059481.27,0.56,0.81,52.96,9.36
CMP-06169,2023-02-24,YouTube,Engagement,Travel,North America,7022.86,1578347,76391,1529,371390.52,4.84,0.09,52.88,4.59
CMP-06170,2023-09-04,TikTok,Conversion,Food & Beverage,North America,23333.06,4524699,281888,28583,5143392.91,6.23,0.08,220.43,0.82
CMP-06171,2023-11-17,Google Ads,Retargeting,Retail,Europe,14861.22,5734876,229395,1709,455878.85,4.0,0.06,30.68,8.7
CMP-06172,2022-11-08,YouTube,Engagement,Education,Europe,40146.42,15086190,307758,18613,3085565.8,2.04,0.13,76.86,2.16
CMP-06173,2023-06-10,YouTube,Conversion,Food & Beverage,Latin America,40608.97,12170776,682780,73907,10702185.88,5.61,0.06,263.54,0.55
CMP-06174,2024-02-07,YouTube,Brand Awareness,Education,Asia Pacific,41471.16,10385613,347918,14695,6438643.11,3.35,0.12,155.26,2.82
CMP-06175,2022-10-05,Email,Conversion,Travel,North America,9169.46,2260023,47686,878,152926.81,2.11,0.19,16.68,10.44
CMP-06176,2023-05-30,YouTube,Lead Generation,Tech,Asia Pacific,47128.03,6504994,55292,6050,1845388.59,0.85,0.85,39.16,7.79
CMP-06177,2023-03-01,Facebook,Retargeting,Retail,Asia Pacific,36333.96,4438804,162460,7480,3406058.67,3.66,0.22,93.74,4.86
CMP-06178,2023-10-13,Facebook,Conversion,Education,Latin America,34342.18,16302866,326057,19385,1856347.28,2.0,0.11,54.05,1.77
CMP-06179,2023-11-11,Email,Brand Awareness,Finance,Asia Pacific,43550.12,20746385,329867,10976,1723191.94,1.59,0.13,39.57,3.97
CMP-06180,2022-07-04,Instagram,Lead Generation,Retail,Latin America,9406.86,2656649,108922,4889,1528443.2,4.1,0.09,162.48,1.92
CMP-06181,2022-09-11,Twitter,Engagement,Travel,Europe,25993.56,12140751,456492,52837,19516147.85,3.76,0.06,750.81,0.49
CMP-06182,2023-08-26,Google Ads,Brand Awareness,Tech,Europe,39918.46,5764723,147000,6812,1211472.2,2.55,0.27,30.35,5.86
CMP-06183,2022-03-08,LinkedIn,Lead Generation,Retail,Asia Pacific,9181.89,4229492,78668,8056,1558614.69,1.86,0.12,169.75,1.14
CMP-06184,2022-04-22,TikTok,Lead Generation,Travel,Middle East,24247.46,6501573,322478,11528,2764171.62,4.96,0.08,114.0,2.1
CMP-06185,2022-02-07,TikTok,Lead Generation,Retail,Asia Pacific,33774.25,3884865,307681,8360,1500155.08,7.92,0.11,44.42,4.04
CMP-06186,2022-12-05,Instagram,Conversion,Finance,North America,48022.12,10583144,223304,20251,5511541.8,2.11,0.22,114.77,2.37
CMP-06187,2023-03-06,Google Ads,Brand Awareness,Food & Beverage,Latin America,16983.41,1966948,148307,11003,1867354.49,7.54,0.11,109.95,1.54
CMP-06188,2023-02-19,Twitter,Brand Awareness,Travel,Middle East,42976.09,18196516,514961,44841,5877246.22,2.83,0.08,136.76,0.96
CMP-06189,2022-01-03,TikTok,Conversion,Education,Europe,28190.42,14010520,319439,33442,15196356.47,2.28,0.09,539.06,0.84
CMP-06190,2024-03-30,Email,Retargeting,Tech,North America,28508.15,12609505,842314,26743,1458184.9,6.68,0.03,51.15,1.07
CMP-06191,2022-07-11,Twitter,Engagement,Healthcare,North America,2753.58,485654,33704,2715,226613.0,6.94,0.08,82.3,1.01
CMP-06192,2024-06-06,Facebook,Engagement,Education,Middle East,42008.68,7834632,589947,23040,9510181.77,7.53,0.07,226.39,1.82
CMP-06193,2023-07-06,YouTube,Brand Awareness,Healthcare,North America,3939.67,1500444,41712,1903,574591.72,2.78,0.09,145.85,2.07
CMP-06194,2023-09-15,Instagram,Retargeting,Retail,Asia Pacific,11758.39,5013115,314823,1972,486620.1,6.28,0.04,41.38,5.96
CMP-06195,2022-07-10,Instagram,Lead Generation,Education,Latin America,19256.0,2796978,222639,16092,6595169.02,7.96,0.09,342.5,1.2
CMP-06196,2023-07-29,Google Ads,Engagement,Retail,Latin America,15969.79,6100418,371515,44200,4574634.21,6.09,0.04,286.46,0.36
CMP-06197,2023-10-11,Twitter,Conversion,Education,North America,49005.48,17961532,991476,17202,4583128.21,5.52,0.05,93.52,2.85
CMP-06198,2022-10-09,Facebook,Engagement,Education,Latin America,48403.42,5962620,407843,13639,4874746.8,6.84,0.12,100.71,3.55
CMP-06199,2022-10-09,Instagram,Lead Generation,Education,Latin America,6958.32,1366349,100290,10320,2058348.61,7.34,0.07,295.81,0.67
CMP-06200,2023-01-23,TikTok,Lead Generation,Healthcare,Europe,18038.27,4022583,271122,10739,3210113.45,6.74,0.07,177.96,1.68
CMP-06201,2023-07-20,Facebook,Lead Generation,Retail,Asia Pacific,36770.73,11975344,937669,27556,2677362.04,7.83,0.04,72.81,1.33
CMP-06202,2024-06-13,TikTok,Conversion,Travel,North America,39479.88,16959854,739449,61952,10923916.43,4.36,0.05,276.7,0.64
CMP-06203,2023-11-29,Instagram,Lead Generation,Retail,Middle East,38315.94,3982600,156914,12562,4834050.22,3.94,0.24,126.16,3.05
CMP-06204,2022-06-22,Google Ads,Retargeting,Travel,Latin America,41033.85,20123472,1553532,148793,18879304.63,7.72,0.03,460.09,0.28
CMP-06205,2023-08-07,YouTube,Brand Awareness,Education,Europe,47076.44,22444727,309737,24382,2496735.75,1.38,0.15,53.04,1.93
CMP-06206,2023-06-17,Instagram,Brand Awareness,Retail,Latin America,13674.96,4679590,283115,7012,893912.19,6.05,0.05,65.37,1.95
CMP-06207,2023-09-13,Facebook,Lead Generation,Finance,Latin America,9737.35,2433144,53529,728,67761.82,2.2,0.18,6.96,13.38
CMP-06208,2024-03-22,Google Ads,Brand Awareness,Travel,Asia Pacific,21114.73,9950743,656749,42584,20290682.22,6.6,0.03,960.97,0.5
CMP-06209,2023-10-27,Instagram,Brand Awareness,Finance,Asia Pacific,24737.53,3331706,89289,7811,3904120.43,2.68,0.28,157.82,3.17
CMP-06210,2023-04-21,Instagram,Engagement,Food & Beverage,Europe,13935.99,4823099,265752,30075,6118707.89,5.51,0.05,439.06,0.46
CMP-06211,2023-07-29,YouTube,Lead Generation,Finance,Europe,49629.78,8319357,602321,43141,10276088.66,7.24,0.08,207.05,1.15
CMP-06212,2023-09-26,LinkedIn,Conversion,Travel,Asia Pacific,1953.11,273865,11447,855,394898.37,4.18,0.17,202.19,2.28
CMP-06213,2024-05-17,LinkedIn,Engagement,Finance,Asia Pacific,38712.36,15321630,911636,14156,4747313.0,5.95,0.04,122.63,2.73
CMP-06214,2024-04-15,LinkedIn,Retargeting,Tech,Asia Pacific,44489.24,10555860,495069,25119,3081259.68,4.69,0.09,69.26,1.77
CMP-06215,2022-10-29,LinkedIn,Conversion,Retail,Asia Pacific,35483.16,8887068,413248,27373,7167902.08,4.65,0.09,202.01,1.3
CMP-06216,2023-11-27,YouTube,Retargeting,Healthcare,Asia Pacific,4279.23,1768708,112312,2884,998897.82,6.35,0.04,233.43,1.48
CMP-06217,2022-10-19,Facebook,Lead Generation,Retail,Middle East,878.8,381254,20397,781,160702.47,5.35,0.04,182.87,1.13
CMP-06218,2022-07-27,YouTube,Retargeting,Travel,Middle East,42338.31,12682138,201645,22698,3402347.57,1.59,0.21,80.36,1.87
CMP-06219,2022-01-29,Email,Engagement,Tech,Middle East,7821.76,3403889,265843,26591,4831865.92,7.81,0.03,617.75,0.29
CMP-06220,2023-06-27,Google Ads,Engagement,Tech,Latin America,16493.19,4578306,70505,3669,853867.16,1.54,0.23,51.77,4.5
CMP-06221,2022-09-25,Instagram,Engagement,Healthcare,Europe,23223.1,4334907,130480,834,206506.59,3.01,0.18,8.89,27.85
CMP-06222,2024-03-27,Twitter,Conversion,Education,North America,36686.68,2784445,176533,4384,1494981.52,6.34,0.21,40.75,8.37
CMP-06223,2022-03-20,Email,Lead Generation,Finance,Latin America,30276.9,6010577,435766,42398,4634223.03,7.25,0.07,153.06,0.71
CMP-06224,2023-12-08,Twitter,Engagement,Education,Latin America,45634.22,6338866,375894,8529,2130325.47,5.93,0.12,46.68,5.35
CMP-06225,2022-11-28,Google Ads,Brand Awareness,Education,North America,49499.83,11926605,735871,82751,7029228.89,6.17,0.07,142.01,0.6
CMP-06226,2024-06-05,LinkedIn,Engagement,Finance,North America,12368.43,3252258,245220,29286,3572677.49,7.54,0.05,288.85,0.42
CMP-06227,2023-01-31,TikTok,Brand Awareness,Food & Beverage,North America,29741.22,7426157,591864,68243,24288191.0,7.97,0.05,816.65,0.44
CMP-06228,2023-12-13,LinkedIn,Engagement,Tech,Europe,37760.0,7661884,200741,23052,11138978.68,2.62,0.19,294.99,1.64
CMP-06229,2024-03-10,LinkedIn,Engagement,Travel,Latin America,11412.02,2080470,78433,2768,1009488.31,3.77,0.15,88.46,4.12
CMP-06230,2024-05-14,Instagram,Retargeting,Healthcare,Asia Pacific,36112.06,13522909,85194,6303,710236.55,0.63,0.42,19.67,5.73
CMP-06231,2022-03-17,Google Ads,Retargeting,Travel,Asia Pacific,16936.88,7091288,46802,669,47390.18,0.66,0.36,2.8,25.32
CMP-06232,2022-01-25,YouTube,Lead Generation,Travel,Europe,10318.85,3810679,234737,22549,3343961.39,6.16,0.04,324.06,0.46
CMP-06233,2023-08-01,TikTok,Retargeting,Finance,Latin America,5283.35,976751,66516,4039,1197496.4,6.81,0.08,226.65,1.31
CMP-06234,2022-05-06,Google Ads,Retargeting,Food & Beverage,Latin America,45647.24,13466191,588472,4021,966961.45,4.37,0.08,21.18,11.35
CMP-06235,2023-09-21,YouTube,Lead Generation,Travel,Asia Pacific,48100.59,8757594,502685,54496,19191587.17,5.74,0.1,398.99,0.88
CMP-06236,2023-10-19,Facebook,Retargeting,Education,Asia Pacific,3123.6,508761,7885,858,180515.15,1.55,0.4,57.79,3.64
CMP-06237,2022-10-07,Email,Conversion,Retail,Middle East,4735.15,1874092,63719,1510,441675.48,3.4,0.07,93.28,3.14
CMP-06238,2024-05-30,Google Ads,Retargeting,Healthcare,Latin America,33673.47,4760417,238020,18329,7008861.09,5.0,0.14,208.14,1.84
CMP-06239,2024-03-10,Email,Lead Generation,Travel,Asia Pacific,2998.19,1476976,42684,4688,2295456.4,2.89,0.07,765.61,0.64
CMP-06240,2023-12-03,Google Ads,Engagement,Finance,North America,47117.83,17475284,1183076,56643,15802864.55,6.77,0.04,335.39,0.83
CMP-06241,2024-03-06,Twitter,Retargeting,Healthcare,Asia Pacific,15780.91,3925098,149153,11655,5578758.35,3.8,0.11,353.51,1.35
CMP-06242,2023-11-18,YouTube,Engagement,Retail,Middle East,39835.33,16858609,908679,34273,13473670.32,5.39,0.04,338.23,1.16
CMP-06243,2022-05-24,Google Ads,Retargeting,Travel,Europe,23364.55,10008957,292261,34328,10840698.07,2.92,0.08,463.98,0.68
CMP-06244,2023-09-02,YouTube,Lead Generation,Food & Beverage,Latin America,48928.07,4441588,343778,18059,2972249.39,7.74,0.14,60.75,2.71
CMP-06245,2023-12-24,Twitter,Engagement,Retail,Middle East,35538.22,14294922,351655,6199,2806130.79,2.46,0.1,78.96,5.73
CMP-06246,2022-02-16,Facebook,Retargeting,Travel,Europe,46457.05,9850900,369408,12010,5909579.75,3.75,0.13,127.21,3.87
CMP-06247,2023-01-03,Instagram,Lead Generation,Education,North America,45893.08,2939914,152287,6504,2751737.37,5.18,0.3,59.96,7.06
CMP-06248,2024-01-14,YouTube,Brand Awareness,Retail,Latin America,12250.26,856386,6679,755,272172.56,0.78,1.83,22.22,16.23
CMP-06249,2024-01-21,Google Ads,Lead Generation,Education,North America,44946.4,18565220,1440661,57198,25079657.26,7.76,0.03,557.99,0.79
CMP-06250,2022-07-20,Facebook,Lead Generation,Food & Beverage,Europe,41444.3,17038806,993362,46899,23241866.24,5.83,0.04,560.8,0.88
CMP-06251,2023-11-03,Google Ads,Engagement,Education,Europe,23698.67,2357160,178672,1912,791611.41,7.58,0.13,33.4,12.39
CMP-06252,2022-10-08,Facebook,Conversion,Retail,Middle East,34593.55,8744000,252701,9876,708822.54,2.89,0.14,20.49,3.5
CMP-06253,2022-02-01,Instagram,Conversion,Retail,Latin America,12904.09,6014269,99235,9828,1111400.05,1.65,0.13,86.13,1.31
CMP-06254,2022-01-07,Instagram,Engagement,Travel,North America,16134.33,1431676,23193,1692,132269.54,1.62,0.7,8.2,9.54
CMP-06255,2024-01-06,LinkedIn,Lead Generation,Travel,Europe,41854.92,4214094,164349,14512,1140843.82,3.9,0.25,27.26,2.88
CMP-06256,2024-06-14,LinkedIn,Lead Generation,Tech,North America,33480.89,3734742,42576,3508,844879.77,1.14,0.79,25.23,9.54
CMP-06257,2023-08-13,Twitter,Retargeting,Finance,Latin America,20044.57,3902211,85458,6326,372164.24,2.19,0.23,18.57,3.17
CMP-06258,2023-03-14,TikTok,Lead Generation,Food & Beverage,Asia Pacific,816.13,189229,7398,789,53041.16,3.91,0.11,64.99,1.03
CMP-06259,2024-03-23,LinkedIn,Conversion,Tech,Latin America,2896.16,1262468,54917,2369,708621.68,4.35,0.05,244.68,1.22
CMP-06260,2022-12-16,TikTok,Brand Awareness,Food & Beverage,North America,26098.94,9273592,384854,15686,835354.66,4.15,0.07,32.01,1.66
CMP-06261,2022-01-26,Google Ads,Retargeting,Travel,Asia Pacific,8771.34,1192373,31597,1177,420565.47,2.65,0.28,47.95,7.45
CMP-06262,2023-09-15,TikTok,Brand Awareness,Travel,Middle East,21554.5,8898758,373747,7924,2571766.59,4.2,0.06,119.31,2.72
CMP-06263,2023-04-26,TikTok,Conversion,Education,Latin America,19184.44,5262001,159438,5524,1292635.79,3.03,0.12,67.38,3.47
CMP-06264,2022-12-05,TikTok,Retargeting,Food & Beverage,Middle East,30995.03,2708663,212630,14491,6843490.25,7.85,0.15,220.79,2.14
CMP-06265,2022-10-02,TikTok,Conversion,Retail,Europe,31595.05,4835869,298373,6597,2611577.5,6.17,0.11,82.66,4.79
CMP-06266,2023-08-29,Google Ads,Conversion,Travel,Europe,36961.39,13672856,622114,72215,16296944.7,4.55,0.06,440.92,0.51
CMP-06267,2023-09-19,Email,Retargeting,Food & Beverage,Asia Pacific,30216.0,12688345,276605,26451,6202318.4,2.18,0.11,205.27,1.14
CMP-06268,2023-06-03,Email,Brand Awareness,Healthcare,North America,23997.22,9399835,386333,16720,2174767.98,4.11,0.06,90.63,1.44
CMP-06269,2024-02-01,TikTok,Conversion,Travel,Europe,13201.69,5420054,94308,10197,3985092.19,1.74,0.14,301.86,1.29
CMP-06270,2023-12-28,Instagram,Lead Generation,Travel,Asia Pacific,2386.48,420450,19004,165,67097.92,4.52,0.13,28.12,14.46
CMP-06271,2022-03-27,LinkedIn,Lead Generation,Healthcare,Middle East,45377.28,8219949,196456,10646,1336023.88,2.39,0.23,29.44,4.26
CMP-06272,2022-11-18,Twitter,Lead Generation,Finance,Asia Pacific,44761.16,8851270,591264,32202,15749272.27,6.68,0.08,351.85,1.39
CMP-06273,2022-11-26,Google Ads,Lead Generation,Education,North America,42162.12,5792474,47498,294,131972.09,0.82,0.89,3.13,143.41
CMP-06274,2022-12-02,YouTube,Brand Awareness,Travel,North America,18687.83,1105455,55493,3713,1085402.03,5.02,0.34,58.08,5.03
CMP-06275,2023-12-19,Email,Engagement,Travel,Asia Pacific,46607.96,2498441,78201,2547,1117388.46,3.13,0.6,23.97,18.3
CMP-06276,2024-02-26,Email,Conversion,Food & Beverage,Middle East,7187.63,1448752,82144,706,147288.94,5.67,0.09,20.49,10.18
CMP-06277,2022-01-06,Twitter,Lead Generation,Healthcare,Europe,29954.04,8232841,605113,26704,1690895.49,7.35,0.05,56.45,1.12
CMP-06278,2023-10-07,Instagram,Conversion,Travel,Latin America,32801.34,4413211,55606,373,147140.3,1.26,0.59,4.49,87.94
CMP-06279,2023-07-22,Twitter,Retargeting,Food & Beverage,Middle East,4216.72,382566,26129,663,247924.25,6.83,0.16,58.8,6.36
CMP-06280,2023-07-02,Twitter,Retargeting,Retail,Asia Pacific,33832.41,8176045,206853,11024,4866816.03,2.53,0.16,143.85,3.07
CMP-06281,2023-10-03,YouTube,Brand Awareness,Finance,Europe,49430.93,2735961,149930,7464,1140450.54,5.48,0.33,23.07,6.62
CMP-06282,2024-01-10,Google Ads,Conversion,Retail,North America,4285.59,1181630,15006,750,169887.46,1.27,0.29,39.64,5.71
CMP-06283,2022-04-11,TikTok,Retargeting,Tech,Latin America,37231.19,2439371,98550,4059,765142.5,4.04,0.38,20.55,9.17
CMP-06284,2023-05-15,Google Ads,Conversion,Travel,North America,39029.05,3687185,84805,8681,3714214.17,2.3,0.46,95.17,4.5
CMP-06285,2024-01-25,Facebook,Engagement,Food & Beverage,Latin America,5795.23,2008072,74901,3444,1400193.67,3.73,0.08,241.61,1.68
CMP-06286,2024-01-26,YouTube,Brand Awareness,Retail,North America,6764.89,2404908,176039,11239,4595493.27,7.32,0.04,679.32,0.6
CMP-06287,2022-09-24,Email,Retargeting,Retail,Asia Pacific,49053.9,16891309,1222930,144843,14823253.1,7.24,0.04,302.18,0.34
CMP-06288,2023-07-14,Email,Engagement,Retail,Latin America,8268.9,2143443,145539,11668,1861965.28,6.79,0.06,225.18,0.71
CMP-06289,2023-12-24,Email,Retargeting,Finance,Europe,17109.09,1644148,61984,1026,369432.86,3.77,0.28,21.59,16.68
CMP-06290,2024-01-08,TikTok,Engagement,Food & Beverage,Europe,15149.36,2626104,203523,20180,9266044.64,7.75,0.07,611.65,0.75
CMP-06291,2023-04-05,LinkedIn,Conversion,Travel,Asia Pacific,7953.41,3046032,23759,586,185291.29,0.78,0.33,23.3,13.57
CMP-06292,2023-11-21,Email,Engagement,Tech,Latin America,30223.91,12735957,524721,6922,577191.98,4.12,0.06,19.1,4.37
CMP-06293,2022-11-24,LinkedIn,Conversion,Healthcare,Latin America,22327.73,6116552,79515,4645,773418.43,1.3,0.28,34.64,4.81
CMP-06294,2022-12-11,Twitter,Conversion,Education,Europe,25804.95,9014484,543573,49013,21881809.68,6.03,0.05,847.97,0.53
CMP-06295,2024-01-02,Twitter,Brand Awareness,Retail,Latin America,23985.49,5623283,307593,24695,2839718.23,5.47,0.08,118.39,0.97
CMP-06296,2023-08-10,Instagram,Lead Generation,Tech,Asia Pacific,45802.28,4622598,279667,30442,3338072.11,6.05,0.16,72.88,1.5
CMP-06297,2023-01-16,Email,Engagement,Healthcare,North America,31937.92,1685812,129133,5081,2056933.68,7.66,0.25,64.4,6.29
CMP-06298,2023-11-06,Twitter,Engagement,Education,North America,37075.25,4990581,118775,1010,292797.46,2.38,0.31,7.9,36.71
CMP-06299,2024-03-15,Instagram,Lead Generation,Education,Latin America,19852.53,6643705,203961,12472,4976946.3,3.07,0.1,250.7,1.59
CMP-06300,2022-02-08,Twitter,Conversion,Finance,Middle East,40549.55,11069309,276732,16851,3501040.64,2.5,0.15,86.34,2.41
CMP-06301,2023-11-09,Facebook,Conversion,Healthcare,Middle East,5285.88,2051690,52933,4506,1001033.83,2.58,0.1,189.38,1.17
CMP-06302,2022-11-13,Twitter,Engagement,Healthcare,North America,15762.12,5382483,270738,21488,3632987.46,5.03,0.06,230.49,0.73
CMP-06303,2023-07-27,Instagram,Engagement,Food & Beverage,Middle East,5097.18,1227426,28721,2864,1427682.92,2.34,0.18,280.09,1.78
CMP-06304,2023-03-03,Email,Conversion,Travel,Asia Pacific,40287.64,4538806,282313,20679,10057779.16,6.22,0.14,249.65,1.95
CMP-06305,2023-03-17,Twitter,Retargeting,Healthcare,North America,49517.44,15187120,1107141,83659,31768849.8,7.29,0.04,641.57,0.59
CMP-06306,2022-07-10,Facebook,Retargeting,Education,Latin America,18653.64,2722527,184859,2167,758580.61,6.79,0.1,40.67,8.61
CMP-06307,2023-06-20,Google Ads,Retargeting,Food & Beverage,Europe,42362.98,21061146,1408990,115655,5548643.5,6.69,0.03,130.98,0.37
CMP-06308,2024-04-29,Google Ads,Retargeting,Finance,Latin America,3921.88,317703,9817,882,268060.88,3.09,0.4,68.35,4.45
CMP-06309,2022-12-21,TikTok,Lead Generation,Finance,Europe,2530.17,770358,26500,327,110896.1,3.44,0.1,43.83,7.74
CMP-06310,2023-03-15,LinkedIn,Lead Generation,Finance,Asia Pacific,14871.09,2155381,83197,8114,3131898.2,3.86,0.18,210.6,1.83
CMP-06311,2022-07-07,TikTok,Brand Awareness,Finance,Latin America,38109.01,17167003,1318425,153763,45244635.75,7.68,0.03,1187.24,0.25
CMP-06312,2023-12-25,Google Ads,Engagement,Tech,Latin America,1657.12,396435,11694,729,203186.51,2.95,0.14,122.61,2.27
CMP-06313,2022-03-23,Google Ads,Engagement,Tech,North America,44125.05,4949730,209868,2195,996066.3,4.24,0.21,22.57,20.1
CMP-06314,2023-07-12,YouTube,Conversion,Food & Beverage,North America,33362.91,8600926,288991,2753,771918.42,3.36,0.12,23.14,12.12
CMP-06315,2023-07-07,Facebook,Conversion,Education,Middle East,31345.01,2160084,115780,8066,871844.02,5.36,0.27,27.81,3.89
CMP-06316,2023-10-21,LinkedIn,Lead Generation,Travel,Europe,17184.62,4988666,299319,16296,6676591.59,6.0,0.06,388.52,1.05
CMP-06317,2024-01-16,YouTube,Retargeting,Travel,Asia Pacific,4124.07,967289,42657,3192,840387.81,4.41,0.1,203.78,1.29
CMP-06318,2023-11-08,Instagram,Lead Generation,Travel,Europe,48707.94,14211521,872587,71103,21986031.41,6.14,0.06,451.38,0.69
CMP-06319,2023-01-03,Facebook,Engagement,Tech,Europe,32128.79,8367381,509573,56293,21452578.06,6.09,0.06,667.71,0.57
CMP-06320,2023-06-20,Google Ads,Engagement,Education,Middle East,16299.57,7770775,374551,39403,3723696.44,4.82,0.04,228.45,0.41
CMP-06321,2023-10-17,Facebook,Lead Generation,Retail,Latin America,19010.93,1027420,68015,7725,714960.0,6.62,0.28,37.61,2.46
CMP-06322,2023-12-21,LinkedIn,Lead Generation,Education,Asia Pacific,7179.56,490527,38359,1388,554922.62,7.82,0.19,77.29,5.17
CMP-06323,2023-08-03,Instagram,Lead Generation,Education,Latin America,19957.47,9208061,671267,27123,12868801.75,7.29,0.03,644.81,0.74
CMP-06324,2024-04-22,YouTube,Engagement,Food & Beverage,North America,38724.1,10395184,828496,48389,11893734.72,7.97,0.05,307.14,0.8
CMP-06325,2023-09-27,Email,Engagement,Finance,Asia Pacific,6081.06,2945027,217931,15897,7224484.34,7.4,0.03,1188.03,0.38
CMP-06326,2022-12-23,LinkedIn,Engagement,Healthcare,Asia Pacific,48566.55,4575027,59475,380,71091.58,1.3,0.82,1.46,127.81
CMP-06327,2022-07-27,TikTok,Brand Awareness,Travel,Middle East,2051.47,200114,4462,141,28151.47,2.23,0.46,13.72,14.55
CMP-06328,2022-02-04,LinkedIn,Engagement,Education,Middle East,28703.05,4713730,355886,32694,11592789.24,7.55,0.08,403.89,0.88
CMP-06329,2023-10-04,LinkedIn,Retargeting,Travel,Latin America,19253.1,8912015,593540,68547,24646178.4,6.66,0.03,1280.11,0.28
CMP-06330,2022-03-30,Facebook,Engagement,Healthcare,Europe,34320.86,2422859,115085,12863,4946386.63,4.75,0.3,144.12,2.67
CMP-06331,2022-03-27,YouTube,Brand Awareness,Travel,Europe,24294.98,7362649,574286,44134,14263322.79,7.8,0.04,587.09,0.55
CMP-06332,2023-02-24,Email,Brand Awareness,Food & Beverage,North America,47113.04,8221457,209647,14210,6364749.64,2.55,0.22,135.1,3.32
CMP-06333,2023-02-24,Email,Retargeting,Healthcare,Middle East,26913.41,10511131,422547,17781,2038646.63,4.02,0.06,75.75,1.51
CMP-06334,2022-03-29,TikTok,Brand Awareness,Finance,Latin America,12838.95,2723682,175405,9309,1428178.46,6.44,0.07,111.24,1.38
CMP-06335,2023-07-22,Google Ads,Brand Awareness,Tech,Asia Pacific,45116.78,10921504,641092,66245,31150594.47,5.87,0.07,690.44,0.68
CMP-06336,2022-08-30,YouTube,Engagement,Travel,North America,14984.54,877580,23782,2487,347144.94,2.71,0.63,23.17,6.03
CMP-06337,2022-08-16,Twitter,Engagement,Food & Beverage,Latin America,49618.42,23499383,552235,13600,5709255.23,2.35,0.09,115.06,3.65
CMP-06338,2022-10-14,Instagram,Conversion,Healthcare,Asia Pacific,18862.21,4433790,218142,1874,194597.19,4.92,0.09,10.32,10.07
CMP-06339,2023-01-27,Instagram,Retargeting,Travel,Europe,20628.51,6647023,440032,29796,2297459.44,6.62,0.05,111.37,0.69
CMP-06340,2022-11-03,Twitter,Engagement,Travel,North America,39635.08,2105190,53682,4045,1376722.78,2.55,0.74,34.73,9.8
CMP-06341,2024-03-27,Google Ads,Brand Awareness,Finance,Latin America,46814.41,7273317,281477,8697,3393661.88,3.87,0.17,72.49,5.38
CMP-06342,2023-05-12,TikTok,Engagement,Education,Asia Pacific,46299.41,17720668,303023,7030,1094323.06,1.71,0.15,23.64,6.59
CMP-06343,2024-03-25,Google Ads,Lead Generation,Education,Europe,37750.33,10001801,371066,17096,3684301.07,3.71,0.1,97.6,2.21
CMP-06344,2023-02-22,TikTok,Conversion,Healthcare,North America,41250.41,20223320,558163,25698,8497463.76,2.76,0.07,206.0,1.61
CMP-06345,2022-11-03,Email,Brand Awareness,Travel,Latin America,11265.21,1096688,32242,352,84288.97,2.94,0.35,7.48,32.0
CMP-06346,2022-01-02,TikTok,Brand Awareness,Travel,Latin America,44997.87,9591905,535228,20394,4688485.85,5.58,0.08,104.19,2.21
CMP-06347,2024-01-26,Instagram,Brand Awareness,Travel,Middle East,2760.22,871819,17000,1840,75667.11,1.95,0.16,27.41,1.5
CMP-06348,2023-08-26,YouTube,Brand Awareness,Travel,Europe,2605.37,164404,4800,56,11858.88,2.92,0.54,4.55,46.52
CMP-06349,2023-03-04,Google Ads,Engagement,Food & Beverage,Europe,46105.41,6381857,339514,5040,655270.55,5.32,0.14,14.21,9.15
CMP-06350,2023-09-11,Twitter,Conversion,Tech,Latin America,21051.89,10472266,530943,28649,12610119.47,5.07,0.04,599.0,0.73
CMP-06351,2024-03-23,Email,Brand Awareness,Education,Europe,44442.22,3787561,212860,14132,5806382.97,5.62,0.21,130.65,3.14
CMP-06352,2023-11-19,LinkedIn,Lead Generation,Tech,Middle East,933.08,367307,9660,900,347735.25,2.63,0.1,372.67,1.04
CMP-06353,2022-09-27,YouTube,Brand Awareness,Retail,Europe,15183.59,773388,32404,3075,593592.19,4.19,0.47,39.09,4.94
CMP-06354,2022-03-05,Twitter,Brand Awareness,Finance,Latin America,43591.91,20684408,688790,58276,21919817.78,3.33,0.06,502.84,0.75
CMP-06355,2024-01-26,LinkedIn,Engagement,Healthcare,Latin America,39414.81,4442459,274543,3344,1187914.68,6.18,0.14,30.14,11.79
CMP-06356,2022-10-23,Instagram,Conversion,Finance,Europe,13791.21,3305189,175175,18312,645115.74,5.3,0.08,46.78,0.75
CMP-06357,2022-01-04,Facebook,Retargeting,Education,North America,21845.56,1167502,84877,3366,717683.44,7.27,0.26,32.85,6.49
CMP-06358,2024-05-13,YouTube,Lead Generation,Retail,Europe,16479.42,1550033,84011,8517,343331.54,5.42,0.2,20.83,1.93
CMP-06359,2023-10-21,Instagram,Brand Awareness,Tech,Europe,9843.33,4100211,223461,25300,6684517.04,5.45,0.04,679.09,0.39
CMP-06360,2024-02-18,Instagram,Lead Generation,Retail,Asia Pacific,39351.51,17199757,132438,10167,1895847.17,0.77,0.3,48.18,3.87
CMP-06361,2023-11-14,Email,Lead Generation,Healthcare,North America,49720.92,18979490,1186218,89157,41153842.12,6.25,0.04,827.7,0.56
CMP-06362,2022-06-16,TikTok,Brand Awareness,Tech,Europe,39659.14,16378658,840225,44818,3116562.9,5.13,0.05,78.58,0.88
CMP-06363,2023-07-22,Instagram,Engagement,Travel,Asia Pacific,1057.61,413467,2811,93,38715.66,0.68,0.38,36.61,11.37
CMP-06364,2022-12-27,Facebook,Retargeting,Education,Europe,19109.18,4229258,99810,2377,756396.52,2.36,0.19,39.58,8.04
CMP-06365,2023-12-31,Facebook,Conversion,Tech,Europe,21019.76,3408801,140783,2530,907855.63,4.13,0.15,43.19,8.31
CMP-06366,2022-08-27,LinkedIn,Brand Awareness,Food & Beverage,North America,17645.94,2091951,64641,7691,2010769.01,3.09,0.27,113.95,2.29
CMP-06367,2023-02-10,Twitter,Brand Awareness,Education,Latin America,16763.28,1494863,16294,1937,406137.85,1.09,1.03,24.23,8.65
CMP-06368,2023-03-01,Email,Conversion,Education,Asia Pacific,37468.99,6752478,407174,44666,7114527.55,6.03,0.09,189.88,0.84
CMP-06369,2022-01-07,TikTok,Lead Generation,Retail,Latin America,32424.2,15405615,1149258,119386,53935665.61,7.46,0.03,1663.44,0.27
CMP-06370,2024-03-08,Twitter,Lead Generation,Healthcare,Asia Pacific,39739.82,16616605,247587,12047,3942967.65,1.49,0.16,99.22,3.3
CMP-06371,2022-07-22,Twitter,Engagement,Tech,North America,12238.58,5093347,162987,12053,5425908.51,3.2,0.08,443.34,1.02
CMP-06372,2024-03-10,Facebook,Conversion,Finance,Europe,23322.38,1602275,13298,1148,468922.12,0.83,1.75,20.11,20.32
CMP-06373,2023-10-20,YouTube,Retargeting,Travel,Europe,25550.35,8289983,603510,20288,4103235.88,7.28,0.04,160.59,1.26
CMP-06374,2023-11-19,Email,Lead Generation,Education,Middle East,43206.08,17717238,1107327,96729,26845025.4,6.25,0.04,621.33,0.45
CMP-06375,2022-11-19,Google Ads,Retargeting,Travel,North America,25440.73,6287165,31435,1466,663746.74,0.5,0.81,26.09,17.35
CMP-06376,2022-08-11,Email,Retargeting,Tech,Middle East,11338.03,5504371,75409,3512,485881.59,1.37,0.15,42.85,3.23
CMP-06377,2022-10-04,Twitter,Lead Generation,Finance,North America,47380.94,13277835,1044965,118904,27217435.83,7.87,0.05,574.44,0.4
CMP-06378,2022-01-19,Google Ads,Lead Generation,Retail,Asia Pacific,44001.59,17191210,936920,44479,12093242.55,5.45,0.05,274.84,0.99
CMP-06379,2024-02-04,Instagram,Conversion,Tech,Asia Pacific,27321.64,1931207,24333,146,43129.64,1.26,1.12,1.58,187.13
CMP-06380,2024-05-11,Email,Conversion,Retail,Europe,43933.42,14851259,800482,59153,28084899.19,5.39,0.05,639.26,0.74
CMP-06381,2023-04-23,Google Ads,Engagement,Retail,Latin America,9876.04,4937594,165903,16413,7036558.9,3.36,0.06,712.49,0.6
CMP-06382,2022-10-29,Facebook,Brand Awareness,Tech,North America,14892.83,3895071,217344,22931,1214348.9,5.58,0.07,81.54,0.65
CMP-06383,2023-03-09,Instagram,Lead Generation,Education,Asia Pacific,28715.9,1621883,21733,1162,549940.91,1.34,1.32,19.15,24.71
CMP-06384,2022-01-09,Instagram,Lead Generation,Food & Beverage,Latin America,30865.71,7757046,325795,26793,2722562.95,4.2,0.09,88.21,1.15
CMP-06385,2022-11-19,Email,Retargeting,Travel,Middle East,44682.15,12316836,182289,15738,2952971.43,1.48,0.25,66.09,2.84
CMP-06386,2023-11-27,YouTube,Retargeting,Finance,North America,19306.75,8404063,200016,10210,2032730.31,2.38,0.1,105.29,1.89
CMP-06387,2022-07-31,Email,Conversion,Healthcare,Latin America,19789.8,8396516,57096,6464,2815005.28,0.68,0.35,142.25,3.06
CMP-06388,2024-02-23,Google Ads,Retargeting,Education,Europe,39646.01,9266387,617141,58533,25526446.95,6.66,0.06,643.86,0.68
CMP-06389,2023-01-21,TikTok,Lead Generation,Retail,North America,28819.03,5130236,325769,3475,1672464.94,6.35,0.09,58.03,8.29
CMP-06390,2023-01-11,TikTok,Conversion,Retail,Europe,13467.78,5194584,172979,6651,1354830.4,3.33,0.08,100.6,2.02
CMP-06391,2024-05-29,Google Ads,Retargeting,Healthcare,Latin America,10442.6,2165261,104149,9607,3771048.37,4.81,0.1,361.12,1.09
CMP-06392,2023-05-29,Instagram,Lead Generation,Retail,Latin America,39309.87,8629635,377978,18223,821435.18,4.38,0.1,20.9,2.16
CMP-06393,2022-08-28,Twitter,Engagement,Finance,North America,45645.79,12840951,780729,79312,35906639.45,6.08,0.06,786.64,0.58
CMP-06394,2022-05-26,Email,Brand Awareness,Finance,Latin America,27143.39,1791189,108366,11179,4813352.68,6.05,0.25,177.33,2.43
CMP-06395,2023-08-19,Email,Brand Awareness,Healthcare,Latin America,24507.6,5160600,154818,5727,227845.22,3.0,0.16,9.3,4.28
CMP-06396,2022-05-17,Instagram,Brand Awareness,Education,North America,24613.58,1623413,118833,7358,3230032.21,7.32,0.21,131.23,3.35
CMP-06397,2023-03-25,TikTok,Brand Awareness,Healthcare,Europe,9812.34,1994662,22340,1433,384479.55,1.12,0.44,39.18,6.85
CMP-06398,2024-04-18,Facebook,Retargeting,Healthcare,Latin America,7192.1,3528678,33875,237,56553.47,0.96,0.21,7.86,30.35
CMP-06399,2023-12-23,TikTok,Lead Generation,Healthcare,Middle East,20744.85,8207984,171546,14601,4673615.13,2.09,0.12,225.29,1.42
CMP-06400,2024-03-31,LinkedIn,Lead Generation,Tech,North America,18210.3,1067924,14950,1454,658427.78,1.4,1.22,36.16,12.52
CMP-06401,2024-04-30,Instagram,Lead Generation,Tech,Middle East,31887.87,8729613,312520,36340,3768289.89,3.58,0.1,118.17,0.88
CMP-06402,2022-05-25,LinkedIn,Lead Generation,Food & Beverage,Middle East,24619.6,4717916,253352,2952,927652.84,5.37,0.1,37.68,8.34
CMP-06403,2022-09-04,Twitter,Lead Generation,Travel,Asia Pacific,21200.78,4085989,223094,11600,1673104.9,5.46,0.1,78.92,1.83
CMP-06404,2022-12-22,TikTok,Brand Awareness,Education,Latin America,5325.24,833980,26020,2329,597309.15,3.12,0.2,112.17,2.29
CMP-06405,2022-03-01,Google Ads,Lead Generation,Finance,Latin America,30305.18,12024360,145494,11573,3850271.56,1.21,0.21,127.05,2.62
CMP-06406,2023-08-16,Facebook,Lead Generation,Tech,Middle East,21743.46,5862784,313072,18395,6928999.38,5.34,0.07,318.67,1.18
CMP-06407,2023-01-10,TikTok,Retargeting,Food & Beverage,Europe,9505.07,3081710,115255,12968,415317.81,3.74,0.08,43.69,0.73
CMP-06408,2022-11-27,Email,Brand Awareness,Education,Asia Pacific,48587.0,22151986,1637031,32183,12672533.51,7.39,0.03,260.82,1.51
CMP-06409,2022-10-16,Instagram,Conversion,Healthcare,Latin America,36950.81,11661796,412827,11537,765206.3,3.54,0.09,20.71,3.2
CMP-06410,2022-03-27,Twitter,Engagement,Retail,North America,30193.55,9037002,147303,10595,4903391.98,1.63,0.2,162.4,2.85
CMP-06411,2022-12-21,LinkedIn,Brand Awareness,Healthcare,Middle East,21346.15,6466685,423567,49101,23274310.23,6.55,0.05,1090.33,0.43
CMP-06412,2022-02-26,Google Ads,Retargeting,Food & Beverage,Latin America,40430.86,16023609,1132869,83818,40688947.94,7.07,0.04,1006.38,0.48
CMP-06413,2023-10-08,Twitter,Retargeting,Food & Beverage,North America,46929.22,22946413,1431856,134246,53422637.73,6.24,0.03,1138.37,0.35
CMP-06414,2022-06-11,LinkedIn,Conversion,Education,Asia Pacific,7603.27,3466800,166406,979,196409.07,4.8,0.05,25.83,7.77
CMP-06415,2022-10-28,Facebook,Conversion,Food & Beverage,North America,30528.35,11906988,332204,35571,15915683.94,2.79,0.09,521.34,0.86
CMP-06416,2024-05-20,Instagram,Lead Generation,Food & Beverage,Latin America,43057.58,6294610,338020,17682,6453363.89,5.37,0.13,149.88,2.44
CMP-06417,2022-11-11,Email,Retargeting,Tech,Latin America,16228.88,829574,52263,5390,1114404.47,6.3,0.31,68.67,3.01
CMP-06418,2023-03-13,Facebook,Lead Generation,Tech,Middle East,37155.72,3473181,81619,761,368570.71,2.35,0.46,9.92,48.82
CMP-06419,2023-10-15,TikTok,Brand Awareness,Retail,Europe,7104.2,2988237,206786,21866,1995048.55,6.92,0.03,280.83,0.32
CMP-06420,2024-04-22,Facebook,Engagement,Travel,Europe,22882.99,9018949,48702,4709,1416227.04,0.54,0.47,61.89,4.86
CMP-06421,2023-08-08,Email,Brand Awareness,Food & Beverage,Asia Pacific,28509.4,3051427,82693,9620,1193972.26,2.71,0.34,41.88,2.96
CMP-06422,2023-12-24,Instagram,Engagement,Travel,Europe,13782.33,1389799,11257,1268,305499.68,0.81,1.22,22.17,10.87
CMP-06423,2023-07-19,Instagram,Conversion,Finance,Middle East,21603.04,9832252,109137,9784,4259432.93,1.11,0.2,197.17,2.21
CMP-06424,2023-04-22,Facebook,Conversion,Retail,Asia Pacific,17003.6,2988353,19125,225,83907.32,0.64,0.89,4.93,75.57
CMP-06425,2022-01-23,LinkedIn,Engagement,Tech,Asia Pacific,11708.51,2377419,130282,9846,1247000.71,5.48,0.09,106.5,1.19
CMP-06426,2023-08-23,Twitter,Lead Generation,Retail,Latin America,5369.96,1677781,57044,2236,232415.26,3.4,0.09,43.28,2.4
CMP-06427,2023-12-11,LinkedIn,Lead Generation,Tech,Asia Pacific,47809.03,13074096,479819,11103,1222360.96,3.67,0.1,25.57,4.31
CMP-06428,2023-12-31,Email,Lead Generation,Tech,Europe,21095.34,6122187,154279,6345,3111922.17,2.52,0.14,147.52,3.32
CMP-06429,2024-01-31,Facebook,Engagement,Travel,Middle East,7146.39,850850,35820,4173,633868.26,4.21,0.2,88.7,1.71
CMP-06430,2023-08-18,Twitter,Lead Generation,Education,North America,5433.37,2639432,69153,4195,440542.29,2.62,0.08,81.08,1.3
CMP-06431,2022-12-18,Google Ads,Retargeting,Education,Latin America,22299.59,4787718,323170,10258,1334183.34,6.75,0.07,59.83,2.17
CMP-06432,2023-04-18,Twitter,Lead Generation,Retail,Europe,41024.07,4586871,121093,4816,1525788.9,2.64,0.34,37.19,8.52
CMP-06433,2022-05-06,TikTok,Lead Generation,Travel,Asia Pacific,47387.31,20620311,480453,9969,4480078.82,2.33,0.1,94.54,4.75
CMP-06434,2022-07-12,Twitter,Engagement,Retail,Middle East,3836.48,354628,27022,253,59518.12,7.62,0.14,15.51,15.16
CMP-06435,2023-12-20,Google Ads,Brand Awareness,Travel,Europe,675.61,245258,13170,271,107626.52,5.37,0.05,159.3,2.49
CMP-06436,2023-05-27,LinkedIn,Retargeting,Retail,Middle East,20205.95,4754800,194471,14100,675807.05,4.09,0.1,33.45,1.43
CMP-06437,2022-05-02,Twitter,Brand Awareness,Finance,Latin America,43275.54,15067638,797078,33176,8830411.99,5.29,0.05,204.05,1.3
CMP-06438,2022-09-21,Twitter,Lead Generation,Retail,Asia Pacific,16503.09,3428021,215622,18937,2217014.6,6.29,0.08,134.34,0.87
CMP-06439,2024-06-17,LinkedIn,Retargeting,Healthcare,Latin America,24496.94,10875830,224042,10797,1447681.97,2.06,0.11,59.1,2.27
CMP-06440,2023-02-11,LinkedIn,Lead Generation,Finance,Asia Pacific,19994.13,7542565,310753,9910,4181573.26,4.12,0.06,209.14,2.02
CMP-06441,2022-05-21,TikTok,Brand Awareness,Travel,Middle East,28834.67,9500535,219462,24754,1369158.94,2.31,0.13,47.48,1.16
CMP-06442,2023-06-22,Twitter,Lead Generation,Travel,Middle East,4096.36,1242207,49067,2438,300415.9,3.95,0.08,73.34,1.68
CMP-06443,2022-09-06,Google Ads,Engagement,Retail,Latin America,20280.87,3711355,237897,22783,6398394.23,6.41,0.09,315.49,0.89
CMP-06444,2022-10-28,Instagram,Conversion,Education,Asia Pacific,16079.62,5118341,109532,1814,300399.17,2.14,0.15,18.68,8.86
CMP-06445,2024-05-02,TikTok,Brand Awareness,Tech,Latin America,47896.85,6890429,169504,5065,2218931.47,2.46,0.28,46.33,9.46
CMP-06446,2023-10-16,Twitter,Engagement,Retail,Latin America,636.83,201102,10396,1197,504674.84,5.17,0.06,792.48,0.53
CMP-06447,2022-08-17,Facebook,Lead Generation,Food & Beverage,North America,11458.63,1676488,56497,1819,766061.55,3.37,0.2,66.85,6.3
CMP-06448,2022-07-14,Twitter,Engagement,Retail,Asia Pacific,2912.84,537509,27144,2043,734179.27,5.05,0.11,252.05,1.43
CMP-06449,2022-09-06,Facebook,Retargeting,Healthcare,Latin America,43238.59,12996936,1031956,75118,17473561.27,7.94,0.04,404.12,0.58
CMP-06450,2022-12-11,Facebook,Engagement,Finance,Europe,40568.91,20042783,458979,26937,3132245.66,2.29,0.09,77.21,1.51
CMP-06451,2024-02-24,YouTube,Retargeting,Retail,Middle East,24704.11,7640711,428643,29600,6035778.51,5.61,0.06,244.32,0.83
CMP-06452,2023-04-12,YouTube,Brand Awareness,Tech,North America,8283.11,2225316,36717,4019,849586.84,1.65,0.23,102.57,2.06
CMP-06453,2023-04-07,Twitter,Engagement,Food & Beverage,Latin America,42010.31,10887040,320078,26163,9265521.98,2.94,0.13,220.55,1.61
CMP-06454,2023-04-08,Google Ads,Engagement,Education,Europe,27125.6,9361425,478368,37567,6841946.11,5.11,0.06,252.23,0.72
CMP-06455,2024-01-09,Twitter,Conversion,Travel,Middle East,18067.67,2974859,142793,1094,327559.77,4.8,0.13,18.13,16.52
CMP-06456,2022-08-20,YouTube,Conversion,Tech,Middle East,19329.77,4296984,323992,6325,501677.41,7.54,0.06,25.95,3.06
CMP-06457,2024-04-27,LinkedIn,Brand Awareness,Education,Asia Pacific,41710.78,20579979,627689,3846,880158.87,3.05,0.07,21.1,10.85
CMP-06458,2022-08-12,Twitter,Engagement,Tech,Europe,10128.56,3712556,250226,14088,1220844.24,6.74,0.04,120.53,0.72
CMP-06459,2023-06-28,Facebook,Retargeting,Healthcare,Asia Pacific,49847.94,19468859,1197334,104880,38707283.75,6.15,0.04,776.51,0.48
CMP-06460,2024-06-09,Google Ads,Engagement,Food & Beverage,Asia Pacific,49133.66,13085928,386034,29099,9633422.15,2.95,0.13,196.07,1.69
CMP-06461,2024-01-06,Twitter,Lead Generation,Education,Middle East,31253.5,9433217,682021,25702,10419265.22,7.23,0.05,333.38,1.22
CMP-06462,2022-05-13,Facebook,Brand Awareness,Retail,Europe,19147.15,8729419,582252,14285,3675592.85,6.67,0.03,191.97,1.34
CMP-06463,2024-03-16,Twitter,Engagement,Finance,Asia Pacific,35822.36,8941721,343362,29135,13490296.29,3.84,0.1,376.59,1.23
CMP-06464,2022-08-10,YouTube,Conversion,Food & Beverage,Latin America,25139.41,7448475,485640,54689,23259396.87,6.52,0.05,925.22,0.46
CMP-06465,2023-07-07,Facebook,Brand Awareness,Retail,North America,25199.0,10355000,426626,33552,3844629.09,4.12,0.06,152.57,0.75
CMP-06466,2024-03-05,Email,Conversion,Healthcare,Asia Pacific,2374.82,599916,22736,1389,295220.08,3.79,0.1,124.31,1.71
CMP-06467,2022-09-02,Facebook,Engagement,Retail,Middle East,16089.54,1842189,118084,956,433363.38,6.41,0.14,26.93,16.83
CMP-06468,2022-05-28,Twitter,Engagement,Tech,Middle East,15596.91,2651984,98388,5106,2372933.82,3.71,0.16,152.14,3.05
CMP-06469,2022-08-27,LinkedIn,Engagement,Healthcare,North America,33560.11,3752132,19886,1171,467366.52,0.53,1.69,13.93,28.66
CMP-06470,2023-11-16,LinkedIn,Lead Generation,Food & Beverage,Latin America,1565.19,201641,4678,451,44011.85,2.32,0.33,28.12,3.47
CMP-06471,2022-08-11,Instagram,Lead Generation,Finance,Europe,49263.34,15250942,1207874,95721,4841360.22,7.92,0.04,98.28,0.51
CMP-06472,2024-06-17,Twitter,Engagement,Tech,North America,48770.69,7255615,367134,36849,14827372.28,5.06,0.13,304.02,1.32
CMP-06473,2022-02-03,Facebook,Retargeting,Travel,Middle East,32696.01,11456979,135192,2604,120461.96,1.18,0.24,3.68,12.56
CMP-06474,2022-06-03,YouTube,Brand Awareness,Healthcare,North America,6518.36,2771584,206205,4876,718801.02,7.44,0.03,110.27,1.34
CMP-06475,2024-01-16,LinkedIn,Conversion,Retail,North America,37104.79,13696495,973820,114622,11760614.86,7.11,0.04,316.96,0.32
CMP-06476,2022-05-22,Email,Lead Generation,Finance,Asia Pacific,22846.15,2456265,79091,7156,1642620.15,3.22,0.29,71.9,3.19
CMP-06477,2022-03-07,Facebook,Engagement,Healthcare,Middle East,15858.53,2381514,88354,4895,2431093.85,3.71,0.18,153.3,3.24
CMP-06478,2024-05-23,YouTube,Engagement,Travel,Asia Pacific,10820.91,4883100,108404,8288,2762664.19,2.22,0.1,255.31,1.31
CMP-06479,2022-05-18,LinkedIn,Retargeting,Travel,North America,33777.8,8521334,589676,17124,4706388.98,6.92,0.06,139.33,1.97
CMP-06480,2022-02-17,TikTok,Conversion,Retail,North America,9496.78,3029479,181465,17114,7075401.94,5.99,0.05,745.03,0.55
CMP-06481,2022-05-16,LinkedIn,Lead Generation,Healthcare,Latin America,42792.1,11865241,302563,7406,628854.96,2.55,0.14,14.7,5.78
CMP-06482,2023-05-21,Twitter,Engagement,Travel,Europe,47156.3,5404859,345370,6639,1289973.9,6.39,0.14,27.36,7.1
CMP-06483,2022-06-22,Facebook,Lead Generation,Finance,North America,844.17,113082,1085,94,11887.34,0.96,0.78,14.08,8.98
CMP-06484,2024-04-24,Twitter,Retargeting,Tech,Middle East,44657.31,7590935,598165,36068,6905669.87,7.88,0.07,154.64,1.24
CMP-06485,2022-05-08,Twitter,Lead Generation,Travel,Middle East,16143.83,3273576,45830,3810,1151359.91,1.4,0.35,71.32,4.24
CMP-06486,2024-01-02,Facebook,Engagement,Healthcare,Asia Pacific,38035.49,4843388,322569,35125,12817162.11,6.66,0.12,336.98,1.08
CMP-06487,2023-07-14,Instagram,Lead Generation,Food & Beverage,Middle East,39910.69,5708921,111323,3429,450801.33,1.95,0.36,11.3,11.64
CMP-06488,2022-11-24,Instagram,Conversion,Travel,Middle East,33783.46,5109088,242681,2894,589933.6,4.75,0.14,17.46,11.67
CMP-06489,2022-04-25,Twitter,Lead Generation,Healthcare,Europe,47587.66,5639590,315817,22525,5352425.42,5.6,0.15,112.48,2.11
CMP-06490,2023-10-18,YouTube,Engagement,Finance,Latin America,8400.01,4155123,142520,4250,452096.97,3.43,0.06,53.82,1.98
CMP-06491,2023-04-27,Google Ads,Lead Generation,Finance,Asia Pacific,26827.25,11348110,289376,3421,1165020.77,2.55,0.09,43.43,7.84
CMP-06492,2024-04-28,Facebook,Brand Awareness,Healthcare,Middle East,35532.24,14811173,103678,12161,4175323.67,0.7,0.34,117.51,2.92
CMP-06493,2024-03-17,Instagram,Engagement,Tech,Middle East,11127.16,1079537,29903,2591,972988.23,2.77,0.37,87.44,4.29
CMP-06494,2022-05-30,Instagram,Retargeting,Healthcare,Europe,39074.74,9957756,147374,8006,2346544.44,1.48,0.27,60.05,4.88
CMP-06495,2024-01-09,LinkedIn,Conversion,Food & Beverage,Latin America,35415.09,16428609,931502,86836,23007638.08,5.67,0.04,649.66,0.41
CMP-06496,2023-04-14,Twitter,Engagement,Tech,Latin America,28889.45,4254140,247590,1826,533619.82,5.82,0.12,18.47,15.82
CMP-06497,2022-04-12,Twitter,Engagement,Food & Beverage,Europe,41063.39,5787558,163209,3320,626711.0,2.82,0.25,15.26,12.37
CMP-06498,2022-05-29,Google Ads,Lead Generation,Travel,Europe,46434.02,10910517,608806,21633,5376675.75,5.58,0.08,115.79,2.15
CMP-06499,2023-08-27,Email,Brand Awareness,Retail,Asia Pacific,42959.2,16286402,666113,19741,722700.39,4.09,0.06,16.82,2.18
CMP-06500,2022-10-13,Email,Brand Awareness,Travel,Asia Pacific,30224.66,2077799,163107,1002,165012.09,7.85,0.19,5.46,30.16
CMP-06501,2022-07-19,TikTok,Conversion,Food & Beverage,Europe,48138.19,11691548,206940,10691,5017172.76,1.77,0.23,104.22,4.5
CMP-06502,2022-04-25,Email,Engagement,Education,Middle East,16599.15,6898439,249723,19547,2115210.28,3.62,0.07,127.43,0.85
CMP-06503,2024-02-14,LinkedIn,Conversion,Healthcare,Asia Pacific,8916.82,3883854,294784,26530,5263035.92,7.59,0.03,590.24,0.34
CMP-06504,2023-04-21,TikTok,Lead Generation,Travel,Latin America,14698.79,3839801,108282,6299,1015347.61,2.82,0.14,69.08,2.33
CMP-06505,2023-11-28,Instagram,Engagement,Healthcare,Latin America,47151.21,5411026,230509,7542,367380.48,4.26,0.2,7.79,6.25
CMP-06506,2023-09-25,Instagram,Brand Awareness,Travel,Middle East,33947.97,3950974,304620,2616,621075.85,7.71,0.11,18.29,12.98
CMP-06507,2024-04-22,YouTube,Retargeting,Finance,North America,45494.48,7803723,203677,15711,4459110.63,2.61,0.22,98.01,2.9
CMP-06508,2022-11-30,Google Ads,Lead Generation,Tech,Middle East,20156.77,2783703,207107,17788,4975317.95,7.44,0.1,246.83,1.13
CMP-06509,2022-04-19,Google Ads,Conversion,Food & Beverage,North America,14637.63,6687019,424625,10440,392369.28,6.35,0.03,26.81,1.4
CMP-06510,2023-12-15,LinkedIn,Conversion,Retail,Middle East,4774.14,1783535,93457,1034,330190.77,5.24,0.05,69.16,4.62
CMP-06511,2024-04-02,Facebook,Lead Generation,Healthcare,Europe,9676.99,1371767,107272,10092,1300520.88,7.82,0.09,134.39,0.96
CMP-06512,2023-02-13,Twitter,Conversion,Finance,Middle East,2642.14,1158619,26184,2661,135433.66,2.26,0.1,51.26,0.99
CMP-06513,2023-03-02,TikTok,Conversion,Education,Latin America,36210.35,17293821,89927,2274,421716.31,0.52,0.4,11.65,15.92
CMP-06514,2024-01-22,Facebook,Engagement,Finance,Asia Pacific,29325.01,12647871,957443,79644,3663286.79,7.57,0.03,124.92,0.37
CMP-06515,2024-06-06,YouTube,Brand Awareness,Tech,Middle East,7798.4,673072,20932,2509,1064824.38,3.11,0.37,136.54,3.11
CMP-06516,2023-06-19,Instagram,Lead Generation,Finance,North America,10366.18,5032508,272761,29718,6587306.24,5.42,0.04,635.46,0.35
CMP-06517,2024-06-16,YouTube,Lead Generation,Finance,Middle East,33906.28,13889142,691679,9078,3659542.97,4.98,0.05,107.93,3.73
CMP-06518,2023-12-18,Google Ads,Retargeting,Tech,Latin America,32807.9,12383911,369040,7010,633377.63,2.98,0.09,19.31,4.68
CMP-06519,2022-11-02,Twitter,Conversion,Retail,Europe,4423.89,590707,26936,1506,579806.43,4.56,0.16,131.06,2.94
CMP-06520,2022-11-14,Facebook,Lead Generation,Finance,North America,20212.76,7182733,52433,4232,569385.6,0.73,0.39,28.17,4.78
CMP-06521,2022-08-14,Google Ads,Brand Awareness,Tech,Europe,27528.04,11444082,864028,70940,17366057.65,7.55,0.03,630.85,0.39
CMP-06522,2024-02-19,Facebook,Conversion,Tech,Asia Pacific,26383.73,9607998,610107,36142,4782261.7,6.35,0.04,181.26,0.73
CMP-06523,2022-09-23,YouTube,Retargeting,Education,Middle East,13896.81,707984,49417,4929,2016689.64,6.98,0.28,145.12,2.82
CMP-06524,2022-04-24,Twitter,Retargeting,Food & Beverage,Europe,5896.04,692507,7548,858,319506.92,1.09,0.78,54.19,6.87
CMP-06525,2023-02-05,TikTok,Lead Generation,Education,Europe,22215.82,10516766,375448,23966,9680742.22,3.57,0.06,435.76,0.93
CMP-06526,2023-04-28,YouTube,Retargeting,Tech,North America,881.76,409223,2823,17,5553.97,0.69,0.31,6.3,51.87
CMP-06527,2023-12-17,Email,Conversion,Healthcare,Europe,44834.66,4562523,203944,7296,2360657.23,4.47,0.22,52.65,6.15
CMP-06528,2023-11-17,YouTube,Engagement,Retail,Asia Pacific,43539.64,6799760,514741,43945,20604439.7,7.57,0.08,473.23,0.99
CMP-06529,2023-12-28,Instagram,Retargeting,Food & Beverage,North America,18688.99,4112921,62105,1120,133298.15,1.51,0.3,7.13,16.69
CMP-06530,2022-08-29,YouTube,Lead Generation,Retail,Latin America,13572.18,4156267,182044,3141,1376183.36,4.38,0.07,101.4,4.32
CMP-06531,2023-01-18,Twitter,Engagement,Healthcare,Latin America,34752.38,15699541,615422,45704,17081027.54,3.92,0.06,491.51,0.76
CMP-06532,2022-09-29,YouTube,Conversion,Retail,Middle East,35379.8,17078383,191277,20064,6654894.51,1.12,0.18,188.1,1.76
CMP-06533,2022-04-12,Email,Brand Awareness,Retail,Latin America,21751.71,5348911,110722,9899,4522659.86,2.07,0.2,207.92,2.2
CMP-06534,2023-05-22,Google Ads,Lead Generation,Retail,Latin America,34715.08,15405576,93974,11143,4259599.77,0.61,0.37,122.7,3.12
CMP-06535,2023-08-04,Twitter,Engagement,Travel,Europe,4325.25,2078279,61101,1956,570224.38,2.94,0.07,131.84,2.21
CMP-06536,2022-09-23,YouTube,Brand Awareness,Retail,Asia Pacific,39773.73,2128761,90685,10089,3297255.6,4.26,0.44,82.9,3.94
CMP-06537,2023-10-01,Google Ads,Conversion,Tech,Europe,42301.76,2318139,114747,4770,1251037.42,4.95,0.37,29.57,8.87
CMP-06538,2024-06-02,YouTube,Conversion,Travel,Middle East,33925.12,16840681,751094,17210,5713856.79,4.46,0.05,168.43,1.97
CMP-06539,2023-02-21,Instagram,Lead Generation,Healthcare,Asia Pacific,2078.71,848751,62807,1846,267566.39,7.4,0.03,128.72,1.13
CMP-06540,2023-05-01,Facebook,Brand Awareness,Retail,Latin America,47526.25,2962171,113451,8527,4194026.41,3.83,0.42,88.25,5.57
CMP-06541,2023-11-14,TikTok,Lead Generation,Retail,Middle East,41931.62,9020118,508734,29664,6914315.33,5.64,0.08,164.9,1.41
CMP-06542,2022-06-02,YouTube,Conversion,Travel,Europe,32627.08,16263808,1188884,18882,3898336.84,7.31,0.03,119.48,1.73
CMP-06543,2022-08-25,Google Ads,Brand Awareness,Retail,Asia Pacific,3474.37,468778,10172,120,34418.23,2.17,0.34,9.91,28.95
CMP-06544,2022-12-23,Facebook,Retargeting,Tech,Asia Pacific,23727.73,3966828,61882,7249,2852321.41,1.56,0.38,120.21,3.27
CMP-06545,2023-02-25,Email,Retargeting,Healthcare,Middle East,31725.18,8693093,136481,9846,2890248.31,1.57,0.23,91.1,3.22
CMP-06546,2023-09-11,Google Ads,Engagement,Tech,Europe,43389.23,6766064,479037,10113,2252336.29,7.08,0.09,51.91,4.29
CMP-06547,2023-12-20,YouTube,Retargeting,Healthcare,Latin America,41008.42,18749104,260612,20609,6844201.91,1.39,0.16,166.9,1.99
CMP-06548,2023-02-03,Instagram,Lead Generation,Travel,Asia Pacific,28639.98,8600832,87728,5364,2621714.61,1.02,0.33,91.54,5.34
CMP-06549,2024-03-26,Instagram,Brand Awareness,Tech,Latin America,22990.56,2486020,180485,17415,8131777.5,7.26,0.13,353.7,1.32
CMP-06550,2022-05-25,Google Ads,Lead Generation,Retail,Europe,40424.3,10069356,497426,3927,565473.05,4.94,0.08,13.99,10.29
CMP-06551,2022-03-27,Google Ads,Conversion,Tech,Latin America,3908.68,318642,10132,1150,139806.92,3.18,0.39,35.77,3.4
CMP-06552,2024-04-02,YouTube,Lead Generation,Education,Asia Pacific,23987.88,2360587,29035,3186,1338987.59,1.23,0.83,55.82,7.53
CMP-06553,2022-06-09,YouTube,Brand Awareness,Retail,Middle East,12103.29,3580793,29004,1251,429515.1,0.81,0.42,35.49,9.67
CMP-06554,2022-10-17,Instagram,Lead Generation,Retail,Middle East,41218.92,17270758,143347,11565,2394781.29,0.83,0.29,58.1,3.56
CMP-06555,2022-01-24,Email,Lead Generation,Healthcare,Asia Pacific,41353.86,10558884,478317,51819,3352869.36,4.53,0.09,81.08,0.8
CMP-06556,2023-07-21,Email,Lead Generation,Education,Middle East,31841.54,11698013,679654,50472,21194151.59,5.81,0.05,665.61,0.63
CMP-06557,2023-06-01,TikTok,Conversion,Finance,Middle East,3595.81,1023338,47687,3335,1093787.84,4.66,0.08,304.18,1.08
CMP-06558,2023-03-07,YouTube,Retargeting,Finance,Latin America,30046.89,11941796,543351,58382,2310608.94,4.55,0.06,76.9,0.51
CMP-06559,2022-12-30,Twitter,Lead Generation,Healthcare,Asia Pacific,10452.01,2207829,126287,5633,2569761.07,5.72,0.08,245.86,1.86
CMP-06560,2024-03-13,TikTok,Brand Awareness,Retail,Europe,6466.46,1528262,24452,488,170281.6,1.6,0.26,26.33,13.25
CMP-06561,2022-08-25,Email,Retargeting,Retail,Europe,26892.25,10819149,568005,47755,19444309.06,5.25,0.05,723.05,0.56
CMP-06562,2022-02-02,Google Ads,Engagement,Retail,Europe,49645.43,8608701,204887,12452,4649464.48,2.38,0.24,93.65,3.99
CMP-06563,2023-04-10,Instagram,Brand Awareness,Finance,Latin America,22963.59,6431069,138267,2878,972312.31,2.15,0.17,42.34,7.98
CMP-06564,2023-05-20,LinkedIn,Brand Awareness,Education,Europe,14861.31,7035939,135793,2121,579518.78,1.93,0.11,39.0,7.01
CMP-06565,2023-05-12,LinkedIn,Conversion,Education,Latin America,37624.82,15675482,1156850,98623,14006449.17,7.38,0.03,372.27,0.38
CMP-06566,2022-06-10,YouTube,Engagement,Food & Beverage,Asia Pacific,31778.59,10751837,395667,11442,1059838.04,3.68,0.08,33.35,2.78
CMP-06567,2023-10-07,LinkedIn,Brand Awareness,Travel,Latin America,20627.82,4874457,99438,9795,3733382.89,2.04,0.21,180.99,2.11
CMP-06568,2022-04-05,LinkedIn,Brand Awareness,Travel,Asia Pacific,13950.7,3323176,103018,3159,456681.87,3.1,0.14,32.74,4.42
CMP-06569,2023-12-20,YouTube,Brand Awareness,Travel,Europe,43639.5,12548688,828213,30634,12237076.31,6.6,0.05,280.41,1.42
CMP-06570,2024-01-10,LinkedIn,Engagement,Healthcare,Latin America,33490.34,11371792,560629,10157,4540666.1,4.93,0.06,135.58,3.3
CMP-06571,2023-06-08,Email,Conversion,Healthcare,Latin America,31429.42,10966771,775350,92386,29943849.81,7.07,0.04,952.73,0.34
CMP-06572,2022-11-04,Facebook,Engagement,Tech,North America,41083.79,6061276,172140,13776,1451883.68,2.84,0.24,35.34,2.98
CMP-06573,2023-04-23,YouTube,Brand Awareness,Education,Asia Pacific,6891.48,3412227,256258,12712,5331661.85,7.51,0.03,773.66,0.54
CMP-06574,2022-11-29,TikTok,Engagement,Finance,Middle East,33580.49,3153356,194246,3426,328115.21,6.16,0.17,9.77,9.8
CMP-06575,2023-02-13,Twitter,Lead Generation,Education,North America,26078.84,4769799,134985,12941,4459190.36,2.83,0.19,170.99,2.02
CMP-06576,2023-03-30,Facebook,Brand Awareness,Education,Latin America,1564.33,510183,39794,1637,102165.8,7.8,0.04,65.31,0.96
CMP-06577,2022-12-17,Google Ads,Engagement,Food & Beverage,Latin America,12390.11,1706880,86880,3761,1682461.88,5.09,0.14,135.79,3.29
CMP-06578,2022-04-16,TikTok,Engagement,Tech,Europe,21120.1,5547772,362824,19187,6077952.54,6.54,0.06,287.78,1.1
CMP-06579,2022-04-27,Twitter,Brand Awareness,Education,Asia Pacific,39639.93,7211513,199758,20071,8623902.0,2.77,0.2,217.56,1.97
CMP-06580,2023-04-27,Instagram,Brand Awareness,Finance,Europe,43570.05,3867070,156229,18025,4619657.31,4.04,0.28,106.03,2.42
CMP-06581,2022-12-02,Google Ads,Engagement,Education,North America,26572.17,5195560,188598,4524,511715.75,3.63,0.14,19.26,5.87
CMP-06582,2023-03-22,LinkedIn,Conversion,Retail,Latin America,9239.6,3295726,161820,3116,1503406.27,4.91,0.06,162.71,2.97
CMP-06583,2024-03-20,Facebook,Lead Generation,Retail,Middle East,47258.84,16249034,1228426,125328,27533956.83,7.56,0.04,582.62,0.38
CMP-06584,2022-06-13,Google Ads,Engagement,Healthcare,Asia Pacific,43880.2,10384651,596078,14097,952479.0,5.74,0.07,21.71,3.11
CMP-06585,2022-12-21,Email,Conversion,Retail,Asia Pacific,28950.56,9112319,506644,43642,16843636.86,5.56,0.06,581.81,0.66
CMP-06586,2024-01-05,Instagram,Brand Awareness,Tech,Middle East,21413.18,3386942,25740,3049,179243.49,0.76,0.83,8.37,7.02
CMP-06587,2023-01-27,LinkedIn,Conversion,Healthcare,Asia Pacific,39708.89,14482121,551768,57102,2127284.64,3.81,0.07,53.57,0.7
CMP-06588,2024-01-12,Facebook,Engagement,Finance,Asia Pacific,19267.65,5236305,223066,17958,2750486.36,4.26,0.09,142.75,1.07
CMP-06589,2022-12-12,Google Ads,Conversion,Travel,Middle East,7974.32,3924498,230368,18227,3700617.77,5.87,0.03,464.07,0.44
CMP-06590,2023-11-18,YouTube,Retargeting,Finance,Asia Pacific,32178.06,8181640,193086,17733,2454297.91,2.36,0.17,76.27,1.81
CMP-06591,2024-05-20,Instagram,Engagement,Travel,Europe,36097.51,3632792,118792,3424,435870.32,3.27,0.3,12.07,10.54
CMP-06592,2023-03-06,Email,Lead Generation,Retail,Asia Pacific,10643.71,935020,56568,650,66326.69,6.05,0.19,6.23,16.37
CMP-06593,2022-02-05,Instagram,Retargeting,Tech,Europe,29960.79,1974213,141353,15556,7069022.69,7.16,0.21,235.94,1.93
CMP-06594,2023-12-16,LinkedIn,Brand Awareness,Finance,Middle East,42942.98,12253698,383540,16911,548530.56,3.13,0.11,12.77,2.54
CMP-06595,2022-12-01,Twitter,Brand Awareness,Travel,North America,23131.09,11099963,108779,1766,835005.81,0.98,0.21,36.1,13.1
CMP-06596,2023-04-22,Instagram,Engagement,Finance,Europe,40061.02,8295556,186650,6985,2515056.5,2.25,0.21,62.78,5.74
CMP-06597,2024-04-08,LinkedIn,Conversion,Healthcare,Europe,26706.06,12016999,702994,62998,22173986.54,5.85,0.04,830.3,0.42
CMP-06598,2023-08-19,LinkedIn,Lead Generation,Food & Beverage,Asia Pacific,2227.55,1001135,10011,126,61704.59,1.0,0.22,27.7,17.68
CMP-06599,2023-10-17,Email,Brand Awareness,Food & Beverage,Europe,45345.85,12976687,577462,53531,4211735.54,4.45,0.08,92.88,0.85
CMP-06600,2022-06-24,Facebook,Retargeting,Food & Beverage,Latin America,42210.39,14505136,150853,5486,336406.39,1.04,0.28,7.97,7.69
CMP-06601,2024-04-16,Facebook,Engagement,Travel,Asia Pacific,5846.33,2051202,156711,5887,966110.2,7.64,0.04,165.25,0.99
CMP-06602,2023-11-04,Twitter,Engagement,Finance,Europe,26145.84,5527024,158072,15757,7056666.6,2.86,0.17,269.9,1.66
CMP-06603,2024-06-13,YouTube,Conversion,Tech,Middle East,3381.08,1550530,14419,559,223037.8,0.93,0.23,65.97,6.05
CMP-06604,2022-05-28,Instagram,Lead Generation,Tech,Latin America,21138.75,8406559,531294,19370,4251937.26,6.32,0.04,201.14,1.09
CMP-06605,2022-04-23,Email,Conversion,Tech,Asia Pacific,28054.52,2400046,99121,7620,2083028.42,4.13,0.28,74.25,3.68
CMP-06606,2023-12-07,Instagram,Lead Generation,Education,Europe,37836.73,13538040,759484,52205,13075885.51,5.61,0.05,345.59,0.72
CMP-06607,2024-04-15,YouTube,Retargeting,Healthcare,Europe,6953.47,600833,16823,365,92153.46,2.8,0.41,13.25,19.05
CMP-06608,2022-06-05,Instagram,Engagement,Healthcare,Middle East,6785.45,1166200,66823,872,409167.22,5.73,0.1,60.3,7.78
CMP-06609,2022-05-12,Instagram,Retargeting,Finance,Europe,6514.22,1878132,116819,13298,478226.14,6.22,0.06,73.41,0.49
CMP-06610,2023-12-11,Instagram,Engagement,Travel,Latin America,4621.92,1638394,51609,4406,1634919.55,3.15,0.09,353.73,1.05
CMP-06611,2023-08-11,Email,Brand Awareness,Education,Latin America,44368.02,20031606,1255981,142372,24788341.41,6.27,0.04,558.7,0.31
CMP-06612,2024-01-30,Email,Conversion,Education,Latin America,35065.52,13654718,217110,15889,2882244.47,1.59,0.16,82.2,2.21
CMP-06613,2022-06-04,Instagram,Retargeting,Retail,North America,10256.44,1279310,56545,439,60839.11,4.42,0.18,5.93,23.36
CMP-06614,2023-05-28,LinkedIn,Engagement,Tech,Latin America,29233.51,4375374,226644,19839,6950040.87,5.18,0.13,237.74,1.47
CMP-06615,2023-05-03,Instagram,Brand Awareness,Food & Beverage,Latin America,44333.58,14599994,217539,14716,6007772.68,1.49,0.2,135.51,3.01
CMP-06616,2023-03-19,Facebook,Engagement,Tech,Latin America,10400.49,2614329,85749,8663,1972831.37,3.28,0.12,189.69,1.2
CMP-06617,2024-04-12,Google Ads,Conversion,Retail,Latin America,29553.86,3020386,231059,20269,2000205.98,7.65,0.13,67.68,1.46
CMP-06618,2023-10-29,LinkedIn,Conversion,Retail,Latin America,14476.82,1424745,79073,6615,1009268.92,5.55,0.18,69.72,2.19
CMP-06619,2023-05-02,Instagram,Lead Generation,Tech,Europe,46979.01,3558094,81480,4738,1820868.1,2.29,0.58,38.76,9.92
CMP-06620,2022-12-22,Facebook,Engagement,Education,Middle East,22487.72,5536086,351541,15427,2854052.14,6.35,0.06,126.92,1.46
CMP-06621,2022-02-15,Google Ads,Engagement,Travel,North America,15918.83,7296677,513686,23613,10515287.37,7.04,0.03,660.56,0.67
CMP-06622,2023-07-22,TikTok,Retargeting,Food & Beverage,Middle East,42067.55,20097474,432095,20593,800073.72,2.15,0.1,19.02,2.04
CMP-06623,2023-11-19,TikTok,Engagement,Travel,Middle East,13984.62,5027260,337329,1777,57103.9,6.71,0.04,4.08,7.87
CMP-06624,2022-03-16,LinkedIn,Conversion,Education,Europe,8040.4,1778131,9601,472,127047.75,0.54,0.84,15.8,17.03
CMP-06625,2023-07-11,YouTube,Brand Awareness,Travel,Latin America,754.39,334889,9075,538,216403.49,2.71,0.08,286.86,1.4
CMP-06626,2022-07-28,Twitter,Lead Generation,Tech,Latin America,22749.71,9364515,746351,76184,6142108.44,7.97,0.03,269.99,0.3
CMP-06627,2023-07-18,TikTok,Conversion,Healthcare,Asia Pacific,30177.72,4353660,68352,655,299773.98,1.57,0.44,9.93,46.07
CMP-06628,2023-08-28,TikTok,Brand Awareness,Healthcare,Europe,20583.19,5982163,434903,39040,15054216.02,7.27,0.05,731.38,0.53
CMP-06629,2022-02-27,Email,Engagement,Food & Beverage,Latin America,11846.46,3877751,148517,8283,2087377.25,3.83,0.08,176.2,1.43
CMP-06630,2022-10-09,Email,Engagement,Finance,North America,4486.03,1398426,57475,566,198990.7,4.11,0.08,44.36,7.93
CMP-06631,2024-06-19,YouTube,Engagement,Travel,Asia Pacific,12012.06,1937962,53875,3364,782968.18,2.78,0.22,65.18,3.57
CMP-06632,2022-11-18,TikTok,Engagement,Food & Beverage,Latin America,38598.65,7372881,458593,27693,4310006.82,6.22,0.08,111.66,1.39
CMP-06633,2022-03-29,Email,Brand Awareness,Retail,Asia Pacific,37669.16,16653946,994240,19885,1032353.17,5.97,0.04,27.41,1.89
CMP-06634,2023-09-25,Email,Brand Awareness,Education,North America,35309.43,15995332,1156462,87227,11075066.05,7.23,0.03,313.66,0.4
CMP-06635,2022-10-25,Email,Conversion,Finance,Europe,14438.31,4050261,162010,16411,3291392.07,4.0,0.09,227.96,0.88
CMP-06636,2023-03-22,TikTok,Engagement,Retail,North America,35632.65,8965023,62755,5775,1765491.21,0.7,0.57,49.55,6.17
CMP-06637,2023-07-14,Facebook,Conversion,Healthcare,Asia Pacific,37701.94,7472309,105359,7093,243573.69,1.41,0.36,6.46,5.32
CMP-06638,2022-06-07,YouTube,Engagement,Tech,North America,20484.32,4357316,83224,2885,226666.3,1.91,0.25,11.07,7.1
CMP-06639,2022-05-21,Email,Engagement,Food & Beverage,Europe,47105.18,20662925,843047,99368,3159974.33,4.08,0.06,67.08,0.47
CMP-06640,2024-06-14,Email,Conversion,Education,Europe,11249.59,3472819,45493,3702,935526.96,1.31,0.25,83.16,3.04
CMP-06641,2023-10-20,LinkedIn,Engagement,Education,Latin America,7296.51,1131661,42097,3978,750997.46,3.72,0.17,102.93,1.83
CMP-06642,2022-08-15,Twitter,Lead Generation,Food & Beverage,Asia Pacific,4990.02,2256017,16468,150,45304.46,0.73,0.3,9.08,33.27
CMP-06643,2023-08-24,TikTok,Engagement,Finance,North America,3286.97,1551783,72623,7903,3205800.14,4.68,0.05,975.31,0.42
CMP-06644,2022-12-23,Instagram,Retargeting,Retail,Latin America,11810.97,3366128,52511,2552,174115.73,1.56,0.22,14.74,4.63
CMP-06645,2022-06-16,Twitter,Brand Awareness,Food & Beverage,Asia Pacific,31959.95,2415210,17872,1653,664237.08,0.74,1.79,20.78,19.33
CMP-06646,2023-08-13,Instagram,Retargeting,Travel,Middle East,36693.67,7392682,130850,14641,1681203.14,1.77,0.28,45.82,2.51
CMP-06647,2024-03-20,Twitter,Conversion,Education,Asia Pacific,42119.55,12011964,136936,5847,524817.56,1.14,0.31,12.46,7.2
CMP-06648,2023-05-24,TikTok,Brand Awareness,Travel,Latin America,47597.54,15138084,314872,14610,5660427.7,2.08,0.15,118.92,3.26
CMP-06649,2024-06-08,Google Ads,Brand Awareness,Healthcare,Asia Pacific,49529.25,15673934,1186516,118442,33441230.14,7.57,0.04,675.18,0.42
CMP-06650,2022-06-23,Email,Brand Awareness,Travel,Latin America,29277.47,10943790,792330,70978,33375118.14,7.24,0.04,1139.96,0.41
CMP-06651,2023-08-13,Instagram,Retargeting,Travel,Europe,26205.58,6329337,63293,815,93375.14,1.0,0.41,3.56,32.15
CMP-06652,2023-12-27,YouTube,Conversion,Tech,Asia Pacific,16846.13,3813736,200602,20249,3945609.89,5.26,0.08,234.21,0.83
CMP-06653,2023-11-13,TikTok,Brand Awareness,Food & Beverage,Latin America,17546.07,2471759,195516,14601,1703617.91,7.91,0.09,97.09,1.2
CMP-06654,2022-02-28,Twitter,Engagement,Food & Beverage,Middle East,8205.59,4075779,153656,5526,1664969.2,3.77,0.05,202.91,1.48
CMP-06655,2023-07-07,Instagram,Lead Generation,Healthcare,North America,9693.67,3235860,99340,8309,2342114.27,3.07,0.1,241.61,1.17
CMP-06656,2024-04-20,LinkedIn,Brand Awareness,Healthcare,Latin America,24789.97,11682987,854026,31964,13828267.33,7.31,0.03,557.82,0.78
CMP-06657,2022-03-16,Twitter,Lead Generation,Tech,Latin America,45099.23,15636867,339320,5889,694252.37,2.17,0.13,15.39,7.66
CMP-06658,2023-10-05,Instagram,Conversion,Travel,Middle East,49361.83,11770184,786248,39123,11819853.2,6.68,0.06,239.45,1.26
CMP-06659,2023-12-11,TikTok,Engagement,Retail,North America,37027.41,4730929,219988,19492,6349278.13,4.65,0.17,171.48,1.9
CMP-06660,2023-11-17,Google Ads,Retargeting,Travel,North America,9487.88,4268395,166040,16568,5572046.25,3.89,0.06,587.28,0.57
CMP-06661,2024-03-10,Google Ads,Lead Generation,Healthcare,Middle East,48402.17,4434637,231931,15222,1073531.22,5.23,0.21,22.18,3.18
CMP-06662,2023-07-12,Facebook,Conversion,Finance,North America,15099.95,4843632,307570,33068,2418890.73,6.35,0.05,160.19,0.46
CMP-06663,2024-06-11,Instagram,Conversion,Travel,Middle East,43981.37,14506000,474346,38686,5282300.43,3.27,0.09,120.1,1.14
CMP-06664,2023-10-24,TikTok,Engagement,Education,Asia Pacific,5446.38,1577524,92600,8255,688539.1,5.87,0.06,126.42,0.66
CMP-06665,2024-05-26,Instagram,Engagement,Healthcare,Europe,29175.9,8727292,328146,5484,1030879.94,3.76,0.09,35.33,5.32
CMP-06666,2022-08-04,Facebook,Lead Generation,Travel,Asia Pacific,47909.76,3885238,209414,15818,4382460.68,5.39,0.23,91.47,3.03
CMP-06667,2023-02-13,Google Ads,Conversion,Food & Beverage,Europe,22867.38,5445776,431305,42659,18018791.05,7.92,0.05,787.97,0.54
CMP-06668,2023-09-22,Google Ads,Brand Awareness,Education,Europe,23267.23,2578877,78913,5978,324954.41,3.06,0.29,13.97,3.89
CMP-06669,2022-04-25,Twitter,Conversion,Tech,Europe,34915.21,2159211,152008,7855,1002303.56,7.04,0.23,28.71,4.44
CMP-06670,2023-10-30,Google Ads,Brand Awareness,Education,Middle East,8224.54,573170,35651,4051,703318.74,6.22,0.23,85.51,2.03
CMP-06671,2023-11-30,LinkedIn,Conversion,Retail,Latin America,47304.22,22859398,806936,80979,35758238.9,3.53,0.06,755.92,0.58
CMP-06672,2022-01-01,TikTok,Lead Generation,Food & Beverage,Europe,26349.43,7960476,190255,11102,1419408.5,2.39,0.14,53.87,2.37
CMP-06673,2024-01-09,YouTube,Brand Awareness,Finance,Latin America,45840.52,14696951,827438,80213,27420954.57,5.63,0.06,598.18,0.57
CMP-06674,2023-12-08,YouTube,Brand Awareness,Education,Asia Pacific,45093.85,18505865,742085,16130,8048364.6,4.01,0.06,178.48,2.8
CMP-06675,2022-06-09,Instagram,Brand Awareness,Healthcare,Middle East,4084.63,1218762,53991,1978,590482.61,4.43,0.08,144.56,2.07
CMP-06676,2023-01-22,Instagram,Engagement,Food & Beverage,Middle East,15574.01,5714606,274301,25181,11496836.2,4.8,0.06,738.21,0.62
CMP-06677,2023-05-11,Facebook,Engagement,Food & Beverage,Middle East,16483.29,3138442,202115,1103,420931.95,6.44,0.08,25.54,14.94
CMP-06678,2024-03-31,Email,Conversion,Healthcare,Europe,48115.31,21993598,710393,49415,3706408.16,3.23,0.07,77.03,0.97
CMP-06679,2023-02-07,TikTok,Brand Awareness,Retail,North America,43406.49,20889653,1261735,33059,9275084.62,6.04,0.03,213.68,1.31
CMP-06680,2024-06-08,TikTok,Brand Awareness,Travel,North America,47148.62,19089941,647148,56581,24598685.88,3.39,0.07,521.73,0.83
CMP-06681,2022-08-18,Facebook,Engagement,Healthcare,North America,48393.67,3804447,134677,8415,967460.01,3.54,0.36,19.99,5.75
CMP-06682,2022-06-03,TikTok,Conversion,Retail,Latin America,40263.51,15938271,726785,85152,7378759.59,4.56,0.06,183.26,0.47
CMP-06683,2024-03-22,YouTube,Brand Awareness,Food & Beverage,Asia Pacific,43196.59,9208761,442941,16260,7348648.46,4.81,0.1,170.12,2.66
CMP-06684,2023-07-16,Facebook,Engagement,Education,Europe,27377.58,8846413,174274,10212,4138771.01,1.97,0.16,151.17,2.68
CMP-06685,2023-05-26,Google Ads,Brand Awareness,Retail,Europe,45740.23,13334018,200010,20505,10250189.51,1.5,0.23,224.1,2.23
CMP-06686,2022-06-08,Email,Brand Awareness,Healthcare,Europe,35325.77,13089912,581192,6903,849299.96,4.44,0.06,24.04,5.12
CMP-06687,2022-02-02,Google Ads,Conversion,Food & Beverage,Latin America,43206.0,7055538,527048,35853,5294553.28,7.47,0.08,122.54,1.21
CMP-06688,2023-08-20,YouTube,Lead Generation,Food & Beverage,North America,3027.89,202262,16039,1866,363258.19,7.93,0.19,119.97,1.62
CMP-06689,2024-03-05,YouTube,Engagement,Healthcare,Middle East,40633.5,8759055,547440,64648,16766183.05,6.25,0.07,412.62,0.63
CMP-06690,2023-08-09,Google Ads,Conversion,Retail,North America,47907.88,6962193,160130,2064,404161.89,2.3,0.3,8.44,23.21
CMP-06691,2024-02-19,Google Ads,Retargeting,Healthcare,Latin America,21556.43,7238026,144036,17131,4799161.89,1.99,0.15,222.63,1.26
CMP-06692,2022-06-29,Twitter,Engagement,Retail,Latin America,25024.84,2454207,55465,1605,578138.61,2.26,0.45,23.1,15.59
CMP-06693,2022-11-17,Facebook,Engagement,Healthcare,Latin America,14845.46,4808361,379860,35047,7257973.14,7.9,0.04,488.9,0.42
CMP-06694,2022-01-07,Twitter,Lead Generation,Travel,Europe,2573.93,958848,30779,3510,1197944.67,3.21,0.08,465.41,0.73
CMP-06695,2022-10-14,Email,Conversion,Education,Latin America,20620.15,9515069,319706,27750,11289239.28,3.36,0.06,547.49,0.74
CMP-06696,2023-05-08,Email,Engagement,Education,Europe,39712.64,15637138,997649,66197,5319707.29,6.38,0.04,133.96,0.6
CMP-06697,2022-07-20,Google Ads,Lead Generation,Retail,Latin America,45419.09,3099801,226595,10531,3160414.65,7.31,0.2,69.58,4.31
CMP-06698,2022-02-18,YouTube,Lead Generation,Healthcare,Middle East,25226.53,5241735,56610,1067,228669.07,1.08,0.45,9.06,23.64
CMP-06699,2022-01-25,LinkedIn,Conversion,Travel,Europe,20172.42,3175645,59066,7019,3220970.81,1.86,0.34,159.67,2.87
CMP-06700,2023-12-25,Facebook,Lead Generation,Travel,Asia Pacific,48448.53,20823132,1309775,150330,67475978.02,6.29,0.04,1392.74,0.32
CMP-06701,2024-03-14,LinkedIn,Retargeting,Tech,Europe,21510.81,10112676,780698,15662,1916123.14,7.72,0.03,89.08,1.37
CMP-06702,2023-10-12,LinkedIn,Retargeting,Education,North America,39126.64,2209231,38661,4615,2003642.17,1.75,1.01,51.21,8.48
CMP-06703,2022-11-05,Facebook,Engagement,Tech,Latin America,12810.5,1766352,53873,6254,763842.8,3.05,0.24,59.63,2.05
CMP-06704,2022-03-16,Twitter,Retargeting,Finance,Latin America,49321.05,12444219,720520,33634,3965259.64,5.79,0.07,80.4,1.47
CMP-06705,2024-04-02,Facebook,Retargeting,Healthcare,Asia Pacific,36191.99,8334118,208352,4182,1338344.7,2.5,0.17,36.98,8.65
CMP-06706,2022-12-20,Facebook,Retargeting,Tech,Latin America,21027.96,2837111,183277,12554,1430182.18,6.46,0.11,68.01,1.68
CMP-06707,2024-05-24,Twitter,Conversion,Travel,Asia Pacific,20623.24,7735850,227433,11551,4003013.67,2.94,0.09,194.1,1.79
CMP-06708,2023-01-03,Twitter,Engagement,Education,Asia Pacific,8935.91,1799635,43011,1358,669685.84,2.39,0.21,74.94,6.58
CMP-06709,2022-12-18,Email,Brand Awareness,Healthcare,Latin America,4378.29,760857,41923,2039,752853.52,5.51,0.1,171.95,2.15
CMP-06710,2024-04-25,Google Ads,Lead Generation,Food & Beverage,North America,8566.1,995900,38640,1539,219604.1,3.88,0.22,25.64,5.57
CMP-06711,2024-02-23,Twitter,Lead Generation,Food & Beverage,North America,29997.43,10566320,227175,15916,1157605.81,2.15,0.13,38.59,1.88
CMP-06712,2022-07-02,TikTok,Lead Generation,Food & Beverage,Europe,35340.71,4973112,87029,10209,4075761.01,1.75,0.41,115.33,3.46
CMP-06713,2022-02-03,Email,Engagement,Travel,Middle East,12152.99,3208866,91452,9927,672371.27,2.85,0.13,55.33,1.22
CMP-06714,2022-06-01,Email,Conversion,Finance,Middle East,48607.12,6751200,255195,25088,7254781.62,3.78,0.19,149.25,1.94
CMP-06715,2022-08-18,Twitter,Conversion,Tech,Middle East,3198.91,1157389,18171,274,128503.62,1.57,0.18,40.17,11.67
CMP-06716,2022-09-14,Google Ads,Engagement,Healthcare,Middle East,49905.09,11474448,253585,28889,10614317.3,2.21,0.2,212.69,1.73
CMP-06717,2022-01-17,Google Ads,Brand Awareness,Healthcare,Europe,28981.71,12589129,219050,20264,2339597.88,1.74,0.13,80.73,1.43
CMP-06718,2022-09-07,Facebook,Conversion,Education,Middle East,29149.59,5344478,383733,7105,877521.19,7.18,0.08,30.1,4.1
CMP-06719,2022-07-21,YouTube,Retargeting,Retail,Europe,22711.8,7098374,161842,12429,5868733.91,2.28,0.14,258.4,1.83
CMP-06720,2024-06-17,Instagram,Conversion,Education,North America,14446.49,2168320,104296,5867,2262187.27,4.81,0.14,156.59,2.46
CMP-06721,2022-04-07,Email,Retargeting,Food & Beverage,Asia Pacific,17440.07,3964423,316360,31831,10147841.08,7.98,0.06,581.87,0.55
CMP-06722,2023-03-01,Twitter,Retargeting,Travel,Latin America,3392.07,274503,12105,802,218700.29,4.41,0.28,64.47,4.23
CMP-06723,2023-04-29,LinkedIn,Engagement,Tech,Latin America,20300.24,5961377,300453,21701,954339.5,5.04,0.07,47.01,0.94
CMP-06724,2023-08-10,YouTube,Conversion,Finance,Asia Pacific,42905.03,13431032,717217,32151,4514487.04,5.34,0.06,105.22,1.33
CMP-06725,2023-08-21,Facebook,Engagement,Food & Beverage,Asia Pacific,18255.97,2296004,96202,9762,310610.25,4.19,0.19,17.01,1.87
CMP-06726,2022-09-01,Facebook,Brand Awareness,Education,Europe,8124.28,3071407,233734,24684,11447403.98,7.61,0.03,1409.04,0.33
CMP-06727,2022-02-03,YouTube,Lead Generation,Education,Middle East,49300.03,10510041,715733,27937,11362813.77,6.81,0.07,230.48,1.76
CMP-06728,2024-04-01,LinkedIn,Lead Generation,Finance,Europe,3594.76,339950,8974,891,414169.18,2.64,0.4,115.21,4.03
CMP-06729,2022-11-24,Facebook,Engagement,Healthcare,Latin America,29403.15,2389220,131168,737,79921.42,5.49,0.22,2.72,39.9
CMP-06730,2023-12-24,TikTok,Brand Awareness,Finance,Europe,46497.81,22488817,1794607,79430,25545204.26,7.98,0.03,549.39,0.59
CMP-06731,2024-01-08,LinkedIn,Brand Awareness,Tech,Asia Pacific,40605.49,14076162,961401,41190,3979430.65,6.83,0.04,98.0,0.99
CMP-06732,2023-04-17,Instagram,Brand Awareness,Food & Beverage,Europe,47934.28,21833786,1174657,83366,16836116.02,5.38,0.04,351.23,0.57
CMP-06733,2024-02-18,Google Ads,Lead Generation,Finance,North America,47231.91,20513279,822582,19688,8760742.91,4.01,0.06,185.48,2.4
CMP-06734,2023-01-02,Google Ads,Engagement,Tech,Europe,22649.69,8904409,400698,7717,3481543.26,4.5,0.06,153.71,2.94
CMP-06735,2022-04-08,Instagram,Conversion,Tech,Asia Pacific,14891.71,4737432,202762,21157,3163828.29,4.28,0.07,212.46,0.7
CMP-06736,2023-02-25,YouTube,Lead Generation,Education,Middle East,9677.67,2570441,192783,2420,974023.59,7.5,0.05,100.65,4.0
CMP-06737,2022-12-31,Facebook,Engagement,Education,Middle East,13595.03,1859516,33843,3722,420154.73,1.82,0.4,30.91,3.65
CMP-06738,2023-06-01,Google Ads,Brand Awareness,Tech,Latin America,36613.39,2178885,33772,3263,141590.71,1.55,1.08,3.87,11.22
CMP-06739,2023-12-11,YouTube,Retargeting,Healthcare,Latin America,22138.08,7446528,332115,26586,6890608.41,4.46,0.07,311.26,0.83
CMP-06740,2022-07-16,Instagram,Retargeting,Travel,Europe,14589.41,4370766,58568,3926,672595.79,1.34,0.25,46.1,3.72
CMP-06741,2023-12-02,LinkedIn,Brand Awareness,Retail,Asia Pacific,2881.34,601918,3611,423,167093.54,0.6,0.8,57.99,6.81
CMP-06742,2023-05-30,TikTok,Engagement,Retail,Asia Pacific,49626.13,9105681,607348,31466,7602943.26,6.67,0.08,153.2,1.58
CMP-06743,2023-04-02,Email,Engagement,Travel,North America,47030.32,6025618,124127,11028,3766597.24,2.06,0.38,80.09,4.26
CMP-06744,2024-04-28,Twitter,Retargeting,Healthcare,North America,47577.7,21778614,1378586,161526,31768654.95,6.33,0.03,667.72,0.29
CMP-06745,2023-04-06,Facebook,Engagement,Education,Asia Pacific,15563.23,1564778,17056,1261,336413.21,1.09,0.91,21.62,12.34
CMP-06746,2022-12-02,YouTube,Brand Awareness,Finance,Europe,21029.52,7584081,222971,19557,3764619.07,2.94,0.09,179.02,1.08
CMP-06747,2022-08-02,Instagram,Engagement,Healthcare,Asia Pacific,49147.93,24156381,159432,7134,844933.12,0.66,0.31,17.19,6.89
CMP-06748,2022-08-01,TikTok,Lead Generation,Finance,Latin America,6961.18,1239724,46489,1838,398611.07,3.75,0.15,57.26,3.79
CMP-06749,2022-03-07,Google Ads,Brand Awareness,Retail,Asia Pacific,47754.5,16895544,1040765,97899,35546930.14,6.16,0.05,744.37,0.49
CMP-06750,2022-07-27,Google Ads,Lead Generation,Education,Middle East,44362.65,18153138,468350,32648,11303885.16,2.58,0.09,254.81,1.36
CMP-06751,2023-01-25,Facebook,Lead Generation,Food & Beverage,Asia Pacific,7632.59,3483331,91611,2696,1000925.87,2.63,0.08,131.14,2.83
CMP-06752,2022-04-13,LinkedIn,Lead Generation,Education,North America,20531.77,3145514,111036,2263,804778.86,3.53,0.18,39.2,9.07
CMP-06753,2023-09-19,Email,Conversion,Travel,Asia Pacific,49602.71,21644920,722940,33117,14019556.12,3.34,0.07,282.64,1.5
CMP-06754,2022-06-18,YouTube,Lead Generation,Tech,Latin America,32057.53,2204525,118823,937,68133.4,5.39,0.27,2.13,34.21
CMP-06755,2022-08-16,Email,Engagement,Travel,Europe,49634.42,10618983,244236,15953,1526722.26,2.3,0.2,30.76,3.11
CMP-06756,2023-01-19,Google Ads,Lead Generation,Finance,Europe,31868.68,7844847,379690,36354,4274475.1,4.84,0.08,134.13,0.88
CMP-06757,2023-09-30,Twitter,Conversion,Healthcare,Europe,13520.74,2404331,97375,4233,1703333.71,4.05,0.14,125.98,3.19
CMP-06758,2023-11-04,Twitter,Brand Awareness,Healthcare,Europe,4948.6,1721636,87114,3528,123547.91,5.06,0.06,24.97,1.4
CMP-06759,2024-05-17,YouTube,Conversion,Education,Europe,22520.46,2532659,196027,19012,775828.52,7.74,0.11,34.45,1.18
CMP-06760,2024-06-11,Facebook,Brand Awareness,Tech,North America,9276.24,525389,21225,1884,520429.41,4.04,0.44,56.1,4.92
CMP-06761,2023-03-16,Facebook,Engagement,Finance,Latin America,20988.67,9316023,482569,26460,5392669.91,5.18,0.04,256.93,0.79
CMP-06762,2022-07-09,TikTok,Retargeting,Tech,North America,28622.65,12349152,984227,95668,6251716.57,7.97,0.03,218.42,0.3
CMP-06763,2023-03-09,Email,Brand Awareness,Finance,Asia Pacific,32968.23,10848313,684528,57849,4965927.34,6.31,0.05,150.63,0.57
CMP-06764,2024-06-03,LinkedIn,Retargeting,Food & Beverage,Asia Pacific,31376.38,9520873,119010,651,148832.81,1.25,0.26,4.74,48.2
CMP-06765,2022-08-04,TikTok,Brand Awareness,Travel,Middle East,2252.65,320355,25628,1672,53665.61,8.0,0.09,23.82,1.35
CMP-06766,2023-01-20,Instagram,Brand Awareness,Food & Beverage,Asia Pacific,33119.68,4638804,231940,2606,725064.02,5.0,0.14,21.89,12.71
CMP-06767,2022-04-11,Instagram,Brand Awareness,Retail,Asia Pacific,21791.3,1893482,67407,2307,892079.96,3.56,0.32,40.94,9.45
CMP-06768,2022-03-02,Twitter,Lead Generation,Retail,Europe,2020.22,230504,12401,789,188305.82,5.38,0.16,93.21,2.56
CMP-06769,2023-05-14,Instagram,Conversion,Finance,Europe,40558.6,12601834,795175,48388,18160967.64,6.31,0.05,447.77,0.84
CMP-06770,2023-11-22,Instagram,Conversion,Food & Beverage,North America,3037.83,1028367,13780,1477,253678.72,1.34,0.22,83.51,2.06
CMP-06771,2023-04-17,YouTube,Brand Awareness,Travel,Europe,32378.44,12771400,330779,9408,3179212.83,2.59,0.1,98.19,3.44
CMP-06772,2022-02-03,Instagram,Retargeting,Education,Asia Pacific,21061.18,8152432,212778,20461,7004357.43,2.61,0.1,332.57,1.03
CMP-06773,2023-08-22,Twitter,Engagement,Education,Asia Pacific,36315.06,2665622,160737,12382,2957942.84,6.03,0.23,81.45,2.93
CMP-06774,2023-01-15,Google Ads,Lead Generation,Food & Beverage,North America,20449.35,9262339,542773,52344,10728375.71,5.86,0.04,524.63,0.39
CMP-06775,2023-12-27,Google Ads,Lead Generation,Food & Beverage,North America,29187.35,2301300,116215,13927,5585479.55,5.05,0.25,191.37,2.1
CMP-06776,2023-03-23,LinkedIn,Retargeting,Healthcare,Latin America,30911.97,13843750,693571,73159,28608043.08,5.01,0.04,925.47,0.42
CMP-06777,2023-04-10,LinkedIn,Brand Awareness,Tech,North America,49097.63,11141859,203896,20453,4314097.79,1.83,0.24,87.87,2.4
CMP-06778,2022-01-21,Facebook,Engagement,Education,Asia Pacific,29941.55,9771563,619517,15118,4649180.62,6.34,0.05,155.28,1.98
CMP-06779,2022-10-10,Google Ads,Conversion,Tech,Latin America,15907.99,6638094,114175,10823,1110387.4,1.72,0.14,69.8,1.47
CMP-06780,2023-08-07,Email,Brand Awareness,Travel,Europe,24601.0,11471829,141103,3604,1121916.14,1.23,0.17,45.6,6.83
CMP-06781,2024-06-01,Google Ads,Engagement,Travel,Latin America,11776.57,4838191,266100,13671,2156796.87,5.5,0.04,183.14,0.86
CMP-06782,2022-09-12,LinkedIn,Engagement,Travel,Europe,48333.46,23476853,1176190,42730,12276867.33,5.01,0.04,254.0,1.13
CMP-06783,2023-08-23,Email,Conversion,Finance,Asia Pacific,35622.46,13018897,182264,6056,2022194.71,1.4,0.2,56.77,5.88
CMP-06784,2022-12-17,Email,Engagement,Finance,Latin America,9052.66,1893311,22530,2015,604221.63,1.19,0.4,66.75,4.49
CMP-06785,2022-11-30,YouTube,Brand Awareness,Food & Beverage,North America,32065.45,10818291,233675,20649,8044143.78,2.16,0.14,250.87,1.55
CMP-06786,2022-12-06,Twitter,Brand Awareness,Retail,Middle East,21352.27,5918917,273453,26957,8983159.64,4.62,0.08,420.71,0.79
CMP-06787,2022-09-30,Email,Brand Awareness,Retail,Latin America,7000.68,2095182,32475,2685,809386.82,1.55,0.22,115.62,2.61
CMP-06788,2023-08-05,TikTok,Brand Awareness,Finance,Latin America,39768.53,10332667,347177,22113,5196174.69,3.36,0.11,130.66,1.8
CMP-06789,2023-02-12,Google Ads,Engagement,Travel,Middle East,27547.42,12168009,116812,13377,4327705.22,0.96,0.24,157.1,2.06
CMP-06790,2022-03-28,Google Ads,Engagement,Healthcare,Asia Pacific,43987.43,13684779,261379,15697,799719.72,1.91,0.17,18.18,2.8
CMP-06791,2023-09-24,Twitter,Engagement,Education,Asia Pacific,37712.17,16419277,441678,33187,11146037.76,2.69,0.09,295.56,1.14
CMP-06792,2024-06-19,YouTube,Conversion,Travel,Europe,15454.95,6169447,395461,20014,1319449.96,6.41,0.04,85.37,0.77
CMP-06793,2023-07-27,Twitter,Brand Awareness,Finance,Asia Pacific,24065.81,2594600,109751,599,297018.91,4.23,0.22,12.34,40.18
CMP-06794,2023-11-11,Google Ads,Conversion,Travel,North America,47600.86,4082073,42453,4633,2273463.26,1.04,1.12,47.76,10.27
CMP-06795,2023-05-18,Facebook,Retargeting,Tech,Europe,37651.85,12557862,331527,38030,8443311.51,2.64,0.11,224.25,0.99
CMP-06796,2022-05-02,YouTube,Lead Generation,Education,Europe,34668.27,6455356,323413,34327,4945693.51,5.01,0.11,142.66,1.01
CMP-06797,2024-04-17,Email,Lead Generation,Retail,Europe,10664.07,682440,52479,4187,939558.72,7.69,0.2,88.11,2.55
CMP-06798,2022-12-07,Instagram,Conversion,Healthcare,North America,28935.57,6439543,457207,19933,2184691.88,7.1,0.06,75.5,1.45
CMP-06799,2023-03-06,Facebook,Conversion,Retail,Asia Pacific,26744.09,8781553,524258,8101,2314389.82,5.97,0.05,86.54,3.3
CMP-06800,2022-06-07,Instagram,Retargeting,Tech,Latin America,7168.86,3225014,153188,13153,3309068.35,4.75,0.05,461.59,0.55
CMP-06801,2023-05-20,LinkedIn,Engagement,Travel,North America,23490.33,9249232,467086,32555,12269688.46,5.05,0.05,522.33,0.72
CMP-06802,2023-08-12,Twitter,Conversion,Tech,Asia Pacific,23089.57,8373150,144855,6969,2837077.64,1.73,0.16,122.87,3.31
CMP-06803,2022-12-29,Instagram,Lead Generation,Travel,Middle East,10992.36,672680,47625,4555,1852316.04,7.08,0.23,168.51,2.41
CMP-06804,2024-01-25,Instagram,Engagement,Travel,Latin America,5686.01,583099,4081,213,102706.18,0.7,1.39,18.06,26.69
CMP-06805,2023-07-03,Email,Lead Generation,Travel,Europe,38613.83,14642016,266484,18073,4044353.86,1.82,0.14,104.74,2.14
CMP-06806,2022-04-17,Instagram,Lead Generation,Retail,North America,43107.13,17077726,630168,72727,13260610.14,3.69,0.07,307.62,0.59
CMP-06807,2022-11-25,Facebook,Engagement,Finance,Middle East,46219.8,10838316,825879,86152,6521703.06,7.62,0.06,141.1,0.54
CMP-06808,2022-05-31,Email,Brand Awareness,Retail,Asia Pacific,19135.44,5802000,454296,4889,190541.64,7.83,0.04,9.96,3.91
CMP-06809,2023-03-16,TikTok,Conversion,Travel,Latin America,9913.48,2458744,105725,6324,1642140.19,4.3,0.09,165.65,1.57
CMP-06810,2023-02-07,Google Ads,Retargeting,Retail,Europe,47110.21,18372739,1052757,80464,17249730.63,5.73,0.04,366.16,0.59
CMP-06811,2022-04-05,Instagram,Brand Awareness,Food & Beverage,Asia Pacific,39800.18,10970029,557277,34173,5419129.97,5.08,0.07,136.16,1.16
CMP-06812,2023-09-09,Facebook,Conversion,Food & Beverage,North America,18684.54,1968903,140382,2261,366078.46,7.13,0.13,19.59,8.26
CMP-06813,2022-12-08,YouTube,Retargeting,Tech,Latin America,30050.36,1897909,42892,2519,420232.98,2.26,0.7,13.98,11.93
CMP-06814,2024-03-24,Instagram,Engagement,Retail,Latin America,23097.66,4141874,31478,3668,1192609.73,0.76,0.73,51.63,6.3
CMP-06815,2023-05-13,YouTube,Lead Generation,Retail,Asia Pacific,7002.14,2643056,60525,6260,716849.53,2.29,0.12,102.38,1.12
CMP-06816,2022-12-13,Twitter,Lead Generation,Finance,Europe,46262.77,17592881,886681,61353,15672286.62,5.04,0.05,338.77,0.75
CMP-06817,2022-10-11,Twitter,Conversion,Tech,Middle East,39472.67,4933658,64137,7361,2071149.23,1.3,0.62,52.47,5.36
CMP-06818,2024-05-28,YouTube,Conversion,Education,Asia Pacific,41314.28,13897253,818548,38042,1563330.4,5.89,0.05,37.84,1.09
CMP-06819,2023-11-05,Twitter,Conversion,Finance,Latin America,32781.4,2196308,162966,9344,703701.16,7.42,0.2,21.47,3.51
CMP-06820,2023-01-09,Twitter,Brand Awareness,Healthcare,Asia Pacific,33891.62,8362596,227462,3830,1441926.11,2.72,0.15,42.55,8.85
CMP-06821,2023-10-28,LinkedIn,Engagement,Education,Europe,43991.55,19738947,116459,13345,6536320.35,0.59,0.38,148.58,3.3
CMP-06822,2022-12-16,YouTube,Conversion,Healthcare,North America,4764.73,2227916,176005,19618,1795391.66,7.9,0.03,376.81,0.24
CMP-06823,2024-05-30,YouTube,Conversion,Tech,Middle East,37105.79,12039720,618841,27170,11327931.93,5.14,0.06,305.29,1.37
CMP-06824,2022-06-24,TikTok,Lead Generation,Tech,Middle East,39732.88,13717346,255142,22489,1887911.23,1.86,0.16,47.52,1.77
CMP-06825,2022-02-23,Instagram,Retargeting,Education,Europe,20917.23,2006468,47753,2888,170607.32,2.38,0.44,8.16,7.24
CMP-06826,2024-02-16,LinkedIn,Conversion,Travel,Asia Pacific,6037.57,2029416,100456,7267,3049929.66,4.95,0.06,505.16,0.83
CMP-06827,2024-01-13,LinkedIn,Lead Generation,Healthcare,Middle East,13100.85,1454211,10034,170,49328.29,0.69,1.31,3.77,77.06
CMP-06828,2024-05-08,Twitter,Brand Awareness,Healthcare,North America,45504.48,12762612,238660,24880,10808943.09,1.87,0.19,237.54,1.83
CMP-06829,2023-05-01,LinkedIn,Engagement,Retail,Middle East,10741.33,3572512,260436,9843,2797213.49,7.29,0.04,260.42,1.09
CMP-06830,2024-02-29,Google Ads,Retargeting,Food & Beverage,Middle East,17849.77,3601117,205263,19598,5029744.67,5.7,0.09,281.78,0.91
CMP-06831,2023-10-16,YouTube,Conversion,Healthcare,North America,44408.26,5084372,118465,9666,1027327.3,2.33,0.37,23.13,4.59
CMP-06832,2022-06-09,Facebook,Brand Awareness,Food & Beverage,North America,13073.36,5728915,422793,26208,9962742.19,7.38,0.03,762.06,0.5
CMP-06833,2024-04-13,YouTube,Retargeting,Retail,Europe,31160.58,12462391,66050,3860,1883134.71,0.53,0.47,60.43,8.07
CMP-06834,2022-05-20,LinkedIn,Engagement,Education,Europe,2313.62,1112335,54615,3146,902517.07,4.91,0.04,390.09,0.74
CMP-06835,2023-06-07,Twitter,Conversion,Retail,North America,38349.43,18995405,974464,75786,27225140.18,5.13,0.04,709.92,0.51
CMP-06836,2023-02-23,Instagram,Engagement,Finance,Europe,10998.06,2108747,156469,18195,7342242.74,7.42,0.07,667.59,0.6
CMP-06837,2022-06-11,Instagram,Lead Generation,Travel,Latin America,35210.0,15498023,570327,57808,5674178.9,3.68,0.06,161.15,0.61
CMP-06838,2024-02-06,Google Ads,Lead Generation,Healthcare,Middle East,28923.55,12992379,541782,18551,6269811.94,4.17,0.05,216.77,1.56
CMP-06839,2024-04-10,YouTube,Retargeting,Finance,Europe,40314.57,20117189,1221113,48400,19307073.25,6.07,0.03,478.91,0.83
CMP-06840,2023-10-19,Twitter,Lead Generation,Finance,Latin America,28446.65,4810277,334795,26850,2012090.51,6.96,0.08,70.73,1.06
CMP-06841,2024-03-26,Twitter,Lead Generation,Healthcare,Middle East,17166.85,2602122,131146,5455,486719.41,5.04,0.13,28.35,3.15
CMP-06842,2023-03-17,Instagram,Retargeting,Finance,North America,7778.54,465246,23913,446,130164.45,5.14,0.33,16.73,17.44
CMP-06843,2023-02-16,Email,Retargeting,Education,North America,9176.89,3494014,174700,3098,353085.54,5.0,0.05,38.48,2.96
CMP-06844,2022-02-07,Google Ads,Retargeting,Education,North America,3840.49,1108145,41887,2988,1210922.48,3.78,0.09,315.3,1.29
CMP-06845,2024-01-19,YouTube,Retargeting,Healthcare,Latin America,17890.34,1477822,60147,5691,1672750.01,4.07,0.3,93.5,3.14
CMP-06846,2023-07-16,Email,Brand Awareness,Finance,North America,26659.95,1853097,20569,2231,563863.78,1.11,1.3,21.15,11.95
CMP-06847,2023-05-19,Instagram,Conversion,Tech,North America,19904.56,1794748,26382,328,90458.5,1.47,0.75,4.54,60.68
CMP-06848,2022-04-14,Facebook,Lead Generation,Food & Beverage,North America,22721.44,3191283,210624,5929,2215964.47,6.6,0.11,97.53,3.83
CMP-06849,2023-11-14,LinkedIn,Lead Generation,Travel,Asia Pacific,3432.28,831110,60089,1485,597326.75,7.23,0.06,174.03,2.31
CMP-06850,2022-08-25,Facebook,Brand Awareness,Food & Beverage,Asia Pacific,20207.46,4958413,359484,16777,744484.84,7.25,0.06,36.84,1.2
CMP-06851,2023-06-18,TikTok,Brand Awareness,Food & Beverage,Middle East,34457.57,7332454,90922,5192,306668.3,1.24,0.38,8.9,6.64
CMP-06852,2023-02-25,Email,Engagement,Travel,Europe,46786.66,19885411,815301,36645,7744325.66,4.1,0.06,165.52,1.28
CMP-06853,2022-04-23,Twitter,Conversion,Finance,Middle East,26220.07,4241543,80165,3150,117729.03,1.89,0.33,4.49,8.32
CMP-06854,2023-12-01,Twitter,Conversion,Tech,Middle East,49846.62,13747223,291441,27688,1561339.82,2.12,0.17,31.32,1.8
CMP-06855,2022-01-11,Google Ads,Engagement,Retail,Asia Pacific,33644.22,10250473,151707,9285,891799.16,1.48,0.22,26.51,3.62
CMP-06856,2022-04-09,Facebook,Brand Awareness,Food & Beverage,Latin America,15875.02,6074824,233273,15510,1108133.05,3.84,0.07,69.8,1.02
CMP-06857,2023-01-25,LinkedIn,Retargeting,Retail,Latin America,17984.87,8682922,292614,26097,4468167.62,3.37,0.06,248.44,0.69
CMP-06858,2024-05-13,Facebook,Lead Generation,Healthcare,North America,16301.3,1983246,41449,2298,628735.71,2.09,0.39,38.57,7.09
CMP-06859,2023-03-12,YouTube,Engagement,Finance,Latin America,32528.7,10303504,179280,17394,8200914.23,1.74,0.18,252.11,1.87
CMP-06860,2023-07-24,Twitter,Lead Generation,Travel,North America,33155.98,12050963,251865,14171,5116298.87,2.09,0.13,154.31,2.34
CMP-06861,2022-07-07,Email,Lead Generation,Healthcare,Europe,42149.52,6870966,432183,20800,1029178.51,6.29,0.1,24.42,2.03
CMP-06862,2023-07-29,Twitter,Lead Generation,Education,Europe,40432.34,13506431,967060,28673,12716408.96,7.16,0.04,314.51,1.41
CMP-06863,2022-03-05,Email,Conversion,Healthcare,Latin America,40464.96,17941117,1051349,121367,42736033.09,5.86,0.04,1056.12,0.33
CMP-06864,2022-07-31,TikTok,Engagement,Travel,North America,7312.88,2580265,202808,4433,543521.21,7.86,0.04,74.32,1.65
CMP-06865,2024-03-21,LinkedIn,Lead Generation,Healthcare,Asia Pacific,2157.59,180708,7698,392,45034.92,4.26,0.28,20.87,5.5
CMP-06866,2022-11-25,Facebook,Conversion,Finance,Latin America,11985.7,2687647,54827,1017,394934.6,2.04,0.22,32.95,11.79
CMP-06867,2023-12-27,LinkedIn,Brand Awareness,Travel,Middle East,39224.32,6330523,40515,4165,1583713.99,0.64,0.97,40.38,9.42
CMP-06868,2023-02-04,Google Ads,Lead Generation,Healthcare,Middle East,12227.73,851066,54383,702,98246.61,6.39,0.22,8.03,17.42
CMP-06869,2022-12-23,Twitter,Engagement,Travel,Europe,29070.78,9366984,535791,51617,22582736.1,5.72,0.05,776.82,0.56
CMP-06870,2023-05-12,TikTok,Retargeting,Healthcare,Asia Pacific,7157.1,1809059,39075,3652,1043814.03,2.16,0.18,145.84,1.96
CMP-06871,2023-05-31,Google Ads,Brand Awareness,Education,Middle East,1650.42,628998,26543,215,76119.88,4.22,0.06,46.12,7.68
CMP-06872,2022-06-22,YouTube,Brand Awareness,Finance,Europe,1156.4,142681,3838,19,7104.49,2.69,0.3,6.14,60.86
CMP-06873,2022-08-21,YouTube,Lead Generation,Finance,Latin America,37639.53,10770546,398510,33012,7070277.22,3.7,0.09,187.84,1.14
CMP-06874,2023-01-11,LinkedIn,Conversion,Retail,Asia Pacific,41966.98,13272146,88923,5592,2053118.01,0.67,0.47,48.92,7.5
CMP-06875,2024-05-03,TikTok,Conversion,Tech,Middle East,9079.96,3453822,146096,4748,694500.73,4.23,0.06,76.49,1.91
CMP-06876,2023-03-26,LinkedIn,Engagement,Retail,Latin America,26408.47,9924873,472423,14975,2789702.96,4.76,0.06,105.64,1.76
CMP-06877,2023-12-07,TikTok,Brand Awareness,Healthcare,Europe,34759.76,15436262,873692,15472,4484145.22,5.66,0.04,129.0,2.25
CMP-06878,2022-04-06,YouTube,Conversion,Finance,Latin America,11494.78,1062581,34640,271,77919.16,3.26,0.33,6.78,42.42
CMP-06879,2023-03-03,Google Ads,Engagement,Food & Beverage,Europe,1733.91,330102,16637,1423,190277.24,5.04,0.1,109.74,1.22
CMP-06880,2022-05-24,Email,Brand Awareness,Finance,Asia Pacific,26884.0,11486728,905154,63089,10063139.09,7.88,0.03,374.32,0.43
CMP-06881,2023-05-09,Twitter,Conversion,Retail,Middle East,25588.78,2048294,112246,8473,3732970.09,5.48,0.23,145.88,3.02
CMP-06882,2022-12-21,Facebook,Conversion,Retail,Europe,44930.49,4849099,271549,24227,1479613.13,5.6,0.17,32.93,1.85
CMP-06883,2022-06-05,Twitter,Lead Generation,Food & Beverage,North America,27097.27,11922687,780935,59423,19112331.01,6.55,0.03,705.32,0.46
CMP-06884,2023-10-13,Google Ads,Conversion,Finance,Europe,5342.77,1902475,26634,1603,774310.03,1.4,0.2,144.93,3.33
CMP-06885,2024-01-31,LinkedIn,Brand Awareness,Travel,Asia Pacific,6604.15,539365,31283,3418,1241995.57,5.8,0.21,188.06,1.93
CMP-06886,2022-10-22,Email,Brand Awareness,Food & Beverage,Asia Pacific,49182.95,16105352,209369,8470,1012210.39,1.3,0.23,20.58,5.81
CMP-06887,2024-02-03,Email,Brand Awareness,Healthcare,Europe,44430.97,20914824,462217,54227,4415534.04,2.21,0.1,99.38,0.82
CMP-06888,2022-09-26,Facebook,Brand Awareness,Tech,North America,38620.83,15240640,259090,17711,1997242.87,1.7,0.15,51.71,2.18
CMP-06889,2022-07-24,Facebook,Engagement,Retail,Latin America,39533.71,14865275,118922,877,148658.53,0.8,0.33,3.76,45.08
CMP-06890,2023-07-04,Email,Retargeting,Healthcare,Europe,48382.77,17552561,265043,9104,797940.54,1.51,0.18,16.49,5.31
CMP-06891,2022-01-10,Instagram,Conversion,Travel,Asia Pacific,28732.98,5153290,264879,15776,7137661.83,5.14,0.11,248.41,1.82
CMP-06892,2022-04-09,LinkedIn,Lead Generation,Food & Beverage,Asia Pacific,33979.65,4860564,69506,4932,658321.37,1.43,0.49,19.37,6.89
CMP-06893,2022-04-14,TikTok,Lead Generation,Retail,Middle East,1919.79,221809,11556,1071,456167.14,5.21,0.17,237.61,1.79
CMP-06894,2023-08-16,Twitter,Brand Awareness,Tech,North America,36884.88,8574421,423576,14259,5041843.08,4.94,0.09,136.69,2.59
CMP-06895,2023-10-19,Instagram,Lead Generation,Food & Beverage,North America,32707.37,13709752,1039199,68790,21826426.04,7.58,0.03,667.32,0.48
CMP-06896,2023-06-22,Email,Conversion,Travel,Latin America,28920.88,6037961,32001,1225,495639.92,0.53,0.9,17.14,23.61
CMP-06897,2023-08-21,Google Ads,Retargeting,Food & Beverage,North America,35377.74,2401992,74221,7228,876383.33,3.09,0.48,24.77,4.89
CMP-06898,2023-02-14,Instagram,Brand Awareness,Finance,Europe,13827.0,6702541,294241,3481,1433783.63,4.39,0.05,103.69,3.97
CMP-06899,2022-03-31,Google Ads,Brand Awareness,Retail,Latin America,39338.06,3067491,106441,6652,901824.71,3.47,0.37,22.92,5.91
CMP-06900,2023-05-01,TikTok,Brand Awareness,Travel,Middle East,9611.78,4025930,119972,2136,949434.48,2.98,0.08,98.78,4.5
CMP-06901,2023-05-25,TikTok,Engagement,Food & Beverage,Europe,817.57,121847,5129,459,62989.56,4.21,0.16,77.04,1.78
CMP-06902,2022-02-22,Google Ads,Brand Awareness,Education,North America,42018.87,15521827,746599,64489,17366804.91,4.81,0.06,413.31,0.65
CMP-06903,2024-05-12,YouTube,Brand Awareness,Education,Middle East,9611.77,4114383,323390,23025,7941672.17,7.86,0.03,826.24,0.42
CMP-06904,2023-04-09,TikTok,Retargeting,Retail,North America,41522.9,13858747,982585,6972,1954904.96,7.09,0.04,47.08,5.96
CMP-06905,2023-07-21,YouTube,Retargeting,Food & Beverage,North America,25954.74,9238589,297482,14924,4266939.84,3.22,0.09,164.4,1.74
CMP-06906,2024-05-03,Google Ads,Retargeting,Tech,Asia Pacific,29414.23,8772439,660564,64940,9819483.76,7.53,0.04,333.83,0.45
CMP-06907,2023-11-02,Google Ads,Brand Awareness,Education,Asia Pacific,42913.26,2262124,130524,4132,670552.84,5.77,0.33,15.63,10.39
CMP-06908,2022-12-24,Google Ads,Brand Awareness,Healthcare,North America,45299.88,4239772,308655,21167,6160211.19,7.28,0.15,135.99,2.14
CMP-06909,2023-10-23,Google Ads,Brand Awareness,Education,Middle East,37123.6,4038563,210409,6072,1979876.08,5.21,0.18,53.33,6.11
CMP-06910,2023-01-13,Twitter,Conversion,Healthcare,Middle East,3744.92,1039136,24627,277,98720.02,2.37,0.15,26.36,13.52
CMP-06911,2022-08-27,Facebook,Brand Awareness,Food & Beverage,Middle East,29259.53,1796414,89641,6406,1861359.71,4.99,0.33,63.62,4.57
CMP-06912,2022-10-13,YouTube,Lead Generation,Education,Middle East,23229.48,8542362,305816,20807,10202529.9,3.58,0.08,439.21,1.12
CMP-06913,2022-04-17,Facebook,Lead Generation,Travel,Asia Pacific,30000.55,8888281,314645,28108,10808626.91,3.54,0.1,360.28,1.07
CMP-06914,2023-12-21,Email,Retargeting,Tech,Latin America,23033.34,4997816,257887,25385,9601282.97,5.16,0.09,416.84,0.91
CMP-06915,2022-11-12,TikTok,Brand Awareness,Retail,North America,2530.15,1021149,69131,4788,1006205.54,6.77,0.04,397.69,0.53
CMP-06916,2022-12-08,Twitter,Conversion,Tech,Europe,45615.96,15571322,971650,76905,9510148.07,6.24,0.05,208.48,0.59
CMP-06917,2022-03-27,TikTok,Lead Generation,Tech,Europe,41781.59,9778193,391127,44633,9982708.11,4.0,0.11,238.93,0.94
CMP-06918,2022-01-11,Twitter,Brand Awareness,Food & Beverage,Latin America,9760.65,3931264,150174,16291,6919959.1,3.82,0.06,708.96,0.6
CMP-06919,2024-04-02,YouTube,Brand Awareness,Education,Europe,34918.8,6324090,412963,25541,4911297.7,6.53,0.08,140.65,1.37
CMP-06920,2022-09-14,Twitter,Lead Generation,Retail,Latin America,39057.73,7999495,268783,30248,2048041.11,3.36,0.15,52.44,1.29
CMP-06921,2022-04-17,Facebook,Lead Generation,Retail,Asia Pacific,36041.86,8088707,512015,51420,11097996.55,6.33,0.07,307.92,0.7
CMP-06922,2023-01-21,Google Ads,Engagement,Tech,Latin America,47216.38,23192678,129878,2082,71699.32,0.56,0.36,1.52,22.68
CMP-06923,2022-04-30,YouTube,Engagement,Food & Beverage,North America,7785.63,2508324,98577,11351,2783252.18,3.93,0.08,357.49,0.69
CMP-06924,2023-11-01,Facebook,Retargeting,Food & Beverage,Latin America,15572.71,5396064,345887,21942,2974482.89,6.41,0.05,191.01,0.71
CMP-06925,2023-11-15,Email,Engagement,Retail,Europe,22916.23,6775768,458041,23636,9652136.13,6.76,0.05,421.19,0.97
CMP-06926,2022-10-27,YouTube,Engagement,Healthcare,Europe,46678.04,6013049,218874,6453,3122628.94,3.64,0.21,66.9,7.23
CMP-06927,2023-02-10,Facebook,Engagement,Food & Beverage,Latin America,33283.93,4473402,90810,9315,862751.46,2.03,0.37,25.92,3.57
CMP-06928,2024-06-08,Facebook,Retargeting,Education,Latin America,17287.01,3023455,74376,8638,2291016.46,2.46,0.23,132.53,2.0
CMP-06929,2024-02-02,TikTok,Retargeting,Healthcare,North America,36403.34,6355482,108043,3255,185158.68,1.7,0.34,5.09,11.18
CMP-06930,2022-12-21,Twitter,Engagement,Retail,Middle East,730.02,346408,12332,149,17954.24,3.56,0.06,24.59,4.9
CMP-06931,2022-03-03,Email,Brand Awareness,Healthcare,Asia Pacific,27832.74,3931126,240191,8765,3543528.58,6.11,0.12,127.32,3.18
CMP-06932,2024-01-27,YouTube,Conversion,Tech,North America,3197.97,560312,6723,276,116125.27,1.2,0.48,36.31,11.59
CMP-06933,2022-09-25,Email,Brand Awareness,Retail,Asia Pacific,35525.53,16476454,222432,17609,7890771.43,1.35,0.16,222.12,2.02
CMP-06934,2023-02-02,LinkedIn,Brand Awareness,Finance,Asia Pacific,26316.3,5842371,411302,17506,3077471.04,7.04,0.06,116.94,1.5
CMP-06935,2023-06-22,TikTok,Lead Generation,Finance,Europe,10744.25,4632480,96818,1723,787900.23,2.09,0.11,73.33,6.24
CMP-06936,2022-07-01,Instagram,Engagement,Finance,Europe,18548.04,7657808,353790,1964,86667.13,4.62,0.05,4.67,9.44
CMP-06937,2023-04-11,TikTok,Engagement,Finance,North America,40918.25,14358511,825614,48288,18407733.35,5.75,0.05,449.87,0.85
CMP-06938,2023-11-22,Email,Lead Generation,Healthcare,Asia Pacific,23971.27,4619985,250403,11532,5157084.43,5.42,0.1,215.14,2.08
CMP-06939,2024-01-09,Google Ads,Retargeting,Education,Middle East,49199.17,14383764,411375,41349,3119917.29,2.86,0.12,63.41,1.19
CMP-06940,2024-04-09,LinkedIn,Engagement,Retail,Latin America,3814.33,1405212,59159,2103,137743.22,4.21,0.06,36.11,1.81
CMP-06941,2023-09-23,LinkedIn,Brand Awareness,Tech,Asia Pacific,12162.74,1794994,19924,1045,34507.34,1.11,0.61,2.84,11.64
CMP-06942,2022-10-12,Instagram,Lead Generation,Finance,Europe,13176.53,2938609,54364,2481,525270.33,1.85,0.24,39.86,5.31
CMP-06943,2023-04-30,Instagram,Engagement,Food & Beverage,Europe,39934.2,13788926,985908,45041,1985005.98,7.15,0.04,49.71,0.89
CMP-06944,2023-01-25,Email,Engagement,Food & Beverage,North America,11271.04,3581545,266108,2474,166495.04,7.43,0.04,14.77,4.56
CMP-06945,2022-03-11,LinkedIn,Lead Generation,Finance,North America,41908.99,10345559,621768,64015,9953904.23,6.01,0.07,237.51,0.65
CMP-06946,2022-12-09,Email,Brand Awareness,Finance,Latin America,34153.77,12168454,220249,4341,546754.8,1.81,0.16,16.01,7.87
CMP-06947,2024-05-30,TikTok,Brand Awareness,Travel,Latin America,8577.54,1153266,29754,923,95972.77,2.58,0.29,11.19,9.29
CMP-06948,2023-11-28,LinkedIn,Conversion,Travel,Asia Pacific,46415.22,16597094,766785,30924,11351226.09,4.62,0.06,244.56,1.5
CMP-06949,2022-01-29,Instagram,Brand Awareness,Food & Beverage,Asia Pacific,45840.21,22377617,384895,41947,11523588.03,1.72,0.12,251.39,1.09
CMP-06950,2023-06-23,LinkedIn,Lead Generation,Education,Latin America,30789.02,14685302,964824,23637,1044614.34,6.57,0.03,33.93,1.3
CMP-06951,2023-10-06,YouTube,Conversion,Travel,Europe,33414.24,14035071,247017,15920,3385582.27,1.76,0.14,101.32,2.1
CMP-06952,2024-06-18,TikTok,Retargeting,Retail,Latin America,46763.7,15105560,202414,17717,2772531.4,1.34,0.23,59.29,2.64
CMP-06953,2023-07-31,Twitter,Retargeting,Tech,North America,523.97,127151,3471,27,2458.03,2.73,0.15,4.69,19.41
CMP-06954,2022-04-11,Facebook,Retargeting,Retail,Europe,45283.76,14870406,1156917,52570,17647699.24,7.78,0.04,389.71,0.86
CMP-06955,2022-06-21,Twitter,Retargeting,Travel,Europe,9106.38,4246888,126557,13141,5524004.99,2.98,0.07,606.61,0.69
CMP-06956,2024-05-30,Email,Conversion,Healthcare,Latin America,38875.75,12995758,564015,19951,9947990.32,4.34,0.07,255.89,1.95
CMP-06957,2023-10-29,Email,Conversion,Tech,Asia Pacific,23013.65,4900469,240613,15612,2767877.91,4.91,0.1,120.27,1.47
CMP-06958,2023-08-12,Twitter,Brand Awareness,Travel,Latin America,42039.96,14146145,878475,38439,11088599.76,6.21,0.05,263.76,1.09
CMP-06959,2022-05-18,Google Ads,Lead Generation,Finance,North America,1139.52,224393,16784,293,114008.78,7.48,0.07,100.05,3.89
CMP-06960,2023-10-28,Google Ads,Brand Awareness,Healthcare,Asia Pacific,25649.23,4595223,110285,1383,485759.76,2.4,0.23,18.94,18.55
CMP-06961,2023-09-17,TikTok,Retargeting,Tech,Middle East,41689.07,15670520,330647,22099,6146737.83,2.11,0.13,147.44,1.89
CMP-06962,2023-10-20,LinkedIn,Conversion,Retail,North America,27606.26,3418913,225990,23512,4099192.61,6.61,0.12,148.49,1.17
CMP-06963,2022-11-29,LinkedIn,Retargeting,Finance,Latin America,3515.96,782567,37171,2125,190485.34,4.75,0.09,54.18,1.65
CMP-06964,2024-06-07,Email,Lead Generation,Education,Europe,11609.74,2464954,193005,5457,1565739.46,7.83,0.06,134.86,2.13
CMP-06965,2022-01-25,LinkedIn,Conversion,Tech,North America,12038.57,4300238,125566,10744,1082310.59,2.92,0.1,89.9,1.12
CMP-06966,2022-06-08,YouTube,Engagement,Finance,Asia Pacific,2112.07,346823,4682,161,41305.71,1.35,0.45,19.56,13.12
CMP-06967,2023-06-22,YouTube,Lead Generation,Tech,Europe,2912.53,1088024,75835,1079,513556.82,6.97,0.04,176.33,2.7
CMP-06968,2022-11-26,Google Ads,Retargeting,Finance,Europe,22905.28,3551379,157681,1696,66559.2,4.44,0.15,2.91,13.51
CMP-06969,2023-01-20,Facebook,Brand Awareness,Education,Asia Pacific,43714.06,13922788,749045,82800,25897080.15,5.38,0.06,592.42,0.53
CMP-06970,2023-03-19,LinkedIn,Lead Generation,Healthcare,Asia Pacific,44214.23,7602279,574732,34677,17010762.77,7.56,0.08,384.74,1.28
CMP-06971,2023-07-28,LinkedIn,Brand Awareness,Education,Latin America,5208.39,1152301,31227,2572,107364.49,2.71,0.17,20.61,2.03
CMP-06972,2022-03-12,LinkedIn,Lead Generation,Travel,Europe,27244.91,11751929,868467,90810,20759493.91,7.39,0.03,761.96,0.3
CMP-06973,2024-03-03,Facebook,Retargeting,Tech,Latin America,12181.6,3635597,229042,17770,6221540.93,6.3,0.05,510.73,0.69
CMP-06974,2023-01-06,Twitter,Lead Generation,Finance,Asia Pacific,15947.95,6200915,341670,16793,3708539.06,5.51,0.05,232.54,0.95
CMP-06975,2024-05-26,Email,Engagement,Healthcare,Europe,11955.02,5570323,172680,20583,3981974.91,3.1,0.07,333.08,0.58
CMP-06976,2023-04-27,Facebook,Lead Generation,Education,Latin America,21349.38,7182229,123534,7524,3187349.17,1.72,0.17,149.29,2.84
CMP-06977,2022-11-07,Twitter,Brand Awareness,Travel,Asia Pacific,40566.65,13718078,76821,4610,986119.74,0.56,0.53,24.31,8.8
CMP-06978,2023-03-05,YouTube,Conversion,Retail,Latin America,34904.84,9299143,60444,399,144485.68,0.65,0.58,4.14,87.48
CMP-06979,2023-12-04,Facebook,Retargeting,Travel,Europe,20698.04,6708914,185836,21817,9859829.75,2.77,0.11,476.37,0.95
CMP-06980,2024-05-09,YouTube,Brand Awareness,Finance,Asia Pacific,16642.09,5182142,164792,12648,5932131.4,3.18,0.1,356.45,1.32
CMP-06981,2023-02-13,Twitter,Brand Awareness,Food & Beverage,Middle East,33486.5,14304137,565013,28202,5491108.01,3.95,0.06,163.98,1.19
CMP-06982,2023-02-19,Email,Lead Generation,Food & Beverage,Latin America,27102.63,7986172,95834,3064,124556.71,1.2,0.28,4.6,8.85
CMP-06983,2023-07-29,Facebook,Brand Awareness,Travel,Middle East,3399.36,854841,51375,3408,615160.23,6.01,0.07,180.96,1.0
CMP-06984,2023-10-31,Facebook,Lead Generation,Travel,Europe,39673.76,19707903,293647,7355,1898600.83,1.49,0.14,47.86,5.39
CMP-06985,2022-08-14,Twitter,Lead Generation,Healthcare,Europe,43326.34,2635519,181323,2275,402975.61,6.88,0.24,9.3,19.04
CMP-06986,2024-04-06,Email,Conversion,Food & Beverage,Asia Pacific,39567.14,4086932,273824,30526,13168201.85,6.7,0.14,332.81,1.3
CMP-06987,2023-02-25,LinkedIn,Conversion,Tech,Latin America,24546.55,4781658,246733,19243,3860664.79,5.16,0.1,157.28,1.28
CMP-06988,2023-11-05,Email,Conversion,Retail,North America,27690.29,4172411,166061,18039,5135350.5,3.98,0.17,185.46,1.54
CMP-06989,2022-01-21,YouTube,Engagement,Retail,Europe,39298.44,5235963,64402,2932,968343.8,1.23,0.61,24.64,13.4
CMP-06990,2022-02-02,YouTube,Conversion,Food & Beverage,Middle East,37874.53,12380448,649973,28240,902064.51,5.25,0.06,23.82,1.34
CMP-06991,2023-11-19,Facebook,Conversion,Tech,Asia Pacific,23242.88,2238788,137237,10857,4047345.5,6.13,0.17,174.13,2.14
CMP-06992,2023-04-13,Twitter,Brand Awareness,Retail,Latin America,2699.84,774929,4339,153,10897.38,0.56,0.62,4.04,17.65
CMP-06993,2022-08-06,Email,Engagement,Finance,Middle East,16854.09,3883442,271064,12779,4393361.36,6.98,0.06,260.67,1.32
CMP-06994,2023-12-20,YouTube,Retargeting,Food & Beverage,Latin America,36485.8,2582695,183371,7976,1217847.62,7.1,0.2,33.38,4.57
CMP-06995,2024-02-11,YouTube,Conversion,Food & Beverage,Asia Pacific,14635.48,6937999,118639,3980,1329864.35,1.71,0.12,90.87,3.68
CMP-06996,2024-02-10,Instagram,Retargeting,Finance,North America,25123.03,12411677,433167,25982,7490638.19,3.49,0.06,298.16,0.97
CMP-06997,2023-03-17,Email,Lead Generation,Healthcare,Middle East,12213.42,3579237,183256,19679,8663412.07,5.12,0.07,709.34,0.62
CMP-06998,2024-04-14,Email,Conversion,Tech,Asia Pacific,36756.44,15329871,584068,62038,20974108.38,3.81,0.06,570.62,0.59
CMP-06999,2023-12-20,Instagram,Conversion,Tech,North America,41736.06,17649951,248864,17647,3363845.71,1.41,0.17,80.6,2.37
CMP-07000,2023-11-07,Facebook,Brand Awareness,Tech,Latin America,25517.92,10510392,262759,17996,8654121.05,2.5,0.1,339.14,1.42
CMP-07001,2023-08-24,Google Ads,Lead Generation,Finance,Asia Pacific,35825.05,5092638,81991,5061,1613390.57,1.61,0.44,45.04,7.08
CMP-07002,2024-05-05,YouTube,Engagement,Healthcare,Latin America,10432.62,1649003,114111,1327,464302.55,6.92,0.09,44.5,7.86
CMP-07003,2024-04-11,Google Ads,Brand Awareness,Retail,Asia Pacific,6591.52,733776,47548,3065,143869.45,6.48,0.14,21.83,2.15
CMP-07004,2023-01-03,Email,Lead Generation,Finance,Middle East,8353.26,1179585,70893,6123,519058.03,6.01,0.12,62.14,1.36
CMP-07005,2022-08-13,LinkedIn,Conversion,Travel,Asia Pacific,47055.69,17293847,1324708,100214,26672258.98,7.66,0.04,566.82,0.47
CMP-07006,2024-05-18,YouTube,Engagement,Healthcare,North America,43019.44,3049970,197028,22977,6347244.53,6.46,0.22,147.54,1.87
CMP-07007,2023-09-30,Instagram,Engagement,Retail,North America,36010.55,4211273,256887,15734,5537169.93,6.1,0.14,153.77,2.29
CMP-07008,2024-01-31,Facebook,Retargeting,Education,Europe,38851.61,12706919,219829,19083,5099715.08,1.73,0.18,131.26,2.04
CMP-07009,2023-05-04,Twitter,Retargeting,Finance,Europe,4477.34,1774084,56770,2218,667321.5,3.2,0.08,149.04,2.02
CMP-07010,2023-05-18,Google Ads,Lead Generation,Travel,Latin America,35878.92,5450388,145525,1234,479715.09,2.67,0.25,13.37,29.08
CMP-07011,2023-03-27,YouTube,Retargeting,Food & Beverage,Middle East,47900.14,10807194,469032,43457,11285070.32,4.34,0.1,235.6,1.1
CMP-07012,2022-06-28,Facebook,Conversion,Tech,Middle East,16041.8,7194745,512265,46939,1444035.07,7.12,0.03,90.02,0.34
CMP-07013,2022-02-26,Instagram,Engagement,Food & Beverage,Asia Pacific,49221.46,5277860,321421,14702,1057503.02,6.09,0.15,21.48,3.35
CMP-07014,2023-11-05,Facebook,Conversion,Travel,Asia Pacific,11225.92,4594336,188367,11926,5860790.55,4.1,0.06,522.08,0.94
CMP-07015,2022-07-21,YouTube,Conversion,Food & Beverage,North America,15090.65,7361864,228953,13514,3247316.72,3.11,0.07,215.19,1.12
CMP-07016,2022-07-31,Facebook,Engagement,Finance,North America,15471.67,6700818,132676,2771,94673.8,1.98,0.12,6.12,5.58
CMP-07017,2023-06-09,YouTube,Conversion,Food & Beverage,Latin America,35054.61,6229902,244835,22911,6660081.13,3.93,0.14,189.99,1.53
CMP-07018,2023-08-30,Google Ads,Engagement,Education,Asia Pacific,5232.64,1686242,68124,2298,412399.12,4.04,0.08,78.81,2.28
CMP-07019,2023-11-28,LinkedIn,Conversion,Tech,Asia Pacific,37277.67,8183341,500820,59593,28836838.76,6.12,0.07,773.57,0.63
CMP-07020,2023-01-27,LinkedIn,Brand Awareness,Healthcare,North America,49118.79,14032991,169799,16587,8242319.73,1.21,0.29,167.8,2.96
CMP-07021,2023-08-10,Instagram,Retargeting,Travel,Europe,33158.31,8157863,647734,63907,7041813.85,7.94,0.05,212.37,0.52
CMP-07022,2022-02-09,Twitter,Retargeting,Travel,Europe,31006.56,4574191,231454,23487,7910397.61,5.06,0.13,255.12,1.32
CMP-07023,2022-03-29,Instagram,Brand Awareness,Tech,Asia Pacific,21654.54,5540673,115245,5219,426147.91,2.08,0.19,19.68,4.15
CMP-07024,2023-02-21,Twitter,Lead Generation,Travel,North America,5082.29,651469,45667,3577,1559985.51,7.01,0.11,306.95,1.42
CMP-07025,2023-09-11,LinkedIn,Brand Awareness,Tech,Europe,2726.07,1178808,78390,6328,552529.44,6.65,0.03,202.68,0.43
CMP-07026,2023-12-05,Google Ads,Lead Generation,Healthcare,North America,27873.27,9575369,126394,5953,761871.59,1.32,0.22,27.33,4.68
CMP-07027,2022-10-25,Google Ads,Brand Awareness,Finance,Middle East,11795.29,1979437,91449,4807,1034855.27,4.62,0.13,87.73,2.45
CMP-07028,2023-05-01,Twitter,Brand Awareness,Food & Beverage,Europe,47026.81,2928501,89319,3559,627100.14,3.05,0.53,13.33,13.21
CMP-07029,2022-11-03,LinkedIn,Engagement,Healthcare,Middle East,25485.78,6629491,455446,12494,1769760.38,6.87,0.06,69.44,2.04
CMP-07030,2023-06-10,Twitter,Conversion,Healthcare,Europe,45502.9,18711342,1319149,59781,21081065.19,7.05,0.03,463.29,0.76
CMP-07031,2022-10-30,YouTube,Retargeting,Travel,Latin America,43769.57,19447132,223642,11073,4475554.22,1.15,0.2,102.25,3.95
CMP-07032,2024-04-10,Google Ads,Brand Awareness,Finance,Europe,13136.28,5021764,233512,10989,2820249.38,4.65,0.06,214.69,1.2
CMP-07033,2023-04-28,YouTube,Lead Generation,Tech,Middle East,28475.1,1872926,64054,6761,3080775.71,3.42,0.44,108.19,4.21
CMP-07034,2022-05-05,Google Ads,Brand Awareness,Tech,Middle East,7852.4,3435123,70420,8014,3839515.41,2.05,0.11,488.96,0.98
CMP-07035,2023-02-02,Instagram,Engagement,Tech,Latin America,47571.2,6060112,424813,44720,20042778.0,7.01,0.11,421.32,1.06
CMP-07036,2024-04-02,Facebook,Lead Generation,Finance,Latin America,23977.75,10525626,226300,19947,7376989.37,2.15,0.11,307.66,1.2
CMP-07037,2024-02-24,YouTube,Engagement,Finance,North America,37912.25,18819305,457309,27620,5788869.66,2.43,0.08,152.69,1.37
CMP-07038,2024-03-05,YouTube,Retargeting,Finance,Asia Pacific,49498.78,7743328,65818,4474,1017008.36,0.85,0.75,20.55,11.06
CMP-07039,2023-09-07,Facebook,Engagement,Education,North America,47180.13,12087382,149883,5522,1775825.22,1.24,0.31,37.64,8.54
CMP-07040,2023-03-15,Facebook,Conversion,Retail,Latin America,32062.28,12988541,975439,56101,2977293.7,7.51,0.03,92.86,0.57
CMP-07041,2023-01-24,YouTube,Lead Generation,Finance,Middle East,46149.63,17808049,920676,56684,14312123.86,5.17,0.05,310.12,0.81
CMP-07042,2023-03-04,Twitter,Lead Generation,Education,Latin America,30587.9,6550063,36025,2672,434814.8,0.55,0.85,14.22,11.45
CMP-07043,2022-08-31,Instagram,Engagement,Food & Beverage,North America,13942.48,4954659,230391,18666,7378357.95,4.65,0.06,529.2,0.75
CMP-07044,2022-07-16,TikTok,Conversion,Tech,Middle East,12972.36,5267165,248083,16980,2507345.01,4.71,0.05,193.28,0.76
CMP-07045,2022-10-26,LinkedIn,Lead Generation,Tech,Europe,18061.12,5823965,41932,4298,516630.48,0.72,0.43,28.6,4.2
CMP-07046,2024-02-04,Twitter,Conversion,Tech,Asia Pacific,23124.67,7615354,545259,16312,1314295.96,7.16,0.04,56.84,1.42
CMP-07047,2024-04-15,YouTube,Brand Awareness,Healthcare,Middle East,3373.22,1562991,122382,13109,3367893.17,7.83,0.03,998.42,0.26
CMP-07048,2023-04-21,LinkedIn,Lead Generation,Healthcare,Asia Pacific,4879.96,1865114,53715,5192,1725670.18,2.88,0.09,353.62,0.94
CMP-07049,2022-03-23,Twitter,Conversion,Tech,Latin America,39375.56,14231269,163659,8194,2309832.23,1.15,0.24,58.66,4.81
CMP-07050,2022-08-05,Facebook,Lead Generation,Education,Europe,38726.19,7749690,344086,25743,1471742.1,4.44,0.11,38.0,1.5
CMP-07051,2022-10-01,Instagram,Engagement,Travel,Europe,10656.64,3609534,237868,21127,9680965.97,6.59,0.04,908.44,0.5
CMP-07052,2022-02-22,Twitter,Lead Generation,Tech,Middle East,11862.84,3375610,136037,8894,4212044.75,4.03,0.09,355.06,1.33
CMP-07053,2022-03-24,TikTok,Engagement,Food & Beverage,Asia Pacific,5162.34,734151,58511,3394,304954.58,7.97,0.09,59.07,1.52
CMP-07054,2024-02-11,YouTube,Conversion,Travel,Latin America,34725.67,1745704,81175,6699,598085.83,4.65,0.43,17.22,5.18
CMP-07055,2022-08-10,Facebook,Engagement,Tech,Europe,16821.58,1886356,52252,4006,1232928.23,2.77,0.32,73.29,4.2
CMP-07056,2022-07-27,TikTok,Conversion,Finance,Asia Pacific,18906.34,2634320,77185,6379,382968.53,2.93,0.24,20.26,2.96
CMP-07057,2022-11-26,TikTok,Lead Generation,Tech,Asia Pacific,48540.64,13790526,335109,14357,3720079.95,2.43,0.14,76.64,3.38
CMP-07058,2022-12-24,LinkedIn,Brand Awareness,Finance,North America,32092.89,4654194,230382,5553,1446536.47,4.95,0.14,45.07,5.78
CMP-07059,2022-08-31,Facebook,Engagement,Retail,Middle East,9434.28,3205126,220192,20137,6934206.12,6.87,0.04,735.0,0.47
CMP-07060,2023-08-11,Twitter,Brand Awareness,Travel,Europe,35640.58,9156112,208759,1326,486664.25,2.28,0.17,13.65,26.88
CMP-07061,2022-01-03,Instagram,Retargeting,Tech,Europe,24233.61,5342514,348331,8665,1406262.2,6.52,0.07,58.03,2.8
CMP-07062,2023-04-20,YouTube,Lead Generation,Tech,Middle East,48938.27,11572144,115721,6723,748400.48,1.0,0.42,15.29,7.28
CMP-07063,2022-06-14,LinkedIn,Brand Awareness,Finance,Middle East,38354.68,10758535,78537,4682,235405.73,0.73,0.49,6.14,8.19
CMP-07064,2024-02-02,TikTok,Conversion,Travel,Latin America,8999.48,2972057,112046,5288,385542.71,3.77,0.08,42.84,1.7
CMP-07065,2023-08-09,Email,Brand Awareness,Food & Beverage,Europe,31306.38,6818506,102277,12202,5777268.79,1.5,0.31,184.54,2.57
CMP-07066,2023-03-11,TikTok,Retargeting,Food & Beverage,Europe,8255.13,2196697,14058,1602,270010.62,0.64,0.59,32.71,5.15
CMP-07067,2022-02-16,Google Ads,Conversion,Tech,Latin America,36894.09,8076836,120344,10244,3107860.53,1.49,0.31,84.24,3.6
CMP-07068,2022-04-03,LinkedIn,Conversion,Education,Asia Pacific,16100.71,1086294,84405,2712,700064.89,7.77,0.19,43.48,5.94
CMP-07069,2023-05-28,Email,Engagement,Finance,Asia Pacific,11357.23,2749748,75893,7307,899203.39,2.76,0.15,79.17,1.55
CMP-07070,2022-05-06,Facebook,Retargeting,Retail,Europe,29655.62,4191439,23472,581,159742.29,0.56,1.26,5.39,51.04
CMP-07071,2023-02-16,Facebook,Retargeting,Retail,Latin America,19693.93,1870513,80245,2707,846305.28,4.29,0.25,42.97,7.28
CMP-07072,2022-11-17,Instagram,Engagement,Tech,Latin America,31612.86,6637633,444721,22944,10662258.89,6.7,0.07,337.28,1.38
CMP-07073,2022-08-06,LinkedIn,Retargeting,Food & Beverage,Asia Pacific,20688.64,6895592,186180,3548,1662238.77,2.7,0.11,80.35,5.83
CMP-07074,2023-12-08,Instagram,Brand Awareness,Education,Latin America,32344.26,3360816,167032,14189,5742841.91,4.97,0.19,177.55,2.28
CMP-07075,2023-02-21,YouTube,Brand Awareness,Tech,Europe,17554.03,7232357,465763,8267,2932596.84,6.44,0.04,167.06,2.12
CMP-07076,2022-08-12,Instagram,Conversion,Education,Asia Pacific,33227.44,4240410,291316,23895,9590359.01,6.87,0.11,288.63,1.39
CMP-07077,2023-01-22,Facebook,Engagement,Retail,Europe,38107.13,12872640,724729,81853,10008763.96,5.63,0.05,262.65,0.47
CMP-07078,2022-11-21,Google Ads,Engagement,Education,Middle East,10104.93,2056844,23036,1056,65277.74,1.12,0.44,6.46,9.57
CMP-07079,2022-09-23,LinkedIn,Retargeting,Healthcare,Asia Pacific,908.31,358523,17495,1206,437879.37,4.88,0.05,482.08,0.75
CMP-07080,2023-10-05,LinkedIn,Retargeting,Healthcare,Europe,24322.68,3511250,253512,11810,3563033.08,7.22,0.1,146.49,2.06
CMP-07081,2023-12-24,Facebook,Brand Awareness,Retail,Latin America,27282.02,11206287,103097,6449,2175983.04,0.92,0.26,79.76,4.23
CMP-07082,2023-06-25,Twitter,Brand Awareness,Food & Beverage,Europe,28342.58,2072053,20098,418,88714.37,0.97,1.41,3.13,67.81
CMP-07083,2022-12-29,Twitter,Lead Generation,Travel,Latin America,4363.05,2016606,33475,1467,552421.03,1.66,0.13,126.61,2.97
CMP-07084,2023-06-30,Email,Brand Awareness,Food & Beverage,Europe,35737.8,9651277,171792,13068,2724696.91,1.78,0.21,76.24,2.73
CMP-07085,2022-07-25,Instagram,Lead Generation,Food & Beverage,Middle East,37323.22,13269799,964714,81510,21331353.65,7.27,0.04,571.53,0.46
CMP-07086,2023-08-25,Google Ads,Retargeting,Food & Beverage,Middle East,1222.03,299801,15020,380,133066.06,5.01,0.08,108.89,3.22
CMP-07087,2022-04-17,Twitter,Engagement,Tech,Europe,34127.63,8704514,370812,12985,5903898.34,4.26,0.09,172.99,2.63
CMP-07088,2022-12-11,Email,Engagement,Food & Beverage,Europe,35139.28,5690382,117790,2838,304230.01,2.07,0.3,8.66,12.38
CMP-07089,2022-08-05,TikTok,Lead Generation,Food & Beverage,Asia Pacific,28760.41,12216032,273639,28599,2319129.75,2.24,0.11,80.64,1.01
CMP-07090,2022-06-15,Facebook,Conversion,Education,Latin America,21789.02,5171644,207900,20759,2086881.57,4.02,0.1,95.78,1.05
CMP-07091,2023-11-10,YouTube,Engagement,Healthcare,Middle East,34118.49,9308785,686057,17818,5271967.75,7.37,0.05,154.52,1.91
CMP-07092,2023-12-01,Instagram,Lead Generation,Food & Beverage,Europe,49373.49,4310968,257364,5897,535731.19,5.97,0.19,10.85,8.37
CMP-07093,2024-01-29,Email,Engagement,Travel,Middle East,33207.45,12071104,776171,75316,11555734.46,6.43,0.04,347.99,0.44
CMP-07094,2023-05-04,Twitter,Brand Awareness,Travel,North America,28922.16,12688768,475828,19110,8930553.39,3.75,0.06,308.78,1.51
CMP-07095,2023-10-20,Facebook,Conversion,Tech,Latin America,39898.4,14761208,110709,2625,388008.81,0.75,0.36,9.72,15.2
CMP-07096,2022-10-23,TikTok,Lead Generation,Finance,North America,41623.01,6657563,411437,28068,8990011.43,6.18,0.1,215.99,1.48
CMP-07097,2023-09-05,Twitter,Lead Generation,Food & Beverage,North America,16474.11,4727446,308229,17563,4185826.62,6.52,0.05,254.09,0.94
CMP-07098,2023-04-16,YouTube,Engagement,Education,Latin America,45620.59,14612874,590360,59921,8685711.59,4.04,0.08,190.39,0.76
CMP-07099,2023-04-11,Twitter,Lead Generation,Food & Beverage,Asia Pacific,18760.28,5099647,385023,25165,3723815.69,7.55,0.05,198.49,0.75
CMP-07100,2024-01-30,Twitter,Lead Generation,Retail,Latin America,30406.24,6604796,171724,15027,7278097.67,2.6,0.18,239.36,2.02
CMP-07101,2024-02-07,Instagram,Engagement,Food & Beverage,Latin America,42193.0,12447282,967153,114655,44102344.6,7.77,0.04,1045.25,0.37
CMP-07102,2022-10-06,TikTok,Conversion,Travel,Latin America,12335.05,2789506,126922,11461,4272687.42,4.55,0.1,346.39,1.08
CMP-07103,2023-09-19,Instagram,Conversion,Finance,Latin America,42001.92,5675726,408084,14487,4098904.34,7.19,0.1,97.59,2.9
CMP-07104,2022-05-04,Twitter,Lead Generation,Retail,Middle East,43097.42,14883375,723332,39246,6537046.98,4.86,0.06,151.68,1.1
CMP-07105,2023-04-25,Facebook,Lead Generation,Travel,Middle East,39927.55,5633425,83374,3577,440451.39,1.48,0.48,11.03,11.16
CMP-07106,2023-11-27,Email,Engagement,Education,Latin America,25620.46,5203424,209177,1558,374310.93,4.02,0.12,14.61,16.44
CMP-07107,2023-09-10,Twitter,Retargeting,Retail,Europe,21515.29,5000255,273513,23105,3869911.56,5.47,0.08,179.87,0.93
CMP-07108,2024-06-04,TikTok,Engagement,Retail,Latin America,17507.0,1946931,121099,2254,548721.45,6.22,0.14,31.34,7.77
CMP-07109,2022-01-18,TikTok,Engagement,Retail,Latin America,16301.3,5923701,193112,3516,892254.98,3.26,0.08,54.74,4.64
CMP-07110,2023-03-28,Facebook,Lead Generation,Education,Middle East,6421.93,475230,5607,532,238807.99,1.18,1.15,37.19,12.07
CMP-07111,2022-08-30,Twitter,Brand Awareness,Tech,North America,44631.28,15872323,899960,80896,18751955.04,5.67,0.05,420.15,0.55
CMP-07112,2024-01-05,LinkedIn,Conversion,Retail,Middle East,29536.38,5049088,340308,11302,3348360.27,6.74,0.09,113.36,2.61
CMP-07113,2022-08-25,LinkedIn,Conversion,Retail,Latin America,46218.17,15446658,214708,9384,898813.81,1.39,0.22,19.45,4.93
CMP-07114,2023-08-21,YouTube,Retargeting,Education,North America,40024.29,15514120,107047,5626,1489301.37,0.69,0.37,37.21,7.11
CMP-07115,2024-01-20,Email,Lead Generation,Tech,North America,13293.3,4417630,151524,10024,567959.31,3.43,0.09,42.73,1.33
CMP-07116,2022-11-05,Google Ads,Retargeting,Education,Latin America,3623.95,1133705,79245,8761,4339215.86,6.99,0.05,1197.37,0.41
CMP-07117,2022-09-05,Facebook,Retargeting,Tech,North America,31582.7,4160490,311620,6893,3308068.14,7.49,0.1,104.74,4.58
CMP-07118,2023-09-05,Facebook,Retargeting,Travel,Middle East,24767.48,3857887,32406,1315,81995.86,0.84,0.76,3.31,18.83
CMP-07119,2022-06-28,Email,Engagement,Education,Latin America,7606.61,1106632,37625,879,195686.17,3.4,0.2,25.73,8.65
CMP-07120,2023-12-01,Email,Conversion,Retail,Europe,37805.81,16181061,160192,7862,1372695.88,0.99,0.24,36.31,4.81
CMP-07121,2022-12-15,TikTok,Brand Awareness,Retail,Asia Pacific,26865.17,13071208,644410,49188,5125933.38,4.93,0.04,190.8,0.55
CMP-07122,2024-03-14,Google Ads,Conversion,Education,Latin America,40963.83,11720553,648146,64669,31987154.99,5.53,0.06,780.86,0.63
CMP-07123,2024-05-12,TikTok,Engagement,Retail,North America,40070.52,7583470,273004,28066,2408817.34,3.6,0.15,60.11,1.43
CMP-07124,2022-09-25,Twitter,Retargeting,Travel,Asia Pacific,13920.99,3289207,247019,13507,1377456.04,7.51,0.06,98.95,1.03
CMP-07125,2023-01-23,Google Ads,Engagement,Retail,North America,26703.13,10368917,612802,56507,23775230.71,5.91,0.04,890.35,0.47
CMP-07126,2022-07-19,YouTube,Retargeting,Healthcare,Europe,35276.1,17111049,1327817,32868,9772269.4,7.76,0.03,277.02,1.07
CMP-07127,2022-03-15,Email,Lead Generation,Finance,Latin America,40751.22,6130298,33103,369,45047.42,0.54,1.23,1.11,110.44
CMP-07128,2023-09-14,Google Ads,Lead Generation,Healthcare,North America,48159.37,3350136,65327,7467,305372.47,1.95,0.74,6.34,6.45
CMP-07129,2022-01-16,LinkedIn,Conversion,Travel,Latin America,32157.72,4234245,110513,12879,2020356.16,2.61,0.29,62.83,2.5
CMP-07130,2022-09-08,Facebook,Engagement,Retail,Europe,24829.45,2699823,130941,8250,649928.1,4.85,0.19,26.18,3.01
CMP-07131,2024-02-16,Google Ads,Engagement,Finance,Middle East,38661.12,8271591,267172,21279,10257606.05,3.23,0.14,265.32,1.82
CMP-07132,2023-04-01,YouTube,Lead Generation,Food & Beverage,Europe,46798.81,4777661,257038,23925,11670935.14,5.38,0.18,249.39,1.96
CMP-07133,2024-06-11,TikTok,Lead Generation,Travel,Middle East,35360.77,13074929,683818,29552,12134283.52,5.23,0.05,343.16,1.2
CMP-07134,2023-06-25,Facebook,Conversion,Tech,Asia Pacific,42653.39,17991376,156524,1709,308097.56,0.87,0.27,7.22,24.96
CMP-07135,2022-03-01,TikTok,Engagement,Education,Europe,33118.72,2003649,38870,3367,1395586.05,1.94,0.85,42.14,9.84
CMP-07136,2023-08-25,Google Ads,Lead Generation,Healthcare,Asia Pacific,39477.07,11821569,267167,2500,517629.53,2.26,0.15,13.11,15.79
CMP-07137,2024-06-15,Facebook,Brand Awareness,Travel,Asia Pacific,24952.14,12050245,868822,48625,1722605.84,7.21,0.03,69.04,0.51
CMP-07138,2024-03-10,Twitter,Brand Awareness,Travel,Latin America,40520.97,15423259,226721,7359,3563236.74,1.47,0.18,87.94,5.51
CMP-07139,2023-07-17,Google Ads,Retargeting,Food & Beverage,Asia Pacific,38350.94,12094105,832074,59565,8137112.43,6.88,0.05,212.18,0.64
CMP-07140,2024-02-25,YouTube,Engagement,Finance,Middle East,43314.87,7048253,370738,36491,2635194.55,5.26,0.12,60.84,1.19
CMP-07141,2023-04-02,TikTok,Engagement,Retail,North America,42770.56,19032139,196031,23262,6212962.43,1.03,0.22,145.26,1.84
CMP-07142,2022-11-14,TikTok,Brand Awareness,Finance,Middle East,30495.02,2184447,173226,13834,3040832.18,7.93,0.18,99.72,2.2
CMP-07143,2022-02-13,Twitter,Lead Generation,Finance,Europe,32324.17,14483053,677806,6467,2852153.53,4.68,0.05,88.24,5.0
CMP-07144,2023-02-26,TikTok,Lead Generation,Education,Latin America,47207.73,5561469,295870,24024,4767148.33,5.32,0.16,100.98,1.97
CMP-07145,2023-11-27,Email,Engagement,Food & Beverage,Middle East,12968.35,3527159,189055,9394,3182788.85,5.36,0.07,245.43,1.38
CMP-07146,2023-01-07,Google Ads,Lead Generation,Travel,Europe,33761.37,3354701,236841,4545,1247904.02,7.06,0.14,36.96,7.43
CMP-07147,2023-01-28,Email,Engagement,Food & Beverage,Asia Pacific,43138.63,11433062,193218,17557,2519429.91,1.69,0.22,58.4,2.46
CMP-07148,2023-01-02,Twitter,Retargeting,Tech,Europe,37088.56,17811032,717784,78577,33958775.46,4.03,0.05,915.61,0.47
CMP-07149,2022-04-14,Twitter,Lead Generation,Tech,Latin America,26344.66,8469211,369257,13671,875574.56,4.36,0.07,33.24,1.93
CMP-07150,2022-04-07,Google Ads,Engagement,Retail,Latin America,46705.63,20322090,636081,49485,14156991.1,3.13,0.07,303.11,0.94
CMP-07151,2022-11-02,Email,Conversion,Healthcare,Latin America,3686.38,1732711,75026,997,400930.12,4.33,0.05,108.76,3.7
CMP-07152,2022-03-28,Twitter,Conversion,Healthcare,Latin America,21438.35,7856099,592349,24241,8045058.51,7.54,0.04,375.26,0.88
CMP-07153,2023-11-22,Email,Engagement,Healthcare,North America,6995.79,3300728,79877,7738,3533762.45,2.42,0.09,505.13,0.9
CMP-07154,2022-08-26,LinkedIn,Brand Awareness,Finance,Latin America,7545.44,3606503,135965,1806,439619.95,3.77,0.06,58.26,4.18
CMP-07155,2022-10-10,Google Ads,Engagement,Travel,Latin America,17680.93,4062842,262053,27632,4820200.8,6.45,0.07,272.62,0.64
CMP-07156,2023-07-28,Instagram,Lead Generation,Tech,Asia Pacific,11971.37,1529578,102481,2876,1041034.15,6.7,0.12,86.96,4.16
CMP-07157,2024-03-01,Instagram,Brand Awareness,Food & Beverage,North America,34278.78,9292011,425574,36950,2761037.11,4.58,0.08,80.55,0.93
CMP-07158,2023-09-25,Facebook,Brand Awareness,Travel,Asia Pacific,1383.14,420694,20529,292,8779.48,4.88,0.07,6.35,4.74
CMP-07159,2023-12-16,Email,Conversion,Tech,Asia Pacific,40488.4,12950168,914281,67554,29166073.97,7.06,0.04,720.36,0.6
CMP-07160,2024-04-10,Email,Lead Generation,Tech,North America,11438.65,702842,8363,136,32077.95,1.19,1.37,2.8,84.11
CMP-07161,2022-05-12,Facebook,Brand Awareness,Tech,Latin America,28655.24,9393573,634066,32912,12674402.13,6.75,0.05,442.31,0.87
CMP-07162,2022-11-18,Facebook,Conversion,Food & Beverage,Asia Pacific,17542.91,7870036,302996,7123,2234343.1,3.85,0.06,127.36,2.46
CMP-07163,2024-02-23,Instagram,Retargeting,Travel,Middle East,14686.61,3641960,129653,12090,2922736.01,3.56,0.11,199.01,1.21
CMP-07164,2022-05-25,Instagram,Retargeting,Travel,Middle East,10353.04,1876658,29651,2991,507163.44,1.58,0.35,48.99,3.46
CMP-07165,2023-10-23,LinkedIn,Lead Generation,Retail,Latin America,19537.4,8765565,88532,2106,740639.67,1.01,0.22,37.91,9.28
CMP-07166,2022-02-10,Twitter,Lead Generation,Finance,Europe,47300.92,6452721,469112,10429,4891002.1,7.27,0.1,103.4,4.54
CMP-07167,2024-01-14,YouTube,Engagement,Travel,Europe,17867.27,2627506,196800,2464,270168.08,7.49,0.09,15.12,7.25
CMP-07168,2024-01-07,TikTok,Retargeting,Food & Beverage,Europe,19912.11,2630264,46818,604,163662.4,1.78,0.43,8.22,32.97
CMP-07169,2022-10-05,Instagram,Lead Generation,Food & Beverage,North America,23930.75,10990198,189031,13184,3842673.27,1.72,0.13,160.57,1.82
CMP-07170,2024-04-15,TikTok,Retargeting,Education,Europe,21544.09,6734065,49832,4416,1390697.02,0.74,0.43,64.55,4.88
CMP-07171,2022-05-02,YouTube,Lead Generation,Retail,North America,25844.77,4325121,293243,2297,773511.71,6.78,0.09,29.93,11.25
CMP-07172,2022-11-04,TikTok,Engagement,Food & Beverage,Middle East,36605.18,9526931,286760,28386,2134020.94,3.01,0.13,58.3,1.29
CMP-07173,2023-07-25,TikTok,Lead Generation,Retail,Asia Pacific,30336.13,5060842,185226,7193,403157.75,3.66,0.16,13.29,4.22
CMP-07174,2022-02-26,LinkedIn,Retargeting,Finance,Latin America,46520.57,12049660,545849,21051,10074386.39,4.53,0.09,216.56,2.21
CMP-07175,2023-06-07,Facebook,Lead Generation,Healthcare,North America,33279.97,13632779,917486,53816,20785887.75,6.73,0.04,624.58,0.62
CMP-07176,2023-05-06,Email,Retargeting,Food & Beverage,North America,41479.36,11850088,591319,11169,2781538.71,4.99,0.07,67.06,3.71
CMP-07177,2024-06-10,TikTok,Brand Awareness,Retail,North America,22772.41,4789635,176737,10440,2870667.94,3.69,0.13,126.06,2.18
CMP-07178,2024-05-28,YouTube,Brand Awareness,Education,Middle East,33549.82,13653990,548890,33535,3278871.22,4.02,0.06,97.73,1.0
CMP-07179,2022-12-29,Twitter,Conversion,Finance,North America,8534.32,1887626,56628,4754,1115679.97,3.0,0.15,130.73,1.8
CMP-07180,2023-05-19,Instagram,Brand Awareness,Tech,Asia Pacific,41246.86,11038770,572912,64066,31993406.58,5.19,0.07,775.66,0.64
CMP-07181,2024-02-16,TikTok,Lead Generation,Finance,Europe,27510.31,1954167,49049,708,181398.74,2.51,0.56,6.59,38.86
CMP-07182,2022-06-03,LinkedIn,Brand Awareness,Food & Beverage,Latin America,44971.07,15273261,581911,61004,10057993.81,3.81,0.08,223.65,0.74
CMP-07183,2022-05-09,Facebook,Retargeting,Finance,Europe,15328.09,6183884,76061,5089,1929948.18,1.23,0.2,125.91,3.01
CMP-07184,2024-01-15,TikTok,Lead Generation,Food & Beverage,Asia Pacific,24348.42,11828937,798453,67591,20272655.98,6.75,0.03,832.61,0.36
CMP-07185,2023-07-08,Google Ads,Lead Generation,Education,Latin America,43533.73,12575056,286711,10857,2828206.87,2.28,0.15,64.97,4.01
CMP-07186,2024-06-07,Twitter,Retargeting,Healthcare,Europe,28386.9,6625652,361098,38923,18134135.24,5.45,0.08,638.82,0.73
CMP-07187,2022-02-07,Twitter,Retargeting,Food & Beverage,North America,31456.25,11480387,626829,56470,11052871.46,5.46,0.05,351.37,0.56
CMP-07188,2023-06-02,TikTok,Brand Awareness,Retail,Europe,36823.05,6614097,424625,6802,2125114.85,6.42,0.09,57.71,5.41
CMP-07189,2022-11-29,LinkedIn,Engagement,Finance,Europe,23676.64,9389638,626288,63503,6041067.07,6.67,0.04,255.15,0.37
CMP-07190,2023-09-24,Facebook,Lead Generation,Finance,Europe,47064.96,8441175,286155,9137,4188059.23,3.39,0.16,88.98,5.15
CMP-07191,2022-05-28,Email,Lead Generation,Retail,Europe,16050.78,6633096,196339,20995,5048363.19,2.96,0.08,314.52,0.76
CMP-07192,2022-08-20,TikTok,Engagement,Travel,Latin America,47131.95,9871397,185582,8338,997502.47,1.88,0.25,21.16,5.65
CMP-07193,2023-12-26,Twitter,Retargeting,Tech,Europe,19859.96,7528281,493102,12301,5170454.51,6.55,0.04,260.35,1.61
CMP-07194,2023-12-13,YouTube,Conversion,Tech,Europe,5095.36,639401,15473,659,292234.07,2.42,0.33,57.35,7.73
CMP-07195,2024-01-12,Google Ads,Engagement,Finance,Asia Pacific,49591.18,8928898,159827,13668,3724174.76,1.79,0.31,75.1,3.63
CMP-07196,2023-04-30,TikTok,Engagement,Finance,Latin America,13516.17,4310481,228024,24352,5456856.8,5.29,0.06,403.73,0.56
CMP-07197,2023-03-18,YouTube,Retargeting,Retail,Europe,8718.66,3075738,78431,2138,754493.78,2.55,0.11,86.54,4.08
CMP-07198,2024-06-19,YouTube,Lead Generation,Travel,Asia Pacific,47568.15,6922234,102449,8867,1718570.54,1.48,0.46,36.13,5.36
CMP-07199,2022-10-09,TikTok,Brand Awareness,Food & Beverage,Latin America,41168.26,6861928,293004,10998,5248068.96,4.27,0.14,127.48,3.74
CMP-07200,2023-02-12,LinkedIn,Conversion,Travel,Middle East,18344.0,7175175,137045,9193,1217979.42,1.91,0.13,66.4,2.0
CMP-07201,2022-12-19,YouTube,Conversion,Healthcare,Middle East,20491.24,2092908,152782,4413,1967948.83,7.3,0.13,96.04,4.64
CMP-07202,2024-01-08,Facebook,Lead Generation,Travel,North America,8723.63,2350874,128827,12952,539325.82,5.48,0.07,61.82,0.67
CMP-07203,2023-11-18,Twitter,Engagement,Retail,Middle East,2037.76,270702,15646,671,99103.84,5.78,0.13,48.63,3.04
CMP-07204,2022-04-23,Facebook,Conversion,Education,Latin America,37194.02,12508176,459050,17352,2576329.3,3.67,0.08,69.27,2.14
CMP-07205,2024-04-17,Facebook,Lead Generation,Education,Middle East,12366.68,4945775,291306,19739,4079591.53,5.89,0.04,329.89,0.63
CMP-07206,2022-03-16,Email,Lead Generation,Tech,Middle East,39232.93,10483479,710779,19245,4391471.93,6.78,0.06,111.93,2.04
CMP-07207,2022-07-14,Facebook,Engagement,Healthcare,Latin America,17933.43,4045348,280747,30816,3140465.9,6.94,0.06,175.12,0.58
CMP-07208,2024-01-14,Google Ads,Engagement,Education,Europe,49952.84,14849795,277691,32606,8709306.58,1.87,0.18,174.35,1.53
CMP-07209,2022-06-15,Google Ads,Lead Generation,Food & Beverage,Europe,26092.53,2578269,47697,674,329462.71,1.85,0.55,12.63,38.71
CMP-07210,2022-04-17,TikTok,Retargeting,Retail,Asia Pacific,47191.97,16638290,88182,9494,4334344.49,0.53,0.54,91.84,4.97
CMP-07211,2022-08-10,YouTube,Lead Generation,Retail,North America,26774.31,8311232,201962,17455,1489431.78,2.43,0.13,55.63,1.53
CMP-07212,2023-07-21,Google Ads,Conversion,Retail,Asia Pacific,30864.55,12406254,233237,23489,10132330.61,1.88,0.13,328.28,1.31
CMP-07213,2022-03-02,Facebook,Lead Generation,Healthcare,Middle East,40047.71,3515640,55195,2532,440591.6,1.57,0.73,11.0,15.82
CMP-07214,2024-03-24,Twitter,Brand Awareness,Education,Latin America,10106.98,841727,8753,664,305330.19,1.04,1.15,30.21,15.22
CMP-07215,2023-02-05,TikTok,Lead Generation,Healthcare,Latin America,637.94,172046,11148,1198,246333.56,6.48,0.06,386.14,0.53
CMP-07216,2022-04-06,TikTok,Lead Generation,Healthcare,Europe,31394.98,11837386,545703,27305,12348557.29,4.61,0.06,393.33,1.15
CMP-07217,2022-01-02,YouTube,Retargeting,Travel,Latin America,12536.75,4405376,27313,263,45105.88,0.62,0.46,3.6,47.67
CMP-07218,2023-02-25,Instagram,Brand Awareness,Food & Beverage,Latin America,10782.48,1459692,43060,4392,2101874.6,2.95,0.25,194.93,2.46
CMP-07219,2022-11-10,Google Ads,Conversion,Healthcare,Europe,38390.28,14110724,292091,30336,7213002.87,2.07,0.13,187.89,1.27
CMP-07220,2023-01-06,Twitter,Engagement,Education,North America,2047.22,140366,1501,113,5158.75,1.07,1.36,2.52,18.12
CMP-07221,2023-08-07,YouTube,Engagement,Travel,Latin America,29138.75,7771980,119688,1727,719268.72,1.54,0.24,24.68,16.87
CMP-07222,2024-05-25,LinkedIn,Conversion,Retail,Asia Pacific,44754.17,10835005,629513,64182,21666198.54,5.81,0.07,484.12,0.7
CMP-07223,2024-04-27,Facebook,Retargeting,Healthcare,Latin America,30411.76,4954670,260615,4167,189483.44,5.26,0.12,6.23,7.3
CMP-07224,2022-08-27,YouTube,Brand Awareness,Tech,North America,25039.75,10581712,705800,55213,13676008.49,6.67,0.04,546.17,0.45
CMP-07225,2023-12-22,Facebook,Retargeting,Healthcare,Middle East,31533.02,6625382,263690,5863,238539.77,3.98,0.12,7.56,5.38
CMP-07226,2022-04-24,LinkedIn,Retargeting,Education,Europe,46099.86,18282055,1038420,37515,16740973.58,5.68,0.04,363.15,1.23
CMP-07227,2023-03-03,Instagram,Brand Awareness,Education,Latin America,26039.94,5282445,80293,2543,755480.4,1.52,0.32,29.01,10.24
CMP-07228,2023-08-25,LinkedIn,Conversion,Education,Asia Pacific,46842.2,12869115,314006,2569,350069.63,2.44,0.15,7.47,18.23
CMP-07229,2023-01-13,TikTok,Lead Generation,Food & Beverage,North America,47992.16,6397501,40944,2492,1076843.54,0.64,1.17,22.44,19.26
CMP-07230,2023-05-29,Twitter,Brand Awareness,Healthcare,Latin America,23459.65,2485608,52694,4565,324477.99,2.12,0.45,13.83,5.14
CMP-07231,2023-01-15,Google Ads,Engagement,Education,Asia Pacific,33114.68,8078854,159153,13699,707244.19,1.97,0.21,21.36,2.42
CMP-07232,2023-12-03,Email,Lead Generation,Tech,Middle East,48155.02,20350095,231991,3298,1447833.5,1.14,0.21,30.07,14.6
CMP-07233,2022-11-22,TikTok,Retargeting,Finance,Asia Pacific,11309.61,2460010,25338,1630,141166.72,1.03,0.45,12.48,6.94
CMP-07234,2022-10-11,Google Ads,Engagement,Education,Middle East,32369.71,8816430,171038,18993,8510804.74,1.94,0.19,262.92,1.7
CMP-07235,2023-09-01,LinkedIn,Lead Generation,Healthcare,Latin America,45885.36,20657389,1605079,41936,12845984.21,7.77,0.03,279.96,1.09
CMP-07236,2024-04-07,Email,Brand Awareness,Healthcare,Asia Pacific,17750.83,4772092,99736,1741,247140.14,2.09,0.18,13.92,10.2
CMP-07237,2023-11-10,YouTube,Lead Generation,Retail,Latin America,12956.73,3992435,151313,17582,7560142.16,3.79,0.09,583.49,0.74
CMP-07238,2023-11-08,YouTube,Retargeting,Tech,Asia Pacific,33214.08,6463549,489937,36566,2508400.18,7.58,0.07,75.52,0.91
CMP-07239,2023-07-07,LinkedIn,Brand Awareness,Tech,Asia Pacific,47548.32,22528752,1099403,129957,50873006.88,4.88,0.04,1069.92,0.37
CMP-07240,2022-08-27,Email,Brand Awareness,Travel,Middle East,33266.39,5740776,64870,7646,1659617.53,1.13,0.51,49.89,4.35
CMP-07241,2024-03-23,Email,Retargeting,Healthcare,Middle East,42989.21,3679448,258665,25673,11920364.58,7.03,0.17,277.29,1.67
CMP-07242,2024-03-19,Instagram,Brand Awareness,Healthcare,North America,37506.98,15962145,151640,6218,2610052.66,0.95,0.25,69.59,6.03
CMP-07243,2022-05-28,Instagram,Conversion,Tech,North America,5007.62,2424744,65710,5016,923391.17,2.71,0.08,184.4,1.0
CMP-07244,2023-11-07,Instagram,Brand Awareness,Education,Europe,21501.84,7223648,45508,822,158102.72,0.63,0.47,7.35,26.16
CMP-07245,2022-07-24,Instagram,Engagement,Finance,Asia Pacific,27399.26,11039224,481310,9417,1708896.29,4.36,0.06,62.37,2.91
CMP-07246,2024-03-10,LinkedIn,Retargeting,Finance,Latin America,43153.07,13177913,1022606,77217,9371574.15,7.76,0.04,217.17,0.56
CMP-07247,2023-11-04,YouTube,Brand Awareness,Travel,North America,10322.06,3428281,148101,820,89389.86,4.32,0.07,8.66,12.59
CMP-07248,2023-04-11,Twitter,Retargeting,Retail,North America,5338.99,1960965,85498,6659,1500081.37,4.36,0.06,280.97,0.8
CMP-07249,2023-05-03,Email,Lead Generation,Travel,Asia Pacific,26108.05,7761228,308120,10610,1829378.66,3.97,0.08,70.07,2.46
CMP-07250,2024-05-23,TikTok,Engagement,Tech,Europe,5115.57,1398012,95624,4901,1900135.24,6.84,0.05,371.44,1.04
CMP-07251,2024-01-27,Email,Lead Generation,Travel,North America,8541.48,2992822,122705,12519,1920035.01,4.1,0.07,224.79,0.68
CMP-07252,2022-09-06,Facebook,Conversion,Healthcare,Europe,49802.79,3033603,213869,23606,5252358.09,7.05,0.23,105.46,2.11
CMP-07253,2022-08-23,Email,Lead Generation,Education,North America,5500.17,2642922,29865,2695,598771.31,1.13,0.18,108.86,2.04
CMP-07254,2022-07-27,Email,Engagement,Finance,Asia Pacific,15072.63,2914015,18066,708,300613.19,0.62,0.83,19.94,21.29
CMP-07255,2022-04-28,Google Ads,Engagement,Travel,Asia Pacific,8231.19,2624107,97354,1512,515871.07,3.71,0.08,62.67,5.44
CMP-07256,2022-03-24,Instagram,Lead Generation,Finance,Asia Pacific,19424.47,5497775,251248,6067,2565661.86,4.57,0.08,132.08,3.2
CMP-07257,2022-06-17,Google Ads,Retargeting,Finance,Latin America,21879.56,3177673,17477,1099,214844.76,0.55,1.25,9.82,19.91
CMP-07258,2022-09-22,Instagram,Engagement,Retail,Middle East,46735.1,13636007,717253,19797,4350312.9,5.26,0.07,93.08,2.36
CMP-07259,2023-01-05,Twitter,Lead Generation,Food & Beverage,Asia Pacific,37822.92,15763362,978904,66043,21272857.56,6.21,0.04,562.43,0.57
CMP-07260,2022-08-08,YouTube,Conversion,Finance,Latin America,3174.77,300760,12541,732,147746.37,4.17,0.25,46.54,4.34
CMP-07261,2024-01-03,Instagram,Lead Generation,Retail,Latin America,20826.99,8496421,403579,38432,18362961.39,4.75,0.05,881.69,0.54
CMP-07262,2024-03-02,LinkedIn,Lead Generation,Retail,Latin America,8370.63,2128423,114296,7817,331893.34,5.37,0.07,39.65,1.07
CMP-07263,2024-01-25,Google Ads,Retargeting,Healthcare,Europe,13455.47,4418501,340224,10676,2887088.49,7.7,0.04,214.57,1.26
CMP-07264,2023-03-10,YouTube,Retargeting,Education,Europe,34171.0,15635466,576948,14096,4952104.44,3.69,0.06,144.92,2.42
CMP-07265,2022-03-19,YouTube,Engagement,Retail,Asia Pacific,24667.28,2118584,89616,3602,817713.49,4.23,0.28,33.15,6.85
CMP-07266,2024-05-07,Twitter,Retargeting,Tech,Latin America,17764.52,1460172,64831,4775,1792647.18,4.44,0.27,100.91,3.72
CMP-07267,2023-09-12,Twitter,Engagement,Healthcare,Latin America,21968.16,4432036,169303,7331,2131436.85,3.82,0.13,97.02,3.0
CMP-07268,2023-12-01,YouTube,Lead Generation,Finance,Europe,43105.95,6351502,59704,2019,748957.63,0.94,0.72,17.37,21.35
CMP-07269,2023-07-26,LinkedIn,Retargeting,Tech,Europe,46678.32,12855388,820173,11557,5170358.31,6.38,0.06,110.77,4.04
CMP-07270,2022-10-25,TikTok,Engagement,Retail,North America,32328.34,5266206,352835,29978,9052526.11,6.7,0.09,280.02,1.08
CMP-07271,2023-11-21,LinkedIn,Engagement,Retail,North America,25936.39,5796273,56803,3190,408972.7,0.98,0.46,15.77,8.13
CMP-07272,2022-02-01,Facebook,Retargeting,Travel,North America,34980.05,3520082,269286,3540,1159195.33,7.65,0.13,33.14,9.88
CMP-07273,2023-08-24,LinkedIn,Brand Awareness,Travel,Asia Pacific,4913.24,345394,23694,2145,347315.74,6.86,0.21,70.69,2.29
CMP-07274,2022-01-25,TikTok,Lead Generation,Healthcare,Europe,13085.69,3078361,124057,2348,688897.25,4.03,0.11,52.65,5.57
CMP-07275,2022-08-09,Google Ads,Conversion,Education,Latin America,40027.4,12277900,621261,42858,2562556.63,5.06,0.06,64.02,0.93
CMP-07276,2022-08-13,Instagram,Brand Awareness,Finance,Middle East,3769.83,858560,8156,862,351638.57,0.95,0.46,93.28,4.37
CMP-07277,2023-01-29,LinkedIn,Lead Generation,Healthcare,Europe,48879.43,5863310,321309,31364,3038005.65,5.48,0.15,62.15,1.56
CMP-07278,2022-09-04,LinkedIn,Lead Generation,Tech,Asia Pacific,39231.23,3274346,75637,4536,2108813.94,2.31,0.52,53.75,8.65
CMP-07279,2023-12-16,LinkedIn,Engagement,Education,Asia Pacific,30584.03,9707651,429078,41204,17887424.43,4.42,0.07,584.86,0.74
CMP-07280,2022-02-17,Facebook,Engagement,Healthcare,Middle East,15668.74,3187361,225665,10550,4704950.16,7.08,0.07,300.28,1.49
CMP-07281,2023-05-14,Google Ads,Conversion,Travel,Asia Pacific,36684.63,13650924,858643,31243,12925812.13,6.29,0.04,352.35,1.17
CMP-07282,2023-05-18,LinkedIn,Retargeting,Finance,Europe,47201.58,14474511,1136249,109875,11001841.46,7.85,0.04,233.08,0.43
CMP-07283,2022-04-27,LinkedIn,Retargeting,Finance,North America,31387.51,12608594,683385,8666,3900789.94,5.42,0.05,124.28,3.62
CMP-07284,2023-08-24,Twitter,Conversion,Healthcare,Middle East,40797.29,14200761,904588,45370,8080044.3,6.37,0.05,198.05,0.9
CMP-07285,2024-01-02,Facebook,Lead Generation,Finance,Europe,18040.35,2448399,42112,2101,676955.34,1.72,0.43,37.52,8.59
CMP-07286,2023-03-15,LinkedIn,Retargeting,Food & Beverage,Europe,31395.41,3626632,102271,6333,618451.48,2.82,0.31,19.7,4.96
CMP-07287,2023-10-27,Facebook,Engagement,Food & Beverage,Middle East,12110.64,4397077,342972,8106,2548749.5,7.8,0.04,210.46,1.49
CMP-07288,2022-09-14,YouTube,Lead Generation,Food & Beverage,North America,12804.84,5894334,410835,26235,2283060.36,6.97,0.03,178.3,0.49
CMP-07289,2024-01-01,YouTube,Lead Generation,Food & Beverage,North America,6942.54,966208,15555,1672,237255.59,1.61,0.45,34.17,4.15
CMP-07290,2023-11-21,Google Ads,Lead Generation,Travel,Latin America,45583.7,18988575,358884,29843,12074684.05,1.89,0.13,264.89,1.53
CMP-07291,2023-06-11,Instagram,Brand Awareness,Healthcare,Latin America,22230.21,8806376,623491,5957,2135742.76,7.08,0.04,96.07,3.73
CMP-07292,2022-11-04,LinkedIn,Conversion,Travel,North America,2531.87,312659,12725,1102,177600.38,4.07,0.2,70.15,2.3
CMP-07293,2023-01-29,Instagram,Brand Awareness,Travel,Latin America,40121.7,19576211,992513,23298,10794372.42,5.07,0.04,269.04,1.72
CMP-07294,2023-01-05,YouTube,Retargeting,Finance,Europe,47948.13,22730748,1557056,175958,41502637.49,6.85,0.03,865.57,0.27
CMP-07295,2022-11-29,Email,Conversion,Tech,North America,22920.15,2751876,77327,1546,649388.72,2.81,0.3,28.33,14.83
CMP-07296,2023-01-08,Instagram,Lead Generation,Finance,Middle East,35390.4,14018419,649052,68498,4967497.08,4.63,0.05,140.36,0.52
CMP-07297,2022-05-03,TikTok,Engagement,Retail,Middle East,11699.95,4854242,173296,16679,6607798.48,3.57,0.07,564.77,0.7
CMP-07298,2024-04-02,Google Ads,Lead Generation,Food & Beverage,Latin America,19451.79,6352100,300454,31082,12888611.98,4.73,0.06,662.59,0.63
CMP-07299,2023-12-31,YouTube,Retargeting,Retail,Asia Pacific,12798.87,2750141,137782,14914,1022824.48,5.01,0.09,79.92,0.86
CMP-07300,2022-10-29,Instagram,Conversion,Education,Middle East,19055.22,2421969,22766,1110,487924.84,0.94,0.84,25.61,17.17
CMP-07301,2024-04-02,LinkedIn,Lead Generation,Travel,Asia Pacific,9727.59,504436,7314,286,23372.61,1.45,1.33,2.4,34.01
CMP-07302,2022-09-02,LinkedIn,Engagement,Tech,Middle East,24016.41,1546894,91421,10642,1079084.96,5.91,0.26,44.93,2.26
CMP-07303,2023-02-08,YouTube,Retargeting,Tech,Europe,32166.35,11246602,327276,8926,1306495.55,2.91,0.1,40.62,3.6
CMP-07304,2023-02-21,Instagram,Conversion,Travel,Europe,25784.65,7452357,447886,24274,11390343.93,6.01,0.06,441.75,1.06
CMP-07305,2022-08-30,Instagram,Lead Generation,Education,Latin America,29103.53,3468187,243466,5869,539787.0,7.02,0.12,18.55,4.96
CMP-07306,2024-04-08,LinkedIn,Retargeting,Tech,Europe,46372.79,2899550,61180,816,142572.51,2.11,0.76,3.07,56.83
CMP-07307,2022-11-14,Twitter,Retargeting,Retail,Europe,41135.48,14808959,342086,23508,2659276.47,2.31,0.12,64.65,1.75
CMP-07308,2022-04-13,YouTube,Lead Generation,Finance,Latin America,24741.86,3463822,233807,1700,155617.64,6.75,0.11,6.29,14.55
CMP-07309,2023-11-19,Google Ads,Brand Awareness,Tech,Middle East,21104.32,6895585,282029,28426,13967987.99,4.09,0.07,661.85,0.74
CMP-07310,2023-12-07,Twitter,Conversion,Travel,Latin America,16143.57,3284329,94917,3388,1314567.88,2.89,0.17,81.43,4.76
CMP-07311,2023-09-29,YouTube,Brand Awareness,Healthcare,Europe,24186.02,4283260,271130,20311,4123592.41,6.33,0.09,170.49,1.19
CMP-07312,2023-11-25,Instagram,Retargeting,Healthcare,Middle East,17067.81,1695464,131568,12646,5045660.39,7.76,0.13,295.62,1.35
CMP-07313,2022-08-05,Email,Retargeting,Retail,Latin America,30874.31,14109083,877584,48354,13941166.8,6.22,0.04,451.55,0.64
CMP-07314,2023-09-26,Twitter,Lead Generation,Healthcare,Asia Pacific,42264.02,19868465,685462,40150,12284697.0,3.45,0.06,290.67,1.05
CMP-07315,2022-03-26,Facebook,Retargeting,Retail,Middle East,23095.14,1761868,100778,4762,1325217.46,5.72,0.23,57.38,4.85
CMP-07316,2022-12-19,TikTok,Engagement,Education,Europe,1699.66,115222,1497,49,19726.09,1.3,1.14,11.61,34.69
CMP-07317,2024-05-28,Email,Retargeting,Education,Middle East,4364.53,1804436,123062,11040,529047.88,6.82,0.04,121.22,0.4
CMP-07318,2022-03-10,Google Ads,Engagement,Healthcare,Asia Pacific,7714.52,1208799,51736,5356,1408470.06,4.28,0.15,182.57,1.44
CMP-07319,2022-11-14,Email,Retargeting,Education,Latin America,20426.99,1056798,11413,1078,464068.71,1.08,1.79,22.72,18.95
CMP-07320,2023-08-30,Google Ads,Retargeting,Tech,Asia Pacific,42360.4,4696881,93467,8258,3468808.18,1.99,0.45,81.89,5.13
CMP-07321,2023-01-07,LinkedIn,Conversion,Food & Beverage,Asia Pacific,11834.01,1357217,29180,1051,239500.86,2.15,0.41,20.24,11.26
CMP-07322,2023-07-07,Google Ads,Lead Generation,Retail,Middle East,5327.56,1797567,94192,2100,455513.72,5.24,0.06,85.5,2.54
CMP-07323,2024-04-16,Twitter,Conversion,Healthcare,Middle East,1499.72,241099,8317,646,263841.16,3.45,0.18,175.93,2.32
CMP-07324,2022-12-25,TikTok,Retargeting,Retail,Asia Pacific,29193.48,12958833,391356,13792,2176038.65,3.02,0.07,74.54,2.12
CMP-07325,2022-03-25,Facebook,Retargeting,Travel,Asia Pacific,8582.25,2843843,154989,6532,3004698.11,5.45,0.06,350.11,1.31
CMP-07326,2023-12-30,Twitter,Brand Awareness,Finance,Europe,49539.83,11435397,453985,5403,939383.41,3.97,0.11,18.96,9.17
CMP-07327,2022-11-25,YouTube,Conversion,Tech,North America,47188.01,12630528,75783,1135,393636.88,0.6,0.62,8.34,41.58
CMP-07328,2022-04-08,YouTube,Conversion,Education,Latin America,40201.08,2435729,128606,6534,1755718.95,5.28,0.31,43.67,6.15
CMP-07329,2022-09-16,Email,Engagement,Food & Beverage,North America,6795.86,840700,47079,2755,514790.12,5.6,0.14,75.75,2.47
CMP-07330,2022-07-20,Google Ads,Retargeting,Food & Beverage,Asia Pacific,5353.7,1882010,92971,9544,1274084.79,4.94,0.06,237.98,0.56
CMP-07331,2024-02-10,Facebook,Conversion,Finance,Middle East,41181.27,7403256,548581,56348,20063513.25,7.41,0.08,487.2,0.73
CMP-07332,2023-01-01,Twitter,Retargeting,Tech,Europe,48252.33,9516033,707992,64177,3898237.6,7.44,0.07,80.79,0.75
CMP-07333,2023-06-20,Twitter,Lead Generation,Travel,Europe,31806.81,13081999,818933,29947,4074607.08,6.26,0.04,128.1,1.06
CMP-07334,2024-05-20,TikTok,Lead Generation,Food & Beverage,Europe,34533.64,14654804,552486,3141,1217226.94,3.77,0.06,35.25,10.99
CMP-07335,2023-04-06,Email,Brand Awareness,Finance,Middle East,42217.78,4627302,158253,15658,2868849.51,3.42,0.27,67.95,2.7
CMP-07336,2022-10-15,TikTok,Retargeting,Healthcare,Asia Pacific,2500.35,780331,56730,1901,613641.45,7.27,0.04,245.42,1.32
CMP-07337,2022-02-21,YouTube,Lead Generation,Finance,Middle East,24059.16,2172109,95572,4005,334833.11,4.4,0.25,13.92,6.01
CMP-07338,2022-07-03,LinkedIn,Lead Generation,Healthcare,Middle East,39587.33,11535689,433741,16467,2118744.74,3.76,0.09,53.52,2.4
CMP-07339,2022-10-16,Email,Brand Awareness,Tech,Latin America,31337.81,10173507,243146,13081,3046681.71,2.39,0.13,97.22,2.4
CMP-07340,2023-01-03,Email,Retargeting,Retail,Europe,8146.45,1055305,38096,1769,323714.2,3.61,0.21,39.74,4.61
CMP-07341,2022-07-09,Facebook,Brand Awareness,Healthcare,North America,27616.19,7063712,383559,10305,3623539.82,5.43,0.07,131.21,2.68
CMP-07342,2023-11-03,TikTok,Retargeting,Food & Beverage,Asia Pacific,22625.05,3582543,228207,9371,2961395.61,6.37,0.1,130.89,2.41
CMP-07343,2023-01-22,Email,Brand Awareness,Tech,Latin America,17726.48,8570134,321380,32937,4867189.83,3.75,0.06,274.57,0.54
CMP-07344,2023-10-06,Google Ads,Conversion,Finance,North America,44292.36,17737816,473599,49282,9446120.55,2.67,0.09,213.27,0.9
CMP-07345,2023-02-19,Email,Lead Generation,Food & Beverage,Middle East,11962.4,662884,10274,889,351686.71,1.55,1.16,29.4,13.46
CMP-07346,2023-06-07,YouTube,Brand Awareness,Retail,Middle East,37855.51,16367416,117845,12924,5657062.78,0.72,0.32,149.44,2.93
CMP-07347,2024-01-01,Facebook,Brand Awareness,Healthcare,Europe,43481.86,10649443,331197,26931,7799744.41,3.11,0.13,179.38,1.61
CMP-07348,2022-03-03,Google Ads,Conversion,Tech,Middle East,31214.55,10152619,270059,11350,1179046.86,2.66,0.12,37.77,2.75
CMP-07349,2022-11-14,Twitter,Brand Awareness,Food & Beverage,Asia Pacific,24981.48,9916784,502780,56431,13839313.54,5.07,0.05,553.98,0.44
CMP-07350,2023-12-03,Instagram,Retargeting,Travel,Middle East,14322.78,5226074,225243,23375,1102261.97,4.31,0.06,76.96,0.61
CMP-07351,2023-11-11,Twitter,Brand Awareness,Finance,North America,3467.67,1097381,81425,5049,218203.05,7.42,0.04,62.92,0.69
CMP-07352,2023-01-07,Email,Retargeting,Tech,Middle East,16759.84,1896590,90467,7484,822342.66,4.77,0.19,49.07,2.24
CMP-07353,2022-01-18,TikTok,Conversion,Finance,Asia Pacific,49436.38,10602613,651000,45817,9729412.57,6.14,0.08,196.81,1.08
CMP-07354,2023-06-17,Facebook,Conversion,Education,Asia Pacific,26555.13,11691119,462968,29071,5953413.55,3.96,0.06,224.19,0.91
CMP-07355,2024-05-22,Google Ads,Brand Awareness,Finance,Europe,7612.44,626187,10457,1181,587780.1,1.67,0.73,77.21,6.45
CMP-07356,2023-05-08,Email,Engagement,Travel,Europe,32378.45,13715209,464945,14598,6360666.86,3.39,0.07,196.45,2.22
CMP-07357,2024-05-28,Twitter,Retargeting,Tech,Europe,29899.02,14752486,889574,27722,10135698.18,6.03,0.03,339.0,1.08
CMP-07358,2024-02-26,Twitter,Brand Awareness,Tech,North America,17476.17,7349025,72755,2170,810900.75,0.99,0.24,46.4,8.05
CMP-07359,2023-10-13,TikTok,Conversion,Education,Middle East,40468.36,3086484,159262,8322,2961510.22,5.16,0.25,73.18,4.86
CMP-07360,2023-06-26,TikTok,Retargeting,Retail,Middle East,12415.34,1641715,85533,4707,193312.51,5.21,0.15,15.57,2.64
CMP-07361,2022-07-15,LinkedIn,Lead Generation,Travel,Asia Pacific,18862.7,7870379,173935,8868,3631467.04,2.21,0.11,192.52,2.13
CMP-07362,2022-11-12,Twitter,Brand Awareness,Education,Middle East,10677.86,4721423,145891,2404,839130.66,3.09,0.07,78.59,4.44
CMP-07363,2023-09-27,Facebook,Lead Generation,Travel,Europe,21545.85,3078702,236752,13252,2328603.33,7.69,0.09,108.08,1.63
CMP-07364,2024-03-20,Facebook,Lead Generation,Travel,Latin America,27987.43,11701691,217651,3285,1015863.47,1.86,0.13,36.3,8.52
CMP-07365,2023-02-15,LinkedIn,Conversion,Finance,North America,21406.99,8535058,292752,27544,7464339.56,3.43,0.07,348.69,0.78
CMP-07366,2023-06-20,Email,Conversion,Finance,Europe,39785.0,5518813,125828,11956,1899836.77,2.28,0.32,47.75,3.33
CMP-07367,2024-03-07,LinkedIn,Conversion,Retail,Asia Pacific,31989.52,14801938,285677,29868,11479170.35,1.93,0.11,358.84,1.07
CMP-07368,2024-03-03,TikTok,Brand Awareness,Education,North America,5176.55,566146,8831,866,316820.61,1.56,0.59,61.2,5.98
CMP-07369,2023-07-21,Email,Retargeting,Education,North America,17446.99,6046692,98561,2421,1208825.21,1.63,0.18,69.29,7.21
CMP-07370,2022-06-03,Email,Brand Awareness,Food & Beverage,North America,33160.56,12773805,401097,31114,12705289.19,3.14,0.08,383.14,1.07
CMP-07371,2023-08-20,Twitter,Lead Generation,Education,Asia Pacific,14409.68,3014624,107019,5031,463975.36,3.55,0.13,32.2,2.86
CMP-07372,2024-01-27,YouTube,Lead Generation,Food & Beverage,Europe,24100.96,2916817,153132,10149,2389829.45,5.25,0.16,99.16,2.37
CMP-07373,2023-07-24,Facebook,Retargeting,Travel,Latin America,34319.25,10091856,740742,62905,10714473.22,7.34,0.05,312.2,0.55
CMP-07374,2022-03-20,Facebook,Conversion,Tech,Middle East,20066.87,2071010,160917,10215,3139742.0,7.77,0.12,156.46,1.96
CMP-07375,2024-01-06,Facebook,Lead Generation,Healthcare,Europe,42119.35,10282520,179944,6096,1531808.18,1.75,0.23,36.37,6.91
CMP-07376,2023-11-07,TikTok,Conversion,Travel,Europe,40567.67,19362755,410490,26443,3401438.2,2.12,0.1,83.85,1.53
CMP-07377,2024-05-30,Instagram,Engagement,Retail,Asia Pacific,36057.5,14817484,1177989,18564,6167300.44,7.95,0.03,171.04,1.94
CMP-07378,2023-02-03,TikTok,Engagement,Healthcare,Latin America,1442.35,287832,21213,1589,199287.07,7.37,0.07,138.17,0.91
CMP-07379,2023-11-08,Twitter,Retargeting,Tech,Latin America,4440.02,2208091,67346,7783,2355799.45,3.05,0.07,530.58,0.57
CMP-07380,2023-12-10,TikTok,Conversion,Travel,Middle East,25060.27,9403038,517167,51492,7109728.54,5.5,0.05,283.71,0.49
CMP-07381,2022-10-23,YouTube,Retargeting,Finance,Asia Pacific,45141.01,14058147,649486,59069,8478517.82,4.62,0.07,187.82,0.76
CMP-07382,2022-08-19,Facebook,Engagement,Finance,Middle East,41606.42,3319816,80007,3126,530115.21,2.41,0.52,12.74,13.31
CMP-07383,2023-04-06,LinkedIn,Brand Awareness,Education,Asia Pacific,19127.17,1397813,105115,4704,1402827.73,7.52,0.18,73.34,4.07
CMP-07384,2024-06-03,YouTube,Retargeting,Food & Beverage,North America,2653.02,271828,14841,1505,601689.82,5.46,0.18,226.79,1.76
CMP-07385,2022-11-17,YouTube,Conversion,Food & Beverage,Europe,46416.14,2998840,178430,9488,4698739.61,5.95,0.26,101.23,4.89
CMP-07386,2022-10-12,Email,Engagement,Food & Beverage,Latin America,33786.32,13696538,212296,1103,296276.91,1.55,0.16,8.77,30.63
CMP-07387,2024-05-11,Instagram,Conversion,Food & Beverage,Middle East,20049.14,8681231,505247,50721,5895533.53,5.82,0.04,294.05,0.4
CMP-07388,2024-04-08,YouTube,Engagement,Healthcare,Europe,18486.68,7987736,106236,4943,744027.91,1.33,0.17,40.25,3.74
CMP-07389,2023-01-20,Facebook,Brand Awareness,Tech,Europe,32117.6,10660667,132192,7777,3528510.21,1.24,0.24,109.86,4.13
CMP-07390,2024-04-13,Google Ads,Engagement,Education,Middle East,45014.82,13367145,1019913,10776,3980631.49,7.63,0.04,88.43,4.18
CMP-07391,2023-12-20,Email,Conversion,Education,Asia Pacific,25714.41,6940775,347732,5723,1382162.74,5.01,0.07,53.75,4.49
CMP-07392,2022-05-30,YouTube,Engagement,Food & Beverage,Latin America,13029.76,1774740,36737,266,129296.89,2.07,0.35,9.92,48.98
CMP-07393,2024-04-19,Google Ads,Retargeting,Tech,Asia Pacific,10361.85,4732712,327976,14493,5961679.12,6.93,0.03,575.35,0.71
CMP-07394,2023-07-25,Google Ads,Conversion,Education,Europe,32568.04,7113118,545576,34184,9143858.38,7.67,0.06,280.76,0.95
CMP-07395,2023-07-23,Instagram,Retargeting,Retail,North America,41234.58,7365524,364593,22431,9986497.4,4.95,0.11,242.19,1.84
CMP-07396,2022-07-02,Facebook,Retargeting,Food & Beverage,Latin America,42018.29,10547622,641295,14376,916810.09,6.08,0.07,21.82,2.92
CMP-07397,2023-03-30,TikTok,Lead Generation,Food & Beverage,Latin America,15554.05,2778647,125316,8073,487593.62,4.51,0.12,31.35,1.93
CMP-07398,2023-06-20,YouTube,Conversion,Healthcare,Asia Pacific,11892.64,2248878,34182,1740,407041.03,1.52,0.35,34.23,6.83
CMP-07399,2022-06-02,Instagram,Brand Awareness,Tech,Middle East,38373.92,6358491,370064,23977,2202349.29,5.82,0.1,57.39,1.6
CMP-07400,2024-03-25,Facebook,Brand Awareness,Tech,Latin America,23230.82,8811190,289888,24317,8756884.8,3.29,0.08,376.95,0.96
CMP-07401,2022-02-03,LinkedIn,Brand Awareness,Education,Middle East,45084.17,16847503,985578,60430,11364887.26,5.85,0.05,252.08,0.75
CMP-07402,2024-04-22,Google Ads,Engagement,Travel,Latin America,49050.42,6521529,282382,13820,631461.81,4.33,0.17,12.87,3.55
CMP-07403,2022-06-26,Instagram,Retargeting,Healthcare,North America,42902.55,13094610,483191,20134,4388194.89,3.69,0.09,102.28,2.13
CMP-07404,2024-04-03,Twitter,Conversion,Healthcare,Europe,34817.95,15819909,1018802,96077,10029105.11,6.44,0.03,288.04,0.36
CMP-07405,2022-08-17,Google Ads,Retargeting,Retail,North America,18235.61,4312801,81080,7809,1837051.33,1.88,0.22,100.74,2.34
CMP-07406,2023-08-17,Twitter,Engagement,Tech,Middle East,23246.49,8001384,300051,22748,3721444.98,3.75,0.08,160.09,1.02
CMP-07407,2023-01-07,Twitter,Brand Awareness,Food & Beverage,Asia Pacific,32734.6,11094211,467066,28836,10183350.92,4.21,0.07,311.09,1.14
CMP-07408,2023-09-13,LinkedIn,Brand Awareness,Healthcare,Middle East,26825.67,6499603,370477,32574,8572699.67,5.7,0.07,319.57,0.82
CMP-07409,2023-09-01,TikTok,Engagement,Food & Beverage,Latin America,31322.89,11881741,310113,16739,5807765.09,2.61,0.1,185.42,1.87
CMP-07410,2023-04-23,Instagram,Engagement,Retail,Latin America,39235.06,13968280,724953,69774,15075368.1,5.19,0.05,384.23,0.56
CMP-07411,2022-04-29,TikTok,Lead Generation,Finance,Asia Pacific,11470.72,1507853,78257,7180,582855.16,5.19,0.15,50.81,1.6
CMP-07412,2023-11-03,TikTok,Lead Generation,Travel,Europe,13384.23,1488015,25593,1460,501242.59,1.72,0.52,37.45,9.17
CMP-07413,2023-06-08,YouTube,Retargeting,Retail,Middle East,25011.66,8440902,639820,11419,4759353.53,7.58,0.04,190.29,2.19
CMP-07414,2022-02-27,Google Ads,Conversion,Finance,Middle East,16117.67,6339697,289090,29002,9839595.81,4.56,0.06,610.49,0.56
CMP-07415,2022-06-01,TikTok,Engagement,Travel,Middle East,46659.52,11119186,403626,36628,3514139.41,3.63,0.12,75.31,1.27
CMP-07416,2022-06-10,Google Ads,Retargeting,Retail,Middle East,34294.95,14276341,616737,51087,20014087.44,4.32,0.06,583.59,0.67
CMP-07417,2024-04-03,LinkedIn,Retargeting,Tech,Latin America,47939.09,14524399,627454,52401,18146566.16,4.32,0.08,378.53,0.91
CMP-07418,2022-07-28,Google Ads,Engagement,Finance,Latin America,30176.74,2951881,224342,7754,2391661.56,7.6,0.13,79.26,3.89
CMP-07419,2022-10-07,Email,Engagement,Tech,North America,34089.61,1890129,140436,4476,991397.78,7.43,0.24,29.08,7.62
CMP-07420,2024-02-23,Facebook,Engagement,Food & Beverage,Asia Pacific,21526.7,9139505,612346,38737,4857783.93,6.7,0.04,225.66,0.56
CMP-07421,2023-12-07,YouTube,Lead Generation,Education,Latin America,880.79,284503,22077,1663,651283.55,7.76,0.04,739.43,0.53
CMP-07422,2022-10-03,Instagram,Brand Awareness,Finance,Europe,31350.01,6063692,144315,12303,3664815.79,2.38,0.22,116.9,2.55
CMP-07423,2023-12-31,Email,Retargeting,Tech,Asia Pacific,37009.46,16300942,414043,25901,11114155.38,2.54,0.09,300.31,1.43
CMP-07424,2023-01-30,Instagram,Engagement,Travel,Latin America,26930.87,4417251,141793,16164,2544069.56,3.21,0.19,94.47,1.67
CMP-07425,2024-05-08,Facebook,Lead Generation,Education,North America,31921.41,14705131,292632,28552,11457265.28,1.99,0.11,358.92,1.12
CMP-07426,2023-04-08,YouTube,Lead Generation,Finance,Middle East,44465.66,3651719,131827,12317,1014370.3,3.61,0.34,22.81,3.61
CMP-07427,2022-01-23,Google Ads,Engagement,Tech,Europe,20237.25,4183939,185348,6953,2824920.91,4.43,0.11,139.59,2.91
CMP-07428,2022-03-01,TikTok,Conversion,Healthcare,Europe,47607.9,10280341,212803,7579,1892372.1,2.07,0.22,39.75,6.28
CMP-07429,2024-05-23,Facebook,Retargeting,Finance,Europe,26789.3,13109733,260883,5758,1396338.54,1.99,0.1,52.12,4.65
CMP-07430,2023-07-11,Email,Retargeting,Tech,Europe,28706.37,1461862,32014,346,160732.15,2.19,0.9,5.6,82.97
CMP-07431,2023-03-23,LinkedIn,Conversion,Education,Asia Pacific,16023.47,6686797,243399,16998,7750400.86,3.64,0.07,483.69,0.94
CMP-07432,2024-04-22,TikTok,Engagement,Education,Middle East,22871.35,1809741,75647,4411,1129012.54,4.18,0.3,49.36,5.19
CMP-07433,2023-12-04,Facebook,Lead Generation,Retail,Middle East,16243.01,1432236,68460,7873,2235198.58,4.78,0.24,137.61,2.06
CMP-07434,2023-09-26,LinkedIn,Brand Awareness,Food & Beverage,North America,21598.96,7043914,314158,23885,4425194.05,4.46,0.07,204.88,0.9
CMP-07435,2023-07-07,Email,Engagement,Travel,Asia Pacific,44132.88,5908572,216844,21025,3282554.6,3.67,0.2,74.38,2.1
CMP-07436,2022-04-26,TikTok,Brand Awareness,Education,North America,18480.59,7085916,38972,2235,892980.21,0.55,0.47,48.32,8.27
CMP-07437,2023-12-05,TikTok,Retargeting,Retail,Asia Pacific,33214.96,2520992,124284,6033,2673214.17,4.93,0.27,80.48,5.51
CMP-07438,2023-09-12,Twitter,Conversion,Retail,Latin America,11563.98,1863453,52922,3209,1184027.98,2.84,0.22,102.39,3.6
CMP-07439,2022-03-10,YouTube,Brand Awareness,Travel,Middle East,11618.25,2515403,22890,1715,326913.34,0.91,0.51,28.14,6.77
CMP-07440,2022-11-09,Email,Engagement,Finance,North America,31498.34,14665873,124659,13717,3200418.72,0.85,0.25,101.61,2.3
CMP-07441,2024-06-10,Facebook,Lead Generation,Tech,Europe,28236.06,3345868,43830,4662,2156989.41,1.31,0.64,76.39,6.06
CMP-07442,2023-03-29,YouTube,Retargeting,Food & Beverage,North America,15443.45,1187024,83803,9708,1892216.06,7.06,0.18,122.53,1.59
CMP-07443,2023-01-23,LinkedIn,Engagement,Healthcare,North America,3428.93,1030693,63078,1701,410567.44,6.12,0.05,119.74,2.02
CMP-07444,2022-05-09,Facebook,Engagement,Healthcare,Asia Pacific,27142.16,8998417,507510,31188,13076607.5,5.64,0.05,481.78,0.87
CMP-07445,2024-04-11,YouTube,Retargeting,Retail,Asia Pacific,34877.88,13328227,207920,24781,12120602.99,1.56,0.17,347.52,1.41
CMP-07446,2023-12-10,TikTok,Engagement,Retail,North America,39748.95,15706402,885841,15703,5147466.72,5.64,0.04,129.5,2.53
CMP-07447,2023-08-30,Facebook,Brand Awareness,Education,Latin America,35496.75,4208639,213798,12782,6373308.42,5.08,0.17,179.55,2.78
CMP-07448,2023-04-29,Google Ads,Lead Generation,Tech,North America,17640.26,7299786,545294,4862,215977.75,7.47,0.03,12.24,3.63
CMP-07449,2022-03-08,LinkedIn,Brand Awareness,Retail,Latin America,16630.68,1294732,31850,286,141092.85,2.46,0.52,8.48,58.15
CMP-07450,2024-05-04,TikTok,Lead Generation,Tech,Asia Pacific,12617.25,4263720,131748,5441,1280783.22,3.09,0.1,101.51,2.32
CMP-07451,2024-06-19,TikTok,Retargeting,Travel,Europe,26283.36,11014606,304003,21699,4323501.61,2.76,0.09,164.5,1.21
CMP-07452,2023-03-18,Google Ads,Retargeting,Food & Beverage,North America,29676.18,7964068,290688,33632,15544918.42,3.65,0.1,523.82,0.88
CMP-07453,2023-02-10,LinkedIn,Lead Generation,Education,Asia Pacific,4679.36,475642,19929,470,162230.7,4.19,0.23,34.67,9.96
CMP-07454,2024-04-05,Instagram,Engagement,Education,Europe,32970.92,15719832,488886,47181,5773986.36,3.11,0.07,175.12,0.7
CMP-07455,2022-04-13,YouTube,Brand Awareness,Food & Beverage,North America,21235.82,9912084,94164,1725,374756.82,0.95,0.23,17.65,12.31
CMP-07456,2024-04-30,Twitter,Engagement,Healthcare,Middle East,30333.64,5905725,145280,10042,2407737.18,2.46,0.21,79.38,3.02
CMP-07457,2023-01-29,TikTok,Conversion,Healthcare,North America,9614.47,4186217,86236,8298,1492790.99,2.06,0.11,155.27,1.16
CMP-07458,2023-08-19,LinkedIn,Retargeting,Healthcare,Middle East,17278.93,1658378,71476,3212,353611.34,4.31,0.24,20.46,5.38
CMP-07459,2022-10-26,Instagram,Brand Awareness,Travel,Latin America,38094.2,11292782,226984,11368,466963.28,2.01,0.17,12.26,3.35
CMP-07460,2024-05-12,Google Ads,Retargeting,Tech,Latin America,14587.77,1394425,33326,465,218138.77,2.39,0.44,14.95,31.37
CMP-07461,2023-01-10,Instagram,Conversion,Retail,Latin America,26530.87,1859167,132186,12747,1807299.44,7.11,0.2,68.12,2.08
CMP-07462,2024-01-23,Instagram,Conversion,Retail,Europe,3951.41,780904,15696,1042,112870.66,2.01,0.25,28.56,3.79
CMP-07463,2022-12-23,LinkedIn,Lead Generation,Retail,North America,4706.14,992514,15383,1259,562798.74,1.55,0.31,119.59,3.74
CMP-07464,2022-06-15,YouTube,Conversion,Tech,Asia Pacific,43917.53,9100379,498700,8545,1855960.53,5.48,0.09,42.26,5.14
CMP-07465,2023-07-17,LinkedIn,Brand Awareness,Finance,Europe,13475.65,1313171,94023,9427,4129242.83,7.16,0.14,306.42,1.43
CMP-07466,2022-07-23,TikTok,Conversion,Finance,Europe,27110.66,13480727,269614,17379,8464854.92,2.0,0.1,312.23,1.56
CMP-07467,2022-12-17,Email,Engagement,Finance,Europe,46293.52,9764040,440358,20317,9566008.36,4.51,0.11,206.64,2.28
CMP-07468,2022-12-16,Twitter,Conversion,Finance,Latin America,6756.61,2223103,27344,874,35111.63,1.23,0.25,5.2,7.73
CMP-07469,2022-07-11,Instagram,Lead Generation,Healthcare,Europe,34811.9,3139039,86323,7964,1674172.92,2.75,0.4,48.09,4.37
CMP-07470,2024-03-03,Instagram,Engagement,Finance,Latin America,19352.22,2663235,100403,5694,626983.28,3.77,0.19,32.4,3.4
CMP-07471,2022-09-13,LinkedIn,Retargeting,Travel,Middle East,49781.75,11147799,618702,69655,13970424.48,5.55,0.08,280.63,0.71
CMP-07472,2022-08-11,Twitter,Retargeting,Tech,Asia Pacific,25001.07,1281430,24475,1077,494966.8,1.91,1.02,19.8,23.21
CMP-07473,2024-04-21,Instagram,Engagement,Food & Beverage,North America,10548.7,3454745,18310,1049,352120.38,0.53,0.58,33.38,10.06
CMP-07474,2022-09-08,Facebook,Lead Generation,Education,North America,42418.4,10963486,836513,47756,13234128.89,7.63,0.05,311.99,0.89
CMP-07475,2023-09-28,YouTube,Conversion,Healthcare,Asia Pacific,22137.35,7745903,547635,11246,2096941.73,7.07,0.04,94.72,1.97
CMP-07476,2023-04-05,Instagram,Conversion,Education,Latin America,7266.44,3451843,97341,10464,2094655.99,2.82,0.07,288.26,0.69
CMP-07477,2022-05-20,YouTube,Retargeting,Tech,Asia Pacific,12524.79,2343044,100047,989,358603.94,4.27,0.13,28.63,12.66
CMP-07478,2023-04-02,Email,Conversion,Travel,Middle East,32777.36,9979245,309356,26019,2644269.32,3.1,0.11,80.67,1.26
CMP-07479,2023-12-18,Email,Engagement,Tech,North America,1373.56,265178,5886,623,298994.8,2.22,0.23,217.68,2.2
CMP-07480,2023-12-28,YouTube,Brand Awareness,Tech,Middle East,27784.17,8907757,591475,3634,1376133.49,6.64,0.05,49.53,7.65
CMP-07481,2023-11-09,YouTube,Lead Generation,Food & Beverage,North America,2165.99,626793,45191,2462,384034.3,7.21,0.05,177.3,0.88
CMP-07482,2022-10-23,LinkedIn,Engagement,Retail,North America,34463.93,2035695,117256,3052,632082.51,5.76,0.29,18.34,11.29
CMP-07483,2023-04-04,Facebook,Retargeting,Finance,Latin America,16988.15,1786216,114317,11044,3597318.43,6.4,0.15,211.75,1.54
CMP-07484,2024-02-09,LinkedIn,Engagement,Tech,Middle East,11453.63,4306865,319569,33741,10764619.23,7.42,0.04,939.84,0.34
CMP-07485,2022-10-18,Facebook,Brand Awareness,Healthcare,Latin America,41518.76,13495096,564095,10763,5181401.42,4.18,0.07,124.8,3.86
CMP-07486,2022-03-20,YouTube,Lead Generation,Finance,North America,37484.19,15141456,102961,3719,1810238.45,0.68,0.36,48.29,10.08
CMP-07487,2023-06-08,YouTube,Retargeting,Education,Latin America,24363.77,2994394,36531,3930,408726.99,1.22,0.67,16.78,6.2
CMP-07488,2024-01-18,Google Ads,Retargeting,Education,North America,14178.85,6869777,307079,15018,5885988.3,4.47,0.05,415.12,0.94
CMP-07489,2023-04-02,YouTube,Conversion,Healthcare,Europe,817.28,287874,16811,769,112839.86,5.84,0.05,138.07,1.06
CMP-07490,2022-05-04,Google Ads,Lead Generation,Healthcare,North America,21578.76,1364063,49788,2251,139127.13,3.65,0.43,6.45,9.59
CMP-07491,2023-11-02,Instagram,Engagement,Food & Beverage,Asia Pacific,4793.78,737303,32441,3289,190671.37,4.4,0.15,39.77,1.46
CMP-07492,2022-02-12,TikTok,Retargeting,Education,Middle East,48674.33,7596220,201299,18694,2215186.28,2.65,0.24,45.51,2.6
CMP-07493,2022-08-02,Facebook,Engagement,Retail,Asia Pacific,9159.87,2454632,108985,9419,2078101.95,4.44,0.08,226.87,0.97
CMP-07494,2023-04-26,Facebook,Conversion,Food & Beverage,Asia Pacific,18255.08,3777133,115202,10387,4598923.84,3.05,0.16,251.93,1.76
CMP-07495,2024-02-20,Twitter,Retargeting,Education,Middle East,23893.15,2336804,85059,5540,1686892.41,3.64,0.28,70.6,4.31
CMP-07496,2023-03-13,Google Ads,Brand Awareness,Healthcare,Latin America,40859.44,18741469,629713,32755,2445022.82,3.36,0.06,59.84,1.25
CMP-07497,2022-10-10,LinkedIn,Lead Generation,Education,Europe,25479.88,3762926,54562,1199,325035.73,1.45,0.47,12.76,21.25
CMP-07498,2023-08-22,Twitter,Lead Generation,Finance,Asia Pacific,46084.25,6111113,268888,3719,210013.78,4.4,0.17,4.56,12.39
CMP-07499,2022-06-06,Twitter,Conversion,Finance,Europe,8110.88,702984,44850,1141,385355.63,6.38,0.18,47.51,7.11
CMP-07500,2022-09-25,YouTube,Engagement,Finance,Middle East,32075.22,10983949,206498,17155,7079769.24,1.88,0.16,220.72,1.87
CMP-07501,2022-10-24,Facebook,Brand Awareness,Retail,North America,10612.75,4091831,85928,7848,2815489.61,2.1,0.12,265.29,1.35
CMP-07502,2024-05-20,LinkedIn,Lead Generation,Education,Asia Pacific,49406.12,17628144,609933,6008,2841978.32,3.46,0.08,57.52,8.22
CMP-07503,2023-07-17,Twitter,Conversion,Finance,Middle East,41765.19,17433961,638082,43142,10843551.27,3.66,0.07,259.63,0.97
CMP-07504,2024-04-12,Instagram,Retargeting,Education,Asia Pacific,830.54,229381,1651,133,30648.57,0.72,0.5,36.9,6.24
CMP-07505,2022-03-25,TikTok,Retargeting,Retail,Latin America,23412.35,5930898,223594,7772,1449884.17,3.77,0.1,61.93,3.01
CMP-07506,2024-02-09,Email,Lead Generation,Finance,North America,23997.72,3013943,132914,3627,1261100.24,4.41,0.18,52.55,6.62
CMP-07507,2022-01-31,LinkedIn,Engagement,Retail,Europe,45242.71,18641911,1392550,149756,54358026.42,7.47,0.03,1201.48,0.3
CMP-07508,2023-05-27,YouTube,Lead Generation,Tech,Latin America,33210.99,3070569,129885,12292,624515.66,4.23,0.26,18.8,2.7
CMP-07509,2023-08-11,Facebook,Lead Generation,Retail,North America,45859.33,9677817,99681,4782,1382535.89,1.03,0.46,30.15,9.59
CMP-07510,2022-09-06,Facebook,Lead Generation,Retail,Middle East,20147.74,4718866,363824,39608,3668973.81,7.71,0.06,182.1,0.51
CMP-07511,2022-09-05,Twitter,Engagement,Retail,Middle East,2325.68,638729,22611,2388,442165.26,3.54,0.1,190.12,0.97
CMP-07512,2023-12-14,Instagram,Brand Awareness,Retail,Latin America,22208.92,2072452,140926,5509,748671.98,6.8,0.16,33.71,4.03
CMP-07513,2022-06-16,TikTok,Conversion,Tech,North America,11422.57,4643107,79397,2665,1322625.11,1.71,0.14,115.79,4.29
CMP-07514,2022-11-03,LinkedIn,Brand Awareness,Finance,North America,32729.46,4573245,79117,2436,270430.32,1.73,0.41,8.26,13.44
CMP-07515,2024-05-25,Twitter,Engagement,Retail,Latin America,14599.31,4794887,299200,4153,1996005.82,6.24,0.05,136.72,3.52
CMP-07516,2022-01-25,Facebook,Conversion,Food & Beverage,Europe,40257.76,9160230,120915,3783,669407.25,1.32,0.33,16.63,10.64
CMP-07517,2023-11-22,LinkedIn,Lead Generation,Food & Beverage,North America,48777.06,6709138,252934,16992,6049102.04,3.77,0.19,124.02,2.87
CMP-07518,2022-07-10,LinkedIn,Engagement,Tech,Latin America,21160.0,4977823,83129,605,84853.63,1.67,0.25,4.01,34.98
CMP-07519,2023-08-14,Instagram,Lead Generation,Healthcare,Europe,2968.93,939121,46674,1565,763752.55,4.97,0.06,257.25,1.9
CMP-07520,2023-08-11,TikTok,Retargeting,Tech,North America,12940.24,5042500,390289,15687,7151816.08,7.74,0.03,552.68,0.82
CMP-07521,2022-07-29,LinkedIn,Engagement,Healthcare,Europe,36639.22,6373394,221794,19785,2157187.92,3.48,0.17,58.88,1.85
CMP-07522,2023-01-21,Email,Lead Generation,Food & Beverage,Asia Pacific,42982.38,6161313,316075,3124,779939.13,5.13,0.14,18.15,13.76
CMP-07523,2022-06-19,Google Ads,Conversion,Tech,Middle East,9675.04,1726879,93942,11033,1011011.7,5.44,0.1,104.5,0.88
CMP-07524,2022-08-15,Google Ads,Lead Generation,Tech,Europe,30754.04,7314391,563208,26629,3115097.91,7.7,0.05,101.29,1.15
CMP-07525,2022-10-15,Google Ads,Retargeting,Travel,Latin America,10594.85,4880205,271827,8089,809860.51,5.57,0.04,76.44,1.31
CMP-07526,2022-11-25,Email,Retargeting,Education,Latin America,43009.47,9762918,701953,30840,7081443.79,7.19,0.06,164.65,1.39
CMP-07527,2022-09-12,LinkedIn,Lead Generation,Food & Beverage,Europe,29746.94,6488341,341935,15685,6974744.29,5.27,0.09,234.47,1.9
CMP-07528,2022-05-12,LinkedIn,Engagement,Education,Middle East,20682.87,8905488,224418,26013,5483451.58,2.52,0.09,265.12,0.8
CMP-07529,2023-03-11,Email,Retargeting,Finance,North America,35260.3,3017519,135788,5938,1953139.96,4.5,0.26,55.39,5.94
CMP-07530,2022-11-18,Email,Brand Awareness,Travel,Asia Pacific,829.2,398691,23323,2082,240723.83,5.85,0.04,290.31,0.4
CMP-07531,2022-09-14,LinkedIn,Conversion,Education,Middle East,43707.77,15646032,810464,41237,2195476.08,5.18,0.05,50.23,1.06
CMP-07532,2022-06-14,LinkedIn,Retargeting,Healthcare,Latin America,9377.32,4110459,55080,503,59809.08,1.34,0.17,6.38,18.64
CMP-07533,2023-02-04,LinkedIn,Retargeting,Travel,North America,20164.14,4433577,51429,301,69722.05,1.16,0.39,3.46,66.99
CMP-07534,2023-12-26,Instagram,Retargeting,Travel,Latin America,14653.62,1228145,62512,4631,280021.56,5.09,0.23,19.11,3.16
CMP-07535,2023-12-26,Twitter,Retargeting,Retail,Middle East,45138.57,15068442,685614,19439,9439360.49,4.55,0.07,209.12,2.32
CMP-07536,2023-03-01,Instagram,Lead Generation,Education,North America,10074.73,583310,30448,861,428721.87,5.22,0.33,42.55,11.7
CMP-07537,2023-04-08,Google Ads,Brand Awareness,Education,Asia Pacific,22545.77,8337723,631999,9668,3387269.04,7.58,0.04,150.24,2.33
CMP-07538,2022-02-19,Facebook,Conversion,Finance,Asia Pacific,28078.05,6427427,266095,18071,8358576.98,4.14,0.11,297.69,1.55
CMP-07539,2022-04-13,LinkedIn,Brand Awareness,Education,Latin America,42226.75,10904642,333682,6258,1380649.54,3.06,0.13,32.7,6.75
CMP-07540,2022-09-30,Google Ads,Lead Generation,Tech,Asia Pacific,14789.64,1851029,117355,5913,1274026.87,6.34,0.13,86.14,2.5
CMP-07541,2022-04-10,LinkedIn,Conversion,Retail,Middle East,32944.54,6616950,328862,28029,11634735.43,4.97,0.1,353.16,1.18
CMP-07542,2023-04-02,YouTube,Retargeting,Food & Beverage,Asia Pacific,41070.53,9919524,783642,57572,9494292.33,7.9,0.05,231.17,0.71
CMP-07543,2023-06-25,Email,Retargeting,Tech,North America,17878.98,7918225,631082,73040,18101158.19,7.97,0.03,1012.43,0.24
CMP-07544,2022-06-13,Instagram,Engagement,Travel,Europe,11628.25,3283525,190772,15373,6716035.62,5.81,0.06,577.56,0.76
CMP-07545,2022-08-17,LinkedIn,Engagement,Travel,Latin America,18305.09,1173006,47741,5082,1058603.68,4.07,0.38,57.83,3.6
CMP-07546,2023-06-08,Instagram,Retargeting,Education,Middle East,15939.24,2811390,111331,6717,2779347.54,3.96,0.14,174.37,2.37
CMP-07547,2022-01-15,Instagram,Brand Awareness,Travel,Asia Pacific,20475.35,4757246,253561,14076,4576337.48,5.33,0.08,223.5,1.45
CMP-07548,2024-05-14,Facebook,Conversion,Tech,Latin America,28594.9,12011170,787932,73853,31684044.01,6.56,0.04,1108.03,0.39
CMP-07549,2024-02-26,Instagram,Engagement,Education,Europe,15274.86,2564592,76937,8655,4020970.17,3.0,0.2,263.24,1.76
CMP-07550,2022-11-27,Facebook,Engagement,Finance,Middle East,36181.96,10772921,587124,34585,12020739.51,5.45,0.06,332.23,1.05
CMP-07551,2022-10-18,TikTok,Retargeting,Healthcare,North America,42511.88,5411507,227824,15989,578555.12,4.21,0.19,13.61,2.66
CMP-07552,2022-05-06,LinkedIn,Conversion,Healthcare,Middle East,7093.38,1466524,63793,1327,338583.31,4.35,0.11,47.73,5.35
CMP-07553,2022-11-05,Instagram,Conversion,Finance,Latin America,34431.05,7067188,180920,14839,541237.78,2.56,0.19,15.72,2.32
CMP-07554,2024-06-03,Facebook,Lead Generation,Finance,Latin America,44681.63,21477500,1116830,90494,24018311.85,5.2,0.04,537.54,0.49
CMP-07555,2022-12-08,YouTube,Brand Awareness,Healthcare,Middle East,21677.11,10248424,680495,66043,24203592.71,6.64,0.03,1116.55,0.33
CMP-07556,2022-04-07,YouTube,Brand Awareness,Healthcare,Asia Pacific,37687.04,2323715,172419,1969,318720.74,7.42,0.22,8.46,19.14
CMP-07557,2024-06-17,YouTube,Conversion,Retail,Asia Pacific,16199.38,4051992,75772,8227,345961.23,1.87,0.21,21.36,1.97
CMP-07558,2022-06-17,Twitter,Lead Generation,Retail,Middle East,36121.83,15359313,210422,1233,343416.24,1.37,0.17,9.51,29.3
CMP-07559,2023-12-10,Facebook,Conversion,Retail,Asia Pacific,14122.91,2915082,88618,2137,541988.93,3.04,0.16,38.38,6.61
CMP-07560,2023-07-11,Instagram,Brand Awareness,Food & Beverage,Europe,1423.92,603021,21588,1163,119559.47,3.58,0.07,83.97,1.22
CMP-07561,2023-09-30,Instagram,Lead Generation,Healthcare,Middle East,22227.15,1825329,101853,6740,1861879.78,5.58,0.22,83.77,3.3
CMP-07562,2023-06-20,TikTok,Retargeting,Tech,Latin America,29547.87,8600009,578780,34116,1737034.1,6.73,0.05,58.79,0.87
CMP-07563,2023-05-02,Instagram,Lead Generation,Healthcare,Asia Pacific,23284.89,8582011,634210,33064,7086706.02,7.39,0.04,304.35,0.7
CMP-07564,2024-06-14,Email,Retargeting,Healthcare,Asia Pacific,47042.26,7940479,485957,45224,15802768.88,6.12,0.1,335.93,1.04
CMP-07565,2023-11-21,Google Ads,Conversion,Food & Beverage,North America,20592.89,6553007,214283,18386,7543940.24,3.27,0.1,366.34,1.12
CMP-07566,2024-04-12,Email,Brand Awareness,Healthcare,Asia Pacific,32248.38,10603685,423087,13596,451705.84,3.99,0.08,14.01,2.37
CMP-07567,2022-05-17,Email,Retargeting,Food & Beverage,Asia Pacific,31679.78,15191291,1016297,64385,18763964.15,6.69,0.03,592.3,0.49
CMP-07568,2023-05-03,Google Ads,Lead Generation,Travel,Europe,24970.55,7261542,407372,18229,7111246.26,5.61,0.06,284.79,1.37
CMP-07569,2023-02-07,Instagram,Engagement,Retail,Europe,8872.23,1245859,51578,2061,859648.65,4.14,0.17,96.89,4.3
CMP-07570,2022-10-23,Twitter,Conversion,Travel,Asia Pacific,13850.62,4010584,255073,16236,6944130.35,6.36,0.05,501.36,0.85
CMP-07571,2023-05-12,Instagram,Engagement,Education,Europe,29088.38,10830780,831803,7691,1942571.17,7.68,0.03,66.78,3.78
CMP-07572,2022-04-03,LinkedIn,Engagement,Food & Beverage,Latin America,19615.95,2552346,96733,7766,2116135.0,3.79,0.2,107.88,2.53
CMP-07573,2023-10-21,Instagram,Lead Generation,Retail,Europe,31737.72,15529166,324559,19646,7545486.04,2.09,0.1,237.75,1.62
CMP-07574,2023-04-24,LinkedIn,Brand Awareness,Finance,Europe,49088.47,19100659,1123118,30727,4737896.85,5.88,0.04,96.52,1.6
CMP-07575,2024-01-27,Google Ads,Engagement,Finance,Middle East,20753.74,6243677,257863,21602,7011348.59,4.13,0.08,337.84,0.96
CMP-07576,2024-04-28,TikTok,Conversion,Tech,Asia Pacific,26549.11,4524179,318502,26365,7126514.53,7.04,0.08,268.43,1.01
CMP-07577,2022-11-20,TikTok,Brand Awareness,Travel,Asia Pacific,2015.79,609846,3781,68,22358.8,0.62,0.53,11.09,29.64
CMP-07578,2023-05-16,Email,Engagement,Food & Beverage,Middle East,46064.45,16601700,1163779,63921,28455163.17,7.01,0.04,617.73,0.72
CMP-07579,2022-05-12,Facebook,Engagement,Food & Beverage,Europe,42414.85,12275831,914549,36240,5391189.66,7.45,0.05,127.11,1.17
CMP-07580,2023-10-13,Facebook,Brand Awareness,Food & Beverage,Latin America,49289.64,9281481,538325,23068,5531507.65,5.8,0.09,112.22,2.14
CMP-07581,2023-07-23,YouTube,Engagement,Food & Beverage,North America,5778.81,474658,5126,483,36169.64,1.08,1.13,6.26,11.96
CMP-07582,2022-08-25,Google Ads,Conversion,Tech,Asia Pacific,24438.17,7409377,58534,2704,131425.99,0.79,0.42,5.38,9.04
CMP-07583,2023-11-15,Facebook,Retargeting,Retail,Middle East,35700.85,4679098,55213,3001,1468275.17,1.18,0.65,41.13,11.9
CMP-07584,2022-05-16,Email,Conversion,Finance,Europe,35844.2,5445957,241255,8723,3353873.69,4.43,0.15,93.57,4.11
CMP-07585,2023-08-22,Instagram,Retargeting,Food & Beverage,Middle East,40321.68,3103391,43137,3477,1296273.97,1.39,0.93,32.15,11.6
CMP-07586,2024-05-02,Instagram,Brand Awareness,Education,Europe,32710.82,5842012,337668,40458,17969096.92,5.78,0.1,549.33,0.81
CMP-07587,2022-12-05,LinkedIn,Conversion,Tech,Middle East,969.89,478847,5650,612,253753.19,1.18,0.17,261.63,1.58
CMP-07588,2023-08-11,YouTube,Brand Awareness,Travel,North America,6684.3,1549507,110324,10926,2981156.55,7.12,0.06,445.99,0.61
CMP-07589,2022-07-05,LinkedIn,Lead Generation,Retail,Latin America,47713.2,18588641,1377418,136693,39023618.76,7.41,0.03,817.88,0.35
CMP-07590,2023-06-23,Twitter,Brand Awareness,Healthcare,Latin America,13287.73,4293741,295409,32834,6423502.45,6.88,0.04,483.42,0.4
CMP-07591,2022-09-15,Email,Lead Generation,Food & Beverage,Europe,8748.17,2934739,186649,5170,1352376.34,6.36,0.05,154.59,1.69
CMP-07592,2022-08-14,Instagram,Engagement,Retail,Middle East,21207.65,2673641,177529,908,70405.6,6.64,0.12,3.32,23.36
CMP-07593,2024-02-08,Email,Conversion,Retail,North America,6378.04,426019,8307,977,89651.22,1.95,0.77,14.06,6.53
CMP-07594,2023-08-17,YouTube,Retargeting,Healthcare,North America,39536.33,19046271,1327525,148905,31903614.32,6.97,0.03,806.94,0.27
CMP-07595,2023-01-13,Facebook,Conversion,Finance,Latin America,22590.58,2722756,133687,7839,1008454.43,4.91,0.17,44.64,2.88
CMP-07596,2022-05-21,Google Ads,Brand Awareness,Travel,Asia Pacific,3875.28,916899,12561,1488,396634.02,1.37,0.31,102.35,2.6
CMP-07597,2022-02-15,Instagram,Lead Generation,Education,North America,28540.8,5879954,382197,35080,6908624.23,6.5,0.07,242.06,0.81
CMP-07598,2022-03-01,Email,Retargeting,Finance,North America,31216.91,6835085,499644,44346,2592542.87,7.31,0.06,83.05,0.7
CMP-07599,2023-04-28,TikTok,Lead Generation,Tech,Asia Pacific,22009.17,3952714,184987,8345,352842.75,4.68,0.12,16.03,2.64
CMP-07600,2022-12-18,Twitter,Engagement,Tech,Middle East,27447.71,5847923,296489,11502,3077994.56,5.07,0.09,112.14,2.39
CMP-07601,2023-11-12,Twitter,Conversion,Travel,Europe,49898.53,6024378,272301,9837,1490638.69,4.52,0.18,29.87,5.07
CMP-07602,2022-11-27,Email,Conversion,Healthcare,Europe,41881.7,17616280,840296,33321,3483913.95,4.77,0.05,83.18,1.26
CMP-07603,2023-12-04,Twitter,Conversion,Education,Asia Pacific,10168.39,2269750,99869,10941,4280031.33,4.4,0.1,420.92,0.93
CMP-07604,2023-06-15,Google Ads,Brand Awareness,Education,North America,38023.87,11856389,448171,3097,782189.02,3.78,0.08,20.57,12.28
CMP-07605,2022-02-02,TikTok,Lead Generation,Travel,Asia Pacific,35256.02,3529476,79413,9053,2155951.61,2.25,0.44,61.15,3.89
CMP-07606,2022-10-11,Google Ads,Engagement,Travel,Latin America,14897.71,2583838,31264,2847,634220.13,1.21,0.48,42.57,5.23
CMP-07607,2024-05-07,YouTube,Engagement,Tech,Latin America,16842.65,7511954,555133,8549,1039788.51,7.39,0.03,61.74,1.97
CMP-07608,2022-03-13,Email,Engagement,Finance,Asia Pacific,47915.74,12618335,830286,29855,3223935.92,6.58,0.06,67.28,1.6
CMP-07609,2024-01-15,TikTok,Lead Generation,Education,Asia Pacific,39236.76,18193546,676799,78647,6558683.0,3.72,0.06,167.16,0.5
CMP-07610,2022-04-18,Instagram,Brand Awareness,Tech,North America,10296.15,2621802,17041,989,71493.69,0.65,0.6,6.94,10.41
CMP-07611,2023-05-05,Instagram,Lead Generation,Finance,Europe,39472.94,5886179,449704,31528,3396605.18,7.64,0.09,86.05,1.25
CMP-07612,2023-04-22,Facebook,Lead Generation,Travel,Middle East,43198.5,20588411,148236,7700,258146.26,0.72,0.29,5.98,5.61
CMP-07613,2024-05-19,LinkedIn,Brand Awareness,Finance,Europe,29935.56,9720653,730993,46891,20253555.6,7.52,0.04,676.57,0.64
CMP-07614,2023-04-11,Google Ads,Lead Generation,Travel,North America,19608.97,5415809,249127,10050,2924038.55,4.6,0.08,149.12,1.95
CMP-07615,2022-12-01,Email,Brand Awareness,Food & Beverage,Latin America,41035.03,5934762,469439,33860,6197282.38,7.91,0.09,151.02,1.21
CMP-07616,2024-02-20,Google Ads,Lead Generation,Food & Beverage,Latin America,39899.75,3312153,138116,8773,2723316.56,4.17,0.29,68.25,4.55
CMP-07617,2022-02-11,Facebook,Conversion,Retail,Asia Pacific,10598.39,3389732,137962,5650,1356757.4,4.07,0.08,128.02,1.88
CMP-07618,2023-10-12,LinkedIn,Retargeting,Retail,Latin America,3798.62,652235,4696,184,81391.45,0.72,0.81,21.43,20.64
CMP-07619,2023-07-03,TikTok,Retargeting,Tech,Latin America,47245.05,7627579,263151,30434,7704236.56,3.45,0.18,163.07,1.55
CMP-07620,2022-04-20,Google Ads,Conversion,Education,North America,17977.98,7741560,287211,4755,2049127.94,3.71,0.06,113.98,3.78
CMP-07621,2023-08-18,Instagram,Retargeting,Tech,North America,18874.74,3776823,273441,10139,381769.66,7.24,0.07,20.23,1.86
CMP-07622,2023-07-27,YouTube,Lead Generation,Finance,Europe,36892.68,15954407,140398,3066,608040.64,0.88,0.26,16.48,12.03
CMP-07623,2023-02-23,Email,Retargeting,Retail,North America,41490.73,6357639,443127,50178,3482400.93,6.97,0.09,83.93,0.83
CMP-07624,2023-02-03,Instagram,Retargeting,Tech,Latin America,22486.88,4039908,294105,18243,4757560.63,7.28,0.08,211.57,1.23
CMP-07625,2023-06-05,LinkedIn,Conversion,Finance,Middle East,17527.22,6066764,118301,895,176580.66,1.95,0.15,10.07,19.58
CMP-07626,2023-12-19,Twitter,Lead Generation,Tech,Asia Pacific,46668.46,10476339,660009,62296,25895108.29,6.3,0.07,554.87,0.75
CMP-07627,2022-12-17,Twitter,Engagement,Food & Beverage,North America,15093.56,3080733,167283,16790,2021518.25,5.43,0.09,133.93,0.9
CMP-07628,2023-02-09,Facebook,Lead Generation,Food & Beverage,Middle East,22132.24,10037776,638402,42659,1755754.63,6.36,0.03,79.33,0.52
CMP-07629,2022-10-23,LinkedIn,Lead Generation,Healthcare,Europe,3469.8,882853,61976,2185,465043.98,7.02,0.06,134.03,1.59
CMP-07630,2023-07-26,TikTok,Retargeting,Travel,Asia Pacific,36399.25,5585771,168690,8765,1659115.5,3.02,0.22,45.58,4.15
CMP-07631,2022-07-27,Instagram,Engagement,Food & Beverage,Europe,18697.64,1981981,63819,1145,466389.53,3.22,0.29,24.94,16.33
CMP-07632,2022-03-13,LinkedIn,Lead Generation,Finance,Latin America,5967.56,2864177,65303,1235,355805.58,2.28,0.09,59.62,4.83
CMP-07633,2022-11-02,YouTube,Brand Awareness,Finance,Latin America,30272.36,14464019,125836,9254,3923605.39,0.87,0.24,129.61,3.27
CMP-07634,2024-05-17,LinkedIn,Brand Awareness,Finance,Middle East,34446.02,10907992,745015,82170,9734898.2,6.83,0.05,282.61,0.42
CMP-07635,2024-04-04,Email,Engagement,Retail,Middle East,30300.15,5379875,78008,7874,3005666.52,1.45,0.39,99.2,3.85
CMP-07636,2023-08-19,Email,Lead Generation,Education,North America,31665.84,8774742,619496,18727,7973762.12,7.06,0.05,251.81,1.69
CMP-07637,2022-10-22,Google Ads,Brand Awareness,Retail,Latin America,28609.18,5142526,170731,14543,785342.64,3.32,0.17,27.45,1.97
CMP-07638,2023-01-10,TikTok,Retargeting,Food & Beverage,Latin America,17767.59,7203242,378170,8159,1485507.07,5.25,0.05,83.61,2.18
CMP-07639,2023-03-02,Facebook,Conversion,Travel,Europe,40024.37,5667404,406919,5832,1740789.91,7.18,0.1,43.49,6.86
CMP-07640,2023-03-27,LinkedIn,Brand Awareness,Finance,Latin America,46567.28,3151743,70914,4695,1527507.56,2.25,0.66,32.8,9.92
CMP-07641,2023-01-26,TikTok,Lead Generation,Travel,Asia Pacific,3722.08,1361188,46008,3239,1287940.66,3.38,0.08,346.03,1.15
CMP-07642,2022-03-02,Facebook,Conversion,Tech,Middle East,15086.29,7263376,295619,29138,2423269.25,4.07,0.05,160.63,0.52
CMP-07643,2023-11-09,Google Ads,Conversion,Education,Latin America,33028.84,12899264,962285,80690,16040663.0,7.46,0.03,485.66,0.41
CMP-07644,2022-08-14,TikTok,Engagement,Retail,Middle East,4322.9,1937246,83301,5521,1021657.07,4.3,0.05,236.34,0.78
CMP-07645,2023-01-02,Facebook,Retargeting,Travel,Latin America,47081.68,14197361,366291,34655,15520016.24,2.58,0.13,329.64,1.36
CMP-07646,2023-04-07,LinkedIn,Retargeting,Travel,Middle East,23675.41,10367719,615842,57215,1757595.91,5.94,0.04,74.24,0.41
CMP-07647,2023-04-17,Email,Brand Awareness,Tech,Middle East,47515.0,9236005,637284,4695,979604.11,6.9,0.07,20.62,10.12
CMP-07648,2024-02-20,YouTube,Lead Generation,Healthcare,Middle East,3818.3,218717,7523,645,267587.13,3.44,0.51,70.08,5.92
CMP-07649,2024-03-24,Twitter,Engagement,Travel,Latin America,48390.81,17644099,1205091,28074,8868651.78,6.83,0.04,183.27,1.72
CMP-07650,2024-01-16,Facebook,Conversion,Retail,North America,16069.39,5834223,456819,6944,1462267.73,7.83,0.04,91.0,2.31
CMP-07651,2023-08-31,Instagram,Brand Awareness,Healthcare,Europe,2809.06,160006,7136,223,32280.6,4.46,0.39,11.49,12.6
CMP-07652,2022-08-21,Facebook,Conversion,Tech,Latin America,12448.11,3867757,281572,3931,624333.1,7.28,0.04,50.15,3.17
CMP-07653,2023-07-21,Email,Brand Awareness,Education,Latin America,6204.39,2287474,154633,11676,5398891.96,6.76,0.04,870.17,0.53
CMP-07654,2024-02-29,TikTok,Lead Generation,Education,Europe,39344.96,12322657,973489,97078,6791644.14,7.9,0.04,172.62,0.41
CMP-07655,2022-09-02,LinkedIn,Conversion,Tech,North America,10977.54,3001042,19806,1212,205400.42,0.66,0.55,18.71,9.06
CMP-07656,2022-07-30,TikTok,Engagement,Finance,Asia Pacific,43469.96,3840680,119829,10799,2061106.82,3.12,0.36,47.41,4.03
CMP-07657,2023-02-01,Google Ads,Retargeting,Healthcare,Europe,15516.67,5549432,43285,4871,792248.66,0.78,0.36,51.06,3.19
CMP-07658,2024-02-27,TikTok,Engagement,Education,Europe,24713.23,1668013,106752,4459,383147.89,6.4,0.23,15.5,5.54
CMP-07659,2022-10-03,TikTok,Lead Generation,Food & Beverage,Middle East,31875.91,8882858,670655,71408,9633028.66,7.55,0.05,302.2,0.45
CMP-07660,2023-04-22,LinkedIn,Engagement,Tech,Middle East,8679.61,1487050,80151,2816,551460.56,5.39,0.11,63.54,3.08
CMP-07661,2022-07-28,LinkedIn,Retargeting,Healthcare,Europe,46535.8,4226745,103132,9105,2923897.83,2.44,0.45,62.83,5.11
CMP-07662,2022-09-19,Facebook,Brand Awareness,Tech,Europe,46274.62,9595255,490317,34865,14419781.54,5.11,0.09,311.61,1.33
CMP-07663,2023-10-21,LinkedIn,Retargeting,Education,Latin America,13318.2,2794281,52253,6232,2486648.26,1.87,0.25,186.71,2.14
CMP-07664,2023-07-30,Google Ads,Lead Generation,Retail,North America,3614.3,1398244,72429,4738,2325734.56,5.18,0.05,643.48,0.76
CMP-07665,2023-06-24,Email,Conversion,Education,Europe,10842.73,3438468,115532,12966,5679832.73,3.36,0.09,523.84,0.84
CMP-07666,2024-02-27,Facebook,Conversion,Retail,Asia Pacific,47106.42,14243039,937191,75765,10907669.54,6.58,0.05,231.55,0.62
CMP-07667,2022-05-23,Google Ads,Retargeting,Education,Latin America,10684.67,931137,59313,1512,78721.22,6.37,0.18,7.37,7.07
CMP-07668,2022-11-29,Email,Brand Awareness,Tech,Latin America,43524.05,10958804,284928,4809,1513762.69,2.6,0.15,34.78,9.05
CMP-07669,2024-03-17,YouTube,Conversion,Travel,Europe,6976.35,2064647,19820,2032,142500.98,0.96,0.35,20.43,3.43
CMP-07670,2023-01-16,Email,Conversion,Healthcare,Europe,8257.67,3018277,79984,6915,2670180.09,2.65,0.1,323.36,1.19
CMP-07671,2023-01-23,YouTube,Retargeting,Finance,North America,27234.94,10390816,105986,8922,828669.93,1.02,0.26,30.43,3.05
CMP-07672,2024-05-21,YouTube,Conversion,Healthcare,Latin America,9755.71,3172907,94869,3871,211896.34,2.99,0.1,21.72,2.52
CMP-07673,2024-04-09,TikTok,Brand Awareness,Food & Beverage,Europe,12484.34,2714482,67319,5621,703835.15,2.48,0.19,56.38,2.22
CMP-07674,2023-05-11,Email,Brand Awareness,Retail,North America,2248.25,179391,10835,905,356475.86,6.04,0.21,158.56,2.48
CMP-07675,2022-06-05,Google Ads,Engagement,Education,Middle East,27168.72,6840235,307126,36416,6655079.6,4.49,0.09,244.95,0.75
CMP-07676,2024-01-20,Instagram,Lead Generation,Tech,Middle East,29953.52,9416263,53672,599,131645.89,0.57,0.56,4.4,50.01
CMP-07677,2023-09-14,LinkedIn,Lead Generation,Food & Beverage,Latin America,37550.58,5389347,360547,4855,779164.65,6.69,0.1,20.75,7.73
CMP-07678,2023-01-19,Google Ads,Engagement,Healthcare,Latin America,10584.3,2090478,92817,5065,2114832.63,4.44,0.11,199.81,2.09
CMP-07679,2023-07-14,Twitter,Brand Awareness,Finance,North America,18193.8,1730373,41009,808,374546.59,2.37,0.44,20.59,22.52
CMP-07680,2023-06-13,Twitter,Conversion,Food & Beverage,Latin America,8671.85,3643969,130454,10900,4643228.12,3.58,0.07,535.44,0.8
CMP-07681,2022-08-09,YouTube,Lead Generation,Tech,North America,1368.22,255928,1586,92,30549.59,0.62,0.86,22.33,14.87
CMP-07682,2023-10-09,Twitter,Engagement,Retail,Asia Pacific,43288.1,5863726,440952,48423,4268366.74,7.52,0.1,98.6,0.89
CMP-07683,2024-02-07,Facebook,Conversion,Tech,Middle East,13056.25,745497,53079,2812,477051.9,7.12,0.25,36.54,4.64
CMP-07684,2023-10-05,Twitter,Conversion,Food & Beverage,Europe,22752.83,5456290,342109,18507,8118762.55,6.27,0.07,356.82,1.23
CMP-07685,2022-09-17,Google Ads,Brand Awareness,Tech,North America,901.26,338096,17580,1994,602798.58,5.2,0.05,668.84,0.45
CMP-07686,2022-11-06,Instagram,Brand Awareness,Retail,Europe,11792.32,1904478,47611,1594,345901.91,2.5,0.25,29.33,7.4
CMP-07687,2022-03-20,Email,Lead Generation,Finance,North America,7315.64,2945348,115163,11138,5562278.89,3.91,0.06,760.33,0.66
CMP-07688,2022-03-29,Facebook,Retargeting,Healthcare,Asia Pacific,19915.12,2553262,64342,1294,411806.65,2.52,0.31,20.68,15.39
CMP-07689,2022-08-08,Email,Engagement,Finance,Asia Pacific,30633.99,13271949,112811,6552,1185319.38,0.85,0.27,38.69,4.68
CMP-07690,2022-12-26,Facebook,Brand Awareness,Travel,Latin America,40738.78,9299627,313397,27603,4338649.02,3.37,0.13,106.5,1.48
CMP-07691,2022-11-28,Twitter,Engagement,Retail,Asia Pacific,18292.11,3959027,84327,1852,232901.89,2.13,0.22,12.73,9.88
CMP-07692,2024-05-20,Twitter,Conversion,Travel,North America,12815.72,2507387,130384,2731,692439.16,5.2,0.1,54.03,4.69
CMP-07693,2023-04-18,Facebook,Lead Generation,Tech,Asia Pacific,9267.23,2744468,34305,1271,469964.76,1.25,0.27,50.71,7.29
CMP-07694,2022-05-14,LinkedIn,Brand Awareness,Travel,Europe,35220.6,6114174,399866,31560,5172228.66,6.54,0.09,146.85,1.12
CMP-07695,2022-05-05,Facebook,Retargeting,Retail,Middle East,32536.71,9050850,675193,18764,9083744.48,7.46,0.05,279.18,1.73
CMP-07696,2023-12-24,Email,Conversion,Tech,Asia Pacific,39280.41,6365592,201789,5480,2580347.22,3.17,0.19,65.69,7.17
CMP-07697,2022-06-15,Google Ads,Brand Awareness,Travel,Europe,35301.18,10879343,515680,44756,14066815.29,4.74,0.07,398.48,0.79
CMP-07698,2023-04-08,Facebook,Engagement,Travel,Asia Pacific,11101.06,4587276,67432,6395,2769158.61,1.47,0.16,249.45,1.74
CMP-07699,2024-04-28,Facebook,Conversion,Finance,Middle East,7969.44,1190996,80868,5849,2460066.62,6.79,0.1,308.69,1.36
CMP-07700,2023-04-20,YouTube,Brand Awareness,Travel,Latin America,13333.65,6665769,491267,27095,9970168.38,7.37,0.03,747.74,0.49
CMP-07701,2022-07-03,Google Ads,Brand Awareness,Travel,Europe,45999.72,16903922,557829,26510,5830561.37,3.3,0.08,126.75,1.74
CMP-07702,2022-02-20,Twitter,Engagement,Retail,Europe,28912.02,6372727,209025,1827,205017.97,3.28,0.14,7.09,15.82
CMP-07703,2023-10-14,Email,Retargeting,Tech,Latin America,30233.57,8734825,177316,4963,1672302.92,2.03,0.17,55.31,6.09
CMP-07704,2023-02-22,Email,Brand Awareness,Retail,Asia Pacific,28613.85,2577635,144605,2902,443708.77,5.61,0.2,15.51,9.86
CMP-07705,2022-07-10,Facebook,Lead Generation,Finance,Middle East,26678.73,7302118,286243,1595,81083.21,3.92,0.09,3.04,16.73
CMP-07706,2023-04-05,Twitter,Conversion,Retail,Latin America,24416.3,10030593,275841,14742,6701555.47,2.75,0.09,274.47,1.66
CMP-07707,2023-06-29,Twitter,Retargeting,Retail,Middle East,25974.36,11460000,291084,31877,1796357.06,2.54,0.09,69.16,0.81
CMP-07708,2023-09-27,Instagram,Retargeting,Travel,Latin America,8570.02,1368052,104108,9531,2385235.95,7.61,0.08,278.32,0.9
CMP-07709,2022-08-29,YouTube,Conversion,Finance,Asia Pacific,30612.51,3879694,152859,15940,4483532.08,3.94,0.2,146.46,1.92
CMP-07710,2023-10-07,TikTok,Brand Awareness,Tech,Asia Pacific,22321.43,4522652,305731,3648,1440363.9,6.76,0.07,64.53,6.12
CMP-07711,2023-03-04,YouTube,Engagement,Education,North America,11484.2,5674061,128233,7295,2359308.55,2.26,0.09,205.44,1.57
CMP-07712,2022-07-18,Email,Brand Awareness,Tech,Asia Pacific,21226.83,9517169,374976,18017,3579053.54,3.94,0.06,168.61,1.18
CMP-07713,2024-01-24,LinkedIn,Lead Generation,Travel,Latin America,45563.11,6917616,311984,14834,3722466.08,4.51,0.15,81.7,3.07
CMP-07714,2024-04-23,Facebook,Lead Generation,Education,North America,27596.73,3528418,280509,26902,12959707.88,7.95,0.1,469.61,1.03
CMP-07715,2022-07-25,LinkedIn,Brand Awareness,Food & Beverage,Europe,23163.6,8832415,664197,59096,18719598.95,7.52,0.03,808.15,0.39
CMP-07716,2024-04-01,Email,Retargeting,Healthcare,Asia Pacific,46146.5,5449478,307895,29567,12624901.87,5.65,0.15,273.58,1.56
CMP-07717,2023-03-08,Instagram,Engagement,Education,Europe,24156.25,1582701,83250,4042,148668.57,5.26,0.29,6.15,5.98
CMP-07718,2023-02-18,LinkedIn,Lead Generation,Travel,Latin America,19161.83,6174214,289570,8118,1901288.22,4.69,0.07,99.22,2.36
CMP-07719,2022-01-18,Instagram,Conversion,Retail,Asia Pacific,16745.45,7958541,137682,2319,648619.09,1.73,0.12,38.73,7.22
CMP-07720,2023-10-31,TikTok,Engagement,Tech,North America,43080.39,11332872,315053,32133,13814028.42,2.78,0.14,320.66,1.34
CMP-07721,2023-08-10,YouTube,Conversion,Travel,North America,3889.92,1339841,78782,9387,4343737.37,5.88,0.05,1116.66,0.41
CMP-07722,2022-02-06,Instagram,Engagement,Education,North America,49356.96,7826574,403851,30142,9066281.51,5.16,0.12,183.69,1.64
CMP-07723,2023-08-10,Twitter,Retargeting,Tech,North America,27976.83,12302679,362929,11700,1701410.74,2.95,0.08,60.81,2.39
CMP-07724,2023-06-30,TikTok,Brand Awareness,Healthcare,Latin America,9262.28,3809511,166856,19541,6534639.41,4.38,0.06,705.51,0.47
CMP-07725,2022-10-21,TikTok,Engagement,Food & Beverage,Latin America,29498.76,5720752,126428,8779,2547712.01,2.21,0.23,86.37,3.36
CMP-07726,2023-10-05,TikTok,Retargeting,Healthcare,Europe,25672.51,6321615,417858,26411,1241782.25,6.61,0.06,48.37,0.97
CMP-07727,2023-04-05,Google Ads,Engagement,Retail,Latin America,25971.54,12417396,510354,26338,6128115.76,4.11,0.05,235.96,0.99
CMP-07728,2022-09-07,Google Ads,Retargeting,Food & Beverage,Middle East,43786.33,4417044,292408,8742,1695008.47,6.62,0.15,38.71,5.01
CMP-07729,2022-03-02,Google Ads,Engagement,Retail,Middle East,41508.85,16915586,989561,78821,25888037.32,5.85,0.04,623.68,0.53
CMP-07730,2023-08-28,Google Ads,Lead Generation,Finance,North America,22752.58,11200609,704518,70066,6286281.09,6.29,0.03,276.29,0.32
CMP-07731,2023-07-05,YouTube,Lead Generation,Food & Beverage,Asia Pacific,6246.45,1044589,71867,639,58672.92,6.88,0.09,9.39,9.78
CMP-07732,2024-05-15,TikTok,Lead Generation,Education,Middle East,12907.0,4938896,365478,29087,8403727.93,7.4,0.04,651.1,0.44
CMP-07733,2024-05-19,Facebook,Engagement,Healthcare,Middle East,16417.0,3884884,101783,9423,3695919.4,2.62,0.16,225.13,1.74
CMP-07734,2022-01-28,YouTube,Brand Awareness,Education,Middle East,22843.11,6906216,381913,39868,7843679.11,5.53,0.06,343.37,0.57
CMP-07735,2023-03-13,Facebook,Retargeting,Education,Latin America,3355.03,733058,37532,3571,113277.56,5.12,0.09,33.76,0.94
CMP-07736,2023-09-16,Facebook,Lead Generation,Education,North America,32385.85,9608313,305544,33596,7079667.31,3.18,0.11,218.6,0.96
CMP-07737,2022-10-04,Facebook,Brand Awareness,Healthcare,Europe,16795.19,960583,64743,467,132226.29,6.74,0.26,7.87,35.96
CMP-07738,2022-11-09,Instagram,Brand Awareness,Food & Beverage,Asia Pacific,24416.4,10966445,269774,7223,344207.71,2.46,0.09,14.1,3.38
CMP-07739,2023-05-06,Twitter,Retargeting,Education,Asia Pacific,36050.58,4277904,319559,18264,996339.16,7.47,0.11,27.64,1.97
CMP-07740,2024-01-16,Facebook,Engagement,Tech,North America,31909.95,10290824,136867,9838,1205571.43,1.33,0.23,37.78,3.24
CMP-07741,2022-09-01,LinkedIn,Engagement,Travel,Asia Pacific,22739.65,7735021,293930,23077,10303454.6,3.8,0.08,453.11,0.99
CMP-07742,2024-04-05,LinkedIn,Retargeting,Food & Beverage,Europe,41225.23,18829226,120507,5403,678316.57,0.64,0.34,16.45,7.63
CMP-07743,2023-05-12,TikTok,Conversion,Food & Beverage,Asia Pacific,27091.86,3720225,52827,706,91249.19,1.42,0.51,3.37,38.37
CMP-07744,2022-07-14,Email,Conversion,Travel,Middle East,38759.62,2614881,136235,8142,1719535.34,5.21,0.28,44.36,4.76
CMP-07745,2023-06-21,Facebook,Brand Awareness,Food & Beverage,Middle East,36480.57,4545151,95448,739,44367.56,2.1,0.38,1.22,49.36
CMP-07746,2024-01-05,Google Ads,Conversion,Retail,Europe,19103.63,9369255,377580,37150,9169565.26,4.03,0.05,479.99,0.51
CMP-07747,2022-08-26,YouTube,Conversion,Finance,Middle East,17435.4,5725153,376142,18016,8354426.96,6.57,0.05,479.16,0.97
CMP-07748,2022-01-17,Email,Retargeting,Education,Middle East,18636.44,2205962,49854,5445,2017002.75,2.26,0.37,108.23,3.42
CMP-07749,2022-03-08,Email,Engagement,Tech,Europe,18946.86,5414370,267469,2139,428923.99,4.94,0.07,22.64,8.86
CMP-07750,2022-06-16,YouTube,Lead Generation,Finance,Asia Pacific,9760.17,1375068,13750,1381,298326.85,1.0,0.71,30.57,7.07
CMP-07751,2023-03-04,YouTube,Lead Generation,Finance,Latin America,11925.3,2633132,203541,15737,6813781.2,7.73,0.06,571.37,0.76
CMP-07752,2023-02-14,Facebook,Brand Awareness,Travel,Latin America,34231.76,7859731,556468,41786,10891305.17,7.08,0.06,318.16,0.82
CMP-07753,2023-10-29,LinkedIn,Brand Awareness,Education,Asia Pacific,49035.76,23320284,1301271,13978,1438196.45,5.58,0.04,29.33,3.51
CMP-07754,2022-03-28,Google Ads,Brand Awareness,Tech,Europe,39460.74,5142524,199015,17052,4072255.35,3.87,0.2,103.2,2.31
CMP-07755,2023-09-22,Instagram,Conversion,Finance,North America,44705.74,17559409,883238,24597,2583369.89,5.03,0.05,57.79,1.82
CMP-07756,2023-12-29,TikTok,Engagement,Healthcare,Europe,25613.39,2289573,131192,13851,1630957.47,5.73,0.2,63.68,1.85
CMP-07757,2023-07-27,Google Ads,Conversion,Travel,Middle East,20681.46,6973916,410763,39552,16544214.64,5.89,0.05,799.95,0.52
CMP-07758,2023-02-19,Google Ads,Conversion,Education,North America,32184.23,12159874,305212,33519,11717547.6,2.51,0.11,364.08,0.96
CMP-07759,2023-05-02,LinkedIn,Brand Awareness,Food & Beverage,Latin America,34713.82,7095512,379609,31545,13150744.45,5.35,0.09,378.83,1.1
CMP-07760,2023-03-03,Facebook,Conversion,Tech,North America,15029.01,3742185,179250,10013,2043035.05,4.79,0.08,135.94,1.5
CMP-07761,2022-11-06,Instagram,Lead Generation,Retail,North America,48993.48,18528238,1174690,101307,36789003.99,6.34,0.04,750.9,0.48
CMP-07762,2022-06-12,Instagram,Brand Awareness,Healthcare,Europe,23898.95,11329514,730753,47415,6192200.54,6.45,0.03,259.1,0.5
CMP-07763,2022-03-07,Facebook,Conversion,Finance,Middle East,31450.05,8801051,359082,40498,16300388.78,4.08,0.09,518.29,0.78
CMP-07764,2024-04-13,Email,Engagement,Travel,Asia Pacific,3347.29,886125,25343,285,26661.89,2.86,0.13,7.97,11.74
CMP-07765,2023-10-01,LinkedIn,Lead Generation,Tech,Latin America,18714.01,3408286,80094,5596,1452851.47,2.35,0.23,77.63,3.34
CMP-07766,2022-08-31,YouTube,Brand Awareness,Education,North America,36913.62,1995726,153670,1774,276978.23,7.7,0.24,7.5,20.81
CMP-07767,2022-02-16,Facebook,Engagement,Food & Beverage,Asia Pacific,4674.42,2324255,95294,4580,1321138.07,4.1,0.05,282.63,1.02
CMP-07768,2024-04-09,TikTok,Engagement,Tech,Middle East,19992.24,7427867,155985,2797,978273.59,2.1,0.13,48.93,7.15
CMP-07769,2023-05-19,Instagram,Retargeting,Education,North America,8636.06,435879,33519,3173,1440103.6,7.69,0.26,166.75,2.72
CMP-07770,2022-01-28,Google Ads,Lead Generation,Food & Beverage,Middle East,46296.19,18362055,110172,1560,407757.8,0.6,0.42,8.81,29.68
CMP-07771,2023-03-12,Email,Retargeting,Education,North America,29699.9,12777490,471489,25025,8448565.11,3.69,0.06,284.46,1.19
CMP-07772,2022-04-19,LinkedIn,Brand Awareness,Finance,Middle East,15243.62,2591185,70221,6812,989343.07,2.71,0.22,64.9,2.24
CMP-07773,2023-04-02,Instagram,Conversion,Retail,North America,30795.4,7716944,242312,17588,1572932.71,3.14,0.13,51.08,1.75
CMP-07774,2022-05-13,LinkedIn,Engagement,Healthcare,Europe,32833.23,8825204,290349,7226,1150776.13,3.29,0.11,35.05,4.54
CMP-07775,2024-01-18,YouTube,Retargeting,Healthcare,Europe,8368.8,972571,57089,2370,722637.58,5.87,0.15,86.35,3.53
CMP-07776,2022-03-14,Instagram,Retargeting,Food & Beverage,North America,22620.04,7651035,338175,24470,4456966.67,4.42,0.07,197.04,0.92
CMP-07777,2022-02-06,Email,Lead Generation,Tech,North America,21610.24,10268244,218713,10353,3851650.34,2.13,0.1,178.23,2.09
CMP-07778,2023-07-07,YouTube,Lead Generation,Retail,North America,44955.04,4049454,282246,17567,3739555.24,6.97,0.16,83.18,2.56
CMP-07779,2024-06-07,Twitter,Conversion,Finance,Latin America,34726.21,3736834,186094,10367,2703722.62,4.98,0.19,77.86,3.35
CMP-07780,2023-12-21,Email,Conversion,Tech,Middle East,35638.5,9106572,164828,11714,876421.71,1.81,0.22,24.59,3.04
CMP-07781,2023-07-28,YouTube,Brand Awareness,Food & Beverage,Europe,47246.12,14045535,960714,90084,24047768.3,6.84,0.05,508.99,0.52
CMP-07782,2022-10-02,TikTok,Brand Awareness,Travel,Europe,30787.14,6377830,504486,36392,12456218.77,7.91,0.06,404.59,0.85
CMP-07783,2023-02-16,Google Ads,Retargeting,Healthcare,Latin America,13803.38,4030697,118905,13859,6516212.15,2.95,0.12,472.07,1.0
CMP-07784,2023-09-20,Google Ads,Conversion,Education,Europe,45392.63,8898314,245593,5995,2143935.76,2.76,0.18,47.23,7.57
CMP-07785,2024-04-17,YouTube,Lead Generation,Healthcare,Asia Pacific,16948.54,7864915,110108,3516,1659065.34,1.4,0.15,97.89,4.82
CMP-07786,2024-05-09,Facebook,Lead Generation,Travel,Europe,34714.97,6181736,302286,6104,1554280.35,4.89,0.11,44.77,5.69
CMP-07787,2022-11-24,YouTube,Conversion,Travel,Asia Pacific,39239.36,3464441,203016,11285,3883752.08,5.86,0.19,98.98,3.48
CMP-07788,2023-05-26,Google Ads,Retargeting,Finance,Middle East,35265.99,11865622,895854,53352,23227186.8,7.55,0.04,658.63,0.66
CMP-07789,2022-12-22,Google Ads,Brand Awareness,Retail,North America,14857.68,2068813,153299,10859,843129.44,7.41,0.1,56.75,1.37
CMP-07790,2024-05-07,Twitter,Conversion,Travel,Europe,23658.43,4124524,305214,23916,9197300.93,7.4,0.08,388.75,0.99
CMP-07791,2023-08-18,Google Ads,Retargeting,Finance,North America,6069.78,2356508,66453,7095,3468806.93,2.82,0.09,571.49,0.86
CMP-07792,2024-03-19,Facebook,Conversion,Education,Asia Pacific,16415.81,4903809,284911,21434,5266346.91,5.81,0.06,320.81,0.77
CMP-07793,2023-04-11,Email,Engagement,Travel,Europe,21468.75,1773614,69703,6328,1396582.78,3.93,0.31,65.05,3.39
CMP-07794,2024-05-09,Facebook,Engagement,Tech,Europe,24032.52,2999208,67182,6904,1674949.24,2.24,0.36,69.7,3.48
CMP-07795,2024-01-06,Twitter,Retargeting,Finance,Latin America,4740.86,1098924,24615,553,199664.56,2.24,0.19,42.12,8.57
CMP-07796,2023-03-15,YouTube,Retargeting,Tech,North America,28808.32,6790072,376848,21708,4617535.45,5.55,0.08,160.28,1.33
CMP-07797,2023-10-27,LinkedIn,Brand Awareness,Education,Latin America,1453.1,657753,35058,3773,1746028.45,5.33,0.04,1201.59,0.39
CMP-07798,2022-07-27,LinkedIn,Conversion,Food & Beverage,Asia Pacific,46302.76,7531462,310296,16094,2753062.65,4.12,0.15,59.46,2.88
CMP-07799,2023-03-31,TikTok,Engagement,Healthcare,Asia Pacific,15586.94,4315540,83289,4985,1761009.29,1.93,0.19,112.98,3.13
CMP-07800,2023-08-16,Instagram,Retargeting,Healthcare,Middle East,40552.31,11575604,478072,30100,13427214.79,4.13,0.08,331.11,1.35
CMP-07801,2023-09-03,Facebook,Brand Awareness,Food & Beverage,Asia Pacific,22069.92,9686108,382601,18342,7074357.03,3.95,0.06,320.54,1.2
CMP-07802,2024-01-15,Twitter,Lead Generation,Food & Beverage,Asia Pacific,42576.46,15040013,959552,92955,32507817.92,6.38,0.04,763.52,0.46
CMP-07803,2023-10-30,Instagram,Lead Generation,Retail,North America,27559.78,9837599,368909,22460,1515808.71,3.75,0.07,55.0,1.23
CMP-07804,2023-05-19,LinkedIn,Retargeting,Retail,Middle East,25018.18,3454757,34547,1502,302252.11,1.0,0.72,12.08,16.66
CMP-07805,2023-04-18,TikTok,Engagement,Food & Beverage,Asia Pacific,18449.33,5337553,243392,12593,4720522.13,4.56,0.08,255.86,1.47
CMP-07806,2023-11-03,YouTube,Engagement,Finance,North America,27458.19,10086236,347975,32267,6717152.87,3.45,0.08,244.63,0.85
CMP-07807,2023-12-14,TikTok,Conversion,Tech,Middle East,44270.23,9820329,318178,17550,3432735.08,3.24,0.14,77.54,2.52
CMP-07808,2023-07-09,YouTube,Brand Awareness,Education,Europe,23849.74,9165655,219059,13050,5594981.45,2.39,0.11,234.59,1.83
CMP-07809,2023-03-14,Google Ads,Conversion,Travel,Middle East,16970.15,8104250,318497,23273,3489719.32,3.93,0.05,205.64,0.73
CMP-07810,2022-09-13,Email,Retargeting,Food & Beverage,Asia Pacific,26616.28,8579964,300298,9982,943665.12,3.5,0.09,35.45,2.67
CMP-07811,2022-05-14,YouTube,Conversion,Tech,Latin America,13914.88,6605570,502023,3563,485902.19,7.6,0.03,34.92,3.91
CMP-07812,2022-12-28,Instagram,Conversion,Tech,Middle East,7081.41,989946,19402,893,274444.96,1.96,0.36,38.76,7.93
CMP-07813,2022-08-23,Email,Conversion,Food & Beverage,Asia Pacific,1797.65,387392,26923,511,157932.74,6.95,0.07,87.86,3.52
CMP-07814,2024-02-07,Google Ads,Brand Awareness,Retail,Europe,21747.73,5481938,214343,23451,11007433.84,3.91,0.1,506.14,0.93
CMP-07815,2023-09-06,Facebook,Conversion,Finance,Middle East,20594.02,8942057,452468,7248,3309216.64,5.06,0.05,160.69,2.84
CMP-07816,2022-06-09,LinkedIn,Conversion,Food & Beverage,North America,41695.6,3859857,50178,526,160118.09,1.3,0.83,3.84,79.27
CMP-07817,2024-01-21,Instagram,Brand Awareness,Tech,Middle East,24617.89,7543325,69398,5646,800177.35,0.92,0.35,32.5,4.36
CMP-07818,2022-11-16,Google Ads,Retargeting,Retail,Asia Pacific,857.37,337114,26025,2686,1074479.66,7.72,0.03,1253.23,0.32
CMP-07819,2023-02-23,YouTube,Engagement,Finance,Latin America,4249.82,1569531,106414,2825,308519.79,6.78,0.04,72.6,1.5
CMP-07820,2023-01-02,Twitter,Retargeting,Education,Europe,39590.44,4747045,207445,9302,2808910.68,4.37,0.19,70.95,4.26
CMP-07821,2022-10-19,TikTok,Lead Generation,Retail,Asia Pacific,23732.87,8054148,585536,28352,3083770.28,7.27,0.04,129.94,0.84
CMP-07822,2022-12-18,Email,Engagement,Healthcare,Asia Pacific,28076.28,5929859,247275,8410,476652.5,4.17,0.11,16.98,3.34
CMP-07823,2023-04-14,Email,Lead Generation,Retail,Middle East,43742.5,4139335,297204,14171,3577918.39,7.18,0.15,81.8,3.09
CMP-07824,2023-10-22,Instagram,Brand Awareness,Retail,Middle East,31091.06,14431703,772096,85847,39867532.77,5.35,0.04,1282.28,0.36
CMP-07825,2024-06-03,YouTube,Engagement,Retail,Europe,36609.79,10064028,136870,4414,154828.68,1.36,0.27,4.23,8.29
CMP-07826,2023-04-27,YouTube,Retargeting,Education,Asia Pacific,17400.84,6045494,289579,10439,742945.18,4.79,0.06,42.7,1.67
CMP-07827,2023-11-11,Email,Engagement,Travel,Latin America,25518.48,10473213,657717,56504,20668895.95,6.28,0.04,809.96,0.45
CMP-07828,2022-11-23,Twitter,Retargeting,Tech,Asia Pacific,48464.9,7366067,299798,22478,3729864.91,4.07,0.16,76.96,2.16
CMP-07829,2024-03-06,Twitter,Engagement,Finance,North America,4617.12,851467,19583,978,131646.1,2.3,0.24,28.51,4.72
CMP-07830,2022-10-09,LinkedIn,Engagement,Travel,Asia Pacific,25585.28,4762934,86685,2960,851369.54,1.82,0.3,33.28,8.64
CMP-07831,2023-08-03,Instagram,Engagement,Finance,Europe,18266.15,2980551,46496,2966,1104195.91,1.56,0.39,60.45,6.16
CMP-07832,2024-01-16,Email,Brand Awareness,Travel,Latin America,7532.08,1250275,89394,7016,3447755.09,7.15,0.08,457.74,1.07
CMP-07833,2022-01-28,LinkedIn,Brand Awareness,Healthcare,Middle East,39776.49,2171793,90563,5442,547879.89,4.17,0.44,13.77,7.31
CMP-07834,2022-11-20,Facebook,Lead Generation,Tech,Europe,35734.98,16076440,668779,63911,11623446.02,4.16,0.05,325.27,0.56
CMP-07835,2022-11-03,LinkedIn,Retargeting,Education,Middle East,1625.86,532311,11870,946,378133.41,2.23,0.14,232.57,1.72
CMP-07836,2023-10-25,Twitter,Conversion,Food & Beverage,Asia Pacific,1237.02,413705,7984,662,49172.81,1.93,0.15,39.75,1.87
CMP-07837,2023-07-03,TikTok,Conversion,Travel,Asia Pacific,40026.46,17267450,1279518,20908,6201835.34,7.41,0.03,154.94,1.91
CMP-07838,2023-07-11,LinkedIn,Engagement,Tech,Latin America,1242.23,154802,10572,723,325674.37,6.83,0.12,262.17,1.72
CMP-07839,2024-03-19,Facebook,Brand Awareness,Tech,Europe,3396.08,1696353,44105,2264,435243.99,2.6,0.08,128.16,1.5
CMP-07840,2022-04-05,Google Ads,Retargeting,Tech,North America,34502.66,15012920,1146987,15030,4037969.96,7.64,0.03,117.03,2.3
CMP-07841,2024-01-14,Facebook,Brand Awareness,Finance,Latin America,24713.08,7606822,378059,37868,2628023.64,4.97,0.07,106.34,0.65
CMP-07842,2022-07-28,Instagram,Lead Generation,Food & Beverage,Asia Pacific,10623.38,4178713,262423,24701,1106229.05,6.28,0.04,104.13,0.43
CMP-07843,2022-02-28,Google Ads,Lead Generation,Retail,Europe,32579.16,12622648,658902,78367,19187530.33,5.22,0.05,588.95,0.42
CMP-07844,2023-06-30,Google Ads,Engagement,Retail,Latin America,41629.85,11489086,551476,19655,3288871.79,4.8,0.08,79.0,2.12
CMP-07845,2022-06-26,Instagram,Brand Awareness,Finance,Asia Pacific,45839.09,15457232,907339,65271,8494678.87,5.87,0.05,185.32,0.7
CMP-07846,2022-08-09,Facebook,Lead Generation,Healthcare,Middle East,15670.77,5601956,315390,28332,3596289.45,5.63,0.05,229.49,0.55
CMP-07847,2023-04-15,LinkedIn,Retargeting,Finance,North America,24817.37,7419155,123899,10399,2740069.65,1.67,0.2,110.41,2.39
CMP-07848,2024-04-11,TikTok,Conversion,Tech,Middle East,14894.13,6638444,120819,3471,938806.51,1.82,0.12,63.03,4.29
CMP-07849,2024-01-18,Email,Engagement,Travel,Europe,5355.53,786693,14317,1064,205592.41,1.82,0.37,38.39,5.03
CMP-07850,2023-11-25,Google Ads,Engagement,Tech,Europe,49160.94,14072590,519278,14878,6528712.42,3.69,0.09,132.8,3.3
CMP-07851,2022-09-01,YouTube,Lead Generation,Retail,Middle East,7093.83,3364039,262058,26869,3601211.38,7.79,0.03,507.65,0.26
CMP-07852,2023-12-15,Facebook,Lead Generation,Healthcare,Europe,2982.96,644495,43761,4128,2029345.0,6.79,0.07,680.31,0.72
CMP-07853,2023-01-01,Facebook,Lead Generation,Education,Middle East,14133.15,5148713,182779,11781,5749096.42,3.55,0.08,406.78,1.2
CMP-07854,2024-05-27,YouTube,Retargeting,Tech,Europe,1754.62,117873,3382,141,70477.74,2.87,0.52,40.17,12.44
CMP-07855,2023-03-29,Facebook,Conversion,Travel,Latin America,25887.65,10390491,668108,29067,8051146.6,6.43,0.04,311.0,0.89
CMP-07856,2023-10-27,YouTube,Retargeting,Retail,Asia Pacific,32348.97,6104906,338822,19475,7963578.44,5.55,0.1,246.18,1.66
CMP-07857,2022-01-14,TikTok,Retargeting,Travel,Latin America,41485.99,6844581,449688,5556,1379126.16,6.57,0.09,33.24,7.47
CMP-07858,2023-07-31,YouTube,Lead Generation,Finance,North America,30104.89,11406553,323946,21723,3872963.66,2.84,0.09,128.65,1.39
CMP-07859,2024-05-20,Twitter,Engagement,Finance,Latin America,7940.87,1389777,49059,3618,1286630.01,3.53,0.16,162.03,2.19
CMP-07860,2024-02-28,Google Ads,Conversion,Retail,North America,36271.86,5742369,366363,32074,9224544.93,6.38,0.1,254.32,1.13
CMP-07861,2022-10-17,Google Ads,Lead Generation,Healthcare,Middle East,39520.11,9524431,586704,58102,12941241.91,6.16,0.07,327.46,0.68
CMP-07862,2023-08-14,TikTok,Retargeting,Healthcare,Middle East,42726.63,6080766,182422,11788,1203527.77,3.0,0.23,28.17,3.62
CMP-07863,2022-07-17,YouTube,Lead Generation,Travel,Asia Pacific,22087.82,1264855,85377,8828,2221658.44,6.75,0.26,100.58,2.5
CMP-07864,2022-04-06,Email,Lead Generation,Tech,Asia Pacific,41356.97,19962927,892342,13585,1334008.43,4.47,0.05,32.26,3.04
CMP-07865,2023-06-17,Twitter,Conversion,Finance,Middle East,18730.07,2226816,96866,1839,692164.09,4.35,0.19,36.95,10.18
CMP-07866,2024-03-24,Twitter,Conversion,Food & Beverage,Asia Pacific,18193.1,3781643,241268,8123,946187.61,6.38,0.08,52.01,2.24
CMP-07867,2022-04-20,Instagram,Lead Generation,Retail,Middle East,28456.61,6526009,508376,29508,4586581.72,7.79,0.06,161.18,0.96
CMP-07868,2022-11-28,Twitter,Lead Generation,Travel,North America,1655.64,571726,11834,1205,44397.03,2.07,0.14,26.82,1.37
CMP-07869,2022-09-26,Instagram,Retargeting,Food & Beverage,Latin America,23386.27,7970455,104412,8073,864437.61,1.31,0.22,36.96,2.9
CMP-07870,2024-02-10,Email,Retargeting,Finance,Asia Pacific,20756.6,9505672,533268,55672,7069370.63,5.61,0.04,340.58,0.37
CMP-07871,2024-04-18,TikTok,Conversion,Tech,Latin America,38320.54,9632113,770569,63953,3144418.51,8.0,0.05,82.06,0.6
CMP-07872,2022-08-19,Google Ads,Conversion,Retail,Europe,46460.1,14937171,1151655,12174,2232874.01,7.71,0.04,48.06,3.82
CMP-07873,2023-11-22,Google Ads,Retargeting,Travel,North America,40010.95,18234043,1026576,82790,25474358.46,5.63,0.04,636.68,0.48
CMP-07874,2024-06-13,Instagram,Retargeting,Education,Europe,41612.26,16354773,233873,5629,1720743.83,1.43,0.18,41.35,7.39
CMP-07875,2024-04-07,Facebook,Conversion,Finance,Asia Pacific,35210.22,16994441,795339,21098,7287550.52,4.68,0.04,206.97,1.67
CMP-07876,2023-09-05,LinkedIn,Retargeting,Education,Asia Pacific,33916.06,8417704,344284,8582,2795569.96,4.09,0.1,82.43,3.95
CMP-07877,2023-05-04,TikTok,Lead Generation,Food & Beverage,Middle East,23529.32,5813841,156392,11756,5627860.18,2.69,0.15,239.18,2.0
CMP-07878,2023-03-04,Instagram,Retargeting,Retail,North America,8213.15,3182856,137499,8725,3825919.6,4.32,0.06,465.83,0.94
CMP-07879,2023-05-22,YouTube,Brand Awareness,Education,Europe,34775.9,16833292,961180,16829,3391035.5,5.71,0.04,97.51,2.07
CMP-07880,2024-06-09,Google Ads,Retargeting,Retail,North America,22208.56,4020866,131482,12421,4172971.87,3.27,0.17,187.9,1.79
CMP-07881,2022-03-06,Email,Brand Awareness,Healthcare,Asia Pacific,42037.95,19257587,1421209,119850,49961360.8,7.38,0.03,1188.48,0.35
CMP-07882,2023-01-09,Twitter,Conversion,Travel,Latin America,17122.98,5423436,383979,31644,2298033.83,7.08,0.04,134.21,0.54
CMP-07883,2024-03-30,TikTok,Lead Generation,Healthcare,Asia Pacific,26045.22,4436396,313209,5663,1478363.48,7.06,0.08,56.76,4.6
CMP-07884,2023-10-30,Twitter,Lead Generation,Travel,Middle East,47269.84,10826018,763234,59395,16923171.42,7.05,0.06,358.01,0.8
CMP-07885,2024-06-16,Instagram,Engagement,Education,Asia Pacific,35869.42,12768087,549027,49653,4119567.11,4.3,0.07,114.85,0.72
CMP-07886,2023-06-23,Google Ads,Lead Generation,Retail,Middle East,3392.92,900951,26578,2650,460698.69,2.95,0.13,135.78,1.28
CMP-07887,2022-10-16,Twitter,Retargeting,Retail,Latin America,38076.72,7064875,404817,19760,6819771.26,5.73,0.09,179.11,1.93
CMP-07888,2024-06-04,Email,Engagement,Education,Middle East,11427.61,4817193,328532,30399,6556814.71,6.82,0.03,573.77,0.38
CMP-07889,2022-05-22,Twitter,Retargeting,Healthcare,Europe,32029.48,7388176,472843,18915,1006896.35,6.4,0.07,31.44,1.69
CMP-07890,2023-08-22,Instagram,Engagement,Education,Asia Pacific,20290.24,4245420,23774,2553,321271.63,0.56,0.85,15.83,7.95
CMP-07891,2023-03-15,Twitter,Brand Awareness,Tech,Latin America,6847.46,442454,33007,200,39246.51,7.46,0.21,5.73,34.24
CMP-07892,2024-05-20,TikTok,Conversion,Travel,Europe,29723.42,4482617,343368,15671,4626568.71,7.66,0.09,155.65,1.9
CMP-07893,2023-08-06,Email,Lead Generation,Healthcare,Latin America,4802.23,1096533,28948,3378,1381848.79,2.64,0.17,287.75,1.42
CMP-07894,2023-05-21,Facebook,Brand Awareness,Education,Asia Pacific,24041.15,5632227,223599,25793,4386696.92,3.97,0.11,182.47,0.93
CMP-07895,2022-07-31,Instagram,Brand Awareness,Tech,Latin America,22383.89,6162664,253285,3354,1061969.53,4.11,0.09,47.44,6.67
CMP-07896,2022-03-25,LinkedIn,Retargeting,Tech,North America,14996.74,1231472,15023,1489,354625.11,1.22,1.0,23.65,10.07
CMP-07897,2022-06-30,Instagram,Conversion,Travel,Middle East,38584.57,8603086,601355,13697,3858944.38,6.99,0.06,100.01,2.82
CMP-07898,2023-02-01,Instagram,Brand Awareness,Healthcare,Latin America,1237.05,244616,7827,696,59206.08,3.2,0.16,47.86,1.78
CMP-07899,2024-04-16,Twitter,Lead Generation,Food & Beverage,North America,2373.86,681320,46942,2037,995676.41,6.89,0.05,419.43,1.17
CMP-07900,2023-05-09,Facebook,Lead Generation,Travel,Latin America,27114.15,13340640,434904,42592,11123645.68,3.26,0.06,410.25,0.64
CMP-07901,2023-09-29,LinkedIn,Lead Generation,Education,North America,17148.49,5573320,127629,15142,1415408.41,2.29,0.13,82.54,1.13
CMP-07902,2022-08-15,Email,Retargeting,Travel,Latin America,47022.02,2557946,102829,5568,2562789.76,4.02,0.46,54.5,8.45
CMP-07903,2023-12-12,TikTok,Engagement,Travel,North America,25151.84,10037709,358346,23232,3931838.92,3.57,0.07,156.32,1.08
CMP-07904,2022-05-26,YouTube,Engagement,Retail,Latin America,48967.07,21815553,1215126,60103,4837853.73,5.57,0.04,98.8,0.81
CMP-07905,2023-03-18,Twitter,Conversion,Education,Asia Pacific,7374.11,1901073,151325,3216,781606.82,7.96,0.05,105.99,2.29
CMP-07906,2023-04-25,TikTok,Brand Awareness,Retail,Asia Pacific,43437.59,16504765,123785,7843,3101108.71,0.75,0.35,71.39,5.54
CMP-07907,2022-02-28,Twitter,Engagement,Food & Beverage,Asia Pacific,10262.09,2771810,202342,5592,1264063.11,7.3,0.05,123.18,1.84
CMP-07908,2024-01-17,Facebook,Brand Awareness,Retail,Latin America,12016.88,5092459,191476,3061,1152830.66,3.76,0.06,95.93,3.93
CMP-07909,2023-04-06,Email,Brand Awareness,Healthcare,Latin America,34010.38,4970408,198816,9944,4141918.02,4.0,0.17,121.78,3.42
CMP-07910,2023-04-03,Instagram,Brand Awareness,Education,Europe,4386.35,512727,3435,329,89142.59,0.67,1.28,20.32,13.33
CMP-07911,2022-07-10,LinkedIn,Retargeting,Healthcare,Latin America,2051.85,280943,10872,1275,542693.13,3.87,0.19,264.49,1.61
CMP-07912,2023-02-26,YouTube,Retargeting,Finance,Europe,44802.82,12985155,131150,7435,3614557.03,1.01,0.34,80.68,6.03
CMP-07913,2022-10-16,Instagram,Brand Awareness,Finance,Latin America,34723.85,9709309,226226,17338,1164077.44,2.33,0.15,33.52,2.0
CMP-07914,2023-01-31,TikTok,Engagement,Healthcare,Europe,24456.21,1631814,109331,4383,1418551.87,6.7,0.22,58.0,5.58
CMP-07915,2024-04-01,Google Ads,Lead Generation,Education,Europe,23689.73,11311755,709247,23310,3364723.15,6.27,0.03,142.03,1.02
CMP-07916,2022-04-18,TikTok,Brand Awareness,Food & Beverage,Europe,32364.65,2927018,157766,12155,3496624.78,5.39,0.21,108.04,2.66
CMP-07917,2023-06-25,TikTok,Retargeting,Healthcare,North America,27525.76,11869267,821353,41170,10696691.29,6.92,0.03,388.61,0.67
CMP-07918,2022-06-11,YouTube,Conversion,Education,Asia Pacific,21525.35,8478934,546043,49639,17092743.27,6.44,0.04,794.08,0.43
CMP-07919,2023-10-09,Google Ads,Lead Generation,Education,Latin America,1715.96,374180,14630,1558,688679.4,3.91,0.12,401.34,1.1
CMP-07920,2024-04-24,Facebook,Brand Awareness,Education,North America,7625.33,562592,17159,444,116991.81,3.05,0.44,15.34,17.17
CMP-07921,2022-03-20,Twitter,Brand Awareness,Finance,Europe,22095.89,3644974,114087,7170,2810479.2,3.13,0.19,127.19,3.08
CMP-07922,2022-11-09,TikTok,Lead Generation,Tech,Europe,17538.1,5646405,431385,7023,574513.75,7.64,0.04,32.76,2.5
CMP-07923,2024-05-01,Instagram,Lead Generation,Retail,Latin America,35799.43,15869899,956954,38963,8347428.22,6.03,0.04,233.17,0.92
CMP-07924,2022-09-02,LinkedIn,Lead Generation,Travel,Middle East,2120.14,770145,12168,1185,408647.05,1.58,0.17,192.75,1.79
CMP-07925,2024-04-10,LinkedIn,Conversion,Tech,Middle East,8301.18,553113,33242,3276,395681.48,6.01,0.25,47.67,2.53
CMP-07926,2023-01-13,Google Ads,Brand Awareness,Food & Beverage,North America,48356.96,18287721,1104578,44718,16273709.28,6.04,0.04,336.53,1.08
CMP-07927,2024-05-20,Facebook,Lead Generation,Healthcare,Asia Pacific,46900.85,12057008,61490,6203,3039765.81,0.51,0.76,64.81,7.56
CMP-07928,2024-03-28,Instagram,Lead Generation,Travel,North America,19082.32,3651253,198263,5849,2757070.23,5.43,0.1,144.48,3.26
CMP-07929,2022-12-25,LinkedIn,Lead Generation,Food & Beverage,Latin America,41777.67,2650882,157992,7763,2606321.1,5.96,0.26,62.39,5.38
CMP-07930,2023-02-21,Facebook,Engagement,Healthcare,Latin America,29529.39,14439110,402851,8527,3668404.79,2.79,0.07,124.23,3.46
CMP-07931,2022-09-21,TikTok,Retargeting,Finance,Europe,20044.5,5907137,376284,5292,809177.5,6.37,0.05,40.37,3.79
CMP-07932,2022-10-26,Facebook,Retargeting,Retail,Europe,10607.49,1493184,62713,6854,225983.5,4.2,0.17,21.3,1.55
CMP-07933,2022-03-03,Facebook,Conversion,Food & Beverage,Latin America,6880.6,2516240,48815,864,177903.06,1.94,0.14,25.86,7.96
CMP-07934,2023-06-12,Facebook,Brand Awareness,Food & Beverage,North America,29839.09,13518025,1059813,81618,34224434.19,7.84,0.03,1146.97,0.37
CMP-07935,2024-05-23,TikTok,Brand Awareness,Tech,North America,42425.1,4908411,172776,15171,3123560.12,3.52,0.25,73.63,2.8
CMP-07936,2024-03-15,Google Ads,Lead Generation,Healthcare,Middle East,9917.8,4458114,220230,14369,2722989.65,4.94,0.05,274.56,0.69
CMP-07937,2023-06-11,Instagram,Engagement,Finance,Middle East,33735.63,8798472,182128,8182,2888412.27,2.07,0.19,85.62,4.12
CMP-07938,2022-01-04,Email,Lead Generation,Tech,Asia Pacific,36179.58,3785738,120765,13569,3441054.26,3.19,0.3,95.11,2.67
CMP-07939,2024-04-13,LinkedIn,Brand Awareness,Education,Asia Pacific,36408.95,12348345,938474,100335,9219898.39,7.6,0.04,253.23,0.36
CMP-07940,2022-10-14,TikTok,Engagement,Tech,Middle East,29497.47,14344142,248153,9899,4195859.99,1.73,0.12,142.24,2.98
CMP-07941,2022-03-26,Twitter,Lead Generation,Retail,Middle East,20584.5,4358938,283766,23773,758794.44,6.51,0.07,36.86,0.87
CMP-07942,2023-03-31,Google Ads,Conversion,Finance,Middle East,24119.05,6306636,340558,25201,10385280.48,5.4,0.07,430.58,0.96
CMP-07943,2022-06-20,Facebook,Conversion,Healthcare,Asia Pacific,44106.36,19913167,1489504,111964,23717002.76,7.48,0.03,537.72,0.39
CMP-07944,2023-11-01,Email,Lead Generation,Healthcare,Asia Pacific,46780.74,8284959,439102,51412,9585904.59,5.3,0.11,204.91,0.91
CMP-07945,2024-03-06,TikTok,Engagement,Finance,North America,40737.84,2491409,134785,14241,1913272.52,5.41,0.3,46.97,2.86
CMP-07946,2024-04-01,Google Ads,Lead Generation,Travel,Asia Pacific,30793.11,6063773,89137,1168,108991.0,1.47,0.35,3.54,26.36
CMP-07947,2023-12-13,Instagram,Retargeting,Travel,North America,30634.85,3065834,171686,7359,371894.31,5.6,0.18,12.14,4.16
CMP-07948,2022-04-04,Instagram,Retargeting,Food & Beverage,Latin America,2541.07,541639,26648,637,184585.15,4.92,0.1,72.64,3.99
CMP-07949,2022-09-14,YouTube,Brand Awareness,Education,Asia Pacific,14836.19,3443366,51306,300,121665.86,1.49,0.29,8.2,49.45
CMP-07950,2022-02-04,Twitter,Conversion,Tech,Middle East,32042.17,11741268,456735,12492,2251698.35,3.89,0.07,70.27,2.57
CMP-07951,2022-01-10,Instagram,Brand Awareness,Healthcare,Europe,46697.03,23038472,1626516,43621,6913999.25,7.06,0.03,148.06,1.07
CMP-07952,2023-12-24,YouTube,Conversion,Food & Beverage,North America,2683.29,783994,48607,3557,988452.93,6.2,0.06,368.37,0.75
CMP-07953,2023-05-28,YouTube,Conversion,Food & Beverage,Latin America,6912.35,2315797,15284,1652,655335.55,0.66,0.45,94.81,4.18
CMP-07954,2024-03-01,LinkedIn,Conversion,Finance,Middle East,30902.67,14603961,332970,35342,4252006.29,2.28,0.09,137.59,0.87
CMP-07955,2023-05-06,Google Ads,Retargeting,Finance,Asia Pacific,45095.29,10174301,142440,12910,2971896.22,1.4,0.32,65.9,3.49
CMP-07956,2023-09-17,Facebook,Conversion,Education,North America,29685.76,5562344,275336,22352,2749502.05,4.95,0.11,92.62,1.33
CMP-07957,2023-02-12,LinkedIn,Conversion,Travel,Latin America,35798.85,16762500,95546,5939,380116.66,0.57,0.37,10.62,6.03
CMP-07958,2022-11-06,Twitter,Conversion,Tech,North America,5913.63,1588387,36691,2644,790395.8,2.31,0.16,133.66,2.24
CMP-07959,2022-04-10,Google Ads,Engagement,Travel,North America,47903.77,16863354,470487,30635,13515901.51,2.79,0.1,282.15,1.56
CMP-07960,2024-01-16,YouTube,Engagement,Tech,Latin America,26638.62,7252165,309667,15826,5677430.94,4.27,0.09,213.13,1.68
CMP-07961,2023-11-28,Twitter,Lead Generation,Education,Europe,38205.19,5101640,128051,10719,545258.87,2.51,0.3,14.27,3.56
CMP-07962,2022-03-05,Email,Retargeting,Education,Asia Pacific,11805.63,983629,37672,4273,265460.44,3.83,0.31,22.49,2.76
CMP-07963,2022-01-18,Facebook,Retargeting,Food & Beverage,Middle East,48687.32,7596970,562175,40170,11690118.83,7.4,0.09,240.11,1.21
CMP-07964,2024-04-01,Twitter,Retargeting,Healthcare,North America,9631.26,4704969,289355,5299,1482647.7,6.15,0.03,153.94,1.82
CMP-07965,2022-03-31,LinkedIn,Engagement,Travel,Asia Pacific,35256.1,2724046,22064,1627,81493.93,0.81,1.6,2.31,21.67
CMP-07966,2022-02-08,Instagram,Brand Awareness,Tech,Europe,20264.01,4312656,163449,16112,5135467.15,3.79,0.12,253.43,1.26
CMP-07967,2022-09-21,Google Ads,Engagement,Tech,Europe,46541.49,2329195,23059,412,151324.02,0.99,2.02,3.25,112.96
CMP-07968,2023-06-24,Twitter,Conversion,Travel,Asia Pacific,24873.73,1749417,59655,2659,667529.28,3.41,0.42,26.84,9.35
CMP-07969,2022-02-07,Email,Conversion,Tech,Latin America,37383.56,11842971,572015,66680,3649630.69,4.83,0.07,97.63,0.56
CMP-07970,2022-03-10,Email,Brand Awareness,Travel,North America,12032.08,4798791,97895,10359,4356189.99,2.04,0.12,362.05,1.16
CMP-07971,2023-04-12,Facebook,Retargeting,Tech,Middle East,14804.99,912838,30397,2481,1074906.9,3.33,0.49,72.6,5.97
CMP-07972,2024-02-21,LinkedIn,Brand Awareness,Finance,Latin America,35534.49,9369132,735476,36867,3953995.98,7.85,0.05,111.27,0.96
CMP-07973,2022-02-06,Facebook,Conversion,Travel,Latin America,27489.61,4914324,28503,2074,856418.75,0.58,0.96,31.15,13.25
CMP-07974,2022-06-21,Facebook,Lead Generation,Healthcare,Asia Pacific,31856.52,8106914,96472,2660,510833.22,1.19,0.33,16.04,11.98
CMP-07975,2024-06-02,Google Ads,Conversion,Education,Latin America,26447.56,4410541,100119,11470,4101849.71,2.27,0.26,155.09,2.31
CMP-07976,2022-07-17,Twitter,Brand Awareness,Tech,Asia Pacific,16179.4,5792531,287309,8224,3220090.01,4.96,0.06,199.02,1.97
CMP-07977,2023-05-21,Email,Engagement,Retail,North America,14871.46,1840874,141010,11678,5247381.23,7.66,0.11,352.85,1.27
CMP-07978,2022-05-28,TikTok,Retargeting,Finance,Asia Pacific,12666.03,2625620,110801,7734,1226554.96,4.22,0.11,96.84,1.64
CMP-07979,2024-05-02,YouTube,Conversion,Education,Middle East,43405.14,13353151,674334,47480,18607434.91,5.05,0.06,428.69,0.91
CMP-07980,2022-04-17,Instagram,Conversion,Travel,Europe,12288.27,812299,7635,185,58173.63,0.94,1.61,4.73,66.42
CMP-07981,2022-10-02,Twitter,Lead Generation,Food & Beverage,Latin America,12414.48,6195069,449762,45406,12538636.33,7.26,0.03,1010.0,0.27
CMP-07982,2023-08-12,TikTok,Retargeting,Education,Latin America,41319.64,12008792,106878,4562,2005611.16,0.89,0.39,48.54,9.06
CMP-07983,2022-07-12,Email,Engagement,Tech,North America,4371.02,1054702,13078,701,27818.42,1.24,0.33,6.36,6.24
CMP-07984,2023-02-09,Instagram,Brand Awareness,Tech,Europe,38186.85,9641152,281521,20714,8150302.97,2.92,0.14,213.43,1.84
CMP-07985,2023-03-14,Email,Retargeting,Travel,Europe,16296.12,7723725,79554,7499,1820885.61,1.03,0.2,111.74,2.17
CMP-07986,2023-02-02,YouTube,Retargeting,Retail,Latin America,7512.13,883772,47546,2887,635324.41,5.38,0.16,84.57,2.6
CMP-07987,2023-12-25,Twitter,Retargeting,Finance,Asia Pacific,36944.62,14372692,199780,9931,3283323.96,1.39,0.18,88.87,3.72
CMP-07988,2024-02-18,YouTube,Brand Awareness,Education,Asia Pacific,9245.84,640593,46955,2103,266200.27,7.33,0.2,28.79,4.4
CMP-07989,2022-09-06,YouTube,Brand Awareness,Healthcare,Asia Pacific,43790.3,15712842,279688,14809,2792731.2,1.78,0.16,63.78,2.96
CMP-07990,2023-03-06,Instagram,Engagement,Food & Beverage,Latin America,38355.96,2772657,168300,11632,1079737.46,6.07,0.23,28.15,3.3
CMP-07991,2023-09-03,Twitter,Conversion,Retail,North America,18810.31,9366436,533886,20507,2154446.42,5.7,0.04,114.54,0.92
CMP-07992,2022-05-19,Twitter,Conversion,Travel,Asia Pacific,38896.02,4988898,126718,821,62607.84,2.54,0.31,1.61,47.38
CMP-07993,2024-04-08,Facebook,Brand Awareness,Education,Europe,22923.6,4508548,128493,1848,567958.63,2.85,0.18,24.78,12.4
CMP-07994,2023-11-21,Email,Conversion,Tech,North America,44522.7,4501304,292584,35033,17049307.43,6.5,0.15,382.94,1.27
CMP-07995,2023-06-19,Email,Retargeting,Finance,Asia Pacific,8034.48,1034761,41804,2355,670267.66,4.04,0.19,83.42,3.41
CMP-07996,2024-01-09,Instagram,Brand Awareness,Food & Beverage,Asia Pacific,14649.78,2526936,36387,2837,185871.91,1.44,0.4,12.69,5.16
CMP-07997,2023-11-18,Facebook,Lead Generation,Food & Beverage,Middle East,3065.18,932944,48792,891,174990.34,5.23,0.06,57.09,3.44
CMP-07998,2023-09-04,Google Ads,Engagement,Tech,Middle East,18794.98,4654756,283009,16287,5618008.93,6.08,0.07,298.91,1.15
CMP-07999,2023-09-27,YouTube,Lead Generation,Food & Beverage,North America,9939.51,2358884,47649,4846,600243.02,2.02,0.21,60.39,2.05
CMP-08000,2023-03-28,LinkedIn,Lead Generation,Healthcare,Latin America,2579.74,1019728,16213,1846,783865.57,1.59,0.16,303.85,1.4
